Date,Time,Address,Zipcode,Category,ProblemType,PatrolDistrict,Substation,IncidentNumber,LAT,LON,ResponseDate,URL,Color,About,Year,Month
10/01/26,10:51:00 AM,Potranco Rd / Hunt Ln,78251,Traffic Calls,Traffic Related,5360,WEST,SAPD-2026-1332279,29.441242,-98.66861,1790869860000,http://www.sanantonio.gov/sapd/Calls.aspx,Yellow,a tbd link,26,10
10/01/26, 6:58:32,600 W COMMERCE ST,78207,Other Calls,Patrol By,1120,DOWNTOWN,SAPD-2026-1331539,29.425234,-98.500348,1790855912000,http://www.sanantonio.gov/sapd/Calls.aspx,Blue,a tbd link,26,10
10/01/26,10:56:30 AM,500 E Nottingham Dr,78209,Other Calls,Visitation Violation,3340,NORTH,SAPD-2026-1332306,29.49956,-98.456207,1790870190000,http://www.sanantonio.gov/sapd/Calls.aspx,Blue,a tbd link,26,10
10/01/26, 7:02:05,4900 Center Park Blvd,78218,Other Calls,Welfare Check,4340,EAST,SAPD-2026-1331548,29.488069,-98.394304,1790856125000,http://www.sanantonio.gov/sapd/Calls.aspx,Blue,a tbd link,26,10
10/01/26,10:55:20 AM,9700 Pleasanton Place,78221,Other Calls,Welfare Check,6250,SOUTH,SAPD-2026-1332293,29.321634,-98.499074,1790870120000,http://www.sanantonio.gov/sapd/Calls.aspx,Blue,a tbd link,26,10
10/01/26, 7:00:21,400 Pilgrim Dr,78213,Crimes Against Person Calls,Suspicious Vehicle,2230,CENTRAL,SAPD-2026-1331543,29.504718,-98.53577,1790856021000,http://www.sanantonio.gov/sapd/Calls.aspx,Red,a tbd link,26,10
10/01/26,11:00:07 AM,13600 Woodstone Way,78233,Crimes Against Person Calls,Threats,3250,NORTH,SAPD-2026-1332322,29.563235,-98.382526,1790870407000,http://www.sanantonio.gov/sapd/Calls.aspx,Red,a tbd link,26,10
10/01/26, 7:03:09,E0 SW LOOP 410 OFRP SB STHY 16,78224,Traffic Calls,Minor Accident,6160,SOUTH,SAPD-2026-1331552,29.31991,-98.55829,1790856189000,http://www.sanantonio.gov/sapd/Calls.aspx,Yellow,a tbd link,26,10
10/01/26,10:55:43 AM,Culebra Rd / Van Ness Dr,78251,Crimes Against Person Calls,Assault In Progress,5320,WEST,SAPD-2026-1332297,29.457553,-98.636797,1790870143000,http://www.sanantonio.gov/sapd/Calls.aspx,Red,a tbd link,26,10
10/01/26, 7:02:54,1300 Gardina St,78201,Other Calls,Patrol By,5230,WEST,SAPD-2026-1331550,29.479308,-98.536517,1790856174000,http://www.sanantonio.gov/sapd/Calls.aspx,Blue,a tbd link,26,10
10/01/26,10:54:36 AM,5300 OLD PEARSALL RD,78242,Property Crime Calls,Criminal Mischief In Progress,6340,SOUTH,SAPD-2026-1332295,29.356994,-98.599907,1790870076000,http://www.sanantonio.gov/sapd/Calls.aspx,Green,a tbd link,26,10
10/01/26, 7:02:52,3802-3951 Timberhill Dr,78238,Other Calls,Disturbance,5310,WEST,SAPD-2026-1331549,29.471525,-98.624734,1790856172000,http://www.sanantonio.gov/sapd/Calls.aspx,Blue,a tbd link,26,10
10/01/26,10:55:19 AM,8000 Aeromedical Rd,78235,Property Crime Calls,Theft,6270,SOUTH,SAPD-2026-1332294,29.343357,-98.447494,1790870119000,http://www.sanantonio.gov/sapd/Calls.aspx,Green,a tbd link,26,10
10/01/26, 7:07:23,3200 Northwestern Dr,78238,Other Calls,Missing Person/Runaway,5310,WEST,SAPD-2026-1331560,29.464722,-98.625278,1790856443000,http://www.sanantonio.gov/sapd/Calls.aspx,Blue,a tbd link,26,10
10/01/26,10:53:42 AM,7400 STATE HWY 151,78227,Other Calls,Patrol By,5150,WEST,SAPD-2026-1332288,29.43166,-98.634611,1790870022000,http://www.sanantonio.gov/sapd/Calls.aspx,Blue,a tbd link,26,10
10/01/26, 7:05:50,7800 Chambers Rd,78229,Other Calls,Miscellaneous,7110,PRUE,SAPD-2026-1331556,29.508983,-98.563417,1790856350000,http://www.sanantonio.gov/sapd/Calls.aspx,Blue,a tbd link,26,10
10/01/26,10:56:01 AM,3700 Ih 10 E,78220,Other Calls,Information,4230,EAST,SAPD-2026-1332301,29.42257,-98.421808,1790870161000,http://www.sanantonio.gov/sapd/Calls.aspx,Blue,a tbd link,26,10
10/01/26, 7:02:31,I0 35 S NB,78204,Other Calls,Patrol By,1140,DOWNTOWN,SAPD-2026-1331547,29.406148,-98.510102,1790856151000,http://www.sanantonio.gov/sapd/Calls.aspx,Blue,a tbd link,26,10
10/01/26,10:56:18 AM,8600 Cinnamon Crk,78240,Other Calls,Welfare Check,7150,PRUE,SAPD-2026-1332304,29.522381,-98.57867,1790870178000,http://www.sanantonio.gov/sapd/Calls.aspx,Blue,a tbd link,26,10
10/01/26, 7:03:53,Ashworth Blvd / Slice Pkwy,78221,Traffic Calls,Traffic Related,6260,SOUTH,SAPD-2026-1331554,29.28864,-98.476043,1790856233000,http://www.sanantonio.gov/sapd/Calls.aspx,Yellow,a tbd link,26,10
10/01/26, 7:03:10,Fredericksburg Rd / Bluemel Rd,78240,Traffic Calls,Officer Traffic Stop,7150,PRUE,SAPD-2026-1331551,29.526127,-98.575023,1790856190000,http://www.sanantonio.gov/sapd/Calls.aspx,Yellow,a tbd link,26,10
10/01/26, 7:03:22,100 LABOR ST,78210,Other Calls,Patrol By,1110,DOWNTOWN,SAPD-2026-1331553,29.415478,-98.48357,1790856202000,http://www.sanantonio.gov/sapd/Calls.aspx,Blue,a tbd link,26,10
10/01/26, 7:05:23,5800 Spring Pebble,78247,Other Calls,Patrol By,3260,NORTH,SAPD-2026-1331555,29.580499,-98.383882,1790856323000,http://www.sanantonio.gov/sapd/Calls.aspx,Blue,a tbd link,26,10
10/01/26, 7:06:49,13200 BLANCO RD,78231,Other Calls,Patrol By,7240,PRUE,SAPD-2026-1331557,29.56161,-98.521675,1790856409000,http://www.sanantonio.gov/sapd/Calls.aspx,Blue,a tbd link,26,10
10/01/26, 7:09:55,1600 N Loop 1604 E,78232,Traffic Calls,Minor Accident,3160,NORTH,SAPD-2026-1331567,29.609965,-98.469976,1790856595000,http://www.sanantonio.gov/sapd/Calls.aspx,Yellow,a tbd link,26,10
10/01/26, 7:07:22,400 SANTOS ST,78210,Other Calls,Patrol By,1110,DOWNTOWN,SAPD-2026-1331558,29.414639,-98.482825,1790856442000,http://www.sanantonio.gov/sapd/Calls.aspx,Blue,a tbd link,26,10
10/01/26, 7:09:52,100 POTOSI ST,78207,Other Calls,Patrol By,2330,CENTRAL,SAPD-2026-1331566,29.413422,-98.518302,1790856592000,http://www.sanantonio.gov/sapd/Calls.aspx,Blue,a tbd link,26,10
10/01/26, 7:12:12,Ih 10 W Nb / Callaghan Rd,78230,Other Calls,Welfare Check,7210,PRUE,SAPD-2026-1331577,29.511507,-98.552234,1790856732000,http://www.sanantonio.gov/sapd/Calls.aspx,Blue,a tbd link,26,10
10/01/26, 7:11:53,2300 Ne Loop 410,78217,Traffic Calls,Minor Accident,3370,NORTH,SAPD-2026-1331579,29.516708,-98.422608,1790856713000,http://www.sanantonio.gov/sapd/Calls.aspx,Yellow,a tbd link,26,10
10/01/26, 7:11:40,Ne Loop 410 / Starcrest Dr,78217,Traffic Calls,Major Accident,3370,NORTH,SAPD-2026-1331571,29.516351,-98.422836,1790856700000,http://www.sanantonio.gov/sapd/Calls.aspx,Yellow,a tbd link,26,10
10/01/26, 7:12:17,700 Se Loop 410,78220,Crimes Against Person Calls,Suspicious Vehicle,4240,EAST,SAPD-2026-1331573,29.417313,-98.394686,1790856737000,http://www.sanantonio.gov/sapd/Calls.aspx,Red,a tbd link,26,10
10/01/26, 7:10:55,13100 JONES MALTSBERGER RD,78247,Other Calls,Patrol By,3220,NORTH,SAPD-2026-1331568,29.562231,-98.458083,1790856655000,http://www.sanantonio.gov/sapd/Calls.aspx,Blue,a tbd link,26,10
10/01/26, 7:12:24,7500 Fm 78,78244,Other Calls,SAPD Non-Emergency Call,NOT SAPD BEX,SAPD OUTSIDE AREA,SAPD-2026-1331575,29.489475,-98.337106,1790856744000,http://www.sanantonio.gov/sapd/Calls.aspx,Blue,a tbd link,26,10
10/01/26, 7:12:44,2300 Vance Jackson Rd,78213,Other Calls,Disturbance,2230,CENTRAL,SAPD-2026-1331578,29.49452,-98.535278,1790856764000,http://www.sanantonio.gov/sapd/Calls.aspx,Blue,a tbd link,26,10
10/01/26, 7:11:35,208-298 CAMP ST,78204,Traffic Calls,Traffic Related,1140,DOWNTOWN,SAPD-2026-1331570,29.414545,-98.503275,1790856695000,http://www.sanantonio.gov/sapd/Calls.aspx,Yellow,a tbd link,26,10
10/01/26, 7:17:27,5900 Mariner St,78242,Other Calls,Suspicious Person,6340,SOUTH,SAPD-2026-1331586,29.340212,-98.613432,1790857047000,http://www.sanantonio.gov/sapd/Calls.aspx,Blue,a tbd link,26,10
10/01/26, 7:12:03,2100-2190 RIGSBY AVE,78210,Other Calls,Patrol By,4210,EAST,SAPD-2026-1331572,29.398619,-98.426697,1790856723000,http://www.sanantonio.gov/sapd/Calls.aspx,Blue,a tbd link,26,10
10/01/26, 7:12:27,300 LABOR ST,78210,Other Calls,Patrol By,1110,DOWNTOWN,SAPD-2026-1331574,29.413552,-98.483126,1790856747000,http://www.sanantonio.gov/sapd/Calls.aspx,Blue,a tbd link,26,10
10/01/26, 7:12:34,400 LEXINGTON AVE,78215,Other Calls,Patrol By,1130,DOWNTOWN,SAPD-2026-1331576,29.434246,-98.490671,1790856754000,http://www.sanantonio.gov/sapd/Calls.aspx,Blue,a tbd link,26,10
10/01/26, 7:15:00,300 Florida,78210,Other Calls,Information,1110,DOWNTOWN,SAPD-2026-1331582,29.407802,-98.483,1790856900000,http://www.sanantonio.gov/sapd/Calls.aspx,Blue,a tbd link,26,10
10/01/26, 7:15:29,2200 Se Military Dr,78223,Property Crime Calls,Burglary,6270,SOUTH,SAPD-2026-1331584,29.351389,-98.458333,1790856929000,http://www.sanantonio.gov/sapd/Calls.aspx,Green,a tbd link,26,10
10/01/26, 7:19:02,3400 Salado Creek Dr,78217,Property Crime Calls,Theft,3360,NORTH,SAPD-2026-1331589,29.526219,-98.432769,1790857142000,http://www.sanantonio.gov/sapd/Calls.aspx,Green,a tbd link,26,10
10/01/26, 7:14:08,9100 Culebra Rd,78251,Traffic Calls,Officer Traffic Stop,5350,WEST,SAPD-2026-1331580,29.479867,-98.666215,1790856848000,http://www.sanantonio.gov/sapd/Calls.aspx,Yellow,a tbd link,26,10
10/01/26, 7:16:05,2563-2699 Ne Loop 410 Wb,78217,Traffic Calls,Traffic Violation,3370,NORTH,SAPD-2026-1331585,29.516074,-98.411835,1790856965000,http://www.sanantonio.gov/sapd/Calls.aspx,Yellow,a tbd link,26,10
10/01/26, 7:14:57,3400 AVENUE B,78209,Other Calls,Patrol By,1230,DOWNTOWN,SAPD-2026-1331581,29.458063,-98.469981,1790856897000,http://www.sanantonio.gov/sapd/Calls.aspx,Blue,a tbd link,26,10
10/01/26, 7:15:28,1700 POTOSI ST,78207,Other Calls,Patrol By,2330,CENTRAL,SAPD-2026-1331583,29.413989,-98.530022,1790856928000,http://www.sanantonio.gov/sapd/Calls.aspx,Blue,a tbd link,26,10
10/01/26, 7:18:42,3200 Nw Loop 410,78213,Other Calls,Disturbance,2230,CENTRAL,SAPD-2026-1331588,29.504875,-98.544514,1790857122000,http://www.sanantonio.gov/sapd/Calls.aspx,Blue,a tbd link,26,10
10/01/26, 7:18:22,4000 W Commerce St,78207,Other Calls,SAPD Emergency Call,2330,CENTRAL,SAPD-2026-1331587,29.42905,-98.543097,1790857102000,http://www.sanantonio.gov/sapd/Calls.aspx,Blue,a tbd link,26,10
10/01/26, 7:19:49,9700 Airport Blvd,78216,Traffic Calls,Minor Accident,SAT1,AIRPORT,SAPD-2026-1331592,29.527705,-98.472816,1790857189000,http://www.sanantonio.gov/sapd/Calls.aspx,Yellow,a tbd link,26,10
10/01/26, 7:20:26,Club Vw / E Southcross Blvd,78222,Other Calls,Patrol By,4250,EAST,SAPD-2026-1331595,29.374755,-98.416414,1790857226000,http://www.sanantonio.gov/sapd/Calls.aspx,Blue,a tbd link,26,10
10/01/26, 7:22:24,5700 N Foster Rd,78244,Crimes Against Person Calls,Suspicious Person with Knife,4320,EAST,SAPD-2026-1331601,29.478837,-98.360778,1790857344000,http://www.sanantonio.gov/sapd/Calls.aspx,Red,a tbd link,26,10
10/01/26, 7:20:14,8000 RIVERFRONT PKWY,78223,Other Calls,Patrol By,6270,SOUTH,SAPD-2026-1331591,29.346468,-98.46266,1790857214000,http://www.sanantonio.gov/sapd/Calls.aspx,Blue,a tbd link,26,10
10/01/26, 7:23:45,6000 Blanco Rd,78216,Other Calls,Welfare Check,3310,NORTH,SAPD-2026-1331606,29.511221,-98.506327,1790857425000,http://www.sanantonio.gov/sapd/Calls.aspx,Blue,a tbd link,26,10
10/01/26, 7:20:31,132-140 SALADO CREEK GREENWAY SOUTH,78220,Other Calls,Patrol By,4230,EAST,SAPD-2026-1331593,29.415142,-98.41827,1790857231000,http://www.sanantonio.gov/sapd/Calls.aspx,Blue,a tbd link,26,10
10/01/26, 7:22:02,7500 Fm 78,78244,Other Calls,Miscellaneous,NOT SAPD BEX,SAPD OUTSIDE AREA,SAPD-2026-1331598,29.489475,-98.337106,1790857322000,http://www.sanantonio.gov/sapd/Calls.aspx,Blue,a tbd link,26,10
10/01/26, 7:21:52,1000 GILLETTE BLVD,78224,Other Calls,Patrol By,6140,SOUTH,SAPD-2026-1331597,29.330219,-98.530898,1790857312000,http://www.sanantonio.gov/sapd/Calls.aspx,Blue,a tbd link,26,10
10/01/26, 7:22:13,1200 VOELCKER,78216,Other Calls,Patrol By,7240,PRUE,SAPD-2026-1331599,29.56339,-98.52527,1790857333000,http://www.sanantonio.gov/sapd/Calls.aspx,Blue,a tbd link,26,10
10/01/26, 7:23:22,Old Pearsall Rd / Five Palms Dr,78242,Traffic Calls,Traffic Related,6340,SOUTH,SAPD-2026-1331603,29.345962,-98.614791,1790857402000,http://www.sanantonio.gov/sapd/Calls.aspx,Yellow,a tbd link,26,10
10/01/26, 7:24:45,Lockhill-selma Rd / Carolwood Dr,78213,Other Calls,Welfare Check,3110,NORTH,SAPD-2026-1331607,29.528444,-98.511943,1790857485000,http://www.sanantonio.gov/sapd/Calls.aspx,Blue,a tbd link,26,10
10/01/26, 7:23:27,I0 35 N NB,78218,Traffic Calls,Traffic Related,4310,EAST,SAPD-2026-1331602,29.466131,-98.408101,1790857407000,http://www.sanantonio.gov/sapd/Calls.aspx,Yellow,a tbd link,26,10
10/01/26, 7:25:17,Fredericksburg Rd / Usaa Blvd,78240,Traffic Calls,Traffic Violation,7150,PRUE,SAPD-2026-1331608,29.537529,-98.578329,1790857517000,http://www.sanantonio.gov/sapd/Calls.aspx,Yellow,a tbd link,26,10
10/01/26, 7:24:23,3700 W COMMERCE ST,78237,Other Calls,Patrol By,2330,CENTRAL,SAPD-2026-1331605,29.429258,-98.541586,1790857463000,http://www.sanantonio.gov/sapd/Calls.aspx,Blue,a tbd link,26,10
10/01/26, 7:33:33,11300 Brazil Dr,78213,Other Calls,Missing Person/Runaway,3110,NORTH,SAPD-2026-1331625,29.542974,-98.525313,1790858013000,http://www.sanantonio.gov/sapd/Calls.aspx,Blue,a tbd link,26,10
10/01/26, 7:26:06,Silicon Dr / De Zavala Rd,78249,Traffic Calls,Minor Accident,7340,PRUE,SAPD-2026-1331609,29.563099,-98.593533,1790857566000,http://www.sanantonio.gov/sapd/Calls.aspx,Yellow,a tbd link,26,10
10/01/26, 7:27:14,1100 N Frio St,78207,Property Crime Calls,Burglary in Progress,2310,CENTRAL,SAPD-2026-1331611,29.437189,-98.505662,1790857634000,http://www.sanantonio.gov/sapd/Calls.aspx,Green,a tbd link,26,10
10/01/26, 7:27:44,100-199 S Hamilton Ave,78207,Other Calls,Welfare Check,2330,CENTRAL,SAPD-2026-1331612,29.4283,-98.531503,1790857664000,http://www.sanantonio.gov/sapd/Calls.aspx,Blue,a tbd link,26,10
10/01/26, 7:28:04,Camilo / Sylvia Ave,78237,Other Calls,Welfare Check,5120,WEST,SAPD-2026-1331615,29.410202,-98.555131,1790857684000,http://www.sanantonio.gov/sapd/Calls.aspx,Blue,a tbd link,26,10
10/01/26, 7:30:00,1000 Eddie Rd,78219,Traffic Calls,Accident Private Property,4310,EAST,SAPD-2026-1331619,29.438889,-98.394722,1790857800000,http://www.sanantonio.gov/sapd/Calls.aspx,Yellow,a tbd link,26,10
10/01/26, 7:27:59,9600 BANDERA RD,78250,Other Calls,Patrol By,7320,PRUE,SAPD-2026-1331614,29.533079,-98.645785,1790857679000,http://www.sanantonio.gov/sapd/Calls.aspx,Blue,a tbd link,26,10
10/01/26, 7:29:43,Us Hwy 281 N Sb / Bitters Rd,78216,Traffic Calls,Traffic Violation,3130,NORTH,SAPD-2026-1331617,29.564832,-98.482352,1790857783000,http://www.sanantonio.gov/sapd/Calls.aspx,Yellow,a tbd link,26,10
10/01/26, 7:34:18,3000 Comanche Crossing,78224,Property Crime Calls,Theft of Vehicle,6160,SOUTH,SAPD-2026-1331631,29.313866,-98.555011,1790858058000,http://www.sanantonio.gov/sapd/Calls.aspx,Green,a tbd link,26,10
10/01/26, 7:30:52,4200 W COMMERCE ST,78237,Other Calls,Miscellaneous,2360,CENTRAL,SAPD-2026-1331618,29.429967,-98.546253,1790857852000,http://www.sanantonio.gov/sapd/Calls.aspx,Blue,a tbd link,26,10
10/01/26, 7:32:14,De Zavala Rd / Silicon Dr,78249,Traffic Calls,Major Accident,7340,PRUE,SAPD-2026-1331621,29.563099,-98.593533,1790857934000,http://www.sanantonio.gov/sapd/Calls.aspx,Yellow,a tbd link,26,10
10/01/26, 7:32:02,7800 SOMERSET RD,78211,Other Calls,Patrol By,6330,SOUTH,SAPD-2026-1331620,29.347799,-98.557494,1790857922000,http://www.sanantonio.gov/sapd/Calls.aspx,Blue,a tbd link,26,10
10/01/26, 7:32:20,Ih 10 W / Fair Oaks Pkwy,78006,Traffic Calls,Traffic Related,NOT SAPD BEX - 59,SAPD OUTSIDE AREA,SAPD-2026-1331622,29.719783,-98.665546,1790857940000,http://www.sanantonio.gov/sapd/Calls.aspx,Yellow,a tbd link,26,10
10/01/26, 7:34:03,2100 Sunview Post,78224,Other Calls,Property Lost,6140,SOUTH,SAPD-2026-1331634,29.336327,-98.541592,1790858043000,http://www.sanantonio.gov/sapd/Calls.aspx,Blue,a tbd link,26,10
10/01/26, 7:34:35,3400 Nantucket Dr,78230,Property Crime Calls,Criminal Mischief,7210,PRUE,SAPD-2026-1331629,29.531868,-98.550946,1790858075000,http://www.sanantonio.gov/sapd/Calls.aspx,Green,a tbd link,26,10
10/01/26, 7:33:15,141-213 CLOUDCROFT DR,78228,Traffic Calls,Traffic Related,5260,WEST,SAPD-2026-1331624,29.474483,-98.576812,1790857995000,http://www.sanantonio.gov/sapd/Calls.aspx,Yellow,a tbd link,26,10
10/01/26, 7:35:32,Nw Military Hwy / Lockhill-selma Rd,78230,Traffic Calls,Traffic Related,3110,NORTH,SAPD-2026-1331635,29.540693,-98.527556,1790858132000,http://www.sanantonio.gov/sapd/Calls.aspx,Yellow,a tbd link,26,10
10/01/26, 7:35:13,Nw Military Hwy / Lockhill-selma Rd,78213,Traffic Calls,Traffic Related,3110,NORTH,SAPD-2026-1331630,29.540693,-98.527556,1790858113000,http://www.sanantonio.gov/sapd/Calls.aspx,Yellow,a tbd link,26,10
10/01/26, 7:35:27,5200 Rigsby Ave,78222,Other Calls,Disturbance,4250,EAST,SAPD-2026-1331632,29.397567,-98.388083,1790858127000,http://www.sanantonio.gov/sapd/Calls.aspx,Blue,a tbd link,26,10
10/01/26, 7:37:30,11900 Orsinger Ln,78230,Other Calls,Disturbance,7220,PRUE,SAPD-2026-1331638,29.551437,-98.56265,1790858250000,http://www.sanantonio.gov/sapd/Calls.aspx,Blue,a tbd link,26,10
10/01/26, 7:39:19,100 Zachry Dr,78228,Other Calls,Suspicious Person,5220,WEST,SAPD-2026-1331641,29.463386,-98.561184,1790858359000,http://www.sanantonio.gov/sapd/Calls.aspx,Blue,a tbd link,26,10
10/01/26, 7:37:03,1100 Mauermann Rd,78224,Other Calls,Animal Related,6160,SOUTH,SAPD-2026-1331637,29.279329,-98.520392,1790858223000,http://www.sanantonio.gov/sapd/Calls.aspx,Blue,a tbd link,26,10
10/01/26, 7:38:40,S Flores St / W Nueva,78204,Traffic Calls,Traffic Related,1120,DOWNTOWN,SAPD-2026-1331639,29.422738,-98.495033,1790858320000,http://www.sanantonio.gov/sapd/Calls.aspx,Yellow,a tbd link,26,10
10/01/26, 7:35:27,1001-1099 CINCINNATI AVE,78201,Other Calls,Patrol By,5210,WEST,SAPD-2026-1331633,29.449783,-98.527127,1790858127000,http://www.sanantonio.gov/sapd/Calls.aspx,Blue,a tbd link,26,10
10/01/26, 7:41:27,4900 Roosevelt Ave,78214,Traffic Calls,Minor Accident,6260,SOUTH,SAPD-2026-1331648,29.330504,-98.480407,1790858487000,http://www.sanantonio.gov/sapd/Calls.aspx,Yellow,a tbd link,26,10
10/01/26, 7:40:18,W Mistletoe Ave / N Calaveras,78201,Other Calls,Suspicious Person,5210,WEST,SAPD-2026-1331645,29.454542,-98.521487,1790858418000,http://www.sanantonio.gov/sapd/Calls.aspx,Blue,a tbd link,26,10
10/01/26, 7:39:46,800 Babcock Rd,78201,Other Calls,Visitation Violation,5230,WEST,SAPD-2026-1331643,29.479478,-98.552725,1790858386000,http://www.sanantonio.gov/sapd/Calls.aspx,Blue,a tbd link,26,10
10/01/26, 7:43:48,500 Maddux Dr,78227,Property Crime Calls,Criminal Mischief,5340,WEST,SAPD-2026-1331654,29.401886,-98.6619,1790858628000,http://www.sanantonio.gov/sapd/Calls.aspx,Green,a tbd link,26,10
10/01/26, 7:44:11,5500 Culebra Rd,78228,Property Crime Calls,Burglary Vehicle,5140,WEST,SAPD-2026-1331656,29.44727,-98.596419,1790858651000,http://www.sanantonio.gov/sapd/Calls.aspx,Green,a tbd link,26,10
10/01/26, 7:47:09,7500 Acorn Bend Dr,78250,Other Calls,Missing Person/Runaway,7320,PRUE,SAPD-2026-1331661,29.510213,-98.650971,1790858829000,http://www.sanantonio.gov/sapd/Calls.aspx,Blue,a tbd link,26,10
10/01/26, 7:42:33,20300 STONE OAK PKWY,78258,Other Calls,Patrol By,3160,NORTH,SAPD-2026-1331651,29.645765,-98.468735,1790858553000,http://www.sanantonio.gov/sapd/Calls.aspx,Blue,a tbd link,26,10
10/01/26, 7:43:32,1000 W Hildebrand Ave,78201,Other Calls,Disturbance,2210,CENTRAL,SAPD-2026-1331655,29.46645,-98.50961,1790858612000,http://www.sanantonio.gov/sapd/Calls.aspx,Blue,a tbd link,26,10
10/01/26, 7:43:13,8400 NW MILITARY HWY,78231,Other Calls,Patrol By,7220,PRUE,SAPD-2026-1331652,29.551598,-98.532431,1790858593000,http://www.sanantonio.gov/sapd/Calls.aspx,Blue,a tbd link,26,10
10/01/26, 7:46:37,400 Millwood Ln,78216,Property Crime Calls,Theft,3320,NORTH,SAPD-2026-1331659,29.511112,-98.485441,1790858797000,http://www.sanantonio.gov/sapd/Calls.aspx,Green,a tbd link,26,10
10/01/26, 7:44:15,2200 Sundrop Bay,78224,Traffic Calls,Minor Accident,6140,SOUTH,SAPD-2026-1331657,29.338539,-98.544435,1790858655000,http://www.sanantonio.gov/sapd/Calls.aspx,Yellow,a tbd link,26,10
10/01/26, 7:47:01,N Calaveras / W Woodlawn Ave,78201,Property Crime Calls,Theft In Progress,5210,WEST,SAPD-2026-1331660,29.453586,-98.52161,1790858821000,http://www.sanantonio.gov/sapd/Calls.aspx,Green,a tbd link,26,10
10/01/26, 7:45:58,400 Billy Mitchell Blvd,78226,Other Calls,Suspicious Person,6310,SOUTH,SAPD-2026-1331663,29.384739,-98.562434,1790858758000,http://www.sanantonio.gov/sapd/Calls.aspx,Blue,a tbd link,26,10
10/01/26, 7:48:23,Blanco Rd / Briarcliff Dr,78213,Crimes Against Person Calls,Lewd Conduct,3110,NORTH,SAPD-2026-1331664,29.526749,-98.505228,1790858903000,http://www.sanantonio.gov/sapd/Calls.aspx,Red,a tbd link,26,10
10/01/26, 7:49:51,Blanco Rd / Briarcliff Dr,78213,Crimes Against Person Calls,Lewd Conduct,3110,NORTH,SAPD-2026-1331669,29.526749,-98.505228,1790858991000,http://www.sanantonio.gov/sapd/Calls.aspx,Red,a tbd link,26,10
10/01/26, 7:49:36,4500-4699 Binz-engleman Rd,78219,Traffic Calls,Minor Accident,4310,EAST,SAPD-2026-1331668,29.460521,-98.401853,1790858976000,http://www.sanantonio.gov/sapd/Calls.aspx,Yellow,a tbd link,26,10
10/01/26, 7:48:56,100 Weaver St,78210,Traffic Calls,Traffic Violation,6220,SOUTH,SAPD-2026-1331667,29.38714,-98.486895,1790858936000,http://www.sanantonio.gov/sapd/Calls.aspx,Yellow,a tbd link,26,10
10/01/26, 7:48:39,9000 AIRPORT BLVD,78216,Other Calls,Miscellaneous,SAT1,AIRPORT,SAPD-2026-1331666,29.523766,-98.476886,1790858919000,http://www.sanantonio.gov/sapd/Calls.aspx,Blue,a tbd link,26,10
10/01/26, 7:51:03,Blanco Rd / Lockhill-selma Rd,78216,Crimes Against Person Calls,Lewd Conduct,3110,NORTH,SAPD-2026-1331671,29.523086,-98.504987,1790859063000,http://www.sanantonio.gov/sapd/Calls.aspx,Red,a tbd link,26,10
10/01/26, 7:51:42,8500 Rain Dance Dr,78242,Traffic Calls,Minor Accident,6340,SOUTH,SAPD-2026-1331674,29.342149,-98.608031,1790859102000,http://www.sanantonio.gov/sapd/Calls.aspx,Yellow,a tbd link,26,10
10/01/26, 7:54:59,4600 Fm 78,78219,Other Calls,Disturbance,4310,EAST,SAPD-2026-1331682,29.461663,-98.400244,1790859299000,http://www.sanantonio.gov/sapd/Calls.aspx,Blue,a tbd link,26,10
10/01/26, 7:51:20,Ih 10 W Nb / De Zavala Rd,78230,Traffic Calls,Traffic Related,7230,PRUE,SAPD-2026-1331672,29.563237,-98.590941,1790859080000,http://www.sanantonio.gov/sapd/Calls.aspx,Yellow,a tbd link,26,10
10/01/26, 7:51:35,800 Leal St,78207,Other Calls,Disturbance,2310,CENTRAL,SAPD-2026-1331673,29.434157,-98.51357,1790859095000,http://www.sanantonio.gov/sapd/Calls.aspx,Blue,a tbd link,26,10
10/01/26, 7:56:13,8800 State Hwy 151,78251,Other Calls,Miscellaneous,5350,WEST,SAPD-2026-1331686,29.444383,-98.663421,1790859373000,http://www.sanantonio.gov/sapd/Calls.aspx,Blue,a tbd link,26,10
10/01/26, 7:54:25,2500 Ne Loop 410,78218,Property Crime Calls,Theft of Vehicle,4360,EAST,SAPD-2026-1331679,29.513837,-98.416013,1790859265000,http://www.sanantonio.gov/sapd/Calls.aspx,Green,a tbd link,26,10
10/01/26, 7:53:09,400 Utopia Ln,78223,Other Calls,Disturbance,6240,SOUTH,SAPD-2026-1331677,29.359289,-98.436989,1790859189000,http://www.sanantonio.gov/sapd/Calls.aspx,Blue,a tbd link,26,10
10/01/26, 7:54:29,1500 Ceralvo St,78237,Other Calls,Disturbance Family,5120,WEST,SAPD-2026-1331680,29.40907,-98.548114,1790859269000,http://www.sanantonio.gov/sapd/Calls.aspx,Blue,a tbd link,26,10
10/01/26, 7:54:53,300 University,78201,Other Calls,Suspicious Person,1220,DOWNTOWN,SAPD-2026-1331681,29.447511,-98.513316,1790859293000,http://www.sanantonio.gov/sapd/Calls.aspx,Blue,a tbd link,26,10
10/01/26, 7:54:08,100 Auditorium Cir,78205,Other Calls,Suspicious Person,1130,DOWNTOWN,SAPD-2026-1331683,29.430315,-98.488756,1790859248000,http://www.sanantonio.gov/sapd/Calls.aspx,Blue,a tbd link,26,10
10/01/26, 7:55:37,15300 Fallen Grove,78247,Other Calls,Miscellaneous,3220,NORTH,SAPD-2026-1331687,29.580967,-98.432885,1790859337000,http://www.sanantonio.gov/sapd/Calls.aspx,Blue,a tbd link,26,10
10/01/26, 7:55:35,Lockhill-selma Rd / Blanco Rd,78216,Crimes Against Person Calls,Lewd Conduct,3350,NORTH,SAPD-2026-1331684,29.523086,-98.504987,1790859335000,http://www.sanantonio.gov/sapd/Calls.aspx,Red,a tbd link,26,10
10/01/26, 7:54:33,400 BRIGHTWOOD PLACE,78209,Other Calls,Patrol By,3340,NORTH,SAPD-2026-1331678,29.496191,-98.457991,1790859273000,http://www.sanantonio.gov/sapd/Calls.aspx,Blue,a tbd link,26,10
10/01/26, 7:57:27,200 W Hermosa Dr,78212,Other Calls,Welfare Check,1240,DOWNTOWN,SAPD-2026-1331691,29.478534,-98.499014,1790859447000,http://www.sanantonio.gov/sapd/Calls.aspx,Blue,a tbd link,26,10
10/01/26, 7:57:09,9600 BANDERA RD,78250,Other Calls,Patrol By,7320,PRUE,SAPD-2026-1331689,29.533079,-98.645785,1790859429000,http://www.sanantonio.gov/sapd/Calls.aspx,Blue,a tbd link,26,10
10/01/26, 8:01:23,9500 Strech Ave,78224,Other Calls,Suspicious Person,6140,SOUTH,SAPD-2026-1331693,29.325092,-98.5267,1790859683000,http://www.sanantonio.gov/sapd/Calls.aspx,Blue,a tbd link,26,10
10/01/26, 8:03:42,600 SW 38TH ST,78237,Other Calls,Animal Related,5140,WEST,SAPD-2026-1331697,29.422608,-98.577467,1790859822000,http://www.sanantonio.gov/sapd/Calls.aspx,Blue,a tbd link,26,10
10/01/26, 8:02:39,3000 Rigsby Ave,78222,Property Crime Calls,Theft,4250,EAST,SAPD-2026-1331696,29.398257,-98.405832,1790859759000,http://www.sanantonio.gov/sapd/Calls.aspx,Green,a tbd link,26,10
10/01/26, 8:02:30,641-669 SALADO CREEK GREENWAY SOUTH,78219,Other Calls,Patrol By,4160,EAST,SAPD-2026-1331695,29.42449,-98.432027,1790859750000,http://www.sanantonio.gov/sapd/Calls.aspx,Blue,a tbd link,26,10
10/01/26, 8:03:48,4100 Vance Jackson Rd,78230,Property Crime Calls,Panhandler,7210,PRUE,SAPD-2026-1331705,29.512125,-98.53512,1790859828000,http://www.sanantonio.gov/sapd/Calls.aspx,Green,a tbd link,26,10
10/01/26, 8:05:07,14790-15198 Us Hwy 281 N Nb,78232,Other Calls,Disturbance,3130,NORTH,SAPD-2026-1331700,29.577136,-98.477867,1790859907000,http://www.sanantonio.gov/sapd/Calls.aspx,Blue,a tbd link,26,10
10/01/26, 8:04:39,19700 Bella Loma,78256,Other Calls,Disturbance Family,7260,PRUE,SAPD-2026-1331698,29.625697,-98.619103,1790859879000,http://www.sanantonio.gov/sapd/Calls.aspx,Blue,a tbd link,26,10
10/01/26, 8:06:32,S0 Ih 10 W Ofrp Nw Loop 410,78230,Traffic Calls,Minor Accident,7110,PRUE,SAPD-2026-1331704,29.507796,-98.551572,1790859992000,http://www.sanantonio.gov/sapd/Calls.aspx,Yellow,a tbd link,26,10
10/01/26, 8:08:08,400 Everest Ave,78209,Other Calls,Disturbance,3330,NORTH,SAPD-2026-1331708,29.505874,-98.47054,1790860088000,http://www.sanantonio.gov/sapd/Calls.aspx,Blue,a tbd link,26,10
10/01/26, 8:08:48,3600 Growdon Rd,78227,Property Crime Calls,Burglary Vehicle,6310,SOUTH,SAPD-2026-1331710,29.394029,-98.59443,1790860128000,http://www.sanantonio.gov/sapd/Calls.aspx,Green,a tbd link,26,10
10/01/26, 8:07:36,W Martin St / N San Jacinto St,78207,Other Calls,Patrol By,2310,CENTRAL,SAPD-2026-1331706,29.431019,-98.515085,1790860056000,http://www.sanantonio.gov/sapd/Calls.aspx,Blue,a tbd link,26,10
10/01/26, 8:07:44,SALADO CREEK GREENWAY SOUTH,78219,Other Calls,Patrol By,4310,EAST,SAPD-2026-1331707,29.452301,-98.42315,1790860064000,http://www.sanantonio.gov/sapd/Calls.aspx,Blue,a tbd link,26,10
10/01/26, 8:10:10,1900 Goliad Rd,78223,Other Calls,Disturbance,4220,EAST,SAPD-2026-1331714,29.366673,-98.4416,1790860210000,http://www.sanantonio.gov/sapd/Calls.aspx,Blue,a tbd link,26,10
10/01/26, 8:09:06,2100 Se Loop 410,78220,Other Calls,Wanted Person,4240,EAST,SAPD-2026-1331711,29.401199,-98.390103,1790860146000,http://www.sanantonio.gov/sapd/Calls.aspx,Blue,a tbd link,26,10
10/01/26, 8:12:27,300 W Mitchell St,78204,Other Calls,Welfare Check,6210,SOUTH,SAPD-2026-1331716,29.393842,-98.496844,1790860347000,http://www.sanantonio.gov/sapd/Calls.aspx,Blue,a tbd link,26,10
10/01/26, 8:08:57,800 E COMMERCE ST,78205,Traffic Calls,Officer Traffic Stop,1110,DOWNTOWN,SAPD-2026-1331709,29.423616,-98.485315,1790860137000,http://www.sanantonio.gov/sapd/Calls.aspx,Yellow,a tbd link,26,10
10/01/26, 8:12:43,700 N SAN MARCOS,78207,Other Calls,Disturbance,2310,CENTRAL,SAPD-2026-1331718,29.433336,-98.508866,1790860363000,http://www.sanantonio.gov/sapd/Calls.aspx,Blue,a tbd link,26,10
10/01/26, 8:14:29,500 MADDUX DR,78227,Other Calls,Disturbance,5340,WEST,SAPD-2026-1331727,29.401886,-98.661921,1790860469000,http://www.sanantonio.gov/sapd/Calls.aspx,Blue,a tbd link,26,10
10/01/26, 8:13:04,1000 Pinon Blvd,78260,Traffic Calls,Minor Accident,3170,NORTH,SAPD-2026-1331720,29.650259,-98.511586,1790860384000,http://www.sanantonio.gov/sapd/Calls.aspx,Yellow,a tbd link,26,10
10/01/26, 8:14:12,15900 La Cantera Pkwy,78256,Traffic Calls,Minor Accident,7250,PRUE,SAPD-2026-1331725,29.593308,-98.615427,1790860452000,http://www.sanantonio.gov/sapd/Calls.aspx,Yellow,a tbd link,26,10
10/01/26, 8:13:59,100 PACE ST,78207,Other Calls,Disturbance Neighbor,2310,CENTRAL,SAPD-2026-1331724,29.434698,-98.513461,1790860439000,http://www.sanantonio.gov/sapd/Calls.aspx,Blue,a tbd link,26,10
10/01/26, 8:15:14,9670-9799 Culebra Rd,78251,Traffic Calls,Traffic Violation,7370,PRUE,SAPD-2026-1331729,29.489883,-98.679931,1790860514000,http://www.sanantonio.gov/sapd/Calls.aspx,Yellow,a tbd link,26,10
10/01/26, 8:14:22,E Houston St / Elm St,78205,Traffic Calls,Officer Traffic Stop,1110,DOWNTOWN,SAPD-2026-1331726,29.425252,-98.482027,1790860462000,http://www.sanantonio.gov/sapd/Calls.aspx,Yellow,a tbd link,26,10
10/01/26, 8:15:01,8096-8518 RIVERFRONT PKWY,78223,Other Calls,Patrol By,6270,SOUTH,SAPD-2026-1331728,29.342991,-98.458203,1790860501000,http://www.sanantonio.gov/sapd/Calls.aspx,Blue,a tbd link,26,10
10/01/26, 8:17:44,1400 W Houston St,78207,Other Calls,Disturbance,2310,CENTRAL,SAPD-2026-1331737,29.427467,-98.509915,1790860664000,http://www.sanantonio.gov/sapd/Calls.aspx,Blue,a tbd link,26,10
10/01/26, 8:17:56,I0 10 W ACCESS RD,78230,Other Calls,Disturbance,7220,PRUE,SAPD-2026-1331741,29.531884,-98.561599,1790860676000,http://www.sanantonio.gov/sapd/Calls.aspx,Blue,a tbd link,26,10
10/01/26, 8:15:53,2200 N FLORES ST,78212,Other Calls,Patrol By,1220,DOWNTOWN,SAPD-2026-1331731,29.4465,-98.502203,1790860553000,http://www.sanantonio.gov/sapd/Calls.aspx,Blue,a tbd link,26,10
10/01/26, 8:18:55,100 Sw Military Dr,78214,Other Calls,Disturbance,6230,SOUTH,SAPD-2026-1331743,29.357185,-98.491759,1790860735000,http://www.sanantonio.gov/sapd/Calls.aspx,Blue,a tbd link,26,10
10/01/26, 8:17:47,9000 Marbach Rd,78245,Other Calls,Disturbance,5340,WEST,SAPD-2026-1331738,29.417563,-98.662864,1790860667000,http://www.sanantonio.gov/sapd/Calls.aspx,Blue,a tbd link,26,10
10/01/26, 8:18:00,S Zarzamora St / Kirk Place,78226,Traffic Calls,Minor Accident,6310,SOUTH,SAPD-2026-1331739,29.397078,-98.53197,1790860680000,http://www.sanantonio.gov/sapd/Calls.aspx,Yellow,a tbd link,26,10
10/01/26, 8:17:32,11900 Orsinger Ln,78230,Other Calls,Welfare Check,7220,PRUE,SAPD-2026-1331736,29.551255,-98.563019,1790860652000,http://www.sanantonio.gov/sapd/Calls.aspx,Blue,a tbd link,26,10
10/01/26, 8:17:08,2200 N FLORES ST,78212,Other Calls,Patrol By,1220,DOWNTOWN,SAPD-2026-1331732,29.4465,-98.502203,1790860628000,http://www.sanantonio.gov/sapd/Calls.aspx,Blue,a tbd link,26,10
10/01/26, 8:19:14,2800 Thousand Oaks Dr,78232,Crimes Against Person Calls,Suspicious Vehicle,3140,NORTH,SAPD-2026-1331744,29.577876,-98.443136,1790860754000,http://www.sanantonio.gov/sapd/Calls.aspx,Red,a tbd link,26,10
10/01/26, 8:18:56,13000 Jones Maltsberger Rd,78247,Other Calls,Miscellaneous,3220,NORTH,SAPD-2026-1331746,29.559728,-98.459693,1790860736000,http://www.sanantonio.gov/sapd/Calls.aspx,Blue,a tbd link,26,10
10/01/26, 8:18:56,800 N CHERRY ST,78202,Other Calls,Patrol By,1130,DOWNTOWN,SAPD-2026-1331742,29.430628,-98.476804,1790860736000,http://www.sanantonio.gov/sapd/Calls.aspx,Blue,a tbd link,26,10
10/01/26, 8:22:16,Knollcreek / O'connor Rd,78247,Other Calls,Disturbance,3240,NORTH,SAPD-2026-1331747,29.589516,-98.396831,1790860936000,http://www.sanantonio.gov/sapd/Calls.aspx,Blue,a tbd link,26,10
10/01/26, 8:19:54,Tampke Place / Knollcreek,78247,Crimes Against Person Calls,Fight,3260,NORTH,SAPD-2026-1331745,29.591111,-98.39425,1790860794000,http://www.sanantonio.gov/sapd/Calls.aspx,Red,a tbd link,26,10
10/01/26, 8:24:32,MCCULLOUGH AVE / AVENUE E,78215,Property Crime Calls,Burglary,1130,DOWNTOWN,SAPD-2026-1331753,29.428917,-98.483499,1790861072000,http://www.sanantonio.gov/sapd/Calls.aspx,Green,a tbd link,26,10
10/01/26, 8:21:25,Tampke Place / Knollcreek,78247,Crimes Against Person Calls,Assault In Progress,3260,NORTH,SAPD-2026-1331748,29.591111,-98.39425,1790860885000,http://www.sanantonio.gov/sapd/Calls.aspx,Red,a tbd link,26,10
10/01/26, 8:25:52,9600 Huebner Rd,78240,Crimes Against Person Calls,Threats,7310,PRUE,SAPD-2026-1331758,29.532223,-98.591381,1790861152000,http://www.sanantonio.gov/sapd/Calls.aspx,Red,a tbd link,26,10
10/01/26, 8:25:08,4600 Eldon Run,78247,Other Calls,Missing Person/Runaway,3260,NORTH,SAPD-2026-1331755,29.596308,-98.397215,1790861108000,http://www.sanantonio.gov/sapd/Calls.aspx,Blue,a tbd link,26,10
10/01/26, 8:24:04,S Zarzamora St / Harriman Place,78207,Traffic Calls,Minor Accident,6310,SOUTH,SAPD-2026-1331750,29.3979,-98.530932,1790861044000,http://www.sanantonio.gov/sapd/Calls.aspx,Yellow,a tbd link,26,10
10/01/26, 8:27:36,9400 Ih 35 N,78233,Traffic Calls,Traffic Violation,3230,NORTH,SAPD-2026-1331765,29.523772,-98.394373,1790861256000,http://www.sanantonio.gov/sapd/Calls.aspx,Yellow,a tbd link,26,10
10/01/26, 8:25:39,11900 Parliament,78216,Property Crime Calls,Burglary Vehicle,3120,NORTH,SAPD-2026-1331757,29.552222,-98.5075,1790861139000,http://www.sanantonio.gov/sapd/Calls.aspx,Green,a tbd link,26,10
10/01/26, 8:31:46,800-851 Vista Valet Dr,78216,Traffic Calls,Traffic Related,7240,PRUE,SAPD-2026-1331782,29.558995,-98.51218,1790861506000,http://www.sanantonio.gov/sapd/Calls.aspx,Yellow,a tbd link,26,10
10/01/26, 8:25:27,W Loop 1604 N Sb / Shaenfield Rd,78254,Traffic Calls,Traffic Related,7360,PRUE,SAPD-2026-1331762,29.515188,-98.69473,1790861127000,http://www.sanantonio.gov/sapd/Calls.aspx,Yellow,a tbd link,26,10
10/01/26, 8:24:24,8500 ROCHELLE RD,78240,Other Calls,Patrol By,7310,PRUE,SAPD-2026-1331752,29.522837,-98.625208,1790861064000,http://www.sanantonio.gov/sapd/Calls.aspx,Blue,a tbd link,26,10
10/01/26, 8:26:47,4300 Spectrum One,78230-3198,Property Crime Calls,Theft of Vehicle,7220,PRUE,SAPD-2026-1331763,29.536409,-98.56508,1790861207000,http://www.sanantonio.gov/sapd/Calls.aspx,Green,a tbd link,26,10
10/01/26, 8:28:04,Nw 36th St / W Commerce St,78237,Traffic Calls,Minor Accident,5130,WEST,SAPD-2026-1331767,29.43247,-98.571752,1790861284000,http://www.sanantonio.gov/sapd/Calls.aspx,Yellow,a tbd link,26,10
10/01/26, 8:28:02,500 Sherman St,78202,Crimes Against Person Calls,Threats,4110,EAST,SAPD-2026-1331770,29.434794,-98.470541,1790861282000,http://www.sanantonio.gov/sapd/Calls.aspx,Red,a tbd link,26,10
10/01/26, 8:28:04,1700 W Magnolia Ave,78201,Other Calls,Welfare Check,5210,WEST,SAPD-2026-1331768,29.456321,-98.524242,1790861284000,http://www.sanantonio.gov/sapd/Calls.aspx,Blue,a tbd link,26,10
10/01/26, 8:28:03,8300 Slippery Rock,78251,Other Calls,Information,5320,WEST,SAPD-2026-1331766,29.460468,-98.662106,1790861283000,http://www.sanantonio.gov/sapd/Calls.aspx,Blue,a tbd link,26,10
10/01/26, 8:26:04,Austin Hwy / Ne Loop 410,78218,Traffic Calls,Officer Traffic Stop,4360,EAST,SAPD-2026-1331759,29.512539,-98.404761,1790861164000,http://www.sanantonio.gov/sapd/Calls.aspx,Yellow,a tbd link,26,10
10/01/26, 8:26:13,1300 N MAIN AVE,78212,Other Calls,Patrol By,1210,DOWNTOWN,SAPD-2026-1331760,29.440747,-98.494328,1790861173000,http://www.sanantonio.gov/sapd/Calls.aspx,Blue,a tbd link,26,10
10/01/26, 8:29:43,8400 Bandera Rd,78240,Other Calls,Information,7320,PRUE,SAPD-2026-1331774,29.520195,-98.639036,1790861383000,http://www.sanantonio.gov/sapd/Calls.aspx,Blue,a tbd link,26,10
10/01/26, 8:34:31,Thousand Oaks Dr / Scarsdale Dr,78217,Traffic Calls,Traffic Related,3240,NORTH,SAPD-2026-1331795,29.553478,-98.411423,1790861671000,http://www.sanantonio.gov/sapd/Calls.aspx,Yellow,a tbd link,26,10
10/01/26, 8:31:05,11800 Burning Bend,78249,Other Calls,Welfare Check,7340,PRUE,SAPD-2026-1331779,29.552612,-98.61147,1790861465000,http://www.sanantonio.gov/sapd/Calls.aspx,Blue,a tbd link,26,10
10/01/26, 8:30:41,Five Palms Dr / Branch Valley,78242,Other Calls,Welfare Check,6350,SOUTH,SAPD-2026-1331776,29.363837,-98.615834,1790861441000,http://www.sanantonio.gov/sapd/Calls.aspx,Blue,a tbd link,26,10
10/01/26, 8:30:52,2800 Goliad Rd,78223,Crimes Against Person Calls,Lewd Conduct,6270,SOUTH,SAPD-2026-1331778,29.355278,-98.431667,1790861452000,http://www.sanantonio.gov/sapd/Calls.aspx,Red,a tbd link,26,10
10/01/26, 8:32:26,Ih 10 E / Pfeil Rd,78109,Traffic Calls,Traffic Related,4310,EAST,SAPD-2026-1331785,29.477108,-98.253907,1790861546000,http://www.sanantonio.gov/sapd/Calls.aspx,Yellow,a tbd link,26,10
10/01/26, 8:34:05,Ih 10 E Eb / S Pine St,78210,Traffic Calls,Traffic Related,4150,EAST,SAPD-2026-1331792,29.401159,-98.469587,1790861645000,http://www.sanantonio.gov/sapd/Calls.aspx,Yellow,a tbd link,26,10
10/01/26, 8:30:27,100 E Commerce St,78205,Traffic Calls,Officer Traffic Stop,1120,DOWNTOWN,SAPD-2026-1331775,29.425043,-98.493769,1790861427000,http://www.sanantonio.gov/sapd/Calls.aspx,Yellow,a tbd link,26,10
10/01/26, 8:31:44,Culebra Rd / Goodrich Ave,78201,Other Calls,Welfare Check,5210,WEST,SAPD-2026-1331784,29.446182,-98.53584,1790861504000,http://www.sanantonio.gov/sapd/Calls.aspx,Blue,a tbd link,26,10
10/01/26, 8:33:18,5600 Se Loop 410,78222,Property Crime Calls,Theft,4260,EAST,SAPD-2026-1331789,29.37065,-98.3963,1790861598000,http://www.sanantonio.gov/sapd/Calls.aspx,Green,a tbd link,26,10
10/01/26, 8:32:15,500 BLK RIVER WALK,78215,Traffic Calls,Officer Traffic Stop,1110,DOWNTOWN,SAPD-2026-1331783,29.424856,-98.488426,1790861535000,http://www.sanantonio.gov/sapd/Calls.aspx,Yellow,a tbd link,26,10
10/01/26, 8:33:26,5100 OLD PEARSALL RD,78242,Other Calls,Patrol By,6340,SOUTH,SAPD-2026-1331788,29.359418,-98.596511,1790861606000,http://www.sanantonio.gov/sapd/Calls.aspx,Blue,a tbd link,26,10
10/01/26, 8:38:52,9000 Halbert Falls,78245,Other Calls,Welfare Check,5330,WEST,SAPD-2026-1331812,29.426557,-98.661413,1790861932000,http://www.sanantonio.gov/sapd/Calls.aspx,Blue,a tbd link,26,10
10/01/26, 8:34:23,16700 Basin Oak,78247,Other Calls,SAPD Emergency Call,3260,NORTH,SAPD-2026-1331793,29.592603,-98.369483,1790861663000,http://www.sanantonio.gov/sapd/Calls.aspx,Blue,a tbd link,26,10
10/01/26, 8:35:28,7500 Mccullough Ave,78216,Other Calls,Disturbance,3310,NORTH,SAPD-2026-1331797,29.503675,-98.491731,1790861728000,http://www.sanantonio.gov/sapd/Calls.aspx,Blue,a tbd link,26,10
10/01/26, 8:35:29,600-698 TORREON,78207,Traffic Calls,Traffic Related,2330,CENTRAL,SAPD-2026-1331798,29.420474,-98.519762,1790861729000,http://www.sanantonio.gov/sapd/Calls.aspx,Yellow,a tbd link,26,10
10/01/26, 8:41:22,Corbin Bend / Collin Grove,78221,Other Calls,Ordinance Violation,6260,SOUTH,SAPD-2026-1331821,29.319569,-98.488578,1790862082000,http://www.sanantonio.gov/sapd/Calls.aspx,Blue,a tbd link,26,10
10/01/26, 8:35:49,N TRINITY ST / W MARTIN ST,78207,Traffic Calls,Officer Traffic Stop,2320,CENTRAL,SAPD-2026-1331799,29.431232,-98.517362,1790861749000,http://www.sanantonio.gov/sapd/Calls.aspx,Yellow,a tbd link,26,10
10/01/26, 8:40:00,1500 Ceralvo St,78237,Other Calls,Disturbance,5120,WEST,SAPD-2026-1331816,29.40907,-98.548114,1790862000000,http://www.sanantonio.gov/sapd/Calls.aspx,Blue,a tbd link,26,10
10/01/26, 8:36:03,20 EL PASO ST,78204,Other Calls,Patrol By,1140,DOWNTOWN,SAPD-2026-1331801,29.417586,-98.498866,1790861763000,http://www.sanantonio.gov/sapd/Calls.aspx,Blue,a tbd link,26,10
10/01/26, 8:39:56,Encino Village / Gallery Rdg,78250,Traffic Calls,Minor Accident,7370,PRUE,SAPD-2026-1331824,29.503588,-98.681634,1790861996000,http://www.sanantonio.gov/sapd/Calls.aspx,Yellow,a tbd link,26,10
10/01/26, 8:36:46,1000 BROADWAY,78215,Other Calls,Patrol By,1130,DOWNTOWN,SAPD-2026-1331803,29.434308,-98.480418,1790861806000,http://www.sanantonio.gov/sapd/Calls.aspx,Blue,a tbd link,26,10
10/01/26, 8:40:23,9901-10299 State Hwy 151 Nb,78251,Traffic Calls,Traffic Violation,5350,WEST,SAPD-2026-1331818,29.44656,-98.676713,1790862023000,http://www.sanantonio.gov/sapd/Calls.aspx,Yellow,a tbd link,26,10
10/01/26, 8:39:05,10600 Ih 35 N,78233,Other Calls,Disturbance,3230,NORTH,SAPD-2026-1331807,29.534972,-98.386344,1790861945000,http://www.sanantonio.gov/sapd/Calls.aspx,Blue,a tbd link,26,10
10/01/26, 8:39:25,300 N General Mcmullen,78237,Property Crime Calls,Criminal Mischief,5110,WEST,SAPD-2026-1331811,29.433135,-98.55386,1790861965000,http://www.sanantonio.gov/sapd/Calls.aspx,Green,a tbd link,26,10
10/01/26, 8:41:16,16500 Blanco Rd,78248,Traffic Calls,Abandoned Vehicle,7240,PRUE,SAPD-2026-1331820,29.593957,-98.512219,1790862076000,http://www.sanantonio.gov/sapd/Calls.aspx,Yellow,a tbd link,26,10
10/01/26, 8:39:53,1300 Austin St,78208,Crimes Against Person Calls,Assault In Progress,4110,EAST,SAPD-2026-1331814,29.442471,-98.473951,1790861993000,http://www.sanantonio.gov/sapd/Calls.aspx,Red,a tbd link,26,10
10/01/26, 8:39:16,300 Blk River Walk,78215,Traffic Calls,Officer Traffic Stop,1110,DOWNTOWN,SAPD-2026-1331808,29.425333,-98.489452,1790861956000,http://www.sanantonio.gov/sapd/Calls.aspx,Yellow,a tbd link,26,10
10/01/26, 8:39:30,8600 OLD SKY HARBOR DR,78242,Other Calls,Miscellaneous,6340,SOUTH,SAPD-2026-1331809,29.342343,-98.61666,1790861970000,http://www.sanantonio.gov/sapd/Calls.aspx,Blue,a tbd link,26,10
10/01/26, 8:39:32,800 N CHERRY ST,78202,Other Calls,Patrol By,1130,DOWNTOWN,SAPD-2026-1331810,29.430628,-98.476804,1790861972000,http://www.sanantonio.gov/sapd/Calls.aspx,Blue,a tbd link,26,10
10/01/26, 8:39:51,800 N CHERRY ST,78202,Other Calls,Patrol By,1130,DOWNTOWN,SAPD-2026-1331813,29.430628,-98.476804,1790861991000,http://www.sanantonio.gov/sapd/Calls.aspx,Blue,a tbd link,26,10
10/01/26, 8:42:36,Walzem Rd / Midcrown Dr,78218,Traffic Calls,Traffic Related,4330,EAST,SAPD-2026-1331825,29.510279,-98.380346,1790862156000,http://www.sanantonio.gov/sapd/Calls.aspx,Yellow,a tbd link,26,10
10/01/26, 8:40:35,100 S Santa Rosa,78207,Traffic Calls,Officer Traffic Stop,1120,DOWNTOWN,SAPD-2026-1331819,29.425397,-98.498082,1790862035000,http://www.sanantonio.gov/sapd/Calls.aspx,Yellow,a tbd link,26,10
10/01/26, 8:44:11,5500 De Zavala Rd,78249,Traffic Calls,Abandoned Vehicle,7340,PRUE,SAPD-2026-1331827,29.563764,-98.597833,1790862251000,http://www.sanantonio.gov/sapd/Calls.aspx,Yellow,a tbd link,26,10
10/01/26, 8:45:20,Westwood Loop / Culebra Rd,78253,Other Calls,Disturbance,5350,WEST,SAPD-2026-1331837,29.496009,-98.709609,1790862320000,http://www.sanantonio.gov/sapd/Calls.aspx,Blue,a tbd link,26,10
10/01/26, 8:41:55,2000 BLK N RIVER WALK,78215,Other Calls,Patrol By,1230,DOWNTOWN,SAPD-2026-1331823,29.445169,-98.481433,1790862115000,http://www.sanantonio.gov/sapd/Calls.aspx,Blue,a tbd link,26,10
10/01/26, 8:42:47,Galm Rd / Tall Timber Ln,78254,Traffic Calls,Minor Accident,5350,WEST,SAPD-2026-1331826,29.527485,-98.752344,1790862167000,http://www.sanantonio.gov/sapd/Calls.aspx,Yellow,a tbd link,26,10
10/01/26, 8:45:17,5200 Galahad Dr,78218,Property Crime Calls,Criminal Mischief,4330,EAST,SAPD-2026-1331834,29.503423,-98.387983,1790862317000,http://www.sanantonio.gov/sapd/Calls.aspx,Green,a tbd link,26,10
10/01/26, 8:45:09,400 Clay St,78204,Traffic Calls,Traffic Violation,1140,DOWNTOWN,SAPD-2026-1331831,29.406918,-98.496808,1790862309000,http://www.sanantonio.gov/sapd/Calls.aspx,Yellow,a tbd link,26,10
10/01/26, 8:44:28,100 Babcock Rd,78201,Other Calls,Disturbance,5230,WEST,SAPD-2026-1331830,29.471785,-98.534117,1790862268000,http://www.sanantonio.gov/sapd/Calls.aspx,Blue,a tbd link,26,10
10/01/26, 8:47:11,3900 Knollcross,78247,Crimes Against Person Calls,Threats,3240,NORTH,SAPD-2026-1331839,29.5841,-98.415849,1790862431000,http://www.sanantonio.gov/sapd/Calls.aspx,Red,a tbd link,26,10
10/01/26, 8:44:23,300 S Santa Rosa,78207,Other Calls,Property Lost,1120,DOWNTOWN,SAPD-2026-1331828,29.422478,-98.498873,1790862263000,http://www.sanantonio.gov/sapd/Calls.aspx,Blue,a tbd link,26,10
10/01/26, 8:45:09,W Lawndale Dr / Broadway,78209,Traffic Calls,Traffic Violation,3330,NORTH,SAPD-2026-1331832,29.509727,-98.466212,1790862309000,http://www.sanantonio.gov/sapd/Calls.aspx,Yellow,a tbd link,26,10
10/01/26, 8:45:57,6300 Nw Loop 410,78238,Property Crime Calls,Theft,5310,WEST,SAPD-2026-1331838,29.468887,-98.620644,1790862357000,http://www.sanantonio.gov/sapd/Calls.aspx,Green,a tbd link,26,10
10/01/26, 8:45:15,Galm Rd / Tall Timber Ln,78254,Traffic Calls,Minor Accident,5350,WEST,SAPD-2026-1331833,29.527485,-98.752344,1790862315000,http://www.sanantonio.gov/sapd/Calls.aspx,Yellow,a tbd link,26,10
10/01/26, 8:47:24,1900 S Zarzamora St,78207,Property Crime Calls,Theft,2340,CENTRAL,SAPD-2026-1331840,29.406503,-98.529392,1790862444000,http://www.sanantonio.gov/sapd/Calls.aspx,Green,a tbd link,26,10
10/01/26, 8:48:27,12700 Vista Del Norte,78216,Other Calls,Missing Person/Runaway,7240,PRUE,SAPD-2026-1331849,29.558799,-98.513383,1790862507000,http://www.sanantonio.gov/sapd/Calls.aspx,Blue,a tbd link,26,10
10/01/26, 8:47:43,Se Military Dr / City-base Landing,78223,Traffic Calls,Traffic Related,6270,SOUTH,SAPD-2026-1331841,29.351668,-98.43496,1790862463000,http://www.sanantonio.gov/sapd/Calls.aspx,Yellow,a tbd link,26,10
10/01/26, 8:48:40,900 W HUISACHE AVE,78201,Other Calls,Disturbance,2210,CENTRAL,SAPD-2026-1331852,29.455211,-98.508292,1790862520000,http://www.sanantonio.gov/sapd/Calls.aspx,Blue,a tbd link,26,10
10/01/26, 8:48:10,W Russell Place / Michigan Ave,78201,Other Calls,Welfare Check,1220,DOWNTOWN,SAPD-2026-1331845,29.451038,-98.511903,1790862490000,http://www.sanantonio.gov/sapd/Calls.aspx,Blue,a tbd link,26,10
10/01/26, 8:47:59,10 Inwood Terrace Dr,78248,Other Calls,Assist the Public,7240,PRUE,SAPD-2026-1331844,29.588918,-98.540859,1790862479000,http://www.sanantonio.gov/sapd/Calls.aspx,Blue,a tbd link,26,10
10/01/26, 8:51:21,1600 Montezuma,78207,Property Crime Calls,Theft of Vehicle,2350,CENTRAL,SAPD-2026-1331857,29.419464,-98.532061,1790862681000,http://www.sanantonio.gov/sapd/Calls.aspx,Green,a tbd link,26,10
10/01/26, 8:48:37,11200 S Zarzamora St,78224,Other Calls,Property Found,6160,SOUTH,SAPD-2026-1331847,29.3059,-98.53782,1790862517000,http://www.sanantonio.gov/sapd/Calls.aspx,Blue,a tbd link,26,10
10/01/26, 8:48:03,8400 NW MILITARY HWY,78231,Other Calls,Patrol By,7220,PRUE,SAPD-2026-1331843,29.551864,-98.531954,1790862483000,http://www.sanantonio.gov/sapd/Calls.aspx,Blue,a tbd link,26,10
10/01/26, 8:50:12,W Sunset Rd / Teak Ln,78209,Other Calls,Suspicious Person,3330,NORTH,SAPD-2026-1331853,29.507539,-98.474567,1790862612000,http://www.sanantonio.gov/sapd/Calls.aspx,Blue,a tbd link,26,10
10/01/26, 8:50:34,4200 Milling,78219,Crimes Against Person Calls,Holdup Alarm In Progress,4310,EAST,SAPD-2026-1331855,29.449132,-98.41096,1790862634000,http://www.sanantonio.gov/sapd/Calls.aspx,Red,a tbd link,26,10
10/01/26, 8:51:58,800 Rice Rd,78220,Other Calls,Narcotic Laws,4240,EAST,SAPD-2026-1331860,29.409099,-98.403551,1790862718000,http://www.sanantonio.gov/sapd/Calls.aspx,Blue,a tbd link,26,10
10/01/26, 8:50:20,901-913 S CHUPADERAS,78207,Traffic Calls,Traffic Related,2330,CENTRAL,SAPD-2026-1331854,29.41897,-98.524657,1790862620000,http://www.sanantonio.gov/sapd/Calls.aspx,Yellow,a tbd link,26,10
10/01/26, 8:52:01,700 S Chupaderas,78207,Crimes Against Person Calls,Suspicious Vehicle,2330,CENTRAL,SAPD-2026-1331859,29.421038,-98.524386,1790862721000,http://www.sanantonio.gov/sapd/Calls.aspx,Red,a tbd link,26,10
10/01/26, 8:51:29,NEW LAREDO HWY / SW MILITARY DR,78211,Traffic Calls,Officer Traffic Stop,6320,SOUTH,SAPD-2026-1331858,29.358246,-98.559343,1790862689000,http://www.sanantonio.gov/sapd/Calls.aspx,Yellow,a tbd link,26,10
10/01/26, 8:53:09,5000 CREEKMOOR DR,78220,Other Calls,Wanted Person,4240,EAST,SAPD-2026-1331863,29.404022,-98.39295,1790862789000,http://www.sanantonio.gov/sapd/Calls.aspx,Blue,a tbd link,26,10
10/01/26, 8:53:16,500 E Houston St,78205,Traffic Calls,Officer Traffic Stop,1110,DOWNTOWN,SAPD-2026-1331864,29.426377,-98.487703,1790862796000,http://www.sanantonio.gov/sapd/Calls.aspx,Yellow,a tbd link,26,10
10/01/26, 8:54:33,Sw Loop 410 Wb / Somerset Rd,78211,Traffic Calls,Traffic Related,6160,SOUTH,SAPD-2026-1331866,29.31568,-98.592308,1790862873000,http://www.sanantonio.gov/sapd/Calls.aspx,Yellow,a tbd link,26,10
10/01/26, 8:54:03,1900 S ALAMO ST,78204,Other Calls,Patrol By,1140,DOWNTOWN,SAPD-2026-1331865,29.412278,-98.50268,1790862843000,http://www.sanantonio.gov/sapd/Calls.aspx,Blue,a tbd link,26,10
10/01/26, 8:59:33,6600 Utsa Blvd,78249,Other Calls,Missing Person/Runaway,7250,PRUE,SAPD-2026-1331883,29.577862,-98.623181,1790863173000,http://www.sanantonio.gov/sapd/Calls.aspx,Blue,a tbd link,26,10
10/01/26, 8:57:08,500 Edgebrook,78213,Other Calls,Suspicious Person,2220,CENTRAL,SAPD-2026-1331872,29.492867,-98.518084,1790863028000,http://www.sanantonio.gov/sapd/Calls.aspx,Blue,a tbd link,26,10
10/01/26, 8:56:42,7200 Spring Drops,78249,Traffic Calls,Traffic Violation,7340,PRUE,SAPD-2026-1331870,29.550052,-98.629397,1790863002000,http://www.sanantonio.gov/sapd/Calls.aspx,Yellow,a tbd link,26,10
10/01/26, 8:56:58,400 W Loop 1604 N,78251,Other Calls,Assist the Public,5360,WEST,SAPD-2026-1331871,29.436222,-98.708569,1790863018000,http://www.sanantonio.gov/sapd/Calls.aspx,Blue,a tbd link,26,10
10/01/26, 8:57:30,300 Pierce,78208,Other Calls,Animal Related,4110,EAST,SAPD-2026-1331873,29.439595,-98.464357,1790863050000,http://www.sanantonio.gov/sapd/Calls.aspx,Blue,a tbd link,26,10
10/01/26, 8:57:56,4700 Fredericksburg Rd,78229,Property Crime Calls,Theft In Progress,7110,PRUE,SAPD-2026-1331876,29.495903,-98.55506,1790863076000,http://www.sanantonio.gov/sapd/Calls.aspx,Green,a tbd link,26,10
10/01/26, 8:57:38,400 Aurora Ave,78228,Other Calls,Welfare Check,5130,WEST,SAPD-2026-1331874,29.442028,-98.573581,1790863058000,http://www.sanantonio.gov/sapd/Calls.aspx,Blue,a tbd link,26,10
10/01/26, 9:00:17,14400 Hereford,78217,Crimes Against Person Calls,Suspicious Vehicle,3240,NORTH,SAPD-2026-1331885,29.571403,-98.389562,1790863217000,http://www.sanantonio.gov/sapd/Calls.aspx,Red,a tbd link,26,10
10/01/26, 8:58:56,8800 Timber Path,78250,Other Calls,Disturbance,7330,PRUE,SAPD-2026-1331878,29.482522,-98.658783,1790863136000,http://www.sanantonio.gov/sapd/Calls.aspx,Blue,a tbd link,26,10
10/01/26, 9:00:27,13700 Bluff Villas Ct,78216,Property Crime Calls,Theft,3120,NORTH,SAPD-2026-1331886,29.562555,-98.494298,1790863227000,http://www.sanantonio.gov/sapd/Calls.aspx,Green,a tbd link,26,10
10/01/26, 8:58:22,3200 Wurzbach Rd,78238,Other Calls,Disturbance,5310,WEST,SAPD-2026-1331877,29.467422,-98.623139,1790863102000,http://www.sanantonio.gov/sapd/Calls.aspx,Blue,a tbd link,26,10
10/01/26, 8:59:04,4200 Milling,78219,Crimes Against Person Calls,Holdup Alarm In Progress,4310,EAST,SAPD-2026-1331879,29.449132,-98.41096,1790863144000,http://www.sanantonio.gov/sapd/Calls.aspx,Red,a tbd link,26,10
10/01/26, 8:59:18,300-316 N SAN FELIPE AVE,78237,Other Calls,Patrol By,5130,WEST,SAPD-2026-1331881,29.437007,-98.558181,1790863158000,http://www.sanantonio.gov/sapd/Calls.aspx,Blue,a tbd link,26,10
10/01/26, 9:00:16,PEACOCK ALLEY / NAVARRO ST,78205,Traffic Calls,Officer Traffic Stop,1130,DOWNTOWN,SAPD-2026-1331884,29.427035,-98.489743,1790863216000,http://www.sanantonio.gov/sapd/Calls.aspx,Yellow,a tbd link,26,10
10/01/26, 9:01:48,City-base Landing / Research Plaza,78223,Other Calls,Welfare Check,6270,SOUTH,SAPD-2026-1331890,29.345727,-98.434414,1790863308000,http://www.sanantonio.gov/sapd/Calls.aspx,Blue,a tbd link,26,10
10/01/26, 9:08:53,10000 Ih 10 W,78288,Other Calls,Miscellaneous,7150,PRUE,SAPD-2026-1331905,29.534178,-98.566256,1790863733000,http://www.sanantonio.gov/sapd/Calls.aspx,Blue,a tbd link,26,10
10/01/26, 9:00:46,E TRAVIS ST / JEFFERSON,78205,Traffic Calls,Officer Traffic Stop,1130,DOWNTOWN,SAPD-2026-1331887,29.427553,-98.488507,1790863246000,http://www.sanantonio.gov/sapd/Calls.aspx,Yellow,a tbd link,26,10
10/01/26, 9:03:29,60 Brees Blvd,78209,Crimes Against Person Calls,Assault,3340,NORTH,SAPD-2026-1331894,29.49159,-98.456733,1790863409000,http://www.sanantonio.gov/sapd/Calls.aspx,Red,a tbd link,26,10
10/01/26, 9:05:34,8400 Maple Ridge Dr,78239,Other Calls,SAPD Non-Emergency Call,NOT SAPD BEX,SAPD OUTSIDE AREA,SAPD-2026-1331899,29.513385,-98.33068,1790863534000,http://www.sanantonio.gov/sapd/Calls.aspx,Blue,a tbd link,26,10
10/01/26, 9:05:54,5500 Ingram Rd,78228,Other Calls,Disturbance,5260,WEST,SAPD-2026-1331901,29.464191,-98.594362,1790863554000,http://www.sanantonio.gov/sapd/Calls.aspx,Blue,a tbd link,26,10
10/01/26, 9:05:58,6200 S New Braunfels Ave,78223,Crimes Against Person Calls,Suspicious Vehicle,6240,SOUTH,SAPD-2026-1331902,29.364681,-98.456925,1790863558000,http://www.sanantonio.gov/sapd/Calls.aspx,Red,a tbd link,26,10
10/01/26, 9:01:36,700 CULBERSON AVE,78225,Other Calls,Patrol By,6120,SOUTH,SAPD-2026-1331888,29.382133,-98.539463,1790863296000,http://www.sanantonio.gov/sapd/Calls.aspx,Blue,a tbd link,26,10
10/01/26, 9:03:43,600 S Navidad,78207,Property Crime Calls,Criminal Mischief,2330,CENTRAL,SAPD-2026-1331893,29.421829,-98.523142,1790863423000,http://www.sanantonio.gov/sapd/Calls.aspx,Green,a tbd link,26,10
10/01/26, 9:02:03,300 ROOSEVELT AVE,78210,Other Calls,Patrol By,1140,DOWNTOWN,SAPD-2026-1331889,29.400997,-98.488233,1790863323000,http://www.sanantonio.gov/sapd/Calls.aspx,Blue,a tbd link,26,10
10/01/26, 9:10:01,15300 Fallen Grove,78247,Other Calls,Miscellaneous,3220,NORTH,SAPD-2026-1331910,29.580967,-98.432885,1790863801000,http://www.sanantonio.gov/sapd/Calls.aspx,Blue,a tbd link,26,10
10/01/26, 9:03:49,10800 W Loop 1604 N,78254,Traffic Calls,Accident Private Property,7360,PRUE,SAPD-2026-1331895,29.544367,-98.677081,1790863429000,http://www.sanantonio.gov/sapd/Calls.aspx,Yellow,a tbd link,26,10
10/01/26, 9:03:42,I0 10 E WB,78210,Traffic Calls,Traffic Related,4140,EAST,SAPD-2026-1331892,29.401763,-98.457696,1790863422000,http://www.sanantonio.gov/sapd/Calls.aspx,Yellow,a tbd link,26,10
10/01/26, 9:04:39,100 Dallas St,78205,Other Calls,DOA,1130,DOWNTOWN,SAPD-2026-1331897,29.433825,-98.492242,1790863479000,http://www.sanantonio.gov/sapd/Calls.aspx,Blue,a tbd link,26,10
10/01/26, 9:06:53,6700 Fm 78,78244,Property Crime Calls,Recovered Stolen Property,4320,EAST,SAPD-2026-1331903,29.48333,-98.354955,1790863613000,http://www.sanantonio.gov/sapd/Calls.aspx,Green,a tbd link,26,10
10/01/26, 9:05:44,I0 10 W NB,78230,Traffic Calls,Traffic Related,7210,PRUE,SAPD-2026-1331900,29.516631,-98.553779,1790863544000,http://www.sanantonio.gov/sapd/Calls.aspx,Yellow,a tbd link,26,10
10/01/26, 9:09:31,Potranco Rd / W Loop 1604 N Nb,78251,Other Calls,Welfare Check,5360,WEST,SAPD-2026-1331907,29.435607,-98.711147,1790863771000,http://www.sanantonio.gov/sapd/Calls.aspx,Blue,a tbd link,26,10
10/01/26, 9:08:10,5000 Fredericksburg Rd,78229,Property Crime Calls,Burglary,7110,PRUE,SAPD-2026-1331904,29.5006,-98.5578,1790863690000,http://www.sanantonio.gov/sapd/Calls.aspx,Green,a tbd link,26,10
10/01/26, 9:08:41,200 S Ww White Rd,78219,Crimes Against Person Calls,Holdup Alarm In Progress,4240,EAST,SAPD-2026-1331906,29.427378,-98.405556,1790863721000,http://www.sanantonio.gov/sapd/Calls.aspx,Red,a tbd link,26,10
10/01/26, 9:12:37,5600 Staack Ave,78240,Other Calls,Suspicious Person,7140,PRUE,SAPD-2026-1331914,29.499467,-98.596015,1790863957000,http://www.sanantonio.gov/sapd/Calls.aspx,Blue,a tbd link,26,10
10/01/26, 9:10:02,Dallas St / Lexington Ave,78215,Traffic Calls,Officer Traffic Stop,1130,DOWNTOWN,SAPD-2026-1331909,29.434109,-98.490701,1790863802000,http://www.sanantonio.gov/sapd/Calls.aspx,Yellow,a tbd link,26,10
10/01/26, 9:15:35,2200 Flora Vista,78224,Other Calls,Welfare Check,6140,SOUTH,SAPD-2026-1331923,29.336983,-98.544383,1790864135000,http://www.sanantonio.gov/sapd/Calls.aspx,Blue,a tbd link,26,10
10/01/26, 9:13:10,10700 Nacogdoches Rd,78217,Other Calls,Assist the Public,3360,NORTH,SAPD-2026-1331916,29.537296,-98.424546,1790863990000,http://www.sanantonio.gov/sapd/Calls.aspx,Blue,a tbd link,26,10
10/01/26, 9:12:44,2500 Martin Luther King Dr,78203,Crimes Against Person Calls,Threats,4140,EAST,SAPD-2026-1331915,29.41437,-98.444464,1790863964000,http://www.sanantonio.gov/sapd/Calls.aspx,Red,a tbd link,26,10
10/01/26, 9:19:55,10400 Horn Blvd,78240,Property Crime Calls,Theft,7310,PRUE,SAPD-2026-1331936,29.540617,-98.615724,1790864395000,http://www.sanantonio.gov/sapd/Calls.aspx,Green,a tbd link,26,10
10/01/26, 9:14:01,400 S Callaghan Rd,78227,Traffic Calls,Abandoned Vehicle,5140,WEST,SAPD-2026-1331918,29.429662,-98.599635,1790864041000,http://www.sanantonio.gov/sapd/Calls.aspx,Yellow,a tbd link,26,10
10/01/26, 9:12:57,Old Sky Harbor Dr / Old Pearsall Rd,78242,Traffic Calls,Traffic Related,6340,SOUTH,SAPD-2026-1331917,29.343703,-98.617825,1790863977000,http://www.sanantonio.gov/sapd/Calls.aspx,Yellow,a tbd link,26,10
10/01/26, 9:15:16,100 Devonshire Dr,78209,Property Crime Calls,Theft,3340,NORTH,SAPD-2026-1331922,29.492809,-98.453339,1790864116000,http://www.sanantonio.gov/sapd/Calls.aspx,Green,a tbd link,26,10
10/01/26, 9:17:01,5700 North Knoll,78240,Other Calls,Miscellaneous,7160,PRUE,SAPD-2026-1331926,29.51159,-98.599578,1790864221000,http://www.sanantonio.gov/sapd/Calls.aspx,Blue,a tbd link,26,10
10/01/26, 9:16:15,300 Como Ave,78220,Crimes Against Person Calls,Assault In Progress,4160,EAST,SAPD-2026-1331925,29.418501,-98.436637,1790864175000,http://www.sanantonio.gov/sapd/Calls.aspx,Red,a tbd link,26,10
10/01/26, 9:15:42,NAVARRO ST / AUGUSTA,78205,Traffic Calls,Officer Traffic Stop,1130,DOWNTOWN,SAPD-2026-1331924,29.432305,-98.491553,1790864142000,http://www.sanantonio.gov/sapd/Calls.aspx,Yellow,a tbd link,26,10
10/01/26, 9:18:29,4500 Medical Dr,78229,Property Crime Calls,Theft,7130,PRUE,SAPD-2026-1331928,29.507184,-98.578914,1790864309000,http://www.sanantonio.gov/sapd/Calls.aspx,Green,a tbd link,26,10
10/01/26, 9:19:18,4000 Coral Sunrise,78244,Traffic Calls,Traffic Related,4320,EAST,SAPD-2026-1331930,29.462117,-98.36637,1790864358000,http://www.sanantonio.gov/sapd/Calls.aspx,Yellow,a tbd link,26,10
10/01/26, 9:20:24,US HWY 90 W EB / CUPPLES RD,78207,Traffic Calls,Traffic Violation,6310,SOUTH,SAPD-2026-1331934,29.403821,-98.548384,1790864424000,http://www.sanantonio.gov/sapd/Calls.aspx,Yellow,a tbd link,26,10
10/01/26, 9:20:11,Demya / Hunt Ln,78227,Crimes Against Person Calls,Suspicious Vehicle,5340,WEST,SAPD-2026-1331935,29.40644,-98.663142,1790864411000,http://www.sanantonio.gov/sapd/Calls.aspx,Red,a tbd link,26,10
10/01/26, 9:20:58,3100 Sw Military Dr,78224,Other Calls,Disturbance,6320,SOUTH,SAPD-2026-1331943,29.357611,-98.548525,1790864458000,http://www.sanantonio.gov/sapd/Calls.aspx,Blue,a tbd link,26,10
10/01/26, 9:24:22,10700 Sentinel Dr,78217,Other Calls,Information,3360,NORTH,SAPD-2026-1331976,29.538203,-98.445353,1790864662000,http://www.sanantonio.gov/sapd/Calls.aspx,Blue,a tbd link,26,10
10/01/26, 9:26:50,8000 W Military Dr,78227,Other Calls,Wanted Person,5150,WEST,SAPD-2026-1331954,29.428981,-98.6262,1790864810000,http://www.sanantonio.gov/sapd/Calls.aspx,Blue,a tbd link,26,10
10/01/26, 9:21:27,1300 Crystal,78211,Other Calls,Disturbance,6120,SOUTH,SAPD-2026-1331940,29.37692,-98.527424,1790864487000,http://www.sanantonio.gov/sapd/Calls.aspx,Blue,a tbd link,26,10
10/01/26, 9:26:09,8600 New Laredo Hwy,78211,Property Crime Calls,Recovered Stolen Property,6330,SOUTH,SAPD-2026-1331953,29.341071,-98.580341,1790864769000,http://www.sanantonio.gov/sapd/Calls.aspx,Green,a tbd link,26,10
10/01/26, 9:20:29,Soledad St / E Houston St,78205,Other Calls,Disturbance,1120,DOWNTOWN,SAPD-2026-1331944,29.426421,-98.493183,1790864429000,http://www.sanantonio.gov/sapd/Calls.aspx,Blue,a tbd link,26,10
10/01/26, 9:24:36,500 W Quincy St,78212,Traffic Calls,Minor Accident,1130,DOWNTOWN,SAPD-2026-1331949,29.4324,-98.49687,1790864676000,http://www.sanantonio.gov/sapd/Calls.aspx,Yellow,a tbd link,26,10
10/01/26, 9:21:25,3600 E Houston St,78219,Crimes Against Person Calls,Threats,4160,EAST,SAPD-2026-1331939,29.42532,-98.426945,1790864485000,http://www.sanantonio.gov/sapd/Calls.aspx,Red,a tbd link,26,10
10/01/26, 9:22:31,300 E Dickson Ave,78214,Crimes Against Person Calls,Lewd Conduct,6230,SOUTH,SAPD-2026-1331946,29.358565,-98.48841,1790864551000,http://www.sanantonio.gov/sapd/Calls.aspx,Red,a tbd link,26,10
10/01/26, 9:21:35,6900 West Ave,78213,Other Calls,Miscellaneous,NOT SAPD BEX - 00,SAPD OUTSIDE AREA,SAPD-2026-1331942,29.530873,-98.523462,1790864495000,http://www.sanantonio.gov/sapd/Calls.aspx,Blue,a tbd link,26,10
10/01/26, 9:22:21,2900 RUIZ ST,78237,Other Calls,Patrol By,2360,CENTRAL,SAPD-2026-1331945,29.438108,-98.550042,1790864541000,http://www.sanantonio.gov/sapd/Calls.aspx,Blue,a tbd link,26,10
10/01/26, 9:24:26,Sw Loop 410 / Somerset Rd,78211,Other Calls,Disturbance,6140,SOUTH,SAPD-2026-1331948,29.315992,-98.592123,1790864666000,http://www.sanantonio.gov/sapd/Calls.aspx,Blue,a tbd link,26,10
10/01/26, 9:23:57,730-998 SW LOOP 410 NB,78227,Traffic Calls,Traffic Related,5170,WEST,SAPD-2026-1331947,29.427483,-98.64934,1790864637000,http://www.sanantonio.gov/sapd/Calls.aspx,Yellow,a tbd link,26,10
10/01/26, 9:25:15,1200 HISTORIC OLD HWY 90,78227,Traffic Calls,Traffic Related,5120,WEST,SAPD-2026-1331950,29.42011,-98.588212,1790864715000,http://www.sanantonio.gov/sapd/Calls.aspx,Yellow,a tbd link,26,10
10/01/26, 9:25:27,300 W Nottingham Dr,78209,Other Calls,DOA,3330,NORTH,SAPD-2026-1331951,29.500207,-98.471721,1790864727000,http://www.sanantonio.gov/sapd/Calls.aspx,Blue,a tbd link,26,10
10/01/26, 9:29:24,300 Bushick,78223,Other Calls,Suspicious Person,4220,EAST,SAPD-2026-1331962,29.36872,-98.441924,1790864964000,http://www.sanantonio.gov/sapd/Calls.aspx,Blue,a tbd link,26,10
10/01/26, 9:28:03,Thames Dr / Cornwall,78216,Other Calls,Narcotic Laws,3310,NORTH,SAPD-2026-1331958,29.514263,-98.504094,1790864883000,http://www.sanantonio.gov/sapd/Calls.aspx,Blue,a tbd link,26,10
10/01/26, 9:30:17,1000 Rittiman Rd,78218,Property Crime Calls,Burglary,4350,EAST,SAPD-2026-1331964,29.484857,-98.426623,1790865017000,http://www.sanantonio.gov/sapd/Calls.aspx,Green,a tbd link,26,10
10/01/26, 9:30:29,15000 Heimer Rd,78232,Other Calls,Miscellaneous,3140,NORTH,SAPD-2026-1331963,29.579403,-98.4652,1790865029000,http://www.sanantonio.gov/sapd/Calls.aspx,Blue,a tbd link,26,10
10/01/26, 9:32:14,3100 E Commerce St,78220,Other Calls,Disturbance Family,4160,EAST,SAPD-2026-1331970,29.419602,-98.438167,1790865134000,http://www.sanantonio.gov/sapd/Calls.aspx,Blue,a tbd link,26,10
10/01/26, 9:29:06,800-832 S GENERAL MCMULLEN,78237,Traffic Calls,Traffic Related,5110,WEST,SAPD-2026-1331960,29.419242,-98.555451,1790864946000,http://www.sanantonio.gov/sapd/Calls.aspx,Yellow,a tbd link,26,10
10/01/26, 9:32:00,700 Knotty Oak,78220,Property Crime Calls,Theft,4240,EAST,SAPD-2026-1331969,29.417411,-98.399674,1790865120000,http://www.sanantonio.gov/sapd/Calls.aspx,Green,a tbd link,26,10
10/01/26, 9:29:30,Ih 10 W / Ralph Fair Rd,78257,Traffic Calls,Traffic Related,NOT SAPD BEX - 59,SAPD OUTSIDE AREA,SAPD-2026-1331961,29.675916,-98.636646,1790864970000,http://www.sanantonio.gov/sapd/Calls.aspx,Yellow,a tbd link,26,10
10/01/26, 9:33:56,200 Woodlief,78212,Other Calls,Disturbance,1220,DOWNTOWN,SAPD-2026-1331978,29.439993,-98.501735,1790865236000,http://www.sanantonio.gov/sapd/Calls.aspx,Blue,a tbd link,26,10
10/01/26, 9:31:42,400 W Summit Ave,78212,Traffic Calls,Abandoned Vehicle,1240,DOWNTOWN,SAPD-2026-1331965,29.458668,-98.49933,1790865102000,http://www.sanantonio.gov/sapd/Calls.aspx,Yellow,a tbd link,26,10
10/01/26, 9:31:53,5000 Prue Rd,78240,Other Calls,Miscellaneous,7310,PRUE,SAPD-2026-1331972,29.543157,-98.583584,1790865113000,http://www.sanantonio.gov/sapd/Calls.aspx,Blue,a tbd link,26,10
10/01/26, 9:32:49,600 Arbor St,78207,Other Calls,Welfare Check,2310,CENTRAL,SAPD-2026-1331975,29.436271,-98.512771,1790865169000,http://www.sanantonio.gov/sapd/Calls.aspx,Blue,a tbd link,26,10
10/01/26, 9:32:28,200 W Peden Alley,78204,Traffic Calls,Traffic Related,1140,DOWNTOWN,SAPD-2026-1331971,29.41054,-98.502744,1790865148000,http://www.sanantonio.gov/sapd/Calls.aspx,Yellow,a tbd link,26,10
10/01/26, 9:39:24,5500 Willow Point Blvd,78219,Property Crime Calls,Burglary,4240,EAST,SAPD-2026-1331994,29.426713,-98.367995,1790865564000,http://www.sanantonio.gov/sapd/Calls.aspx,Green,a tbd link,26,10
10/01/26, 9:37:20,Medical Dr / Babcock Rd,78240,Other Calls,Suspicious Person,7160,PRUE,SAPD-2026-1331985,29.508953,-98.589771,1790865440000,http://www.sanantonio.gov/sapd/Calls.aspx,Blue,a tbd link,26,10
10/01/26, 9:33:42,14335-14499 O'CONNOR RD,78247,Traffic Calls,Traffic Related,3240,NORTH,SAPD-2026-1331977,29.575109,-98.389019,1790865222000,http://www.sanantonio.gov/sapd/Calls.aspx,Yellow,a tbd link,26,10
10/01/26, 9:34:56,600 Bandera Rd,78228,Other Calls,Disturbance,5210,WEST,SAPD-2026-1331981,29.453367,-98.549843,1790865296000,http://www.sanantonio.gov/sapd/Calls.aspx,Blue,a tbd link,26,10
10/01/26, 9:38:01,400 Cedar Crossing,78219,Property Crime Calls,Theft,4240,EAST,SAPD-2026-1331989,29.426756,-98.368188,1790865481000,http://www.sanantonio.gov/sapd/Calls.aspx,Green,a tbd link,26,10
10/01/26, 9:34:43,Mccullough Ave / Avenue E,78215,Traffic Calls,Officer Traffic Stop,1130,DOWNTOWN,SAPD-2026-1331980,29.428917,-98.483499,1790865283000,http://www.sanantonio.gov/sapd/Calls.aspx,Yellow,a tbd link,26,10
10/01/26, 9:35:54,200 CENTER ST,78205,Other Calls,Patrol By,1110,DOWNTOWN,SAPD-2026-1331983,29.422676,-98.48,1790865354000,http://www.sanantonio.gov/sapd/Calls.aspx,Blue,a tbd link,26,10
10/01/26, 9:37:49,400 Cedar Crossing,78219,Property Crime Calls,Theft,4240,EAST,SAPD-2026-1331987,29.426776,-98.368215,1790865469000,http://www.sanantonio.gov/sapd/Calls.aspx,Green,a tbd link,26,10
10/01/26, 9:39:39,4400 S Piedras Dr,78228,Property Crime Calls,Theft,5260,WEST,SAPD-2026-1331997,29.485599,-98.566839,1790865579000,http://www.sanantonio.gov/sapd/Calls.aspx,Green,a tbd link,26,10
10/01/26, 9:37:23,300 E Commerce St,78205,Property Crime Calls,Theft In Progress,1110,DOWNTOWN,SAPD-2026-1331988,29.42402,-98.489714,1790865443000,http://www.sanantonio.gov/sapd/Calls.aspx,Green,a tbd link,26,10
10/01/26, 9:37:48,600-728 SW LOOP 410 NB,78227,Traffic Calls,Traffic Related,5170,WEST,SAPD-2026-1331986,29.427726,-98.6493,1790865468000,http://www.sanantonio.gov/sapd/Calls.aspx,Yellow,a tbd link,26,10
10/01/26, 9:38:15,100-298 W DREXEL AVE,78210,Traffic Calls,Traffic Related,4120,EAST,SAPD-2026-1331990,29.400777,-98.474484,1790865495000,http://www.sanantonio.gov/sapd/Calls.aspx,Yellow,a tbd link,26,10
10/01/26, 9:39:05,7700 Louis Pasteur,78230,Other Calls,Welfare Check,7130,PRUE,SAPD-2026-1331992,29.508027,-98.56963,1790865545000,http://www.sanantonio.gov/sapd/Calls.aspx,Blue,a tbd link,26,10
10/01/26, 9:45:56,2900 Mossrock Dr,78230,Property Crime Calls,Theft,7210,PRUE,SAPD-2026-1332010,29.510562,-98.540309,1790865956000,http://www.sanantonio.gov/sapd/Calls.aspx,Green,a tbd link,26,10
10/01/26, 9:38:45,LOOP 1604 E EB,78247,Traffic Calls,Traffic Related,3260,NORTH,SAPD-2026-1331991,29.602269,-98.388156,1790865525000,http://www.sanantonio.gov/sapd/Calls.aspx,Yellow,a tbd link,26,10
10/01/26, 9:39:51,3300 Bob Billa,78223,Crimes Against Person Calls,Disturbance (Knife Involved),4260,EAST,SAPD-2026-1331999,29.36979,-98.433688,1790865591000,http://www.sanantonio.gov/sapd/Calls.aspx,Red,a tbd link,26,10
10/01/26, 9:41:28,13800-14198 Wurzbach Pkwy Eb,78216,Traffic Calls,Wrong Way Driver,3120,NORTH,SAPD-2026-1332000,29.559619,-98.502717,1790865688000,http://www.sanantonio.gov/sapd/Calls.aspx,Yellow,a tbd link,26,10
10/01/26, 9:45:55,Ih 10 W / Boerne Stage Rd,78257,Traffic Calls,Traffic Related,7260,PRUE,SAPD-2026-1332012,29.666511,-98.632308,1790865955000,http://www.sanantonio.gov/sapd/Calls.aspx,Yellow,a tbd link,26,10
10/01/26, 9:40:33,Mccullough Ave / Avenue E,78215,Other Calls,Wanted Person,1130,DOWNTOWN,SAPD-2026-1331998,29.428917,-98.483499,1790865633000,http://www.sanantonio.gov/sapd/Calls.aspx,Blue,a tbd link,26,10
10/01/26, 9:41:57,I0 37 S SB,78210,Traffic Calls,Traffic Related,1140,DOWNTOWN,SAPD-2026-1332001,29.398203,-98.479681,1790865717000,http://www.sanantonio.gov/sapd/Calls.aspx,Yellow,a tbd link,26,10
10/01/26, 9:41:58,500 AVENUE E,78215,Crimes Against Person Calls,Assault,1130,DOWNTOWN,SAPD-2026-1332002,29.429017,-98.483087,1790865718000,http://www.sanantonio.gov/sapd/Calls.aspx,Red,a tbd link,26,10
10/01/26, 9:43:39,W0 Us Hwy 90 W Onrp Nb Ih 35 S,78204,Traffic Calls,Traffic Related,2340,CENTRAL,SAPD-2026-1332005,29.396765,-98.512501,1790865819000,http://www.sanantonio.gov/sapd/Calls.aspx,Yellow,a tbd link,26,10
10/01/26, 9:43:57,Broadway / Elmhurst Ave,78209,Other Calls,Disturbance,1230,DOWNTOWN,SAPD-2026-1332004,29.459269,-98.468037,1790865837000,http://www.sanantonio.gov/sapd/Calls.aspx,Blue,a tbd link,26,10
10/01/26, 9:42:59,23100 HARDY OAK BLVD,78258,Traffic Calls,Traffic Related,3170,NORTH,SAPD-2026-1332003,29.657353,-98.496399,1790865779000,http://www.sanantonio.gov/sapd/Calls.aspx,Yellow,a tbd link,26,10
10/01/26, 9:48:22,300 Cypressway Dr,78245,Other Calls,Disturbance Family,5330,WEST,SAPD-2026-1332021,29.436261,-98.674497,1790866102000,http://www.sanantonio.gov/sapd/Calls.aspx,Blue,a tbd link,26,10
10/01/26, 9:46:36,300 Viendo St,78201,Property Crime Calls,Burglary,5240,WEST,SAPD-2026-1332014,29.467115,-98.517834,1790865996000,http://www.sanantonio.gov/sapd/Calls.aspx,Green,a tbd link,26,10
10/01/26, 9:49:42,5100 Flipper Dr,78238,Other Calls,Welfare Check,5310,WEST,SAPD-2026-1332028,29.480977,-98.613697,1790866182000,http://www.sanantonio.gov/sapd/Calls.aspx,Blue,a tbd link,26,10
10/01/26, 9:45:30,400 W Loop 1604 N,78251,Property Crime Calls,Theft,5360,WEST,SAPD-2026-1332008,29.436222,-98.708569,1790865930000,http://www.sanantonio.gov/sapd/Calls.aspx,Green,a tbd link,26,10
10/01/26, 9:44:16,1500 NOGALITOS ST,78404,Other Calls,Patrol By,2340,CENTRAL,SAPD-2026-1332006,29.398314,-98.514175,1790865856000,http://www.sanantonio.gov/sapd/Calls.aspx,Blue,a tbd link,26,10
10/01/26, 9:46:27,Culebra Rd / Callaghan Rd,78228,Traffic Calls,Traffic Related,5250,WEST,SAPD-2026-1332013,29.448587,-98.602671,1790865987000,http://www.sanantonio.gov/sapd/Calls.aspx,Yellow,a tbd link,26,10
10/01/26, 9:55:34,5500 Fossil Way,78222,Other Calls,Patrol By,4250,EAST,SAPD-2026-1332067,29.371893,-98.37548,1790866534000,http://www.sanantonio.gov/sapd/Calls.aspx,Blue,a tbd link,26,10
10/01/26, 9:46:01,3200 Northwestern Dr,78238,Other Calls,Patrol By,5310,WEST,SAPD-2026-1332011,29.464983,-98.626117,1790865961000,http://www.sanantonio.gov/sapd/Calls.aspx,Blue,a tbd link,26,10
10/01/26, 9:50:15,8600 Young Bear,78242,Other Calls,Assist the Public,6340,SOUTH,SAPD-2026-1332035,29.340172,-98.605654,1790866215000,http://www.sanantonio.gov/sapd/Calls.aspx,Blue,a tbd link,26,10
10/01/26, 9:48:09,25800 Ralph Fair Rd,78015,Traffic Calls,Minor Accident,7260,PRUE,SAPD-2026-1332026,29.684761,-98.631136,1790866089000,http://www.sanantonio.gov/sapd/Calls.aspx,Yellow,a tbd link,26,10
10/01/26, 9:50:47,1400 Kinder Pkwy,78260,Other Calls,SAPD Non-Emergency Call,NOT SAPD BEX,SAPD OUTSIDE AREA,SAPD-2026-1332032,29.723367,-98.470575,1790866247000,http://www.sanantonio.gov/sapd/Calls.aspx,Blue,a tbd link,26,10
10/01/26, 9:47:39,300 Roosevelt Ave,78210,Crimes Against Person Calls,Suspicious Vehicle,1140,DOWNTOWN,SAPD-2026-1332019,29.401068,-98.48573,1790866059000,http://www.sanantonio.gov/sapd/Calls.aspx,Red,a tbd link,26,10
10/01/26, 9:47:05,E0 IH 10 E OFRP ROLAND AVE,78210,Traffic Calls,Traffic Related,4210,EAST,SAPD-2026-1332016,29.401668,-98.44703,1790866025000,http://www.sanantonio.gov/sapd/Calls.aspx,Yellow,a tbd link,26,10
10/01/26, 9:47:52,500 E CROCKETT ST,78202,Other Calls,Patrol By,1110,DOWNTOWN,SAPD-2026-1332020,29.424319,-98.480686,1790866072000,http://www.sanantonio.gov/sapd/Calls.aspx,Blue,a tbd link,26,10
10/01/26, 9:48:35,N0 LOOP 410 EB,78238,Traffic Calls,Traffic Related,5260,WEST,SAPD-2026-1332022,29.483635,-98.596972,1790866115000,http://www.sanantonio.gov/sapd/Calls.aspx,Yellow,a tbd link,26,10
10/01/26, 9:48:49,6500 W HAUSMAN RD,78249,Other Calls,Patrol By,7250,PRUE,SAPD-2026-1332023,29.572131,-98.618936,1790866129000,http://www.sanantonio.gov/sapd/Calls.aspx,Blue,a tbd link,26,10
10/01/26, 9:52:38,3100 E COMMERCE ST,78220,Other Calls,Narcotic Laws,4160,EAST,SAPD-2026-1332044,29.419602,-98.438167,1790866358000,http://www.sanantonio.gov/sapd/Calls.aspx,Blue,a tbd link,26,10
10/01/26, 9:51:20,2600 Thousand Oaks,78232,Other Calls,Welfare Check,3140,NORTH,SAPD-2026-1332034,29.582407,-98.447622,1790866280000,http://www.sanantonio.gov/sapd/Calls.aspx,Blue,a tbd link,26,10
10/01/26, 9:49:43,6900 West Ave,78213,Other Calls,Miscellaneous,NOT SAPD BEX - 00,SAPD OUTSIDE AREA,SAPD-2026-1332027,29.530873,-98.523462,1790866183000,http://www.sanantonio.gov/sapd/Calls.aspx,Blue,a tbd link,26,10
10/01/26, 9:52:23,10700 Potranco Rd,78245,Other Calls,Disturbance,5360,WEST,SAPD-2026-1332040,29.434308,-98.703187,1790866343000,http://www.sanantonio.gov/sapd/Calls.aspx,Blue,a tbd link,26,10
10/01/26, 9:51:11,3100 Se Military Dr,78223,Crimes Against Person Calls,Fight,6270,SOUTH,SAPD-2026-1332033,29.35167,-98.44291,1790866271000,http://www.sanantonio.gov/sapd/Calls.aspx,Red,a tbd link,26,10
10/01/26, 9:54:21,6000-6030 Ih 35 S,78221,Traffic Calls,Traffic Related,6230,SOUTH,SAPD-2026-1332051,29.368046,-98.518053,1790866461000,http://www.sanantonio.gov/sapd/Calls.aspx,Yellow,a tbd link,26,10
10/01/26, 9:55:22,200 Yucca St,78203,Property Crime Calls,Theft,4140,EAST,SAPD-2026-1332057,29.40942,-98.445968,1790866522000,http://www.sanantonio.gov/sapd/Calls.aspx,Green,a tbd link,26,10
10/01/26, 9:59:06,4800 Ray Bon Dr,78218,Property Crime Calls,Theft,4340,EAST,SAPD-2026-1332069,29.490817,-98.385125,1790866746000,http://www.sanantonio.gov/sapd/Calls.aspx,Green,a tbd link,26,10
10/01/26, 9:52:02,5800 HISTORIC OLD HWY 90,78227,Other Calls,Patrol By,5150,WEST,SAPD-2026-1332038,29.413497,-98.60391,1790866322000,http://www.sanantonio.gov/sapd/Calls.aspx,Blue,a tbd link,26,10
10/01/26, 9:53:39,200 W Green Way Ave,78226,Other Calls,Suspicious Person,6310,SOUTH,SAPD-2026-1332049,29.391514,-98.548907,1790866419000,http://www.sanantonio.gov/sapd/Calls.aspx,Blue,a tbd link,26,10
10/01/26, 9:53:09,4000 Stallion St,78247,Property Crime Calls,Burglary,3240,NORTH,SAPD-2026-1332048,29.57709,-98.414112,1790866389000,http://www.sanantonio.gov/sapd/Calls.aspx,Green,a tbd link,26,10
10/01/26, 9:54:43,200 Roosevelt Ave,78210,Property Crime Calls,Burglary,1140,DOWNTOWN,SAPD-2026-1332053,29.401818,-98.485455,1790866483000,http://www.sanantonio.gov/sapd/Calls.aspx,Green,a tbd link,26,10
10/01/26, 9:52:30,4800 DE ZAVALA RD,78249,Other Calls,Patrol By,7230,PRUE,SAPD-2026-1332042,29.568415,-98.578075,1790866350000,http://www.sanantonio.gov/sapd/Calls.aspx,Blue,a tbd link,26,10
10/01/26, 9:52:37,US HWY 281 S / MARTINEZ LOSOYA,78221,Other Calls,SAPD Emergency Call,NOT SAPD BEX,SAPD OUTSIDE AREA,SAPD-2026-1332043,29.241808,-98.473591,1790866357000,http://www.sanantonio.gov/sapd/Calls.aspx,Blue,a tbd link,26,10
10/01/26, 9:53:05,400-498 E MITCHELL ST,78210,Traffic Calls,Traffic Related,6220,SOUTH,SAPD-2026-1332047,29.391062,-98.484219,1790866385000,http://www.sanantonio.gov/sapd/Calls.aspx,Yellow,a tbd link,26,10
10/01/26, 9:56:23,600 SW LOOP 410,78227,Traffic Calls,Minor Accident,5330,WEST,SAPD-2026-1332068,29.431451,-98.648367,1790866583000,http://www.sanantonio.gov/sapd/Calls.aspx,Yellow,a tbd link,26,10
10/01/26, 9:56:44,6400 Wurzbach Rd,78229,Other Calls,Welfare Check,7140,PRUE,SAPD-2026-1332060,29.490564,-98.598344,1790866604000,http://www.sanantonio.gov/sapd/Calls.aspx,Blue,a tbd link,26,10
10/01/26, 9:55:50,Division / Commercial Ave,78225,Other Calls,Welfare Check,6120,SOUTH,SAPD-2026-1332058,29.379531,-98.516904,1790866550000,http://www.sanantonio.gov/sapd/Calls.aspx,Blue,a tbd link,26,10
10/01/26, 9:54:32,9103-9199 N Loop 1604 W Sb,78023,Other Calls,SAPD Non-Emergency Call,7350,PRUE,SAPD-2026-1332052,29.556995,-98.663651,1790866472000,http://www.sanantonio.gov/sapd/Calls.aspx,Blue,a tbd link,26,10
10/01/26, 9:54:57,6100 HISTORIC OLD HWY 90,78227,Other Calls,Patrol By,5150,WEST,SAPD-2026-1332054,29.411626,-98.607175,1790866497000,http://www.sanantonio.gov/sapd/Calls.aspx,Blue,a tbd link,26,10
10/01/26, 9:55:06,300 CHESTNUT ST,78202,Other Calls,Patrol By,1110,DOWNTOWN,SAPD-2026-1332056,29.424053,-98.479594,1790866506000,http://www.sanantonio.gov/sapd/Calls.aspx,Blue,a tbd link,26,10
10/01/26,10:00:44 AM,500 S Acme Rd,78227,Other Calls,Miscellaneous,5140,WEST,SAPD-2026-1332089,29.425069,-98.58859,1790866844000,http://www.sanantonio.gov/sapd/Calls.aspx,Blue,a tbd link,26,10
10/01/26, 9:57:59,10200 Huebner Rd,78240,Other Calls,Welfare Check,7310,PRUE,SAPD-2026-1332072,29.538453,-98.585099,1790866679000,http://www.sanantonio.gov/sapd/Calls.aspx,Blue,a tbd link,26,10
10/01/26, 9:56:44,685-713 SALADO CREEK GREENWAY SOUTH,78220,Traffic Calls,Traffic Related,4160,EAST,SAPD-2026-1332059,29.41985,-98.428509,1790866604000,http://www.sanantonio.gov/sapd/Calls.aspx,Yellow,a tbd link,26,10
10/01/26,10:00:16 AM,4800 Greatland Dr,78218,Other Calls,Welfare Check,4340,EAST,SAPD-2026-1332076,29.472633,-98.396944,1790866816000,http://www.sanantonio.gov/sapd/Calls.aspx,Blue,a tbd link,26,10
10/01/26, 9:57:16,8200 S FLORES ST,78221,Other Calls,Patrol By,6260,SOUTH,SAPD-2026-1332063,29.34326,-98.485022,1790866636000,http://www.sanantonio.gov/sapd/Calls.aspx,Blue,a tbd link,26,10
10/01/26, 9:57:55,800 Jennings Ave,78225,Crimes Against Person Calls,Assault In Progress,6110,SOUTH,SAPD-2026-1332070,29.390694,-98.535986,1790866675000,http://www.sanantonio.gov/sapd/Calls.aspx,Red,a tbd link,26,10
10/01/26, 9:57:38,EAGLE FORD COMMON,78112,Traffic Calls,Traffic Related,6280,SOUTH,SAPD-2026-1332066,29.220362,-98.41581,1790866658000,http://www.sanantonio.gov/sapd/Calls.aspx,Yellow,a tbd link,26,10
10/01/26, 9:59:45,5900 Monica Place,78228,Property Crime Calls,Theft,5250,WEST,SAPD-2026-1332075,29.452254,-98.601576,1790866785000,http://www.sanantonio.gov/sapd/Calls.aspx,Green,a tbd link,26,10
10/01/26,10:01:02 AM,12200 Vance Jackson,78230,Other Calls,Disturbance,7230,PRUE,SAPD-2026-1332078,29.555329,-98.574347,1790866862000,http://www.sanantonio.gov/sapd/Calls.aspx,Blue,a tbd link,26,10
10/01/26, 9:59:21,3001-3041 BUCKHORN,78247,Other Calls,Patrol By,3220,NORTH,SAPD-2026-1332071,29.548968,-98.444811,1790866761000,http://www.sanantonio.gov/sapd/Calls.aspx,Blue,a tbd link,26,10
10/01/26,10:04:54 AM,Rochambeau St / Gladstone St,78214,Traffic Calls,Abandoned Vehicle,6210,SOUTH,SAPD-2026-1332095,29.382368,-98.511458,1790867094000,http://www.sanantonio.gov/sapd/Calls.aspx,Yellow,a tbd link,26,10
10/01/26,10:00:56 AM,1500 SALTILLO ST,78207,Other Calls,Patrol By,2350,CENTRAL,SAPD-2026-1332077,29.411794,-98.536283,1790866856000,http://www.sanantonio.gov/sapd/Calls.aspx,Blue,a tbd link,26,10
10/01/26,10:04:20 AM,300 W Cypress St,78212,Other Calls,Welfare Check,1210,DOWNTOWN,SAPD-2026-1332092,29.441336,-98.497303,1790867060000,http://www.sanantonio.gov/sapd/Calls.aspx,Blue,a tbd link,26,10
10/01/26,10:02:26 AM,1400 Austin Hwy,78209,Other Calls,Suspicious Person,3340,NORTH,SAPD-2026-1332098,29.491586,-98.433889,1790866946000,http://www.sanantonio.gov/sapd/Calls.aspx,Blue,a tbd link,26,10
10/01/26,10:03:21 AM,5200 Rigsby Ave,78222,Other Calls,Disturbance,4250,EAST,SAPD-2026-1332087,29.397567,-98.388083,1790867001000,http://www.sanantonio.gov/sapd/Calls.aspx,Blue,a tbd link,26,10
10/01/26,10:02:24 AM,900 S Gevers St,78210,Property Crime Calls,Theft,4140,EAST,SAPD-2026-1332084,29.410875,-98.456733,1790866944000,http://www.sanantonio.gov/sapd/Calls.aspx,Green,a tbd link,26,10
10/01/26,10:01:32 AM,1500 SALTILLO ST,78207,Other Calls,Patrol By,2350,CENTRAL,SAPD-2026-1332080,29.411794,-98.536283,1790866892000,http://www.sanantonio.gov/sapd/Calls.aspx,Blue,a tbd link,26,10
10/01/26,10:02:03 AM,900 RIGSBY AVE,78210,Other Calls,Patrol By,4150,EAST,SAPD-2026-1332082,29.398574,-98.456624,1790866923000,http://www.sanantonio.gov/sapd/Calls.aspx,Blue,a tbd link,26,10
10/01/26,10:02:46 AM,1600 Jackson-keller Rd,78213,Traffic Calls,Officer Traffic Stop,3310,NORTH,SAPD-2026-1332085,29.510488,-98.519206,1790866966000,http://www.sanantonio.gov/sapd/Calls.aspx,Yellow,a tbd link,26,10
10/01/26,10:04:29 AM,Dominion Dr / Brenthurst Ln,78257,Traffic Calls,Minor Accident,7260,PRUE,SAPD-2026-1332097,29.650493,-98.612947,1790867069000,http://www.sanantonio.gov/sapd/Calls.aspx,Yellow,a tbd link,26,10
10/01/26,10:06:18 AM,6100 Paso Valley,78242,Other Calls,Welfare Check,6350,SOUTH,SAPD-2026-1332112,29.354063,-98.622371,1790867178000,http://www.sanantonio.gov/sapd/Calls.aspx,Blue,a tbd link,26,10
10/01/26,10:08:52 AM,500 Arbor St,78207,Crimes Against Person Calls,Threats,2310,CENTRAL,SAPD-2026-1332110,29.436201,-98.511998,1790867332000,http://www.sanantonio.gov/sapd/Calls.aspx,Red,a tbd link,26,10
10/01/26,10:05:31 AM,900 E Southcross Blvd,78214,Crimes Against Person Calls,Assault,6220,SOUTH,SAPD-2026-1332099,29.370065,-98.485683,1790867131000,http://www.sanantonio.gov/sapd/Calls.aspx,Red,a tbd link,26,10
10/01/26,10:08:12 AM,11100 W Loop 1604 N,78254,Other Calls,Information,7360,PRUE,SAPD-2026-1332106,29.546394,-98.675097,1790867292000,http://www.sanantonio.gov/sapd/Calls.aspx,Blue,a tbd link,26,10
10/01/26,10:09:00 AM,100 Mt Calvary,78209,Crimes Against Person Calls,Suspicious Vehicle,3340,NORTH,SAPD-2026-1332111,29.488057,-98.447706,1790867340000,http://www.sanantonio.gov/sapd/Calls.aspx,Red,a tbd link,26,10
10/01/26,10:06:18 AM,23100 HARDY OAK BLVD,78258,Traffic Calls,Traffic Related,3170,NORTH,SAPD-2026-1332101,29.657353,-98.496399,1790867178000,http://www.sanantonio.gov/sapd/Calls.aspx,Yellow,a tbd link,26,10
10/01/26,10:07:01 AM,2800 Austin Hwy,78218,Other Calls,Disturbance,4360,EAST,SAPD-2026-1332103,29.513962,-98.400617,1790867221000,http://www.sanantonio.gov/sapd/Calls.aspx,Blue,a tbd link,26,10
10/01/26,10:08:11 AM,2300 Austin Hwy,78218,Property Crime Calls,Theft,4360,EAST,SAPD-2026-1332107,29.50779,-98.41035,1790867291000,http://www.sanantonio.gov/sapd/Calls.aspx,Green,a tbd link,26,10
10/01/26,10:07:45 AM,Midcrown Dr E / Castle Cross Dr,78218,Property Crime Calls,Recovered Stolen Property,4330,EAST,SAPD-2026-1332105,29.490213,-98.371822,1790867265000,http://www.sanantonio.gov/sapd/Calls.aspx,Green,a tbd link,26,10
10/01/26,10:09:26 AM,18200-18398 Wurzbach Pkwy Eb,78217,Other Calls,Welfare Check,3230,NORTH,SAPD-2026-1332117,29.535278,-98.40524,1790867366000,http://www.sanantonio.gov/sapd/Calls.aspx,Blue,a tbd link,26,10
10/01/26,10:08:53 AM,400 Basswood Dr,78213,Crimes Against Person Calls,Violation of Protective Order,2230,CENTRAL,SAPD-2026-1332109,29.503859,-98.53607,1790867333000,http://www.sanantonio.gov/sapd/Calls.aspx,Red,a tbd link,26,10
10/01/26,10:09:39 AM,Us Hwy 281 N / N Loop 1604 E,78232,Traffic Calls,Traffic Related,3140,NORTH,SAPD-2026-1332114,29.608642,-98.468185,1790867379000,http://www.sanantonio.gov/sapd/Calls.aspx,Yellow,a tbd link,26,10
10/01/26,10:13:44 AM,6000 Eisenhauer Rd,78218,Other Calls,Assist the Public,4330,EAST,SAPD-2026-1332137,29.503506,-98.368687,1790867624000,http://www.sanantonio.gov/sapd/Calls.aspx,Blue,a tbd link,26,10
10/01/26,10:11:45 AM,200 Astor,78210,Other Calls,Disturbance,4150,EAST,SAPD-2026-1332128,29.388025,-98.471557,1790867505000,http://www.sanantonio.gov/sapd/Calls.aspx,Blue,a tbd link,26,10
10/01/26,10:09:37 AM,724-798 IRA LEE RD,78218,Other Calls,Patrol By,4360,EAST,SAPD-2026-1332113,29.514768,-98.430782,1790867377000,http://www.sanantonio.gov/sapd/Calls.aspx,Blue,a tbd link,26,10
10/01/26,10:11:00 AM,10800 Culebra Rd,78253,Crimes Against Person Calls,Holdup Alarm In Progress,5350,WEST,SAPD-2026-1332127,29.494816,-98.70676,1790867460000,http://www.sanantonio.gov/sapd/Calls.aspx,Red,a tbd link,26,10
10/01/26,10:10:19 AM,16500 Us Hwy 281 N,78232,Other Calls,Patrol By,3140,NORTH,SAPD-2026-1332118,29.592725,-98.471841,1790867419000,http://www.sanantonio.gov/sapd/Calls.aspx,Blue,a tbd link,26,10
10/01/26,10:13:21 AM,8000 Oakdell Way,78240,Other Calls,Disturbance Neighbor,7160,PRUE,SAPD-2026-1332136,29.514744,-98.597861,1790867601000,http://www.sanantonio.gov/sapd/Calls.aspx,Blue,a tbd link,26,10
10/01/26,10:10:27 AM,1300 Crystal,78211,Other Calls,Miscellaneous,6120,SOUTH,SAPD-2026-1332119,29.37692,-98.527424,1790867427000,http://www.sanantonio.gov/sapd/Calls.aspx,Blue,a tbd link,26,10
10/01/26,10:10:37 AM,400 E Nottingham Dr,78209,Other Calls,Patrol By,3340,NORTH,SAPD-2026-1332122,29.499549,-98.459141,1790867437000,http://www.sanantonio.gov/sapd/Calls.aspx,Blue,a tbd link,26,10
10/01/26,10:15:22 AM,300 Virginia Blvd,78210,Property Crime Calls,Theft,1110,DOWNTOWN,SAPD-2026-1332152,29.410696,-98.47758,1790867722000,http://www.sanantonio.gov/sapd/Calls.aspx,Green,a tbd link,26,10
10/01/26,10:13:00 AM,1900 W Ashby Place,78201,Property Crime Calls,Theft,5210,WEST,SAPD-2026-1332134,29.450627,-98.525131,1790867580000,http://www.sanantonio.gov/sapd/Calls.aspx,Green,a tbd link,26,10
10/01/26,10:14:00 AM,4200 Seabrook Dr,78219,Other Calls,Disturbance,4310,EAST,SAPD-2026-1332146,29.433469,-98.41225,1790867640000,http://www.sanantonio.gov/sapd/Calls.aspx,Blue,a tbd link,26,10
10/01/26,10:14:26 AM,300 Army Blvd,78215,Other Calls,Information,1230,DOWNTOWN,SAPD-2026-1332142,29.449371,-98.47166,1790867666000,http://www.sanantonio.gov/sapd/Calls.aspx,Blue,a tbd link,26,10
10/01/26,10:15:45 AM,3300 Sw Military Dr,78211,Other Calls,Assist the Public,6320,SOUTH,SAPD-2026-1332149,29.357579,-98.551998,1790867745000,http://www.sanantonio.gov/sapd/Calls.aspx,Blue,a tbd link,26,10
10/01/26,10:16:11 AM,9400 CULEBRA RD,78251,Other Calls,Assist the Public,7370,PRUE,SAPD-2026-1332151,29.485576,-98.668556,1790867771000,http://www.sanantonio.gov/sapd/Calls.aspx,Blue,a tbd link,26,10
10/01/26,10:13:05 AM,800-998 LOVERA BLVD,78201,Traffic Calls,Traffic Related,2220,CENTRAL,SAPD-2026-1332135,29.48381,-98.507978,1790867585000,http://www.sanantonio.gov/sapd/Calls.aspx,Yellow,a tbd link,26,10
10/01/26,10:14:49 AM,2900 Roosevelt Ave,78214,Other Calls,Narcotic Laws,6220,SOUTH,SAPD-2026-1332144,29.370844,-98.4787,1790867689000,http://www.sanantonio.gov/sapd/Calls.aspx,Blue,a tbd link,26,10
10/01/26,10:15:56 AM,1700 Pinn Rd,78227,Other Calls,Miscellaneous,5150,WEST,SAPD-2026-1332150,29.415168,-98.624175,1790867756000,http://www.sanantonio.gov/sapd/Calls.aspx,Blue,a tbd link,26,10
10/01/26,10:17:37 AM,4300 S FLORES ST,78214,Other Calls,Suspicious Person,6210,SOUTH,SAPD-2026-1332153,29.382745,-98.50189,1790867857000,http://www.sanantonio.gov/sapd/Calls.aspx,Blue,a tbd link,26,10
10/01/26,10:15:23 AM,Ih 37 S Sb / Mathis Rd,78264,Traffic Calls,Officer Traffic Stop,NOT SAPD BEX,SAPD OUTSIDE AREA,SAPD-2026-1332148,29.180132,-98.426586,1790867723000,http://www.sanantonio.gov/sapd/Calls.aspx,Yellow,a tbd link,26,10
10/01/26,10:18:09 AM,5000 Prue Rd,78240,Other Calls,Miscellaneous,7310,PRUE,SAPD-2026-1332157,29.543157,-98.583584,1790867889000,http://www.sanantonio.gov/sapd/Calls.aspx,Blue,a tbd link,26,10
10/01/26,10:18:15 AM,1700 S Laredo St,78207,Traffic Calls,Minor Accident,2340,CENTRAL,SAPD-2026-1332156,29.411506,-98.510689,1790867895000,http://www.sanantonio.gov/sapd/Calls.aspx,Yellow,a tbd link,26,10
10/01/26,10:18:52 AM,900 Se Military Dr,78214,Other Calls,Disturbance,6260,SOUTH,SAPD-2026-1332159,29.354428,-98.485005,1790867932000,http://www.sanantonio.gov/sapd/Calls.aspx,Blue,a tbd link,26,10
10/01/26,10:18:56 AM,FRIEDRICH - FOREST RANGE,78256,Other Calls,Patrol By,7260,PRUE,SAPD-2026-1332158,29.641187,-98.62495,1790867936000,http://www.sanantonio.gov/sapd/Calls.aspx,Blue,a tbd link,26,10
10/01/26,10:28:58 AM,3200 Bolmore,78223,Other Calls,Miscellaneous,4260,EAST,SAPD-2026-1332210,29.364984,-98.437928,1790868538000,http://www.sanantonio.gov/sapd/Calls.aspx,Blue,a tbd link,26,10
10/01/26,10:21:53 AM,11200 Perrin Beitel,78217,Property Crime Calls,Theft,3210,NORTH,SAPD-2026-1332167,29.540826,-98.409917,1790868113000,http://www.sanantonio.gov/sapd/Calls.aspx,Green,a tbd link,26,10
10/01/26,10:24:32 AM,6800 Military Dr W,78227,Other Calls,Disturbance,5150,WEST,SAPD-2026-1332179,29.40535,-98.629175,1790868272000,http://www.sanantonio.gov/sapd/Calls.aspx,Blue,a tbd link,26,10
10/01/26,10:20:47 AM,1400 W WINNIPEG AVE,78225,Other Calls,Patrol By,6110,SOUTH,SAPD-2026-1332163,29.386014,-98.530288,1790868047000,http://www.sanantonio.gov/sapd/Calls.aspx,Blue,a tbd link,26,10
10/01/26,10:23:29 AM,5400 Grissom Rd,78238,Other Calls,Disturbance,7330,PRUE,SAPD-2026-1332172,29.483654,-98.629593,1790868209000,http://www.sanantonio.gov/sapd/Calls.aspx,Blue,a tbd link,26,10
10/01/26,10:28:48 AM,Wainwright St / Lasswell,78211,Traffic Calls,Abandoned Vehicle,6140,SOUTH,SAPD-2026-1332191,29.333209,-98.557295,1790868528000,http://www.sanantonio.gov/sapd/Calls.aspx,Yellow,a tbd link,26,10
10/01/26,10:22:26 AM,I0 10 E EB,78210,Traffic Calls,Traffic Related,6220,SOUTH,SAPD-2026-1332168,29.394656,-98.478886,1790868146000,http://www.sanantonio.gov/sapd/Calls.aspx,Yellow,a tbd link,26,10
10/01/26,10:23:12 AM,3600 E Houston St,78219,Traffic Calls,Minor Accident,4160,EAST,SAPD-2026-1332171,29.42532,-98.426945,1790868192000,http://www.sanantonio.gov/sapd/Calls.aspx,Yellow,a tbd link,26,10
10/01/26,10:23:37 AM,11000 Potranco Rd,78251,Crimes Against Person Calls,Holdup Alarm In Progress,5360,WEST,SAPD-2026-1332173,29.435339,-98.709284,1790868217000,http://www.sanantonio.gov/sapd/Calls.aspx,Red,a tbd link,26,10
10/01/26,10:25:31 AM,Unnamed St In Lackland Afb,78236,Crimes Against Person Calls,Assault In Progress,6360,SOUTH,SAPD-2026-1332178,29.40286,-98.62084,1790868331000,http://www.sanantonio.gov/sapd/Calls.aspx,Red,a tbd link,26,10
10/01/26,10:22:51 AM,5100 OLD PEARSALL RD,78242,Other Calls,Patrol By,6340,SOUTH,SAPD-2026-1332170,29.359418,-98.596511,1790868171000,http://www.sanantonio.gov/sapd/Calls.aspx,Blue,a tbd link,26,10
10/01/26,10:30:48 AM,10 Boundbrook,78254,Crimes Against Person Calls,Suspicious Vehicle with Gun,7360,PRUE,SAPD-2026-1332200,29.533132,-98.668279,1790868648000,http://www.sanantonio.gov/sapd/Calls.aspx,Red,a tbd link,26,10
10/01/26,10:24:30 AM,100 Margil,78225,Crimes Against Person Calls,Assault In Progress,6110,SOUTH,SAPD-2026-1332176,29.392831,-98.516141,1790868270000,http://www.sanantonio.gov/sapd/Calls.aspx,Red,a tbd link,26,10
10/01/26,10:27:35 AM,200 Princeton,78201,Other Calls,Welfare Check,1220,DOWNTOWN,SAPD-2026-1332186,29.445749,-98.50938,1790868455000,http://www.sanantonio.gov/sapd/Calls.aspx,Blue,a tbd link,26,10
10/01/26,10:24:02 AM,Loop 1604 N Access Rd,78253,Traffic Calls,Minor Accident,5350,WEST,SAPD-2026-1332175,29.484831,-98.711023,1790868242000,http://www.sanantonio.gov/sapd/Calls.aspx,Yellow,a tbd link,26,10
10/01/26,10:30:44 AM,6800 Heuermann Rd,78256,Property Crime Calls,Theft,7260,PRUE,SAPD-2026-1332199,29.634754,-98.617386,1790868644000,http://www.sanantonio.gov/sapd/Calls.aspx,Green,a tbd link,26,10
10/01/26,10:27:13 AM,6300 Old Pearsall Rd,78242,Other Calls,Disturbance,6340,SOUTH,SAPD-2026-1332185,29.340168,-98.622557,1790868433000,http://www.sanantonio.gov/sapd/Calls.aspx,Blue,a tbd link,26,10
10/01/26,10:30:22 AM,6300 Fm 78,78244,Traffic Calls,Minor Accident,4320,EAST,SAPD-2026-1332207,29.479037,-98.36366,1790868622000,http://www.sanantonio.gov/sapd/Calls.aspx,Yellow,a tbd link,26,10
10/01/26,10:27:27 AM,200 Astor,78210,Other Calls,Disturbance,4150,EAST,SAPD-2026-1332188,29.388025,-98.471279,1790868447000,http://www.sanantonio.gov/sapd/Calls.aspx,Blue,a tbd link,26,10
10/01/26,10:29:50 AM,6900 Military Dr W,78227,Other Calls,Disturbance,5150,WEST,SAPD-2026-1332195,29.407309,-98.62916,1790868590000,http://www.sanantonio.gov/sapd/Calls.aspx,Blue,a tbd link,26,10
10/01/26,10:31:56 AM,3800 Sw Military Dr,78211-3517,Other Calls,Disturbance Family,6320,SOUTH,SAPD-2026-1332204,29.358208,-98.565551,1790868716000,http://www.sanantonio.gov/sapd/Calls.aspx,Blue,a tbd link,26,10
10/01/26,10:30:37 AM,IH 10 W SB / HUEBNER RD,78288,Traffic Calls,Traffic Related,7150,PRUE,SAPD-2026-1332198,29.544518,-98.578845,1790868637000,http://www.sanantonio.gov/sapd/Calls.aspx,Yellow,a tbd link,26,10
10/01/26,10:30:12 AM,10401-10799 Ih 35 N Sb,78233,Traffic Calls,Minor Accident,3230,NORTH,SAPD-2026-1332197,29.535429,-98.38711,1790868612000,http://www.sanantonio.gov/sapd/Calls.aspx,Yellow,a tbd link,26,10
10/01/26,10:29:13 AM,10800 CULEBRA RD,78253,Other Calls,Patrol By,5350,WEST,SAPD-2026-1332192,29.49475,-98.706609,1790868553000,http://www.sanantonio.gov/sapd/Calls.aspx,Blue,a tbd link,26,10
10/01/26,10:38:19 AM,9600 S Zarzamora St,78224,Property Crime Calls,Theft,6140,SOUTH,SAPD-2026-1332231,29.321266,-98.532114,1790869099000,http://www.sanantonio.gov/sapd/Calls.aspx,Green,a tbd link,26,10
10/01/26,10:35:15 AM,15000 Blk Sw Loop 410 Wb,78221,Traffic Calls,Traffic Related,6150,SOUTH,SAPD-2026-1332217,29.320286,-98.510357,1790868915000,http://www.sanantonio.gov/sapd/Calls.aspx,Yellow,a tbd link,26,10
10/01/26,10:31:30 AM,Research Dr / Prue Rd,78240,Traffic Calls,Traffic Related,7310,PRUE,SAPD-2026-1332201,29.543864,-98.587669,1790868690000,http://www.sanantonio.gov/sapd/Calls.aspx,Yellow,a tbd link,26,10
10/01/26,10:31:39 AM,Haven For Hope Way,78207,Property Crime Calls,Theft,2310,CENTRAL,SAPD-2026-1332202,29.431905,-98.507256,1790868699000,http://www.sanantonio.gov/sapd/Calls.aspx,Green,a tbd link,26,10
10/01/26,10:31:00 AM,7000 Comanche Land,78247,Other Calls,Information,3250,NORTH,SAPD-2026-1332208,29.584643,-98.355741,1790868660000,http://www.sanantonio.gov/sapd/Calls.aspx,Blue,a tbd link,26,10
10/01/26,10:31:44 AM,4000 E SOUTHCROSS BLVD,78222,Other Calls,Patrol By,4260,EAST,SAPD-2026-1332203,29.37475,-98.415206,1790868704000,http://www.sanantonio.gov/sapd/Calls.aspx,Blue,a tbd link,26,10
10/01/26,10:34:36 AM,300 San Pedro Ave,78212,Property Crime Calls,Shoplifting,1210,DOWNTOWN,SAPD-2026-1332214,29.436173,-98.495767,1790868876000,http://www.sanantonio.gov/sapd/Calls.aspx,Green,a tbd link,26,10
10/01/26,10:35:34 AM,5300 N Loop 1604 W,78249,Traffic Calls,Minor Accident,7260,PRUE,SAPD-2026-1332216,29.593322,-98.59016,1790868934000,http://www.sanantonio.gov/sapd/Calls.aspx,Yellow,a tbd link,26,10
10/01/26,10:35:53 AM,200 Noblewood Dr,78220,Property Crime Calls,Theft of Vehicle,4230,EAST,SAPD-2026-1332219,29.423098,-98.419394,1790868953000,http://www.sanantonio.gov/sapd/Calls.aspx,Green,a tbd link,26,10
10/01/26,10:41:12 AM,200 E Mally Blvd,78221,Other Calls,Welfare Check,6250,SOUTH,SAPD-2026-1332242,29.327902,-98.501172,1790869272000,http://www.sanantonio.gov/sapd/Calls.aspx,Blue,a tbd link,26,10
10/01/26,10:36:40 AM,2800 W French Place,78228,Property Crime Calls,Burglary,5210,WEST,SAPD-2026-1332227,29.453075,-98.539505,1790869000000,http://www.sanantonio.gov/sapd/Calls.aspx,Green,a tbd link,26,10
10/01/26,10:39:17 AM,6000 Blanco Rd,78216,Other Calls,Welfare Check,3310,NORTH,SAPD-2026-1332233,29.511221,-98.506327,1790869157000,http://www.sanantonio.gov/sapd/Calls.aspx,Blue,a tbd link,26,10
10/01/26,10:36:45 AM,W Cesar Chavez Blvd / S Santa Rosa,78204,Traffic Calls,Traffic Related,1120,DOWNTOWN,SAPD-2026-1332224,29.42105,-98.49888,1790869005000,http://www.sanantonio.gov/sapd/Calls.aspx,Yellow,a tbd link,26,10
10/01/26,10:36:29 AM,Babcock Rd / Hamilton Wolfe,78229,Other Calls,Disturbance,7160,PRUE,SAPD-2026-1332223,29.515673,-98.593142,1790868989000,http://www.sanantonio.gov/sapd/Calls.aspx,Blue,a tbd link,26,10
10/01/26,10:38:21 AM,9300 Vista West Dr,78245,Other Calls,Disturbance,5330,WEST,SAPD-2026-1332230,29.438483,-98.666581,1790869101000,http://www.sanantonio.gov/sapd/Calls.aspx,Blue,a tbd link,26,10
10/01/26,10:36:48 AM,15341-15599 CLASSEN RD,78247,Traffic Calls,Traffic Related,3240,NORTH,SAPD-2026-1332225,29.581399,-98.403017,1790869008000,http://www.sanantonio.gov/sapd/Calls.aspx,Yellow,a tbd link,26,10
10/01/26,10:43:08 AM,1400 Steves Ave,78210,Other Calls,Information,4150,EAST,SAPD-2026-1332250,29.39101,-98.471006,1790869388000,http://www.sanantonio.gov/sapd/Calls.aspx,Blue,a tbd link,26,10
10/01/26,10:39:50 AM,3200 Goliad Rd,78223,Other Calls,Property Found,6270,SOUTH,SAPD-2026-1332238,29.3505,-98.428244,1790869190000,http://www.sanantonio.gov/sapd/Calls.aspx,Blue,a tbd link,26,10
10/01/26,10:37:45 AM,700 W Mayfield Blvd,78211,Traffic Calls,Minor Accident,6130,SOUTH,SAPD-2026-1332229,29.362151,-98.535356,1790869065000,http://www.sanantonio.gov/sapd/Calls.aspx,Yellow,a tbd link,26,10
10/01/26,10:37:12 AM,100 CAMARON,78205,Other Calls,Patrol By,1120,DOWNTOWN,SAPD-2026-1332228,29.425464,-98.495853,1790869032000,http://www.sanantonio.gov/sapd/Calls.aspx,Blue,a tbd link,26,10
10/01/26,10:39:10 AM,1400 Fulton St,78201,Other Calls,Patrol By,5240,WEST,SAPD-2026-1332246,29.461612,-98.519648,1790869150000,http://www.sanantonio.gov/sapd/Calls.aspx,Blue,a tbd link,26,10
10/01/26,10:41:37 AM,400 Sw 36th St,78237,Other Calls,Welfare Check,5140,WEST,SAPD-2026-1332244,29.425286,-98.573156,1790869297000,http://www.sanantonio.gov/sapd/Calls.aspx,Blue,a tbd link,26,10
10/01/26,10:39:51 AM,14800 Heimer Rd,78232,Other Calls,Visitation Violation,3140,NORTH,SAPD-2026-1332235,29.577298,-98.467401,1790869191000,http://www.sanantonio.gov/sapd/Calls.aspx,Blue,a tbd link,26,10
10/01/26,10:39:29 AM,6900 Military Dr W,78227,Other Calls,Disturbance,5150,WEST,SAPD-2026-1332236,29.407309,-98.62916,1790869169000,http://www.sanantonio.gov/sapd/Calls.aspx,Blue,a tbd link,26,10
10/01/26,10:40:52 AM,Ingram Rd / Nw Loop 410,78238,Traffic Calls,Traffic Related,5310,WEST,SAPD-2026-1332241,29.465987,-98.61967,1790869252000,http://www.sanantonio.gov/sapd/Calls.aspx,Yellow,a tbd link,26,10
10/01/26,10:43:13 AM,5600 Se Loop 410,78222,Property Crime Calls,Theft,4260,EAST,SAPD-2026-1332251,29.37065,-98.3963,1790869393000,http://www.sanantonio.gov/sapd/Calls.aspx,Green,a tbd link,26,10
10/01/26,10:40:46 AM,6900 PICKWELL DR,78223,Other Calls,Patrol By,4260,EAST,SAPD-2026-1332239,29.358266,-98.426813,1790869246000,http://www.sanantonio.gov/sapd/Calls.aspx,Blue,a tbd link,26,10
10/01/26,10:42:39 AM,7100 Us Hwy 90 W,78227,Other Calls,Disturbance,5150,WEST,SAPD-2026-1332248,29.402738,-98.630308,1790869359000,http://www.sanantonio.gov/sapd/Calls.aspx,Blue,a tbd link,26,10
10/01/26,10:43:02 AM,13000 Jones Maltsberger Rd,78247,Property Crime Calls,Theft,3220,NORTH,SAPD-2026-1332256,29.559728,-98.459693,1790869382000,http://www.sanantonio.gov/sapd/Calls.aspx,Green,a tbd link,26,10
10/01/26,10:42:31 AM,5100 Eisenhauer Rd,78218,Other Calls,Disturbance Family,4340,EAST,SAPD-2026-1332247,29.495251,-98.385417,1790869351000,http://www.sanantonio.gov/sapd/Calls.aspx,Blue,a tbd link,26,10
10/01/26,10:44:17 AM,5600 W Cesar Chavez Blvd,78237,Other Calls,Welfare Check,5140,WEST,SAPD-2026-1332258,29.42796,-98.565482,1790869457000,http://www.sanantonio.gov/sapd/Calls.aspx,Blue,a tbd link,26,10
10/01/26,10:50:12 AM,11600 Culebra Rd,78253,Other Calls,Visitation Violation,5350,WEST,SAPD-2026-1332278,29.502039,-98.722964,1790869812000,http://www.sanantonio.gov/sapd/Calls.aspx,Blue,a tbd link,26,10
10/01/26,10:42:57 AM,9600 Bandera Rd,78240,Other Calls,Missing Person/Runaway,7320,PRUE,SAPD-2026-1332249,29.53507,-98.640898,1790869377000,http://www.sanantonio.gov/sapd/Calls.aspx,Blue,a tbd link,26,10
10/01/26,10:44:52 AM,Rigsby Ave / Se Loop 410,78222,Property Crime Calls,Panhandler,4250,EAST,SAPD-2026-1332262,29.398187,-98.388635,1790869492000,http://www.sanantonio.gov/sapd/Calls.aspx,Green,a tbd link,26,10
10/01/26,10:45:09 AM,5400 Clover Dr,78228,Crimes Against Person Calls,Suspicious Vehicle,5260,WEST,SAPD-2026-1332263,29.482073,-98.586809,1790869509000,http://www.sanantonio.gov/sapd/Calls.aspx,Red,a tbd link,26,10
10/01/26,10:44:32 AM,S0 IH 35 N ONRP N WALTERS ST,78208,Traffic Calls,Traffic Related,4130,EAST,SAPD-2026-1332259,29.438539,-98.46092,1790869472000,http://www.sanantonio.gov/sapd/Calls.aspx,Yellow,a tbd link,26,10
10/01/26,10:44:48 AM,3800 SEGUIN RD,78219,Other Calls,Patrol By,4310,EAST,SAPD-2026-1332261,29.451995,-98.422458,1790869488000,http://www.sanantonio.gov/sapd/Calls.aspx,Blue,a tbd link,26,10
10/01/26,10:49:27 AM,300 W Cheryl Dr,78228,Crimes Against Person Calls,Assault,5220,WEST,SAPD-2026-1332272,29.461798,-98.567439,1790869767000,http://www.sanantonio.gov/sapd/Calls.aspx,Red,a tbd link,26,10
10/01/26,10:50:01 AM,10200 Kersey Mill,78224,Property Crime Calls,Forgery,6160,SOUTH,SAPD-2026-1332276,29.315649,-98.527078,1790869801000,http://www.sanantonio.gov/sapd/Calls.aspx,Green,a tbd link,26,10
10/01/26,10:48:28 AM,Five Palms Dr / Laurel Valley Dr,78242,Other Calls,Welfare Check,6350,SOUTH,SAPD-2026-1332268,29.362999,-98.615996,1790869708000,http://www.sanantonio.gov/sapd/Calls.aspx,Blue,a tbd link,26,10
10/01/26,10:51:14 AM,Fredericksburg Rd / W Laurel St,78201,Traffic Calls,Minor Accident,1220,DOWNTOWN,SAPD-2026-1332281,29.442103,-98.504094,1790869874000,http://www.sanantonio.gov/sapd/Calls.aspx,Yellow,a tbd link,26,10
10/01/26,10:53:31 AM,100 Durant St,78237,Other Calls,Welfare Check,5120,WEST,SAPD-2026-1332286,29.411804,-98.584344,1790870011000,http://www.sanantonio.gov/sapd/Calls.aspx,Blue,a tbd link,26,10
10/01/26,10:49:35 AM,24100 Boerne Stage Rd,78257,Traffic Calls,Traffic Related,7260,PRUE,SAPD-2026-1332271,29.666536,-98.63107,1790869775000,http://www.sanantonio.gov/sapd/Calls.aspx,Yellow,a tbd link,26,10
10/01/26,10:54:25 AM,6000 BANDERA RD,78238,Traffic Calls,Minor Accident,NOT SAPD BEX - 6,SAPD OUTSIDE AREA,SAPD-2026-1332291,29.484159,-98.603718,1790870065000,http://www.sanantonio.gov/sapd/Calls.aspx,Yellow,a tbd link,26,10
10/01/26,10:50:46 AM,4300 Shiloh,78220,Other Calls,Suspicious Person,4230,EAST,SAPD-2026-1332277,29.402318,-98.41,1790869846000,http://www.sanantonio.gov/sapd/Calls.aspx,Blue,a tbd link,26,10
10/01/26,10:48:51 AM,600 INDIANOLA ST,78210,Other Calls,Patrol By,1110,DOWNTOWN,SAPD-2026-1332269,29.416292,-98.48513,1790869731000,http://www.sanantonio.gov/sapd/Calls.aspx,Blue,a tbd link,26,10
10/01/26,10:49:38 AM,10800 Ih 35 N,78233,Property Crime Calls,Burglary,3230,NORTH,SAPD-2026-1332274,29.538219,-98.38405,1790869778000,http://www.sanantonio.gov/sapd/Calls.aspx,Green,a tbd link,26,10
10/01/26,10:52:38 AM,5000 Von Scheele Dr,78229,Property Crime Calls,Theft,7160,PRUE,SAPD-2026-1332287,29.510534,-98.584819,1790869958000,http://www.sanantonio.gov/sapd/Calls.aspx,Green,a tbd link,26,10
10/01/26,10:51:17 AM,1100 Culebra Rd,78201,Traffic Calls,Minor Accident,2320,CENTRAL,SAPD-2026-1332282,29.444799,-98.525577,1790869877000,http://www.sanantonio.gov/sapd/Calls.aspx,Yellow,a tbd link,26,10
10/01/26,10:52:05 AM,400 W Wildwood,78212,Other Calls,Assist the Public,2210,CENTRAL,SAPD-2026-1332283,29.479465,-98.502286,1790869925000,http://www.sanantonio.gov/sapd/Calls.aspx,Blue,a tbd link,26,10
10/01/26,10:50:49 AM,5000 Prue Rd,78240,Property Crime Calls,Theft,7310,PRUE,SAPD-2026-1332280,29.543157,-98.583584,1790869849000,http://www.sanantonio.gov/sapd/Calls.aspx,Green,a tbd link,26,10
10/01/26,10:53:21 AM,10900 Laureate Dr,78249,Traffic Calls,Minor Accident,7340,PRUE,SAPD-2026-1332285,29.54633,-98.583043,1790870001000,http://www.sanantonio.gov/sapd/Calls.aspx,Yellow,a tbd link,26,10
10/01/26,10:56:32 AM,5500 De Zavala Rd,78249,Other Calls,Information,7340,PRUE,SAPD-2026-1332305,29.564445,-98.596065,1790870192000,http://www.sanantonio.gov/sapd/Calls.aspx,Blue,a tbd link,26,10
10/01/26,10:50:22 AM,2200 REST HAVEN DR,78232,Other Calls,Patrol By,3140,NORTH,SAPD-2026-1332275,29.594148,-98.457922,1790869822000,http://www.sanantonio.gov/sapd/Calls.aspx,Blue,a tbd link,26,10
10/01/26,10:53:17 AM,4100 Chandler Rd,78222,Other Calls,Disturbance Family,4260,EAST,SAPD-2026-1332284,29.371275,-98.414032,1790869997000,http://www.sanantonio.gov/sapd/Calls.aspx,Blue,a tbd link,26,10
10/01/26,10:54:06 AM,7000 CULEBRA RD,78238,Other Calls,Miscellaneous,5160,WEST,SAPD-2026-1332290,29.451192,-98.627276,1790870046000,http://www.sanantonio.gov/sapd/Calls.aspx,Blue,a tbd link,26,10
10/01/26,10:56:00 AM,7600 Jones Maltsberger Rd,78216,Traffic Calls,Minor Accident,3310,NORTH,SAPD-2026-1332302,29.503689,-98.481708,1790870160000,http://www.sanantonio.gov/sapd/Calls.aspx,Yellow,a tbd link,26,10
10/01/26,10:55:47 AM,1000 Torreon,78207,Traffic Calls,Officer Traffic Stop,2330,CENTRAL,SAPD-2026-1332296,29.420804,-98.523316,1790870147000,http://www.sanantonio.gov/sapd/Calls.aspx,Yellow,a tbd link,26,10
10/01/26,10:55:54 AM,800-818 S NEW BRAUNFELS AVE,78203,Traffic Calls,Traffic Related,4120,EAST,SAPD-2026-1332298,29.411671,-98.461243,1790870154000,http://www.sanantonio.gov/sapd/Calls.aspx,Yellow,a tbd link,26,10
10/01/26,10:55:56 AM,3700 HUNTERS TRL,78230,Traffic Calls,Traffic Related,7220,PRUE,SAPD-2026-1332299,29.565902,-98.552455,1790870156000,http://www.sanantonio.gov/sapd/Calls.aspx,Yellow,a tbd link,26,10
10/01/26,11:00:06 AM,200 W High Ave,78210,Other Calls,Information,4120,EAST,SAPD-2026-1332316,29.401926,-98.475773,1790870406000,http://www.sanantonio.gov/sapd/Calls.aspx,Blue,a tbd link,26,10
10/01/26,11:00:38 AM,7400 Blk Nw Loop 410 Eb,78238,Other Calls,Welfare Check,5160,WEST,SAPD-2026-1332317,29.445979,-98.635761,1790870438000,http://www.sanantonio.gov/sapd/Calls.aspx,Blue,a tbd link,26,10
10/01/26,10:57:25 AM,Navarro St / E Commerce St,78205,Other Calls,Narcotic Laws,1110,DOWNTOWN,SAPD-2026-1332308,29.424165,-98.489861,1790870245000,http://www.sanantonio.gov/sapd/Calls.aspx,Blue,a tbd link,26,10
10/01/26,10:58:21 AM,100 MONTANA ST,78203,Traffic Calls,Traffic Related,1110,DOWNTOWN,SAPD-2026-1332309,29.414814,-98.478985,1790870301000,http://www.sanantonio.gov/sapd/Calls.aspx,Yellow,a tbd link,26,10
10/01/26,11:08:49 AM,7400 Blk Nw Loop 410 Eb,78238,Other Calls,Welfare Check,5160,WEST,SAPD-2026-1332352,29.445979,-98.635761,1790870929000,http://www.sanantonio.gov/sapd/Calls.aspx,Blue,a tbd link,26,10
10/01/26,10:59:40 AM,11500 Ih 10 W,78230,Traffic Calls,Minor Accident,7340,PRUE,SAPD-2026-1332315,29.548475,-98.585618,1790870380000,http://www.sanantonio.gov/sapd/Calls.aspx,Yellow,a tbd link,26,10
10/01/26,10:59:28 AM,W Houston St / N Medina,78207,Other Calls,Injured/Sick Person,2310,CENTRAL,SAPD-2026-1332314,29.427025,-98.50499,1790870368000,http://www.sanantonio.gov/sapd/Calls.aspx,Blue,a tbd link,26,10
10/01/26,11:04:48 AM,4500 Rittiman Rd,78218,Other Calls,Welfare Check,4350,EAST,SAPD-2026-1332336,29.484069,-98.40422,1790870688000,http://www.sanantonio.gov/sapd/Calls.aspx,Blue,a tbd link,26,10
10/01/26,11:03:27 AM,Nw Loop 410 Eb / Cherry Ridge Dr,78230,Traffic Calls,Traffic Related,2230,CENTRAL,SAPD-2026-1332328,29.507267,-98.543951,1790870607000,http://www.sanantonio.gov/sapd/Calls.aspx,Yellow,a tbd link,26,10
10/01/26,11:03:52 AM,900 N Frio St,78207,Property Crime Calls,Theft,2310,CENTRAL,SAPD-2026-1332330,29.434386,-98.50585,1790870632000,http://www.sanantonio.gov/sapd/Calls.aspx,Green,a tbd link,26,10
10/01/26,11:02:59 AM,3600 E Houston St,78219,Other Calls,Miscellaneous,4160,EAST,SAPD-2026-1332325,29.42532,-98.426945,1790870579000,http://www.sanantonio.gov/sapd/Calls.aspx,Blue,a tbd link,26,10
10/01/26,11:03:57 AM,12600 Blanco Rd,78231,Traffic Calls,Minor Accident,3110,NORTH,SAPD-2026-1332331,29.556684,-98.516678,1790870637000,http://www.sanantonio.gov/sapd/Calls.aspx,Yellow,a tbd link,26,10
10/01/26,11:03:07 AM,6501-6607 WESTFIELD DR,78227,Traffic Calls,Traffic Related,5150,WEST,SAPD-2026-1332326,29.406485,-98.619173,1790870587000,http://www.sanantonio.gov/sapd/Calls.aspx,Yellow,a tbd link,26,10
10/01/26,11:03:18 AM,I0 37 S NB,78223,Traffic Calls,Traffic Related,6280,SOUTH,SAPD-2026-1332327,29.299428,-98.395013,1790870598000,http://www.sanantonio.gov/sapd/Calls.aspx,Yellow,a tbd link,26,10
10/01/26,11:04:41 AM,800 BABCOCK RD,78201,Crimes Against Person Calls,Assault In Progress,5230,WEST,SAPD-2026-1332332,29.478244,-98.553468,1790870681000,http://www.sanantonio.gov/sapd/Calls.aspx,Red,a tbd link,26,10
10/01/26,11:05:35 AM,200 Woodlief,78212,Other Calls,Disturbance,1220,DOWNTOWN,SAPD-2026-1332338,29.440691,-98.501976,1790870735000,http://www.sanantonio.gov/sapd/Calls.aspx,Blue,a tbd link,26,10
10/01/26,11:06:28 AM,11500 Huebner Rd,78230,Crimes Against Person Calls,Threats,7230,PRUE,SAPD-2026-1332341,29.552651,-98.575278,1790870788000,http://www.sanantonio.gov/sapd/Calls.aspx,Red,a tbd link,26,10
10/01/26,11:03:44 AM,3900 NACO-PERRIN BLVD,78217,Property Crime Calls,Criminal Mischief,3210,NORTH,SAPD-2026-1332329,29.543599,-98.417933,1790870624000,http://www.sanantonio.gov/sapd/Calls.aspx,Green,a tbd link,26,10
10/01/26,11:06:11 AM,3300 General Hudnell Dr,78226,Crimes Against Person Calls,Lewd Conduct,6310,SOUTH,SAPD-2026-1332339,29.381073,-98.565406,1790870771000,http://www.sanantonio.gov/sapd/Calls.aspx,Red,a tbd link,26,10
10/01/26,11:07:30 AM,300 Pletz Dr,78226,Other Calls,Welfare Check,6310,SOUTH,SAPD-2026-1332346,29.393291,-98.548331,1790870850000,http://www.sanantonio.gov/sapd/Calls.aspx,Blue,a tbd link,26,10
10/01/26,11:06:21 AM,Us Hwy 90 W Wb / Nogalitos St,78225,Traffic Calls,Traffic Related,2340,CENTRAL,SAPD-2026-1332342,29.396257,-98.515403,1790870781000,http://www.sanantonio.gov/sapd/Calls.aspx,Yellow,a tbd link,26,10
10/01/26,11:06:50 AM,7000 S Zarzamora St,78224,Other Calls,Disturbance,6130,SOUTH,SAPD-2026-1332343,29.35741,-98.534655,1790870810000,http://www.sanantonio.gov/sapd/Calls.aspx,Blue,a tbd link,26,10
10/01/26,11:07:55 AM,Not Available,78250,Other Calls,Miscellaneous,7330,PRUE,SAPD-2026-1332353,29.478527,-98.651582,1790870875000,http://www.sanantonio.gov/sapd/Calls.aspx,Blue,a tbd link,26,10
10/01/26,11:08:10 AM,300 Roswell Canyon,78245,Traffic Calls,Minor Accident,5330,WEST,SAPD-2026-1332347,29.439296,-98.66916,1790870890000,http://www.sanantonio.gov/sapd/Calls.aspx,Yellow,a tbd link,26,10
10/01/26,11:07:13 AM,217-299 ALEXANDER RD,78201,Other Calls,Patrol By,5210,WEST,SAPD-2026-1332344,29.450895,-98.527637,1790870833000,http://www.sanantonio.gov/sapd/Calls.aspx,Blue,a tbd link,26,10
10/01/26,11:09:33 AM,4000 Blk Ih 35 S Sb,78225,Traffic Calls,Traffic Related,6110,SOUTH,SAPD-2026-1332354,29.385919,-98.512345,1790870973000,http://www.sanantonio.gov/sapd/Calls.aspx,Yellow,a tbd link,26,10
10/01/26,11:09:49 AM,2500 Harry Wurzbach,78209,Other Calls,Welfare Check,4350,EAST,SAPD-2026-1332355,29.488857,-98.429061,1790870989000,http://www.sanantonio.gov/sapd/Calls.aspx,Blue,a tbd link,26,10
10/01/26,11:11:25 AM,3800 Sw Military Dr,78211-3517,Other Calls,Disturbance Family,6320,SOUTH,SAPD-2026-1332361,29.358208,-98.565551,1790871085000,http://www.sanantonio.gov/sapd/Calls.aspx,Blue,a tbd link,26,10
10/01/26,11:08:16 AM,U0 HWY 90 W EB,78227,Traffic Calls,Traffic Related,6360,SOUTH,SAPD-2026-1332348,29.405416,-98.612159,1790870896000,http://www.sanantonio.gov/sapd/Calls.aspx,Yellow,a tbd link,26,10
10/01/26,11:10:46 AM,11700 Huebner Rd,78230,Other Calls,Disturbance,7230,PRUE,SAPD-2026-1332358,29.551488,-98.571709,1790871046000,http://www.sanantonio.gov/sapd/Calls.aspx,Blue,a tbd link,26,10
10/01/26,11:10:07 AM,8800 Pineridge Rd,78217,Property Crime Calls,Theft,3360,NORTH,SAPD-2026-1332356,29.521451,-98.442191,1790871007000,http://www.sanantonio.gov/sapd/Calls.aspx,Green,a tbd link,26,10
10/01/26,11:12:02 AM,2700 TREBLE CRK,78258,Property Crime Calls,Theft,3170,NORTH,SAPD-2026-1332363,29.6045,-98.536902,1790871122000,http://www.sanantonio.gov/sapd/Calls.aspx,Green,a tbd link,26,10
10/01/26,11:10:29 AM,4500 CAMBRAY DR,78229,Other Calls,Miscellaneous,7140,PRUE,SAPD-2026-1332357,29.493687,-98.574802,1790871029000,http://www.sanantonio.gov/sapd/Calls.aspx,Blue,a tbd link,26,10
10/01/26,11:12:12 AM,Ih 35 S Sb / Us Hwy 90 W Wb,78204,Traffic Calls,Traffic Related,2340,CENTRAL,SAPD-2026-1332364,29.396221,-98.511285,1790871132000,http://www.sanantonio.gov/sapd/Calls.aspx,Yellow,a tbd link,26,10
10/01/26,11:13:11 AM,13100 Watson Rd,78073,Other Calls,Disturbance Family,6160,SOUTH,SAPD-2026-1332368,29.293756,-98.600861,1790871191000,http://www.sanantonio.gov/sapd/Calls.aspx,Blue,a tbd link,26,10
10/01/26,11:13:20 AM,100 Colgate,78228,Traffic Calls,Traffic Violation,5220,WEST,SAPD-2026-1332369,29.452408,-98.559332,1790871200000,http://www.sanantonio.gov/sapd/Calls.aspx,Yellow,a tbd link,26,10
10/01/26,11:14:20 AM,6400 Ih 35 N,78218-4405,Other Calls,Disturbance,4340,EAST,SAPD-2026-1332375,29.488745,-98.401141,1790871260000,http://www.sanantonio.gov/sapd/Calls.aspx,Blue,a tbd link,26,10
10/01/26,11:14:24 AM,4900 W COMMERCE ST,78237-1508,Other Calls,Disturbance,5110,WEST,SAPD-2026-1332373,29.431544,-98.558313,1790871264000,http://www.sanantonio.gov/sapd/Calls.aspx,Blue,a tbd link,26,10
10/01/26,11:15:12 AM,Medical Dr / Floyd Curl Dr,78229,Other Calls,Welfare Check,7130,PRUE,SAPD-2026-1332376,29.509082,-98.573945,1790871312000,http://www.sanantonio.gov/sapd/Calls.aspx,Blue,a tbd link,26,10
10/01/26,11:14:33 AM,500 Fair Ave,78223,Traffic Calls,Accident Private Property,4150,EAST,SAPD-2026-1332374,29.385642,-98.468906,1790871273000,http://www.sanantonio.gov/sapd/Calls.aspx,Yellow,a tbd link,26,10
10/01/26,11:13:42 AM,500 ACADEMIC CT,78204,Other Calls,Miscellaneous,2340,CENTRAL,SAPD-2026-1332370,29.398983,-98.525571,1790871222000,http://www.sanantonio.gov/sapd/Calls.aspx,Blue,a tbd link,26,10
10/01/26,11:16:51 AM,900 E Grayson St,78208,Traffic Calls,Traffic Related,4110,EAST,SAPD-2026-1332383,29.443155,-98.469765,1790871411000,http://www.sanantonio.gov/sapd/Calls.aspx,Yellow,a tbd link,26,10
10/01/26,11:15:44 AM,11400 Lima Dr,78213,Crimes Against Person Calls,Assault In Progress,3110,NORTH,SAPD-2026-1332380,29.544235,-98.515729,1790871344000,http://www.sanantonio.gov/sapd/Calls.aspx,Red,a tbd link,26,10
10/01/26,11:15:45 AM,7500 South Sea,78216,Property Crime Calls,Burglary,3310,NORTH,SAPD-2026-1332378,29.503164,-98.50626,1790871345000,http://www.sanantonio.gov/sapd/Calls.aspx,Green,a tbd link,26,10
10/01/26,11:18:55 AM,Sw Loop 410 Wb / S Zarzamora St,78224,Traffic Calls,Traffic Related,6140,SOUTH,SAPD-2026-1332392,29.320232,-98.532621,1790871535000,http://www.sanantonio.gov/sapd/Calls.aspx,Yellow,a tbd link,26,10
10/01/26,11:19:54 AM,Nw Loop 410 / San Pedro Ave,78216,Property Crime Calls,Panhandler,3320,NORTH,SAPD-2026-1332397,29.520212,-98.499211,1790871594000,http://www.sanantonio.gov/sapd/Calls.aspx,Green,a tbd link,26,10
10/01/26,11:18:13 AM,7800 Wild Eagle Rd,78255,Other Calls,Information,7250,PRUE,SAPD-2026-1332388,29.589199,-98.639358,1790871493000,http://www.sanantonio.gov/sapd/Calls.aspx,Blue,a tbd link,26,10
10/01/26,11:16:29 AM,400 BARRERA,78210,Other Calls,Patrol By,1110,DOWNTOWN,SAPD-2026-1332381,29.41425,-98.484583,1790871389000,http://www.sanantonio.gov/sapd/Calls.aspx,Blue,a tbd link,26,10
10/01/26,11:19:52 AM,8900 Heather Ct,78221,Other Calls,Disturbance,6250,SOUTH,SAPD-2026-1332396,29.335586,-98.49523,1790871592000,http://www.sanantonio.gov/sapd/Calls.aspx,Blue,a tbd link,26,10
10/01/26,11:18:44 AM,800 Tranchet Trl,78221,Other Calls,Disturbance,6250,SOUTH,SAPD-2026-1332391,29.326234,-98.48836,1790871524000,http://www.sanantonio.gov/sapd/Calls.aspx,Blue,a tbd link,26,10
10/01/26,11:18:59 AM,4900 Gus Eckert Rd,78240,Property Crime Calls,Theft,7150,PRUE,SAPD-2026-1332393,29.5315,-98.580278,1790871539000,http://www.sanantonio.gov/sapd/Calls.aspx,Green,a tbd link,26,10
10/01/26,11:19:00 AM,S Ww White Rd / E Houston St,78220,Traffic Calls,Major Accident,4230,EAST,SAPD-2026-1332394,29.424019,-98.405545,1790871540000,http://www.sanantonio.gov/sapd/Calls.aspx,Yellow,a tbd link,26,10
10/01/26,11:23:50 AM,300 Ward Ave,78223,Crimes Against Person Calls,Suspicious Vehicle,6220,SOUTH,SAPD-2026-1332408,29.383302,-98.472647,1790871830000,http://www.sanantonio.gov/sapd/Calls.aspx,Red,a tbd link,26,10
10/01/26,11:22:49 AM,3300 Research Plaza,78235,Other Calls,DOA,6270,SOUTH,SAPD-2026-1332406,29.345328,-98.438158,1790871769000,http://www.sanantonio.gov/sapd/Calls.aspx,Blue,a tbd link,26,10
10/01/26,11:22:36 AM,910-998 RIVER RD,78215,Other Calls,Patrol By,1230,DOWNTOWN,SAPD-2026-1332405,29.455671,-98.477297,1790871756000,http://www.sanantonio.gov/sapd/Calls.aspx,Blue,a tbd link,26,10
10/01/26,11:25:22 AM,7600 Callaghan Rd,78229,Other Calls,Miscellaneous,7110,PRUE,SAPD-2026-1332414,29.505257,-98.556208,1790871922000,http://www.sanantonio.gov/sapd/Calls.aspx,Blue,a tbd link,26,10
10/01/26,11:25:01 AM,2000 Goliad Rd,78223,Other Calls,Disturbance,4220,EAST,SAPD-2026-1332413,29.365346,-98.441547,1790871901000,http://www.sanantonio.gov/sapd/Calls.aspx,Blue,a tbd link,26,10
10/01/26,11:25:55 AM,Menchaca St / N Zarzamora St,78207,Other Calls,Suspicious Person,2320,CENTRAL,SAPD-2026-1332417,29.441798,-98.525308,1790871955000,http://www.sanantonio.gov/sapd/Calls.aspx,Blue,a tbd link,26,10
10/01/26,11:24:45 AM,W Commerce St / N Las Moras St,78207,Other Calls,Injured/Sick Person,2320,CENTRAL,SAPD-2026-1332412,29.427002,-98.514411,1790871885000,http://www.sanantonio.gov/sapd/Calls.aspx,Blue,a tbd link,26,10
10/01/26,11:24:12 AM,14100 Touch Gold,78248,Other Calls,DOA,7240,PRUE,SAPD-2026-1332409,29.575016,-98.527077,1790871852000,http://www.sanantonio.gov/sapd/Calls.aspx,Blue,a tbd link,26,10
10/01/26,11:25:31 AM,Culebra Rd / N Elmendorf St,78201,Other Calls,Suspicious Person,5210,WEST,SAPD-2026-1332418,29.445362,-98.527205,1790871931000,http://www.sanantonio.gov/sapd/Calls.aspx,Blue,a tbd link,26,10
10/01/26,11:24:39 AM,7100 BUFFALO CRK,78238,Traffic Calls,Abandoned Vehicle,5310,WEST,SAPD-2026-1332410,29.475795,-98.631116,1790871879000,http://www.sanantonio.gov/sapd/Calls.aspx,Yellow,a tbd link,26,10
10/01/26,12:04:51 AM,700 E Josephine St,78208,Other Calls,Assist the Public,NOT SAPD BEX,SAPD OUTSIDE AREA,SAPD-2026-1330836,29.444478,-98.472537,1790831091000,http://www.sanantonio.gov/sapd/Calls.aspx,Blue,a tbd link,26,10
10/01/26,11:25:49 AM,13000 JONES MALTSBERGER RD,78247,Other Calls,Information,3220,NORTH,SAPD-2026-1332419,29.559728,-98.459693,1790871949000,http://www.sanantonio.gov/sapd/Calls.aspx,Blue,a tbd link,26,10
10/01/26,12:02:17 AM,6700 Ih 10 W,78201,Crimes Against Person Calls,Assault,NOT SAPD BEX - 5,SAPD OUTSIDE AREA,SAPD-2026-1330821,29.489981,-98.547981,1790830937000,http://www.sanantonio.gov/sapd/Calls.aspx,Red,a tbd link,26,10
10/01/26,11:25:34 AM,5300 SANTA CRUZ,78228,Other Calls,Patrol By,5250,WEST,SAPD-2026-1332415,29.452512,-98.591389,1790871934000,http://www.sanantonio.gov/sapd/Calls.aspx,Blue,a tbd link,26,10
10/01/26,12:00:47 AM,5900 Danny Kaye Dr,78240,Other Calls,Narcotic Laws,7160,PRUE,SAPD-2026-1330813,29.50792,-98.598256,1790830847000,http://www.sanantonio.gov/sapd/Calls.aspx,Blue,a tbd link,26,10
10/01/26,11:30:50 AM,400 W Wildwood,78212,Property Crime Calls,Theft,2210,CENTRAL,SAPD-2026-1332435,29.479468,-98.502857,1790872250000,http://www.sanantonio.gov/sapd/Calls.aspx,Green,a tbd link,26,10
10/01/26,12:01:18 AM,10451-10555 Shaenfield Rd,78254,Other Calls,SAPD Emergency Call,NOT SAPD BEX,SAPD OUTSIDE AREA,SAPD-2026-1330816,29.516777,-98.698912,1790830878000,http://www.sanantonio.gov/sapd/Calls.aspx,Blue,a tbd link,26,10
10/01/26,11:28:37 AM,1000 Harbour Grey,78245,Crimes Against Person Calls,Violation of Protective Order,5330,WEST,SAPD-2026-1332423,29.428024,-98.677397,1790872117000,http://www.sanantonio.gov/sapd/Calls.aspx,Red,a tbd link,26,10
10/01/26,12:02:01 AM,8700 Wurzbach Rd,78240,Other Calls,Disturbance,7150,PRUE,SAPD-2026-1330823,29.524387,-98.568993,1790830921000,http://www.sanantonio.gov/sapd/Calls.aspx,Blue,a tbd link,26,10
10/01/26,12:03:22 AM,11700 Braesview,78231,Other Calls,Disturbance,3110,NORTH,SAPD-2026-1330825,29.549116,-98.528194,1790831002000,http://www.sanantonio.gov/sapd/Calls.aspx,Blue,a tbd link,26,10
10/01/26,11:27:45 AM,300-399 Pletz Dr,78226,Other Calls,Welfare Check,6310,SOUTH,SAPD-2026-1332421,29.393354,-98.548997,1790872065000,http://www.sanantonio.gov/sapd/Calls.aspx,Blue,a tbd link,26,10
10/01/26,12:01:55 AM,3000 Weir Ave,78226,Property Crime Calls,Burglary Vehicle In Progress,6310,SOUTH,SAPD-2026-1330826,29.398764,-98.551859,1790830915000,http://www.sanantonio.gov/sapd/Calls.aspx,Green,a tbd link,26,10
10/01/26,11:28:45 AM,3300 Roselawn,78226,Other Calls,Disturbance,6310,SOUTH,SAPD-2026-1332425,29.390877,-98.562458,1790872125000,http://www.sanantonio.gov/sapd/Calls.aspx,Blue,a tbd link,26,10
10/01/26,12:00:47 AM,5100 OLD PEARSALL RD,78242,Other Calls,Patrol By,6340,SOUTH,SAPD-2026-1330814,29.359418,-98.596511,1790830847000,http://www.sanantonio.gov/sapd/Calls.aspx,Blue,a tbd link,26,10
10/01/26,11:30:30 AM,500 S San Eduardo Ave,78237,Other Calls,Patrol By,5110,WEST,SAPD-2026-1332430,29.42492,-98.559187,1790872230000,http://www.sanantonio.gov/sapd/Calls.aspx,Blue,a tbd link,26,10
10/01/26,12:03:20 AM,5900 S Flores St,78214,Traffic Calls,Major Accident,6230,SOUTH,SAPD-2026-1330827,29.366033,-98.495034,1790831000000,http://www.sanantonio.gov/sapd/Calls.aspx,Yellow,a tbd link,26,10
10/01/26,11:32:27 AM,5300 Walzem Rd,78218,Crimes Against Person Calls,Assault In Progress,4330,EAST,SAPD-2026-1332443,29.510282,-98.38624,1790872347000,http://www.sanantonio.gov/sapd/Calls.aspx,Red,a tbd link,26,10
10/01/26,11:31:00 AM,1200 W Harding Blvd,78221,Other Calls,Assist the Public,6150,SOUTH,SAPD-2026-1332438,29.351626,-98.516348,1790872260000,http://www.sanantonio.gov/sapd/Calls.aspx,Blue,a tbd link,26,10
10/01/26,11:33:43 AM,7500 Paradise Rd,78244,Other Calls,SAPD Emergency Call,NOT SAPD BEX,SAPD OUTSIDE AREA,SAPD-2026-1332450,29.501058,-98.340738,1790872423000,http://www.sanantonio.gov/sapd/Calls.aspx,Blue,a tbd link,26,10
10/01/26,12:02:07 AM,9500 Nona Kay,78217,Other Calls,Disturbance,3360,NORTH,SAPD-2026-1330819,29.525938,-98.444206,1790830927000,http://www.sanantonio.gov/sapd/Calls.aspx,Blue,a tbd link,26,10
10/01/26,11:30:40 AM,2000 El Jardin,78237,Crimes Against Person Calls,Suspicious Vehicle,5120,WEST,SAPD-2026-1332432,29.409551,-98.573698,1790872240000,http://www.sanantonio.gov/sapd/Calls.aspx,Red,a tbd link,26,10
10/01/26,12:01:44 AM,5900 S Flores St,78214,Traffic Calls,Major Accident,6230,SOUTH,SAPD-2026-1330817,29.366033,-98.495034,1790830904000,http://www.sanantonio.gov/sapd/Calls.aspx,Yellow,a tbd link,26,10
10/01/26,11:30:30 AM,900 E RECTOR DR,78216,Other Calls,Miscellaneous,3320,NORTH,SAPD-2026-1332429,29.517039,-98.479015,1790872230000,http://www.sanantonio.gov/sapd/Calls.aspx,Blue,a tbd link,26,10
10/01/26,12:02:06 AM,3000 W Loop 1604 N,78251,Crimes Against Person Calls,Assault In Progress,5360,WEST,SAPD-2026-1330818,29.464268,-98.713703,1790830926000,http://www.sanantonio.gov/sapd/Calls.aspx,Red,a tbd link,26,10
10/01/26,11:32:34 AM,2300 Pinn Rd,78227,Other Calls,Disturbance,5150,WEST,SAPD-2026-1332445,29.408515,-98.624055,1790872354000,http://www.sanantonio.gov/sapd/Calls.aspx,Blue,a tbd link,26,10
10/01/26,12:02:16 AM,901-999 S FRIO ST,78207,Traffic Calls,Traffic Related,2370,CENTRAL,SAPD-2026-1330820,29.416696,-98.50503,1790830936000,http://www.sanantonio.gov/sapd/Calls.aspx,Yellow,a tbd link,26,10
10/01/26,12:04:01 AM,5600 Blk Ih 35 S Nb,78214,Traffic Calls,Major Accident,6210,SOUTH,SAPD-2026-1330829,29.371671,-98.516088,1790831041000,http://www.sanantonio.gov/sapd/Calls.aspx,Yellow,a tbd link,26,10
10/01/26,11:31:39 AM,100 Wayside,78213,Other Calls,DOA,2230,CENTRAL,SAPD-2026-1332436,29.502111,-98.526253,1790872299000,http://www.sanantonio.gov/sapd/Calls.aspx,Blue,a tbd link,26,10
10/01/26,12:10:34 AM,5400 Cerro Vista St,78233,Other Calls,Disturbance,3210,NORTH,SAPD-2026-1330864,29.554417,-98.384148,1790831434000,http://www.sanantonio.gov/sapd/Calls.aspx,Blue,a tbd link,26,10
10/01/26,11:32:26 AM,100 Calder,78205,Traffic Calls,Officer Traffic Stop,1120,DOWNTOWN,SAPD-2026-1332442,29.424574,-98.496285,1790872346000,http://www.sanantonio.gov/sapd/Calls.aspx,Yellow,a tbd link,26,10
10/01/26,12:04:26 AM,4900 W Commerce St,78237,Other Calls,Disturbance,5110,WEST,SAPD-2026-1330832,29.431167,-98.558392,1790831066000,http://www.sanantonio.gov/sapd/Calls.aspx,Blue,a tbd link,26,10
10/01/26,11:35:42 AM,Dover Rdg / Mainland Dr,78250,Traffic Calls,Traffic Related,7330,PRUE,SAPD-2026-1332462,29.511864,-98.662392,1790872542000,http://www.sanantonio.gov/sapd/Calls.aspx,Yellow,a tbd link,26,10
10/01/26,12:04:35 AM,600 Billy Mitchell Blvd,78226,Other Calls,Miscellaneous,6310,SOUTH,SAPD-2026-1330833,29.385678,-98.567567,1790831075000,http://www.sanantonio.gov/sapd/Calls.aspx,Blue,a tbd link,26,10
10/01/26,11:33:07 AM,605-799 THEO PKWY,78210,Other Calls,Patrol By,6220,SOUTH,SAPD-2026-1332447,29.390092,-98.497238,1790872387000,http://www.sanantonio.gov/sapd/Calls.aspx,Blue,a tbd link,26,10
10/01/26,12:04:00 AM,Commercial Ave / W Formosa Blvd,78221,Other Calls,Welfare Check,6150,SOUTH,SAPD-2026-1330830,29.34255,-98.516224,1790831040000,http://www.sanantonio.gov/sapd/Calls.aspx,Blue,a tbd link,26,10
10/01/26,11:33:16 AM,200 PIAZZA ITALIA,78207,Other Calls,Patrol By,1130,DOWNTOWN,SAPD-2026-1332448,29.430664,-98.499176,1790872396000,http://www.sanantonio.gov/sapd/Calls.aspx,Blue,a tbd link,26,10
10/01/26,12:06:10 AM,5900 Fairwood,78242,Property Crime Calls,Burglary in Progress,6350,SOUTH,SAPD-2026-1330838,29.354679,-98.614134,1790831170000,http://www.sanantonio.gov/sapd/Calls.aspx,Green,a tbd link,26,10
10/01/26,12:04:07 AM,W Commerce St / S Flores St,78205,Other Calls,Injured/Sick Person,1120,DOWNTOWN,SAPD-2026-1330831,29.425114,-98.494525,1790831047000,http://www.sanantonio.gov/sapd/Calls.aspx,Blue,a tbd link,26,10
10/01/26,11:33:34 AM,3900 RITTIMAN RD,78234,Other Calls,Patrol By,4350,EAST,SAPD-2026-1332449,29.4837,-98.416936,1790872414000,http://www.sanantonio.gov/sapd/Calls.aspx,Blue,a tbd link,26,10
10/01/26,12:04:58 AM,9500 MORAGA,78217,Other Calls,Patrol By,3370,NORTH,SAPD-2026-1330835,29.527968,-98.40176,1790831098000,http://www.sanantonio.gov/sapd/Calls.aspx,Blue,a tbd link,26,10
10/01/26,11:35:43 AM,Santiago St / S Hamilton Ave,78207,Crimes Against Person Calls,Suspicious Person with Gun,2350,CENTRAL,SAPD-2026-1332454,29.417457,-98.532922,1790872543000,http://www.sanantonio.gov/sapd/Calls.aspx,Red,a tbd link,26,10
10/01/26,12:05:14 AM,100 Illg,78211,Other Calls,Disturbance,6120,SOUTH,SAPD-2026-1330837,29.380173,-98.52973,1790831114000,http://www.sanantonio.gov/sapd/Calls.aspx,Blue,a tbd link,26,10
10/01/26,11:35:25 AM,Rayburn Dr / Oppenheimer Ave,78221,Other Calls,Disturbance,6230,SOUTH,SAPD-2026-1332452,29.357786,-98.50568,1790872525000,http://www.sanantonio.gov/sapd/Calls.aspx,Blue,a tbd link,26,10
10/01/26,12:07:57 AM,5600 Presidio Pkwy,78249,Crimes Against Person Calls,Suspicious Vehicle,7230,PRUE,SAPD-2026-1330847,29.583834,-98.592953,1790831277000,http://www.sanantonio.gov/sapd/Calls.aspx,Red,a tbd link,26,10
10/01/26,11:35:09 AM,3900 Mickey Rd,78223,Property Crime Calls,Theft,6280,SOUTH,SAPD-2026-1332453,29.301119,-98.417171,1790872509000,http://www.sanantonio.gov/sapd/Calls.aspx,Green,a tbd link,26,10
10/01/26,11:35:53 AM,300 W Ansley Blvd,78221,Property Crime Calls,Burglary,6150,SOUTH,SAPD-2026-1332455,29.337116,-98.514969,1790872553000,http://www.sanantonio.gov/sapd/Calls.aspx,Green,a tbd link,26,10
10/01/26,11:35:19 AM,1900 W MARTIN ST,78207,Other Calls,Patrol By,2310,CENTRAL,SAPD-2026-1332451,29.430808,-98.512811,1790872519000,http://www.sanantonio.gov/sapd/Calls.aspx,Blue,a tbd link,26,10
10/01/26,12:09:06 AM,7300 Ridge Beach Dr,78109,Other Calls,SAPD Non-Emergency Call,NOT SAPD BEX,SAPD OUTSIDE AREA,SAPD-2026-1330853,29.531387,-98.341161,1790831346000,http://www.sanantonio.gov/sapd/Calls.aspx,Blue,a tbd link,26,10
10/01/26,11:36:14 AM,8500 Huebner Rd,78240,Crimes Against Person Calls,Assault In Progress,7160,PRUE,SAPD-2026-1332459,29.515464,-98.604911,1790872574000,http://www.sanantonio.gov/sapd/Calls.aspx,Red,a tbd link,26,10
10/01/26,12:08:04 AM,4000 Blk Ih 35 S Sb,78225,Traffic Calls,Major Accident,6110,SOUTH,SAPD-2026-1330845,29.385919,-98.512345,1790831284000,http://www.sanantonio.gov/sapd/Calls.aspx,Yellow,a tbd link,26,10
10/01/26,11:35:56 AM,12500 NW MILITARY HWY,78231,Other Calls,Patrol By,7220,PRUE,SAPD-2026-1332456,29.557181,-98.534885,1790872556000,http://www.sanantonio.gov/sapd/Calls.aspx,Blue,a tbd link,26,10
10/01/26,12:09:17 AM,5400 CERRO VISTA ST,78233,Other Calls,Disturbance,3210,NORTH,SAPD-2026-1330850,29.554417,-98.384148,1790831357000,http://www.sanantonio.gov/sapd/Calls.aspx,Blue,a tbd link,26,10
10/01/26,11:36:50 AM,7000 Culebra Rd,78238,Property Crime Calls,Theft,5160,WEST,SAPD-2026-1332460,29.45009,-98.626662,1790872610000,http://www.sanantonio.gov/sapd/Calls.aspx,Green,a tbd link,26,10
10/01/26,12:07:39 AM,S0 Ih 35 S Ofrp Eb Ih 10 E,78204,Traffic Calls,Major Accident,2340,CENTRAL,SAPD-2026-1330842,29.398986,-98.511647,1790831259000,http://www.sanantonio.gov/sapd/Calls.aspx,Yellow,a tbd link,26,10
10/01/26,11:37:21 AM,Culebra Rd / N Sabinas,78201,Traffic Calls,Abandoned Vehicle,5210,WEST,SAPD-2026-1332464,29.444476,-98.518101,1790872641000,http://www.sanantonio.gov/sapd/Calls.aspx,Yellow,a tbd link,26,10
10/01/26,12:09:01 AM,W Commerce St / N Rosillo,78207,Other Calls,Injured/Sick Person,2320,CENTRAL,SAPD-2026-1330849,29.428027,-98.52568,1790831341000,http://www.sanantonio.gov/sapd/Calls.aspx,Blue,a tbd link,26,10
10/01/26,11:40:30 AM,2400 Sw Loop 410,78227-2543,Property Crime Calls,Burglary,5170,WEST,SAPD-2026-1332472,29.406784,-98.64856,1790872830000,http://www.sanantonio.gov/sapd/Calls.aspx,Green,a tbd link,26,10
10/01/26,11:38:44 AM,1100-1136 Frost Bank Center Dr,78219,Traffic Calls,Minor Accident,4160,EAST,SAPD-2026-1332465,29.439106,-98.435905,1790872724000,http://www.sanantonio.gov/sapd/Calls.aspx,Yellow,a tbd link,26,10
10/01/26,12:10:16 AM,1200 Menchaca St,78207,Other Calls,Missing Person/Runaway,2320,CENTRAL,SAPD-2026-1330854,29.4422,-98.527923,1790831416000,http://www.sanantonio.gov/sapd/Calls.aspx,Blue,a tbd link,26,10
10/01/26,11:39:41 AM,7400 San Pedro Ave,78216,Other Calls,Disturbance,3320,NORTH,SAPD-2026-1332474,29.518333,-98.492222,1790872781000,http://www.sanantonio.gov/sapd/Calls.aspx,Blue,a tbd link,26,10
10/01/26,12:11:40 AM,4100 N Loop 1604 E,78247,Other Calls,Narcotic Laws,3240,NORTH,SAPD-2026-1330858,29.600605,-98.41075,1790831500000,http://www.sanantonio.gov/sapd/Calls.aspx,Blue,a tbd link,26,10
10/01/26,11:40:54 AM,700 Richland Hills Dr,78245-9998,Other Calls,Disturbance,5160,WEST,SAPD-2026-1332475,29.443014,-98.656844,1790872854000,http://www.sanantonio.gov/sapd/Calls.aspx,Blue,a tbd link,26,10
10/01/26,12:10:22 AM,S0 Ih 35 S Ofrp Eb Ih 10 E,78204,Traffic Calls,Major Accident,2340,CENTRAL,SAPD-2026-1330855,29.397214,-98.511814,1790831422000,http://www.sanantonio.gov/sapd/Calls.aspx,Yellow,a tbd link,26,10
10/01/26,11:46:35 AM,2300 Pinn Rd,78227,Other Calls,Wanted Person,5150,WEST,SAPD-2026-1332490,29.408389,-98.62433,1790873195000,http://www.sanantonio.gov/sapd/Calls.aspx,Blue,a tbd link,26,10
10/01/26,12:11:42 AM,W0 Us Hwy 90 W Onrp Sb Ih 35 S,78204,Traffic Calls,Minor Accident,2340,CENTRAL,SAPD-2026-1330866,29.397857,-98.511956,1790831502000,http://www.sanantonio.gov/sapd/Calls.aspx,Yellow,a tbd link,26,10
10/01/26,11:39:26 AM,5000 CREEKMOOR DR,78220,Other Calls,Miscellaneous,4240,EAST,SAPD-2026-1332468,29.404022,-98.39295,1790872766000,http://www.sanantonio.gov/sapd/Calls.aspx,Blue,a tbd link,26,10
10/01/26,12:09:55 AM,101-229 FUNSTON PLACE,78209,Traffic Calls,Traffic Related,1230,DOWNTOWN,SAPD-2026-1330851,29.457645,-98.46702,1790831395000,http://www.sanantonio.gov/sapd/Calls.aspx,Yellow,a tbd link,26,10
10/01/26,11:40:36 AM,14800-14999 Durham,78217,Other Calls,Disturbance,3240,NORTH,SAPD-2026-1332473,29.57786,-98.392085,1790872836000,http://www.sanantonio.gov/sapd/Calls.aspx,Blue,a tbd link,26,10
10/01/26,12:10:11 AM,5300 OLD PEARSALL RD,78242,Other Calls,Patrol By,6340,SOUTH,SAPD-2026-1330852,29.356994,-98.599907,1790831411000,http://www.sanantonio.gov/sapd/Calls.aspx,Blue,a tbd link,26,10
10/01/26,12:12:19 AM,100 Illg,78211,Other Calls,Disturbance Family,6120,SOUTH,SAPD-2026-1330860,29.380173,-98.52973,1790831539000,http://www.sanantonio.gov/sapd/Calls.aspx,Blue,a tbd link,26,10
10/01/26,11:39:46 AM,1053-1399 HOLBROOK,78218,Other Calls,Patrol By,4350,EAST,SAPD-2026-1332469,29.494856,-98.420462,1790872786000,http://www.sanantonio.gov/sapd/Calls.aspx,Blue,a tbd link,26,10
10/01/26,12:12:59 AM,16500 Huebner Rd,78248,Other Calls,Disturbance,7240,PRUE,SAPD-2026-1330861,29.591965,-98.528502,1790831579000,http://www.sanantonio.gov/sapd/Calls.aspx,Blue,a tbd link,26,10
10/01/26,11:40:09 AM,17800 BABCOCK RD,78255,Other Calls,Miscellaneous,7260,PRUE,SAPD-2026-1332470,29.610271,-98.628611,1790872809000,http://www.sanantonio.gov/sapd/Calls.aspx,Blue,a tbd link,26,10
10/01/26,12:11:43 AM,Eb Us Hwy 90 W Ofrp Nb Ih 35 S / Ih 10 E Wb,78204,Traffic Calls,Officer Traffic Stop,1140,DOWNTOWN,SAPD-2026-1330857,29.396221,-98.511182,1790831503000,http://www.sanantonio.gov/sapd/Calls.aspx,Yellow,a tbd link,26,10
10/01/26,11:48:13 AM,9300 Sw Loop 410,78242,Other Calls,Information,6340,SOUTH,SAPD-2026-1332498,29.333141,-98.620021,1790873293000,http://www.sanantonio.gov/sapd/Calls.aspx,Blue,a tbd link,26,10
10/01/26,12:16:40 AM,1000 Castroville Rd,78237,Crimes Against Person Calls,Threats,5120,WEST,SAPD-2026-1330875,29.416155,-98.555891,1790831800000,http://www.sanantonio.gov/sapd/Calls.aspx,Red,a tbd link,26,10
10/01/26,11:43:00 AM,5100 Crestway Rd,78239,Other Calls,Wanted Person,3230,NORTH,SAPD-2026-1332479,29.524278,-98.389142,1790872980000,http://www.sanantonio.gov/sapd/Calls.aspx,Blue,a tbd link,26,10
10/01/26,12:14:11 AM,11000 Culebra Rd,78253,Other Calls,Disturbance,5350,WEST,SAPD-2026-1330863,29.496725,-98.710822,1790831651000,http://www.sanantonio.gov/sapd/Calls.aspx,Blue,a tbd link,26,10
10/01/26,11:46:38 AM,1200 Enrique M Barrera Pkwy,78227,Property Crime Calls,Recovered Stolen Property,5120,WEST,SAPD-2026-1332491,29.419369,-98.588854,1790873198000,http://www.sanantonio.gov/sapd/Calls.aspx,Green,a tbd link,26,10
10/01/26,12:14:58 AM,US HWY 90 W WB / IH 35 S SB,78204,Traffic Calls,Major Accident,6110,SOUTH,SAPD-2026-1330865,29.396221,-98.511285,1790831698000,http://www.sanantonio.gov/sapd/Calls.aspx,Yellow,a tbd link,26,10
10/01/26,11:43:36 AM,14300 Markham Glen,78247,Other Calls,Disturbance,3220,NORTH,SAPD-2026-1332480,29.571648,-98.43867,1790873016000,http://www.sanantonio.gov/sapd/Calls.aspx,Blue,a tbd link,26,10
10/01/26,12:15:49 AM,8800 Rhoda Ave,78224,Other Calls,Miscellaneous,6140,SOUTH,SAPD-2026-1330869,29.335625,-98.539736,1790831749000,http://www.sanantonio.gov/sapd/Calls.aspx,Blue,a tbd link,26,10
10/01/26,11:48:28 AM,15200 Oak Spg,78232,Other Calls,Wanted Person,3140,NORTH,SAPD-2026-1332499,29.578224,-98.446466,1790873308000,http://www.sanantonio.gov/sapd/Calls.aspx,Blue,a tbd link,26,10
10/01/26,12:13:44 AM,5100 ACEQUIA PASS,78237,Other Calls,Patrol By,5130,WEST,SAPD-2026-1330862,29.439189,-98.586942,1790831624000,http://www.sanantonio.gov/sapd/Calls.aspx,Blue,a tbd link,26,10
10/01/26,11:45:29 AM,1300 Klondike Dr,78245,Traffic Calls,Abandoned Vehicle,5330,WEST,SAPD-2026-1332488,29.42155,-98.677562,1790873129000,http://www.sanantonio.gov/sapd/Calls.aspx,Yellow,a tbd link,26,10
10/01/26,12:18:50 AM,800 Flame Cir,78221,Other Calls,Assist the Public,6250,SOUTH,SAPD-2026-1330878,29.347011,-98.488039,1790831930000,http://www.sanantonio.gov/sapd/Calls.aspx,Blue,a tbd link,26,10
10/01/26,11:48:05 AM,5000 Prue Rd,78240,Property Crime Calls,Forgery,7310,PRUE,SAPD-2026-1332497,29.543157,-98.583584,1790873285000,http://www.sanantonio.gov/sapd/Calls.aspx,Green,a tbd link,26,10
10/01/26,12:16:42 AM,1400 Lightstone Dr,78258,Traffic Calls,Major Accident,3170,NORTH,SAPD-2026-1330872,29.645999,-98.500432,1790831802000,http://www.sanantonio.gov/sapd/Calls.aspx,Yellow,a tbd link,26,10
10/01/26,11:43:57 AM,3400 N ST MARY'S ST,78212,Other Calls,Patrol By,1230,DOWNTOWN,SAPD-2026-1332481,29.456197,-98.480231,1790873037000,http://www.sanantonio.gov/sapd/Calls.aspx,Blue,a tbd link,26,10
10/01/26,12:18:49 AM,8000 Aeromedical Rd,78235,Crimes Against Person Calls,Suspicious Vehicle,6270,SOUTH,SAPD-2026-1330879,29.344351,-98.447619,1790831929000,http://www.sanantonio.gov/sapd/Calls.aspx,Red,a tbd link,26,10
10/01/26,11:47:42 AM,900 Kentucky Ave,78201,Other Calls,Disturbance,5210,WEST,SAPD-2026-1332495,29.446313,-98.524983,1790873262000,http://www.sanantonio.gov/sapd/Calls.aspx,Blue,a tbd link,26,10
10/01/26,12:16:34 AM,1400 Patricia Dr,78213,Traffic Calls,Minor Accident,3110,NORTH,SAPD-2026-1330871,29.547569,-98.518422,1790831794000,http://www.sanantonio.gov/sapd/Calls.aspx,Yellow,a tbd link,26,10
10/01/26,11:46:23 AM,900 N Mittman St,78202,Other Calls,Welfare Check,4130,EAST,SAPD-2026-1332496,29.430559,-98.454742,1790873183000,http://www.sanantonio.gov/sapd/Calls.aspx,Blue,a tbd link,26,10
10/01/26,12:18:23 AM,4400 Horizon Hill Blvd,78229,Other Calls,Welfare Check,7120,PRUE,SAPD-2026-1330884,29.518209,-98.560208,1790831903000,http://www.sanantonio.gov/sapd/Calls.aspx,Blue,a tbd link,26,10
10/01/26,11:48:24 AM,5900 Stonybrook Dr,78242,Property Crime Calls,Theft,6350,SOUTH,SAPD-2026-1332500,29.366483,-98.611579,1790873304000,http://www.sanantonio.gov/sapd/Calls.aspx,Green,a tbd link,26,10
10/01/26,12:16:46 AM,Rittiman Rd / Barrel Crk,78218,Traffic Calls,Officer Traffic Stop,4340,EAST,SAPD-2026-1330873,29.484057,-98.400186,1790831806000,http://www.sanantonio.gov/sapd/Calls.aspx,Yellow,a tbd link,26,10
10/01/26,11:48:52 AM,400 St Anthony Ave,78210,Property Crime Calls,Burglary in Progress,4120,EAST,SAPD-2026-1332501,29.409032,-98.46333,1790873332000,http://www.sanantonio.gov/sapd/Calls.aspx,Green,a tbd link,26,10
10/01/26,12:20:08 AM,3200 Culebra Rd,78228,Other Calls,Disturbance,5130,WEST,SAPD-2026-1330885,29.448923,-98.564065,1790832008000,http://www.sanantonio.gov/sapd/Calls.aspx,Blue,a tbd link,26,10
10/01/26,12:22:08 AM,1400 Lightstone Dr,78258,Traffic Calls,Minor Accident,3170,NORTH,SAPD-2026-1330892,29.645999,-98.500432,1790832128000,http://www.sanantonio.gov/sapd/Calls.aspx,Yellow,a tbd link,26,10
10/01/26,11:51:41 AM,Lone Star Pass,78264,Other Calls,Assist the Public,6160,SOUTH,SAPD-2026-1332512,29.253942,-98.547575,1790873501000,http://www.sanantonio.gov/sapd/Calls.aspx,Blue,a tbd link,26,10
10/01/26,12:19:15 AM,2500 Babcock Rd,78229,Other Calls,Suspicious Person,7140,PRUE,SAPD-2026-1330881,29.505662,-98.587953,1790831955000,http://www.sanantonio.gov/sapd/Calls.aspx,Blue,a tbd link,26,10
10/01/26,11:48:59 AM,500 N St Mary's St,,Other Calls,Disturbance,1130,DOWNTOWN,SAPD-2026-1332502,29.428889,-98.491111,1790873339000,http://www.sanantonio.gov/sapd/Calls.aspx,Blue,a tbd link,26,10
10/01/26,12:18:48 AM,2200 REST HAVEN DR,78232,Other Calls,Patrol By,3140,NORTH,SAPD-2026-1330877,29.594148,-98.457922,1790831928000,http://www.sanantonio.gov/sapd/Calls.aspx,Blue,a tbd link,26,10
10/01/26,11:49:30 AM,N Flores St / Hickman St,78212,Traffic Calls,Traffic Related,1220,DOWNTOWN,SAPD-2026-1332504,29.446361,-98.503824,1790873370000,http://www.sanantonio.gov/sapd/Calls.aspx,Yellow,a tbd link,26,10
10/01/26,12:18:52 AM,OLD PEARSALL RD / MILITARY DR W,78242,Traffic Calls,Officer Traffic Stop,6350,SOUTH,SAPD-2026-1330880,29.365643,-98.589185,1790831932000,http://www.sanantonio.gov/sapd/Calls.aspx,Yellow,a tbd link,26,10
10/01/26,11:49:30 AM,40 Majestic Way,78257,Property Crime Calls,Theft,7260,PRUE,SAPD-2026-1332503,29.649073,-98.606189,1790873370000,http://www.sanantonio.gov/sapd/Calls.aspx,Green,a tbd link,26,10
10/01/26,12:19:16 AM,500-599 E Ashby Place,78212,Traffic Calls,DWI,1210,DOWNTOWN,SAPD-2026-1330882,29.449138,-98.489309,1790831956000,http://www.sanantonio.gov/sapd/Calls.aspx,Yellow,a tbd link,26,10
10/01/26,12:21:05 AM,3600 Nogalitos St,78211,Other Calls,Disturbance,6120,SOUTH,SAPD-2026-1330887,29.38014,-98.529381,1790832065000,http://www.sanantonio.gov/sapd/Calls.aspx,Blue,a tbd link,26,10
10/01/26,12:23:36 AM,4500 Lavender Ln,78220,Other Calls,Missing Person - Endangered,4240,EAST,SAPD-2026-1330895,29.417196,-98.404139,1790832216000,http://www.sanantonio.gov/sapd/Calls.aspx,Blue,a tbd link,26,10
10/01/26,11:50:16 AM,300 S Santa Rosa,78207,Other Calls,Information,1120,DOWNTOWN,SAPD-2026-1332507,29.422478,-98.498873,1790873416000,http://www.sanantonio.gov/sapd/Calls.aspx,Blue,a tbd link,26,10
10/01/26,12:22:58 AM,9000 Marbach Rd,78245,Property Crime Calls,Theft,5340,WEST,SAPD-2026-1330893,29.417563,-98.662864,1790832178000,http://www.sanantonio.gov/sapd/Calls.aspx,Green,a tbd link,26,10
10/01/26,11:50:39 AM,7500 Marbach Rd,78227,Crimes Against Person Calls,Assault In Progress,5170,WEST,SAPD-2026-1332508,29.418546,-98.636934,1790873439000,http://www.sanantonio.gov/sapd/Calls.aspx,Red,a tbd link,26,10
10/01/26,12:27:01 AM,3800 Parkdale Dr,78229,Other Calls,Missing Person/Runaway,7120,PRUE,SAPD-2026-1330902,29.526206,-98.559428,1790832421000,http://www.sanantonio.gov/sapd/Calls.aspx,Blue,a tbd link,26,10
10/01/26,11:52:04 AM,2600 Robles St,78226,Property Crime Calls,Burglary Vehicle,6310,SOUTH,SAPD-2026-1332514,29.401421,-98.565038,1790873524000,http://www.sanantonio.gov/sapd/Calls.aspx,Green,a tbd link,26,10
10/01/26,12:21:11 AM,4601-4619 WALZEM RD,78218,Traffic Calls,Traffic Related,4360,EAST,SAPD-2026-1330888,29.510309,-98.4013,1790832071000,http://www.sanantonio.gov/sapd/Calls.aspx,Yellow,a tbd link,26,10
10/01/26,11:53:37 AM,1100 E Sonterra Blvd,78258,Traffic Calls,Accident Private Property,3160,NORTH,SAPD-2026-1332519,29.616566,-98.474706,1790873617000,http://www.sanantonio.gov/sapd/Calls.aspx,Yellow,a tbd link,26,10
10/01/26,12:23:43 AM,400 Santos St,78210,Other Calls,Disturbance,1110,DOWNTOWN,SAPD-2026-1330894,29.414639,-98.482825,1790832223000,http://www.sanantonio.gov/sapd/Calls.aspx,Blue,a tbd link,26,10
10/01/26,11:52:24 AM,1900 S ALAMO ST,78204,Other Calls,Patrol By,1140,DOWNTOWN,SAPD-2026-1332516,29.412278,-98.50268,1790873544000,http://www.sanantonio.gov/sapd/Calls.aspx,Blue,a tbd link,26,10
10/01/26,12:23:49 AM,1300 Churing Dr,78245,Other Calls,Suspicious Person,5330,WEST,SAPD-2026-1330897,29.420762,-98.675982,1790832229000,http://www.sanantonio.gov/sapd/Calls.aspx,Blue,a tbd link,26,10
10/01/26,11:54:01 AM,15500 Knollmeadow,78247,Other Calls,Welfare Check,3240,NORTH,SAPD-2026-1332523,29.583813,-98.407541,1790873641000,http://www.sanantonio.gov/sapd/Calls.aspx,Blue,a tbd link,26,10
10/01/26,12:25:48 AM,900 Bandera Rd,78228,Traffic Calls,Minor Accident,5220,WEST,SAPD-2026-1330899,29.457423,-98.555161,1790832348000,http://www.sanantonio.gov/sapd/Calls.aspx,Yellow,a tbd link,26,10
10/01/26,11:55:31 AM,N Zarzamora St / W Commerce St,78207,Traffic Calls,Traffic Related,2320,CENTRAL,SAPD-2026-1332530,29.428141,-98.526917,1790873731000,http://www.sanantonio.gov/sapd/Calls.aspx,Yellow,a tbd link,26,10
10/01/26,12:29:05 AM,16500 Huebner Rd,78248,Other Calls,Disturbance,7240,PRUE,SAPD-2026-1330907,29.591965,-98.528502,1790832545000,http://www.sanantonio.gov/sapd/Calls.aspx,Blue,a tbd link,26,10
10/01/26,11:53:52 AM,7800 Ih 35 S,78224,Other Calls,Disturbance,6330,SOUTH,SAPD-2026-1332524,29.350959,-98.535192,1790873632000,http://www.sanantonio.gov/sapd/Calls.aspx,Blue,a tbd link,26,10
10/01/26,12:25:33 AM,100 CAMARON,78205,Other Calls,Patrol By,1120,DOWNTOWN,SAPD-2026-1330898,29.425464,-98.495853,1790832333000,http://www.sanantonio.gov/sapd/Calls.aspx,Blue,a tbd link,26,10
10/01/26,11:53:22 AM,607-699 ELM ST,78215,Other Calls,Miscellaneous,1130,DOWNTOWN,SAPD-2026-1332518,29.428859,-98.482044,1790873602000,http://www.sanantonio.gov/sapd/Calls.aspx,Blue,a tbd link,26,10
10/01/26,12:28:17 AM,8500 Star Creek Dr,78251,Other Calls,Miscellaneous,5320,WEST,SAPD-2026-1330906,29.465356,-98.660048,1790832497000,http://www.sanantonio.gov/sapd/Calls.aspx,Blue,a tbd link,26,10
10/01/26,12:31:41 AM,3800 Harry Wurzbach,78209,Other Calls,Disturbance,3340,NORTH,SAPD-2026-1330910,29.503771,-98.435164,1790832701000,http://www.sanantonio.gov/sapd/Calls.aspx,Blue,a tbd link,26,10
10/01/26,11:55:18 AM,2100 Saunders,78207,Other Calls,Disturbance Family,2330,CENTRAL,SAPD-2026-1332528,29.42442,-98.52163,1790873718000,http://www.sanantonio.gov/sapd/Calls.aspx,Blue,a tbd link,26,10
10/01/26,12:32:13 AM,4800 Lord Rd,78220,Other Calls,Disturbance,4240,EAST,SAPD-2026-1330909,29.413903,-98.396739,1790832733000,http://www.sanantonio.gov/sapd/Calls.aspx,Blue,a tbd link,26,10
10/01/26,11:54:00 AM,8700 MYSTIC PARK,78254,Other Calls,Patrol By,7320,PRUE,SAPD-2026-1332521,29.524121,-98.643542,1790873640000,http://www.sanantonio.gov/sapd/Calls.aspx,Blue,a tbd link,26,10
10/01/26,12:33:47 AM,12300 Nacogdoches Rd,78217,Other Calls,Welfare Check,3240,NORTH,SAPD-2026-1330913,29.551922,-98.406858,1790832827000,http://www.sanantonio.gov/sapd/Calls.aspx,Blue,a tbd link,26,10
10/01/26,11:54:27 AM,8500 CREEK BEND DR,78242,Other Calls,CRT Follow Up,6340,SOUTH,SAPD-2026-1332526,29.342285,-98.601145,1790873667000,http://www.sanantonio.gov/sapd/Calls.aspx,Blue,a tbd link,26,10
10/01/26,12:36:48 AM,500 Blaze Ave,78218,Other Calls,Suspicious Person,4360,EAST,SAPD-2026-1330921,29.501587,-98.40386,1790833008000,http://www.sanantonio.gov/sapd/Calls.aspx,Blue,a tbd link,26,10
10/01/26,12:04:59 PM,20700 Us Hwy 281 N,78258,Other Calls,Welfare Check,3150,NORTH,SAPD-2026-1332573,29.635766,-98.454269,1790874299000,http://www.sanantonio.gov/sapd/Calls.aspx,Blue,a tbd link,26,10
10/01/26,12:35:00 AM,600 Porter St,78210,Crimes Against Person Calls,Assault In Progress,4140,EAST,SAPD-2026-1330918,29.405903,-98.458579,1790832900000,http://www.sanantonio.gov/sapd/Calls.aspx,Red,a tbd link,26,10
10/01/26,11:55:05 AM,400 S FRIO ST,78207,Other Calls,Miscellaneous,2370,CENTRAL,SAPD-2026-1332527,29.422153,-98.505298,1790873705000,http://www.sanantonio.gov/sapd/Calls.aspx,Blue,a tbd link,26,10
10/01/26,12:33:34 AM,100-124 N RIVER WALK,78205,Other Calls,Patrol By,1110,DOWNTOWN,SAPD-2026-1330912,29.424758,-98.492437,1790832814000,http://www.sanantonio.gov/sapd/Calls.aspx,Blue,a tbd link,26,10
10/01/26,11:59:30 AM,24400 Ih 10 W,78255,Crimes Against Person Calls,Suspicious Vehicle,7260,PRUE,SAPD-2026-1332541,29.668653,-98.633689,1790873970000,http://www.sanantonio.gov/sapd/Calls.aspx,Red,a tbd link,26,10
10/01/26,12:34:33 AM,15000 HEIMER RD,78232,Other Calls,Patrol By,3140,NORTH,SAPD-2026-1330915,29.579403,-98.4652,1790832873000,http://www.sanantonio.gov/sapd/Calls.aspx,Blue,a tbd link,26,10
10/01/26,11:59:44 AM,700 BYRNES DR,78209,Other Calls,Suspicious Person,3340,NORTH,SAPD-2026-1332540,29.487659,-98.430717,1790873984000,http://www.sanantonio.gov/sapd/Calls.aspx,Blue,a tbd link,26,10
10/01/26,12:35:27 AM,200 ALEXANDER RD,78201,Other Calls,Patrol By,5210,WEST,SAPD-2026-1330917,29.450767,-98.527758,1790832927000,http://www.sanantonio.gov/sapd/Calls.aspx,Blue,a tbd link,26,10
10/01/26,12:35:43 AM,14790-15198 US HWY 281 N NB,78232,Traffic Calls,DWI,3130,NORTH,SAPD-2026-1330919,29.57964,-98.476986,1790832943000,http://www.sanantonio.gov/sapd/Calls.aspx,Yellow,a tbd link,26,10
10/01/26,12:01:02 PM,2600 Louis Bauer Dr,78235,Other Calls,Information,6270,SOUTH,SAPD-2026-1332549,29.342111,-98.450541,1790874062000,http://www.sanantonio.gov/sapd/Calls.aspx,Blue,a tbd link,26,10
10/01/26,12:37:43 AM,1300 Roosevelt Ave,78210-4630,Other Calls,Injured/Sick Person,6220,SOUTH,SAPD-2026-1330923,29.391158,-98.486128,1790833063000,http://www.sanantonio.gov/sapd/Calls.aspx,Blue,a tbd link,26,10
10/01/26,11:57:08 AM,8000 Lobo Ln,78240,Other Calls,SAPD Non-Emergency Call,NOT SAPD BEX - 6,SAPD OUTSIDE AREA,SAPD-2026-1332531,29.513898,-98.620287,1790873828000,http://www.sanantonio.gov/sapd/Calls.aspx,Blue,a tbd link,26,10
10/01/26,12:42:42 AM,3100 E Commerce St,78220,Other Calls,Disturbance,4160,EAST,SAPD-2026-1330937,29.419602,-98.438167,1790833362000,http://www.sanantonio.gov/sapd/Calls.aspx,Blue,a tbd link,26,10
10/01/26,11:58:13 AM,2400 NW MILITARY HWY,78231,Other Calls,Miscellaneous,7220,PRUE,SAPD-2026-1332535,29.546336,-98.530063,1790873893000,http://www.sanantonio.gov/sapd/Calls.aspx,Blue,a tbd link,26,10
10/01/26,12:42:21 AM,4800 Lord Rd,78220,Other Calls,Disturbance,4240,EAST,SAPD-2026-1330935,29.415126,-98.398731,1790833341000,http://www.sanantonio.gov/sapd/Calls.aspx,Blue,a tbd link,26,10
10/01/26,11:58:16 AM,6900 N Loop 1604 W,78249-1102,Other Calls,SAPD Non-Emergency Call,7250,PRUE,SAPD-2026-1332536,29.588584,-98.625281,1790873896000,http://www.sanantonio.gov/sapd/Calls.aspx,Blue,a tbd link,26,10
10/01/26,12:41:39 AM,200 N New Braunfels Ave,78202,Other Calls,Disturbance,4140,EAST,SAPD-2026-1330936,29.421716,-98.461121,1790833299000,http://www.sanantonio.gov/sapd/Calls.aspx,Blue,a tbd link,26,10
10/01/26,12:41:56 AM,300 Vargas St,78203,Other Calls,Suspicious Person,4140,EAST,SAPD-2026-1330933,29.41414,-98.457863,1790833316000,http://www.sanantonio.gov/sapd/Calls.aspx,Blue,a tbd link,26,10
10/01/26,12:41:02 AM,4524-4598 WALZEM RD,78218,Traffic Calls,Traffic Related,4360,EAST,SAPD-2026-1330929,29.51031,-98.401765,1790833262000,http://www.sanantonio.gov/sapd/Calls.aspx,Yellow,a tbd link,26,10
10/01/26,12:01:12 PM,12500 SW LOOP 410,78224,Other Calls,Assist the Public,6160,SOUTH,SAPD-2026-1332547,29.318742,-98.554081,1790874072000,http://www.sanantonio.gov/sapd/Calls.aspx,Blue,a tbd link,26,10
10/01/26,12:43:31 AM,12500 Jones Maltsberger Rd,78232,Other Calls,Disturbance Loud Music,3130,NORTH,SAPD-2026-1330938,29.555797,-98.466906,1790833411000,http://www.sanantonio.gov/sapd/Calls.aspx,Blue,a tbd link,26,10
10/01/26,11:58:40 AM,S Flores St,78205,Other Calls,Injured/Sick Person,1120,DOWNTOWN,SAPD-2026-1332538,29.425078,-98.4946,1790873920000,http://www.sanantonio.gov/sapd/Calls.aspx,Blue,a tbd link,26,10
10/01/26,12:42:16 AM,10 CHAMPIONS RUN,78258,Other Calls,Patrol By,3160,NORTH,SAPD-2026-1330934,29.649056,-98.478672,1790833336000,http://www.sanantonio.gov/sapd/Calls.aspx,Blue,a tbd link,26,10
10/01/26,12:03:21 PM,2100 Oak Ranch,78259,Traffic Calls,Traffic Related,3150,NORTH,SAPD-2026-1332556,29.630223,-98.44744,1790874201000,http://www.sanantonio.gov/sapd/Calls.aspx,Yellow,a tbd link,26,10
10/01/26,12:48:56 AM,300 Ware Blvd,78221,Other Calls,Welfare Check,6250,SOUTH,SAPD-2026-1330948,29.3491,-98.497186,1790833736000,http://www.sanantonio.gov/sapd/Calls.aspx,Blue,a tbd link,26,10
10/01/26,11:58:42 AM,100 ROOSEVELT PARK DR,78210,Other Calls,Patrol By,1140,DOWNTOWN,SAPD-2026-1332539,29.400417,-98.488399,1790873922000,http://www.sanantonio.gov/sapd/Calls.aspx,Blue,a tbd link,26,10
10/01/26,12:46:48 AM,6300 Ridge Tree Dr,78233,Other Calls,Suspicious Person,3250,NORTH,SAPD-2026-1330943,29.574221,-98.364262,1790833608000,http://www.sanantonio.gov/sapd/Calls.aspx,Blue,a tbd link,26,10
10/01/26,12:01:59 PM,10400 West Ave,78213,Traffic Calls,Minor Accident,3110,NORTH,SAPD-2026-1332551,29.535663,-98.520613,1790874119000,http://www.sanantonio.gov/sapd/Calls.aspx,Yellow,a tbd link,26,10
10/01/26,12:45:39 AM,6300 Ridge Tree Dr,78233,Other Calls,Suspicious Person,3250,NORTH,SAPD-2026-1330940,29.574221,-98.364262,1790833539000,http://www.sanantonio.gov/sapd/Calls.aspx,Blue,a tbd link,26,10
10/01/26,12:01:12 PM,300 Noria St,78207,Other Calls,Disturbance Neighbor,2340,CENTRAL,SAPD-2026-1332548,29.405862,-98.526339,1790874072000,http://www.sanantonio.gov/sapd/Calls.aspx,Blue,a tbd link,26,10
10/01/26,12:47:43 AM,300 Nash Blvd,78223,Other Calls,Information,4260,EAST,SAPD-2026-1330945,29.362963,-98.431019,1790833663000,http://www.sanantonio.gov/sapd/Calls.aspx,Blue,a tbd link,26,10
10/01/26,12:00:15 PM,OP SCHNABEL PARK,78250,Other Calls,Patrol By,7320,PRUE,SAPD-2026-1332542,29.533102,-98.642503,1790874015000,http://www.sanantonio.gov/sapd/Calls.aspx,Blue,a tbd link,26,10
10/01/26,12:52:03 AM,Antioch / Greencrest,78213,Other Calls,Welfare Check,2230,CENTRAL,SAPD-2026-1330953,29.488299,-98.528934,1790833923000,http://www.sanantonio.gov/sapd/Calls.aspx,Blue,a tbd link,26,10
10/01/26,12:00:37 PM,11600 SPRING CREST DR,78249,Other Calls,Patrol By,7340,PRUE,SAPD-2026-1332544,29.55151,-98.630269,1790874037000,http://www.sanantonio.gov/sapd/Calls.aspx,Blue,a tbd link,26,10
10/01/26,12:51:22 AM,11100 El Sendero,78233,Other Calls,Assist the Public,3210,NORTH,SAPD-2026-1330951,29.540164,-98.409754,1790833882000,http://www.sanantonio.gov/sapd/Calls.aspx,Blue,a tbd link,26,10
10/01/26,12:01:07 PM,3700 N ST MARY'S ST,78209,Other Calls,Patrol By,1230,DOWNTOWN,SAPD-2026-1332546,29.459012,-98.475369,1790874067000,http://www.sanantonio.gov/sapd/Calls.aspx,Blue,a tbd link,26,10
10/01/26,12:48:46 AM,500 COLUMBUS,78207,Other Calls,Patrol By,1130,DOWNTOWN,SAPD-2026-1330947,29.429977,-98.498964,1790833726000,http://www.sanantonio.gov/sapd/Calls.aspx,Blue,a tbd link,26,10
10/01/26,12:02:07 PM,100 S Ww White Rd,78219,Other Calls,Disturbance,4240,EAST,SAPD-2026-1332552,29.430833,-98.405,1790874127000,http://www.sanantonio.gov/sapd/Calls.aspx,Blue,a tbd link,26,10
10/01/26,12:53:26 AM,500 Morningview St,78220,Other Calls,Disturbance Family,4230,EAST,SAPD-2026-1330955,29.410467,-98.426295,1790834006000,http://www.sanantonio.gov/sapd/Calls.aspx,Blue,a tbd link,26,10
10/01/26,12:04:18 PM,4800 W Commerce St,78237,Other Calls,Suspicious Person,5110,WEST,SAPD-2026-1332560,29.432322,-98.555056,1790874258000,http://www.sanantonio.gov/sapd/Calls.aspx,Blue,a tbd link,26,10
10/01/26,12:53:57 AM,4400 Horizon Hill Blvd,78229,Other Calls,Disturbance,7120,PRUE,SAPD-2026-1330956,29.518209,-98.560208,1790834037000,http://www.sanantonio.gov/sapd/Calls.aspx,Blue,a tbd link,26,10
10/01/26,12:09:21 PM,7600 Meadow Lawn,78251,Other Calls,Information,5320,WEST,SAPD-2026-1332578,29.464434,-98.64078,1790874561000,http://www.sanantonio.gov/sapd/Calls.aspx,Blue,a tbd link,26,10
10/01/26,12:57:11 AM,8200 Windlake Dr,78230,Other Calls,Suspicious Person,7210,PRUE,SAPD-2026-1330962,29.51342,-98.540042,1790834231000,http://www.sanantonio.gov/sapd/Calls.aspx,Blue,a tbd link,26,10
10/01/26,12:02:38 PM,2100 Bandera Rd,78228,Other Calls,Disturbance,5260,WEST,SAPD-2026-1332553,29.473501,-98.580872,1790874158000,http://www.sanantonio.gov/sapd/Calls.aspx,Blue,a tbd link,26,10
10/01/26,12:58:04 AM,1200 Avenue B,78215,Crimes Against Person Calls,Assault In Progress,1130,DOWNTOWN,SAPD-2026-1330963,29.4369,-98.480104,1790834284000,http://www.sanantonio.gov/sapd/Calls.aspx,Red,a tbd link,26,10
10/01/26,12:04:57 PM,Babcock Rd / Eckhert Rd,78240,Property Crime Calls,Panhandler,7160,PRUE,SAPD-2026-1332565,29.517598,-98.595009,1790874297000,http://www.sanantonio.gov/sapd/Calls.aspx,Green,a tbd link,26,10
10/01/26, 1:02:59,4100 Parkdale Dr,78229,Traffic Calls,Minor Accident,7120,PRUE,SAPD-2026-1330974,29.526297,-98.564697,1790834579000,http://www.sanantonio.gov/sapd/Calls.aspx,Yellow,a tbd link,26,10
10/01/26,12:06:16 PM,5800 Rogers Rd,78251,Other Calls,Disturbance,5350,WEST,SAPD-2026-1332572,29.490671,-98.700789,1790874376000,http://www.sanantonio.gov/sapd/Calls.aspx,Blue,a tbd link,26,10
10/01/26,12:56:58 AM,1200 N FRIO ST,78207,Other Calls,Ordinance Violation,2310,CENTRAL,SAPD-2026-1330960,29.437839,-98.506122,1790834218000,http://www.sanantonio.gov/sapd/Calls.aspx,Blue,a tbd link,26,10
10/01/26,12:04:56 PM,Us Hwy 90 W Wb / Cupples Rd,78237,Traffic Calls,Traffic Related,5120,WEST,SAPD-2026-1332564,29.404004,-98.548358,1790874296000,http://www.sanantonio.gov/sapd/Calls.aspx,Yellow,a tbd link,26,10
10/01/26,12:57:09 AM,8400 QUAIL CREEK DR,78218,Traffic Calls,Traffic Related,4360,EAST,SAPD-2026-1330961,29.515502,-98.414881,1790834229000,http://www.sanantonio.gov/sapd/Calls.aspx,Yellow,a tbd link,26,10
10/01/26,12:04:22 PM,300 ALAMOSA,78210,Other Calls,Patrol By,1140,DOWNTOWN,SAPD-2026-1332561,29.396141,-98.485086,1790874262000,http://www.sanantonio.gov/sapd/Calls.aspx,Blue,a tbd link,26,10
10/01/26,12:58:37 AM,600 Soledad St,78205,Crimes Against Person Calls,Assault In Progress,1130,DOWNTOWN,SAPD-2026-1330965,29.432409,-98.493052,1790834317000,http://www.sanantonio.gov/sapd/Calls.aspx,Red,a tbd link,26,10
10/01/26,12:06:21 PM,5300 Roosevelt Ave,78214,Other Calls,Suspicious Person,6260,SOUTH,SAPD-2026-1332571,29.322958,-98.477409,1790874381000,http://www.sanantonio.gov/sapd/Calls.aspx,Blue,a tbd link,26,10
10/01/26, 1:00:05,3200 Se Military Dr,78223,Other Calls,Disturbance,6270,SOUTH,SAPD-2026-1330966,29.352079,-98.4355,1790834405000,http://www.sanantonio.gov/sapd/Calls.aspx,Blue,a tbd link,26,10
10/01/26,12:08:41 PM,1000 Locke St,78208,Property Crime Calls,Theft of Vehicle,4130,EAST,SAPD-2026-1332582,29.437353,-98.447702,1790874521000,http://www.sanantonio.gov/sapd/Calls.aspx,Green,a tbd link,26,10
10/01/26, 1:01:39,18400 Us Hwy 281 N,78258,Other Calls,Disturbance,3160,NORTH,SAPD-2026-1330972,29.610652,-98.468633,1790834499000,http://www.sanantonio.gov/sapd/Calls.aspx,Blue,a tbd link,26,10
10/01/26,12:06:10 PM,601-699 Ih 35 S Sb,78225,Traffic Calls,Traffic Related,6110,SOUTH,SAPD-2026-1332569,29.39494,-98.51135,1790874370000,http://www.sanantonio.gov/sapd/Calls.aspx,Yellow,a tbd link,26,10
10/01/26,12:13:11 PM,700 Donaldson Ave,78201,Other Calls,Disturbance,5210,WEST,SAPD-2026-1332593,29.463763,-98.537573,1790874791000,http://www.sanantonio.gov/sapd/Calls.aspx,Blue,a tbd link,26,10
10/01/26,12:09:52 PM,Fiesta Trail Shopping Center,78230,Traffic Calls,Accident Private Property,7230,PRUE,SAPD-2026-1332581,29.563008,-98.588284,1790874592000,http://www.sanantonio.gov/sapd/Calls.aspx,Yellow,a tbd link,26,10
10/01/26,12:11:07 PM,300 E Basse Rd,78209,Traffic Calls,Minor Accident,3330,NORTH,SAPD-2026-1332586,29.496667,-98.478056,1790874667000,http://www.sanantonio.gov/sapd/Calls.aspx,Yellow,a tbd link,26,10
10/01/26,12:14:57 PM,11000 Ih 35 N,78233,Traffic Calls,Minor Accident,3230,NORTH,SAPD-2026-1332597,29.538177,-98.380806,1790874897000,http://www.sanantonio.gov/sapd/Calls.aspx,Yellow,a tbd link,26,10
10/01/26, 1:06:59,400 Drake Ave,78204,Other Calls,Disturbance,2340,CENTRAL,SAPD-2026-1330987,29.399812,-98.518901,1790834819000,http://www.sanantonio.gov/sapd/Calls.aspx,Blue,a tbd link,26,10
10/01/26,12:09:02 PM,N0 IH 37 S ONRP  PV DR,78223,Traffic Calls,Traffic Related,4220,EAST,SAPD-2026-1332577,29.363987,-98.445354,1790874542000,http://www.sanantonio.gov/sapd/Calls.aspx,Yellow,a tbd link,26,10
10/01/26, 1:01:18,100 Epler,78228,Other Calls,Suspicious Person,5230,WEST,SAPD-2026-1330969,29.476213,-98.553124,1790834478000,http://www.sanantonio.gov/sapd/Calls.aspx,Blue,a tbd link,26,10
10/01/26,12:09:45 PM,Us Hwy 90 W Wb / Cupples Rd,78237,Traffic Calls,Traffic Related,5120,WEST,SAPD-2026-1332579,29.404004,-98.548358,1790874585000,http://www.sanantonio.gov/sapd/Calls.aspx,Yellow,a tbd link,26,10
10/01/26,12:58:34 AM,10 CHAMPIONS,78258,Other Calls,Patrol By,3160,NORTH,SAPD-2026-1330964,29.652043,-98.479731,1790834314000,http://www.sanantonio.gov/sapd/Calls.aspx,Blue,a tbd link,26,10
10/01/26, 1:00:47,6100 OLD PEARSALL RD,78242,Traffic Calls,Traffic Related,6340,SOUTH,SAPD-2026-1330968,29.343896,-98.617857,1790834447000,http://www.sanantonio.gov/sapd/Calls.aspx,Yellow,a tbd link,26,10
10/01/26,12:11:39 PM,1700 Lamar St,78202,Other Calls,Disturbance,4130,EAST,SAPD-2026-1332587,29.430858,-98.453997,1790874699000,http://www.sanantonio.gov/sapd/Calls.aspx,Blue,a tbd link,26,10
10/01/26, 1:01:36,500 S ACME RD,78237,Other Calls,Patrol By,5140,WEST,SAPD-2026-1330970,29.424679,-98.587562,1790834496000,http://www.sanantonio.gov/sapd/Calls.aspx,Blue,a tbd link,26,10
10/01/26,12:09:46 PM,300-398 CASTILLO AVE,78210,Traffic Calls,Traffic Related,1140,DOWNTOWN,SAPD-2026-1332580,29.396106,-98.48268,1790874586000,http://www.sanantonio.gov/sapd/Calls.aspx,Yellow,a tbd link,26,10
10/01/26, 1:04:29,1000 Mercer Dr,78245,Other Calls,Prowler,5360,WEST,SAPD-2026-1330980,29.427354,-98.685473,1790834669000,http://www.sanantonio.gov/sapd/Calls.aspx,Blue,a tbd link,26,10
10/01/26,12:14:56 PM,11500 Big Mesa,78245,Traffic Calls,Minor Accident,NOT SAPD BEX,SAPD OUTSIDE AREA,SAPD-2026-1332603,29.39575,-98.701906,1790874896000,http://www.sanantonio.gov/sapd/Calls.aspx,Yellow,a tbd link,26,10
10/01/26, 1:03:11,200 Whitewood Dr,78242,Other Calls,SAPD Emergency Call,6350,SOUTH,SAPD-2026-1330975,29.366846,-98.600353,1790834591000,http://www.sanantonio.gov/sapd/Calls.aspx,Blue,a tbd link,26,10
10/01/26,12:10:47 PM,700 CULBERSON AVE,78225,Other Calls,Patrol By,6120,SOUTH,SAPD-2026-1332585,29.382133,-98.539463,1790874647000,http://www.sanantonio.gov/sapd/Calls.aspx,Blue,a tbd link,26,10
10/01/26, 1:04:15,1100 Avenue B,78215,Other Calls,Disturbance,1130,DOWNTOWN,SAPD-2026-1330979,29.4369,-98.480104,1790834655000,http://www.sanantonio.gov/sapd/Calls.aspx,Blue,a tbd link,26,10
10/01/26,12:12:50 PM,9400-9598 SOUTHTON RD,78223,Traffic Calls,Minor Accident,6270,SOUTH,SAPD-2026-1332592,29.32472,-98.432936,1790874770000,http://www.sanantonio.gov/sapd/Calls.aspx,Yellow,a tbd link,26,10
10/01/26, 1:03:27,8000 CORAL MEADOW,78109,Crimes Against Person Calls,Violation of Protective Order,NOT SAPD BEX,SAPD OUTSIDE AREA,SAPD-2026-1330976,29.487909,-98.321399,1790834607000,http://www.sanantonio.gov/sapd/Calls.aspx,Red,a tbd link,26,10
10/01/26, 1:03:48,100 Illg,78211,Other Calls,Disturbance,6120,SOUTH,SAPD-2026-1330978,29.380173,-98.52973,1790834628000,http://www.sanantonio.gov/sapd/Calls.aspx,Blue,a tbd link,26,10
10/01/26,12:12:29 PM,500 Billy Mitchell Blvd,78226,Other Calls,Narcotic Laws,6310,SOUTH,SAPD-2026-1332590,29.384475,-98.564876,1790874749000,http://www.sanantonio.gov/sapd/Calls.aspx,Blue,a tbd link,26,10
10/01/26, 1:10:57,500 Koehler Ct,78223,Property Crime Calls,Theft,6240,SOUTH,SAPD-2026-1330997,29.366989,-98.458704,1790835057000,http://www.sanantonio.gov/sapd/Calls.aspx,Green,a tbd link,26,10
10/01/26,12:11:54 PM,5300 ROOSEVELT AVE,78214,Other Calls,CRT Follow Up,6250,SOUTH,SAPD-2026-1332588,29.322383,-98.478013,1790874714000,http://www.sanantonio.gov/sapd/Calls.aspx,Blue,a tbd link,26,10
10/01/26, 1:04:45,3900 Rittiman Rd,78234,Traffic Calls,Abandoned Vehicle,4350,EAST,SAPD-2026-1330981,29.4837,-98.416936,1790834685000,http://www.sanantonio.gov/sapd/Calls.aspx,Yellow,a tbd link,26,10
10/01/26,12:14:44 PM,8900 Skip Jack Dr,78242,Other Calls,Disturbance,6340,SOUTH,SAPD-2026-1332599,29.335581,-98.616281,1790874884000,http://www.sanantonio.gov/sapd/Calls.aspx,Blue,a tbd link,26,10
10/01/26, 1:06:08,2000-2099 Encino Belle,78259,Traffic Calls,Traffic Violation,3150,NORTH,SAPD-2026-1330985,29.627158,-98.450992,1790834768000,http://www.sanantonio.gov/sapd/Calls.aspx,Yellow,a tbd link,26,10
10/01/26,12:14:30 PM,4000 Broadway,78209,Other Calls,Information,1230,DOWNTOWN,SAPD-2026-1332594,29.463156,-98.465436,1790874870000,http://www.sanantonio.gov/sapd/Calls.aspx,Blue,a tbd link,26,10
10/01/26,12:12:21 PM,2700 E COMMERCE ST,78203,Other Calls,CRT Follow Up,4140,EAST,SAPD-2026-1332589,29.419197,-98.448689,1790874741000,http://www.sanantonio.gov/sapd/Calls.aspx,Blue,a tbd link,26,10
10/01/26,12:16:22 PM,4900 W Commerce St,78237,Other Calls,Disturbance,5110,WEST,SAPD-2026-1332602,29.431167,-98.558392,1790874982000,http://www.sanantonio.gov/sapd/Calls.aspx,Blue,a tbd link,26,10
10/01/26, 1:06:42,15600 Market Hill Blvd,78256,Other Calls,Disturbance Loud Music,7250,PRUE,SAPD-2026-1330986,29.590894,-98.622278,1790834802000,http://www.sanantonio.gov/sapd/Calls.aspx,Blue,a tbd link,26,10
10/01/26,12:14:53 PM,E0 N Loop 1604 W Ofrp Wb Ih 10 N,78249,Traffic Calls,Traffic Related,7250,PRUE,SAPD-2026-1332596,29.59104,-98.598827,1790874893000,http://www.sanantonio.gov/sapd/Calls.aspx,Yellow,a tbd link,26,10
10/01/26, 1:05:58,1900 HERBERT LN,78227,Other Calls,Patrol By,5120,WEST,SAPD-2026-1330984,29.413771,-98.595806,1790834758000,http://www.sanantonio.gov/sapd/Calls.aspx,Blue,a tbd link,26,10
10/01/26,12:14:42 PM,1751-1799 S WW WHITE RD,78220,Traffic Calls,Traffic Related,4230,EAST,SAPD-2026-1332595,29.401642,-98.405412,1790874882000,http://www.sanantonio.gov/sapd/Calls.aspx,Yellow,a tbd link,26,10
10/01/26, 1:09:22,100 Epler,78228,Other Calls,Prowler,5230,WEST,SAPD-2026-1330994,29.476213,-98.553124,1790834962000,http://www.sanantonio.gov/sapd/Calls.aspx,Blue,a tbd link,26,10
10/01/26,12:17:10 PM,5600 Business Park,78218,Traffic Calls,Accident Private Property,4340,EAST,SAPD-2026-1332607,29.478118,-98.393753,1790875030000,http://www.sanantonio.gov/sapd/Calls.aspx,Yellow,a tbd link,26,10
10/01/26, 1:10:50,8400 Sweet Maiden Dr,78242,Other Calls,Welfare Check,6340,SOUTH,SAPD-2026-1330996,29.343666,-98.602446,1790835050000,http://www.sanantonio.gov/sapd/Calls.aspx,Blue,a tbd link,26,10
10/01/26, 1:08:53,Eucalyptus Way / Cocobolo Ct,78227,Property Crime Calls,Theft In Progress,6360,SOUTH,SAPD-2026-1330989,29.383721,-98.63836,1790834933000,http://www.sanantonio.gov/sapd/Calls.aspx,Green,a tbd link,26,10
10/01/26, 1:10:26,7800 W Loop 1604 N,78254,Other Calls,Suspicious Person,7360,PRUE,SAPD-2026-1330995,29.511865,-98.696617,1790835026000,http://www.sanantonio.gov/sapd/Calls.aspx,Blue,a tbd link,26,10
10/01/26,12:20:31 PM,300 S Santa Rosa,78207,Property Crime Calls,Criminal Mischief,1120,DOWNTOWN,SAPD-2026-1332617,29.422478,-98.498873,1790875231000,http://www.sanantonio.gov/sapd/Calls.aspx,Green,a tbd link,26,10
10/01/26, 1:12:03,10800 Randolph Way,78109,Other Calls,Welfare Check,4310,EAST,SAPD-2026-1330998,29.467608,-98.272862,1790835123000,http://www.sanantonio.gov/sapd/Calls.aspx,Blue,a tbd link,26,10
10/01/26,12:19:37 PM,7300 W Loop 1604 N,78250,Crimes Against Person Calls,Suspicious Vehicle,7360,PRUE,SAPD-2026-1332613,29.506389,-98.69718,1790875177000,http://www.sanantonio.gov/sapd/Calls.aspx,Red,a tbd link,26,10
10/01/26, 1:09:41,15600 Market Hill Blvd,78256,Other Calls,Disturbance Loud Music,7250,PRUE,SAPD-2026-1330992,29.590894,-98.622278,1790834981000,http://www.sanantonio.gov/sapd/Calls.aspx,Blue,a tbd link,26,10
10/01/26,12:21:21 PM,3200 BUENA VISTA ST,78207,Property Crime Calls,Theft of Vehicle,2330,CENTRAL,SAPD-2026-1332622,29.427708,-98.533965,1790875281000,http://www.sanantonio.gov/sapd/Calls.aspx,Green,a tbd link,26,10
10/01/26, 1:08:45,15500 NACOGDOCHES RD,78247,Other Calls,Patrol By,3260,NORTH,SAPD-2026-1330988,29.582004,-98.367219,1790834925000,http://www.sanantonio.gov/sapd/Calls.aspx,Blue,a tbd link,26,10
10/01/26,12:18:00 PM,5300 Roosevelt Ave,78214,Other Calls,Missing Person - Endangered,6260,SOUTH,SAPD-2026-1332611,29.322958,-98.477409,1790875080000,http://www.sanantonio.gov/sapd/Calls.aspx,Blue,a tbd link,26,10
10/01/26,12:20:58 PM,9000 Guilbeau Rd,78250,Other Calls,Miscellaneous,7320,PRUE,SAPD-2026-1332618,29.518069,-98.660928,1790875258000,http://www.sanantonio.gov/sapd/Calls.aspx,Blue,a tbd link,26,10
10/01/26, 1:09:09,5800 HISTORIC OLD HWY 90,78227,Other Calls,Patrol By,5150,WEST,SAPD-2026-1330990,29.413497,-98.60391,1790834949000,http://www.sanantonio.gov/sapd/Calls.aspx,Blue,a tbd link,26,10
10/01/26,12:20:00 PM,3100 N ST MARY'S ST,78212,Other Calls,Patrol By,1240,DOWNTOWN,SAPD-2026-1332615,29.453375,-98.484032,1790875200000,http://www.sanantonio.gov/sapd/Calls.aspx,Blue,a tbd link,26,10
10/01/26, 1:09:22,801-899 NE LOOP 410,78209,Traffic Calls,DWI,3360,NORTH,SAPD-2026-1330991,29.516902,-98.462255,1790834962000,http://www.sanantonio.gov/sapd/Calls.aspx,Yellow,a tbd link,26,10
10/01/26,12:21:21 PM,500 S Frio St,78207,Other Calls,Assist the Public,2370,CENTRAL,SAPD-2026-1332623,29.421551,-98.504866,1790875281000,http://www.sanantonio.gov/sapd/Calls.aspx,Blue,a tbd link,26,10
10/01/26, 1:12:00,15600 Market Hill Blvd,78256,Other Calls,Disturbance Loud Music,7250,PRUE,SAPD-2026-1330999,29.590894,-98.622278,1790835120000,http://www.sanantonio.gov/sapd/Calls.aspx,Blue,a tbd link,26,10
10/01/26,12:21:04 PM,300 E Commerce St,78205,Property Crime Calls,Theft In Progress,1110,DOWNTOWN,SAPD-2026-1332620,29.42402,-98.489714,1790875264000,http://www.sanantonio.gov/sapd/Calls.aspx,Green,a tbd link,26,10
10/01/26, 1:13:43,U0 Hwy 90 W Eb,78237,Traffic Calls,Traffic Related,6310,SOUTH,SAPD-2026-1331003,29.404118,-98.551675,1790835223000,http://www.sanantonio.gov/sapd/Calls.aspx,Yellow,a tbd link,26,10
10/01/26,12:22:49 PM,Sb Ih 10 W Ofrp Wurzbach Rd / Sb Ih 10 W Onrp Huebner Rd,78288,Traffic Calls,Minor Accident,7150,PRUE,SAPD-2026-1332627,29.540661,-98.572659,1790875369000,http://www.sanantonio.gov/sapd/Calls.aspx,Yellow,a tbd link,26,10
10/01/26, 1:12:39,Nw Loop 410 Wb / Military Dr W,78245,Traffic Calls,Traffic Related,5160,WEST,SAPD-2026-1331000,29.442615,-98.638788,1790835159000,http://www.sanantonio.gov/sapd/Calls.aspx,Yellow,a tbd link,26,10
10/01/26,12:22:47 PM,5300 N Loop 1604 W,78249,Traffic Calls,Minor Accident,7260,PRUE,SAPD-2026-1332628,29.593322,-98.59016,1790875367000,http://www.sanantonio.gov/sapd/Calls.aspx,Yellow,a tbd link,26,10
10/01/26, 1:21:06,N Loop 1604 E Eb / Redland Rd,78247,Other Calls,Welfare Check,3140,NORTH,SAPD-2026-1331025,29.60241,-98.443126,1790835666000,http://www.sanantonio.gov/sapd/Calls.aspx,Blue,a tbd link,26,10
10/01/26,12:21:04 PM,100 E FEST ST,78204,Traffic Calls,Traffic Related,1140,DOWNTOWN,SAPD-2026-1332619,29.406428,-98.501695,1790875264000,http://www.sanantonio.gov/sapd/Calls.aspx,Yellow,a tbd link,26,10
10/01/26, 1:16:42,5300 Nw Loop 410,78228,Other Calls,Patrol By,5260,WEST,SAPD-2026-1331012,29.485898,-98.58775,1790835402000,http://www.sanantonio.gov/sapd/Calls.aspx,Blue,a tbd link,26,10
10/01/26,12:21:45 PM,7253-7277 Nw Loop 410 Wb,78245,Traffic Calls,Minor Accident,5160,WEST,SAPD-2026-1332625,29.450268,-98.632491,1790875305000,http://www.sanantonio.gov/sapd/Calls.aspx,Yellow,a tbd link,26,10
10/01/26, 1:15:28,7300 San Pedro Ave,78216,Crimes Against Person Calls,Holdup Alarm In Progress,3320,NORTH,SAPD-2026-1331008,29.516389,-98.498708,1790835328000,http://www.sanantonio.gov/sapd/Calls.aspx,Red,a tbd link,26,10
10/01/26,12:25:24 PM,1300 Avant Ave,78210,Property Crime Calls,Theft,4210,EAST,SAPD-2026-1332637,29.394983,-98.448165,1790875524000,http://www.sanantonio.gov/sapd/Calls.aspx,Green,a tbd link,26,10
10/01/26, 1:15:15,1500 Upland Dr,78219,Crimes Against Person Calls,Assault In Progress,4230,EAST,SAPD-2026-1331006,29.427773,-98.414446,1790835315000,http://www.sanantonio.gov/sapd/Calls.aspx,Red,a tbd link,26,10
10/01/26,12:22:37 PM,7253-7277 Nw Loop 410 Wb,78245,Traffic Calls,Major Accident,5160,WEST,SAPD-2026-1332626,29.450348,-98.632426,1790875357000,http://www.sanantonio.gov/sapd/Calls.aspx,Yellow,a tbd link,26,10
10/01/26, 1:15:27,1200 N FRIO ST,78207,Other Calls,Wanted Person,2310,CENTRAL,SAPD-2026-1331007,29.437839,-98.506122,1790835327000,http://www.sanantonio.gov/sapd/Calls.aspx,Blue,a tbd link,26,10
10/01/26,12:27:19 PM,I0 10 W Access Rd,78288,Traffic Calls,Minor Accident,7150,PRUE,SAPD-2026-1332644,29.539414,-98.571243,1790875639000,http://www.sanantonio.gov/sapd/Calls.aspx,Yellow,a tbd link,26,10
10/01/26, 1:17:33,1500 Upland Dr,78219,Crimes Against Person Calls,Assault In Progress,4230,EAST,SAPD-2026-1331015,29.427773,-98.414446,1790835453000,http://www.sanantonio.gov/sapd/Calls.aspx,Red,a tbd link,26,10
10/01/26,12:24:36 PM,500 Sw Military Dr,78221,Other Calls,Disturbance,6230,SOUTH,SAPD-2026-1332632,29.356701,-98.500157,1790875476000,http://www.sanantonio.gov/sapd/Calls.aspx,Blue,a tbd link,26,10
10/01/26,12:26:42 PM,N Loop 1604 W Sb / La Cantera Pkwy,78256,Traffic Calls,Traffic Related,7250,PRUE,SAPD-2026-1332642,29.588571,-98.619571,1790875602000,http://www.sanantonio.gov/sapd/Calls.aspx,Yellow,a tbd link,26,10
10/01/26,12:24:53 PM,200 Carmen Place,78207,Property Crime Calls,Criminal Mischief,2350,CENTRAL,SAPD-2026-1332636,29.404846,-98.53564,1790875493000,http://www.sanantonio.gov/sapd/Calls.aspx,Green,a tbd link,26,10
10/01/26, 1:17:18,7200 Calypso Canyon,78252,Other Calls,SAPD Emergency Call,NOT SAPD BEX,SAPD OUTSIDE AREA,SAPD-2026-1331014,29.35788,-98.72895,1790835438000,http://www.sanantonio.gov/sapd/Calls.aspx,Blue,a tbd link,26,10
10/01/26,12:26:20 PM,14700 Bending Pt,78247,Other Calls,Miscellaneous,3220,NORTH,SAPD-2026-1332639,29.57339,-98.442174,1790875580000,http://www.sanantonio.gov/sapd/Calls.aspx,Blue,a tbd link,26,10
10/01/26, 1:27:30,1100 Lovera Blvd,78201,Other Calls,Disturbance Loud Music,2220,CENTRAL,SAPD-2026-1331035,29.483815,-98.51251,1790836050000,http://www.sanantonio.gov/sapd/Calls.aspx,Blue,a tbd link,26,10
10/01/26,12:24:02 PM,1500 SALTILLO ST,78207,Other Calls,Patrol By,2350,CENTRAL,SAPD-2026-1332630,29.411794,-98.536283,1790875442000,http://www.sanantonio.gov/sapd/Calls.aspx,Blue,a tbd link,26,10
10/01/26, 1:20:14,7200 Blanco Rd,78216,Crimes Against Person Calls,Suspicious Vehicle,3350,NORTH,SAPD-2026-1331023,29.524811,-98.502336,1790835614000,http://www.sanantonio.gov/sapd/Calls.aspx,Red,a tbd link,26,10
10/01/26,12:25:01 PM,N Loop 1604 W / Ih 10 W,78249,Traffic Calls,Traffic Related,7250,PRUE,SAPD-2026-1332635,29.591068,-98.601992,1790875501000,http://www.sanantonio.gov/sapd/Calls.aspx,Yellow,a tbd link,26,10
10/01/26, 1:19:14,7900 WESTSHIRE DR,78227,Other Calls,Patrol By,5170,WEST,SAPD-2026-1331019,29.411164,-98.643044,1790835554000,http://www.sanantonio.gov/sapd/Calls.aspx,Blue,a tbd link,26,10
10/01/26,12:28:51 PM,5300 N Loop 1604 W,78249,Traffic Calls,Minor Accident,7260,PRUE,SAPD-2026-1332648,29.593322,-98.59016,1790875731000,http://www.sanantonio.gov/sapd/Calls.aspx,Yellow,a tbd link,26,10
10/01/26, 1:19:26,9500-9898 AIRPORT BLVD,78216,Other Calls,Welfare Check,3350,NORTH,SAPD-2026-1331020,29.526148,-98.472058,1790835566000,http://www.sanantonio.gov/sapd/Calls.aspx,Blue,a tbd link,26,10
10/01/26,12:26:36 PM,N Loop 1604 W Wb / Nw Military Hwy,78249,Traffic Calls,Major Accident,7260,PRUE,SAPD-2026-1332641,29.599685,-98.563844,1790875596000,http://www.sanantonio.gov/sapd/Calls.aspx,Yellow,a tbd link,26,10
10/01/26, 1:19:33,S0 LOOP 410 ACCESS RD,78227,Traffic Calls,Traffic Related,5170,WEST,SAPD-2026-1331021,29.417758,-98.648742,1790835573000,http://www.sanantonio.gov/sapd/Calls.aspx,Yellow,a tbd link,26,10
10/01/26,12:27:52 PM,700 Fredericksburg Rd,78201,Crimes Against Person Calls,Threats,1220,DOWNTOWN,SAPD-2026-1332646,29.45004,-98.512249,1790875672000,http://www.sanantonio.gov/sapd/Calls.aspx,Red,a tbd link,26,10
10/01/26, 1:19:43,9600 BANDERA RD,78240,Other Calls,Patrol By,7320,PRUE,SAPD-2026-1331022,29.534239,-98.642664,1790835583000,http://www.sanantonio.gov/sapd/Calls.aspx,Blue,a tbd link,26,10
10/01/26,12:27:23 PM,6500 SPRING TIME DR,78249,Other Calls,Patrol By,7340,PRUE,SAPD-2026-1332643,29.552323,-98.617064,1790875643000,http://www.sanantonio.gov/sapd/Calls.aspx,Blue,a tbd link,26,10
10/01/26, 1:22:49,600 W Woodlawn Ave,78212,Other Calls,DOA,1220,DOWNTOWN,SAPD-2026-1331028,29.452528,-98.503838,1790835769000,http://www.sanantonio.gov/sapd/Calls.aspx,Blue,a tbd link,26,10
10/01/26,12:29:06 PM,Galm Rd / Aikman Way,78254,Crimes Against Person Calls,Assault,5350,WEST,SAPD-2026-1332653,29.533481,-98.749241,1790875746000,http://www.sanantonio.gov/sapd/Calls.aspx,Red,a tbd link,26,10
10/01/26, 1:28:10,7100 Blanco Rd,78216,Other Calls,Suspicious Person,3350,NORTH,SAPD-2026-1331039,29.522222,-98.505,1790836090000,http://www.sanantonio.gov/sapd/Calls.aspx,Blue,a tbd link,26,10
10/01/26,12:27:41 PM,300 PENNYSTONE AVE,78223,Other Calls,CRT Follow Up,4220,EAST,SAPD-2026-1332645,29.378392,-98.449841,1790875661000,http://www.sanantonio.gov/sapd/Calls.aspx,Blue,a tbd link,26,10
10/01/26, 1:24:51,1100 SE MILITARY DR,78214,Other Calls,Suspicious Person,6260,SOUTH,SAPD-2026-1331030,29.355714,-98.480756,1790835891000,http://www.sanantonio.gov/sapd/Calls.aspx,Blue,a tbd link,26,10
10/01/26,12:29:19 PM,9600 Westover Hills Blvd,78251,Crimes Against Person Calls,Holdup Alarm In Progress,5350,WEST,SAPD-2026-1332650,29.469336,-98.674714,1790875759000,http://www.sanantonio.gov/sapd/Calls.aspx,Red,a tbd link,26,10
10/01/26, 1:27:14,5420-5598 Us Hwy 90 W Eb,78219,Traffic Calls,Traffic Related,6310,SOUTH,SAPD-2026-1331045,29.407451,-98.597097,1790836034000,http://www.sanantonio.gov/sapd/Calls.aspx,Yellow,a tbd link,26,10
10/01/26,12:32:17 PM,3100 Sw Military Dr,78224,Other Calls,Disturbance,6320,SOUTH,SAPD-2026-1332662,29.357611,-98.548525,1790875937000,http://www.sanantonio.gov/sapd/Calls.aspx,Blue,a tbd link,26,10
10/01/26, 1:26:19,301-399 BARBARA DR,78216,Traffic Calls,Traffic Related,3310,NORTH,SAPD-2026-1331033,29.503351,-98.483556,1790835979000,http://www.sanantonio.gov/sapd/Calls.aspx,Yellow,a tbd link,26,10
10/01/26,12:31:41 PM,700 Pickwell Dr,78223,Other Calls,Welfare Check,4260,EAST,SAPD-2026-1332657,29.369721,-98.431269,1790875901000,http://www.sanantonio.gov/sapd/Calls.aspx,Blue,a tbd link,26,10
10/01/26, 1:27:58,4800 Ray Bon Dr,78218,Other Calls,Disturbance,4340,EAST,SAPD-2026-1331040,29.489943,-98.384578,1790836078000,http://www.sanantonio.gov/sapd/Calls.aspx,Blue,a tbd link,26,10
10/01/26,12:29:33 PM,3100 HIAWATHA,78210,Other Calls,Patrol By,4210,EAST,SAPD-2026-1332652,29.384037,-98.437081,1790875773000,http://www.sanantonio.gov/sapd/Calls.aspx,Blue,a tbd link,26,10
10/01/26,12:30:22 PM,14400 Vance Jackson Rd,78249,Traffic Calls,Traffic Related,7230,PRUE,SAPD-2026-1332654,29.578918,-98.587201,1790875822000,http://www.sanantonio.gov/sapd/Calls.aspx,Yellow,a tbd link,26,10
10/01/26, 1:28:10,7600 MILITARY DR W,78227,Other Calls,Patrol By,5170,WEST,SAPD-2026-1331038,29.419864,-98.629644,1790836090000,http://www.sanantonio.gov/sapd/Calls.aspx,Blue,a tbd link,26,10
10/01/26,12:31:22 PM,6300 Marrogot Run,78233,Other Calls,Disturbance,3250,NORTH,SAPD-2026-1332655,29.558334,-98.363386,1790875882000,http://www.sanantonio.gov/sapd/Calls.aspx,Blue,a tbd link,26,10
10/01/26, 1:30:56,3100 Fredericksburg Rd,78201,Other Calls,Injured/Sick Person,5230,WEST,SAPD-2026-1331044,29.471518,-98.533091,1790836256000,http://www.sanantonio.gov/sapd/Calls.aspx,Blue,a tbd link,26,10
10/01/26,12:37:01 PM,500 S Flores St,78204,Property Crime Calls,Theft,1140,DOWNTOWN,SAPD-2026-1332674,29.419357,-98.496503,1790876221000,http://www.sanantonio.gov/sapd/Calls.aspx,Green,a tbd link,26,10
10/01/26, 1:34:53,5100 Glen Rdg,78229,Other Calls,Disturbance,7140,PRUE,SAPD-2026-1331049,29.491475,-98.589964,1790836493000,http://www.sanantonio.gov/sapd/Calls.aspx,Blue,a tbd link,26,10
10/01/26,12:32:25 PM,Grissom Rd / Timberwilde Dr,78251,Traffic Calls,Traffic Related,7330,PRUE,SAPD-2026-1332659,29.48317,-98.663502,1790875945000,http://www.sanantonio.gov/sapd/Calls.aspx,Yellow,a tbd link,26,10
10/01/26, 1:34:01,10700 NACOGDOCHES RD,78217,Other Calls,Patrol By,3360,NORTH,SAPD-2026-1331048,29.535464,-98.42296,1790836441000,http://www.sanantonio.gov/sapd/Calls.aspx,Blue,a tbd link,26,10
10/01/26,12:34:42 PM,W0 Hy90 W Ofrp Gh Dr,78207,Traffic Calls,Minor Accident,2340,CENTRAL,SAPD-2026-1332667,29.401617,-98.536575,1790876082000,http://www.sanantonio.gov/sapd/Calls.aspx,Yellow,a tbd link,26,10
10/01/26, 1:36:14,W Loop 1604 S / Falcon Wolf,78245,Other Calls,SAPD Non-Emergency Call,NOT SAPD BEX,SAPD OUTSIDE AREA,SAPD-2026-1331054,29.416873,-98.709107,1790836574000,http://www.sanantonio.gov/sapd/Calls.aspx,Blue,a tbd link,26,10
10/01/26, 1:35:10,7400 STATE HWY 151,78227,Other Calls,Patrol By,5150,WEST,SAPD-2026-1331050,29.432803,-98.631773,1790836510000,http://www.sanantonio.gov/sapd/Calls.aspx,Blue,a tbd link,26,10
10/01/26,12:35:24 PM,1000 Sw 40th St,78237,Other Calls,Miscellaneous,5120,WEST,SAPD-2026-1332672,29.411137,-98.58335,1790876124000,http://www.sanantonio.gov/sapd/Calls.aspx,Blue,a tbd link,26,10
10/01/26, 1:39:16,20200 HARDY OAK BLVD,78258,Other Calls,Patrol By,3160,NORTH,SAPD-2026-1331055,29.629603,-98.478819,1790836756000,http://www.sanantonio.gov/sapd/Calls.aspx,Blue,a tbd link,26,10
10/01/26,12:33:37 PM,Us Hwy 90 W / General Hudnell Dr,78207,Traffic Calls,Minor Accident,6310,SOUTH,SAPD-2026-1332664,29.39979,-98.533726,1790876017000,http://www.sanantonio.gov/sapd/Calls.aspx,Yellow,a tbd link,26,10
10/01/26, 1:39:31,8100 GUILBEAU RD,78250,Other Calls,Patrol By,7320,PRUE,SAPD-2026-1331056,29.519082,-98.645878,1790836771000,http://www.sanantonio.gov/sapd/Calls.aspx,Blue,a tbd link,26,10
10/01/26,12:33:18 PM,7000 Culebra Rd,78238,Other Calls,Miscellaneous,5160,WEST,SAPD-2026-1332663,29.45009,-98.626662,1790875998000,http://www.sanantonio.gov/sapd/Calls.aspx,Blue,a tbd link,26,10
10/01/26,12:34:51 PM,23000 Us Hwy 281 N,78258,Property Crime Calls,Theft,3150,NORTH,SAPD-2026-1332666,29.654906,-98.446433,1790876091000,http://www.sanantonio.gov/sapd/Calls.aspx,Green,a tbd link,26,10
10/01/26, 1:43:59,5900 Clearbrook Dr,78238,Crimes Against Person Calls,Threats,5270,WEST,SAPD-2026-1331067,29.4698,-98.60356,1790837039000,http://www.sanantonio.gov/sapd/Calls.aspx,Red,a tbd link,26,10
10/01/26,12:33:59 PM,1700 Lamar St,78202,Other Calls,Disturbance,4130,EAST,SAPD-2026-1332665,29.430858,-98.453997,1790876039000,http://www.sanantonio.gov/sapd/Calls.aspx,Blue,a tbd link,26,10
10/01/26, 1:42:08,Magnes Ln / Gena Dr,78227,Traffic Calls,Officer Traffic Stop,5150,WEST,SAPD-2026-1331061,29.414854,-98.607601,1790836928000,http://www.sanantonio.gov/sapd/Calls.aspx,Yellow,a tbd link,26,10
10/01/26,12:35:36 PM,10300 Sahara,78216,Other Calls,Assist the Public,3350,NORTH,SAPD-2026-1332669,29.531477,-98.491639,1790876136000,http://www.sanantonio.gov/sapd/Calls.aspx,Blue,a tbd link,26,10
10/01/26, 1:49:14,2900 E Southcross Blvd,78223,Property Crime Calls,Theft,4210,EAST,SAPD-2026-1331072,29.376659,-98.448251,1790837354000,http://www.sanantonio.gov/sapd/Calls.aspx,Green,a tbd link,26,10
10/01/26,12:36:24 PM,Wurzbach Rd / Ingram Rd,78238,Traffic Calls,Traffic Related,5310,WEST,SAPD-2026-1332671,29.466053,-98.621942,1790876184000,http://www.sanantonio.gov/sapd/Calls.aspx,Yellow,a tbd link,26,10
10/01/26, 1:46:32,5900 Danny Kaye Dr,78240,Other Calls,Disturbance,7160,PRUE,SAPD-2026-1331069,29.50792,-98.598256,1790837192000,http://www.sanantonio.gov/sapd/Calls.aspx,Blue,a tbd link,26,10
10/01/26,12:41:40 PM,600 Mc Dougal Ave,78223,Property Crime Calls,Theft of Vehicle,4210,EAST,SAPD-2026-1332691,29.381491,-98.441172,1790876500000,http://www.sanantonio.gov/sapd/Calls.aspx,Green,a tbd link,26,10
10/01/26, 1:49:02,2100 S Zarzamora St,78207,Property Crime Calls,Burglary,2340,CENTRAL,SAPD-2026-1331071,29.401857,-98.530814,1790837342000,http://www.sanantonio.gov/sapd/Calls.aspx,Green,a tbd link,26,10
10/01/26,12:36:23 PM,1500 Jackson-keller Rd,78213,Crimes Against Person Calls,Assault In Progress,3310,NORTH,SAPD-2026-1332670,29.5091,-98.517293,1790876183000,http://www.sanantonio.gov/sapd/Calls.aspx,Red,a tbd link,26,10
10/01/26, 1:47:46,6300 MEDINA BASE RD,78227,Other Calls,Patrol By,6360,SOUTH,SAPD-2026-1331070,29.368319,-98.631082,1790837266000,http://www.sanantonio.gov/sapd/Calls.aspx,Blue,a tbd link,26,10
10/01/26,12:35:20 PM,300 Angela St,78207,Other Calls,Disturbance Family,2340,CENTRAL,SAPD-2026-1332668,29.411002,-98.520106,1790876120000,http://www.sanantonio.gov/sapd/Calls.aspx,Blue,a tbd link,26,10
10/01/26, 1:53:37,700 N Zarzamora St,78207,Property Crime Calls,Theft In Progress,2320,CENTRAL,SAPD-2026-1331081,29.434333,-98.526182,1790837617000,http://www.sanantonio.gov/sapd/Calls.aspx,Green,a tbd link,26,10
10/01/26,12:38:35 PM,100 De Chantle,78201,Traffic Calls,Abandoned Vehicle,5230,WEST,SAPD-2026-1332681,29.479418,-98.542841,1790876315000,http://www.sanantonio.gov/sapd/Calls.aspx,Yellow,a tbd link,26,10
10/01/26, 1:53:08,W Crockett St / N Presa St,78205,Crimes Against Person Calls,Suspicious Vehicle,1110,DOWNTOWN,SAPD-2026-1331080,29.425052,-98.488783,1790837588000,http://www.sanantonio.gov/sapd/Calls.aspx,Red,a tbd link,26,10
10/01/26,12:36:57 PM,20800 Viola Park,78259,Property Crime Calls,Criminal Mischief,3150,NORTH,SAPD-2026-1332673,29.634825,-98.414722,1790876217000,http://www.sanantonio.gov/sapd/Calls.aspx,Green,a tbd link,26,10
10/01/26, 1:53:18,100 Menlo Blvd,78223,Property Crime Calls,Burglary in Progress,4220,EAST,SAPD-2026-1331077,29.376254,-98.444805,1790837598000,http://www.sanantonio.gov/sapd/Calls.aspx,Green,a tbd link,26,10
10/01/26,12:37:40 PM,7710-7898 Ih 35 S,78224,Traffic Calls,Major Accident,6140,SOUTH,SAPD-2026-1332675,29.349981,-98.534491,1790876260000,http://www.sanantonio.gov/sapd/Calls.aspx,Yellow,a tbd link,26,10
10/01/26, 1:54:37,8800 MILITARY DR W,78238,Other Calls,Patrol By,5160,WEST,SAPD-2026-1331083,29.440863,-98.636033,1790837677000,http://www.sanantonio.gov/sapd/Calls.aspx,Blue,a tbd link,26,10
10/01/26, 1:59:29,5400 IH 35 S,78211,Property Crime Calls,Criminal Mischief In Progress,6120,SOUTH,SAPD-2026-1331098,29.373443,-98.515576,1790837969000,http://www.sanantonio.gov/sapd/Calls.aspx,Green,a tbd link,26,10
10/01/26,12:39:30 PM,Us Hwy 90 W / Stone Mason Dr,78245,Other Calls,SAPD Non-Emergency Call,NOT SAPD BEX,SAPD OUTSIDE AREA,SAPD-2026-1332682,29.371328,-98.785076,1790876370000,http://www.sanantonio.gov/sapd/Calls.aspx,Blue,a tbd link,26,10
10/01/26, 1:54:51,8900 CULEBRA RD,78251,Other Calls,Patrol By,5350,WEST,SAPD-2026-1331084,29.478839,-98.664692,1790837691000,http://www.sanantonio.gov/sapd/Calls.aspx,Blue,a tbd link,26,10
10/01/26,12:38:59 PM,3500 Crosspoint,78217,Other Calls,Narcotic Laws,3360,NORTH,SAPD-2026-1332680,29.543595,-98.428736,1790876339000,http://www.sanantonio.gov/sapd/Calls.aspx,Blue,a tbd link,26,10
10/01/26, 1:58:28,12000 Overton Way,78221,Crimes Against Person Calls,Suspicious Vehicle,6260,SOUTH,SAPD-2026-1331091,29.294992,-98.482606,1790837908000,http://www.sanantonio.gov/sapd/Calls.aspx,Red,a tbd link,26,10
10/01/26,12:39:29 PM,Ih 35 S / S Zarzamora St,78224,Traffic Calls,Minor Accident,6140,SOUTH,SAPD-2026-1332683,29.350079,-98.534248,1790876369000,http://www.sanantonio.gov/sapd/Calls.aspx,Yellow,a tbd link,26,10
10/01/26, 1:58:32,3400 Bob Billa,78223,Other Calls,Disturbance,4260,EAST,SAPD-2026-1331092,29.372415,-98.431653,1790837912000,http://www.sanantonio.gov/sapd/Calls.aspx,Blue,a tbd link,26,10
10/01/26,12:44:06 PM,N0 Loop 410,78216,Traffic Calls,Minor Accident,3350,NORTH,SAPD-2026-1332701,29.522824,-98.497886,1790876646000,http://www.sanantonio.gov/sapd/Calls.aspx,Yellow,a tbd link,26,10
10/01/26, 2:07:32,4600 Villa Nava,78233,Other Calls,Disturbance Loud Music,3210,NORTH,SAPD-2026-1331105,29.551394,-98.399789,1790838452000,http://www.sanantonio.gov/sapd/Calls.aspx,Blue,a tbd link,26,10
10/01/26,12:40:00 PM,Ne Loop 410 / N Ww White Rd,78219,Traffic Calls,Traffic Related,4310,EAST,SAPD-2026-1332685,29.449456,-98.406484,1790876400000,http://www.sanantonio.gov/sapd/Calls.aspx,Yellow,a tbd link,26,10
10/01/26, 1:57:32,100 S JOSEPHINE TOBIN,78201,Other Calls,Patrol By,5210,WEST,SAPD-2026-1331088,29.44945,-98.530416,1790837852000,http://www.sanantonio.gov/sapd/Calls.aspx,Blue,a tbd link,26,10
10/01/26,12:41:00 PM,Us Hwy 281 N / E Borgfeld Dr,78260,Traffic Calls,Traffic Related,3150,NORTH,SAPD-2026-1332690,29.710694,-98.449212,1790876460000,http://www.sanantonio.gov/sapd/Calls.aspx,Yellow,a tbd link,26,10
10/01/26, 1:59:08,10300 Ingram Rd,78245,Other Calls,Disturbance Family,5330,WEST,SAPD-2026-1331093,29.429817,-98.661564,1790837948000,http://www.sanantonio.gov/sapd/Calls.aspx,Blue,a tbd link,26,10
10/01/26,12:39:52 PM,2300 S CALAVERAS,78207,Other Calls,Patrol By,2340,CENTRAL,SAPD-2026-1332684,29.403464,-98.528067,1790876392000,http://www.sanantonio.gov/sapd/Calls.aspx,Blue,a tbd link,26,10
10/01/26, 2:00:52,1400 MIRA VISTA,78228,Other Calls,Patrol By,5250,WEST,SAPD-2026-1331096,29.454167,-98.600556,1790838052000,http://www.sanantonio.gov/sapd/Calls.aspx,Blue,a tbd link,26,10
10/01/26,12:40:32 PM,700 S Santa Rosa,78204,Other Calls,Miscellaneous,1140,DOWNTOWN,SAPD-2026-1332688,29.418648,-98.500844,1790876432000,http://www.sanantonio.gov/sapd/Calls.aspx,Blue,a tbd link,26,10
10/01/26, 2:01:57,301-399 JACKSON ST,78212,Traffic Calls,Traffic Related,1220,DOWNTOWN,SAPD-2026-1331097,29.435788,-98.496729,1790838117000,http://www.sanantonio.gov/sapd/Calls.aspx,Yellow,a tbd link,26,10
10/01/26,12:42:08 PM,400 Azucena St,78237,Other Calls,Disturbance,5130,WEST,SAPD-2026-1332692,29.43963,-98.578462,1790876528000,http://www.sanantonio.gov/sapd/Calls.aspx,Blue,a tbd link,26,10
10/01/26, 2:05:29,200 Laddie Place,78201,Other Calls,Disturbance,5230,WEST,SAPD-2026-1331103,29.472973,-98.538232,1790838329000,http://www.sanantonio.gov/sapd/Calls.aspx,Blue,a tbd link,26,10
10/01/26,12:43:49 PM,6410-6498 Blanco Rd,78216,Traffic Calls,Minor Accident,3310,NORTH,SAPD-2026-1332696,29.514261,-98.506802,1790876629000,http://www.sanantonio.gov/sapd/Calls.aspx,Yellow,a tbd link,26,10
10/01/26, 2:07:04,N Vandiver Dr / Austin Hwy,78209,Other Calls,Disturbance,3340,NORTH,SAPD-2026-1331104,29.489787,-98.442147,1790838424000,http://www.sanantonio.gov/sapd/Calls.aspx,Blue,a tbd link,26,10
10/01/26,12:43:44 PM,Ih 10 W / Ramsgate,78230,Traffic Calls,Traffic Related,7220,PRUE,SAPD-2026-1332697,29.539685,-98.570565,1790876624000,http://www.sanantonio.gov/sapd/Calls.aspx,Yellow,a tbd link,26,10
10/01/26, 2:04:49,1800 Broadway,78215,Property Crime Calls,Theft In Progress,1230,DOWNTOWN,SAPD-2026-1331100,29.442667,-98.476518,1790838289000,http://www.sanantonio.gov/sapd/Calls.aspx,Green,a tbd link,26,10
10/01/26,12:43:53 PM,2700 Culebra Rd,78228,Traffic Calls,Minor Accident,5130,WEST,SAPD-2026-1332698,29.447876,-98.553086,1790876633000,http://www.sanantonio.gov/sapd/Calls.aspx,Yellow,a tbd link,26,10
10/01/26, 2:09:29,2800 W Ashby Place,78201,Other Calls,Disturbance,5210,WEST,SAPD-2026-1331110,29.451468,-98.538758,1790838569000,http://www.sanantonio.gov/sapd/Calls.aspx,Blue,a tbd link,26,10
10/01/26,12:46:51 PM,8500 Ih 35 S,78211,Crimes Against Person Calls,Child Locked in Vehicle,6140,SOUTH,SAPD-2026-1332704,29.338979,-98.554944,1790876811000,http://www.sanantonio.gov/sapd/Calls.aspx,Red,a tbd link,26,10
10/01/26, 2:04:56,8600 TIMBER PATH,78250,Other Calls,Patrol By,7330,PRUE,SAPD-2026-1331101,29.481237,-98.657102,1790838296000,http://www.sanantonio.gov/sapd/Calls.aspx,Blue,a tbd link,26,10
10/01/26,12:46:10 PM,1600 Jackson-keller Rd,78213,Crimes Against Person Calls,Disturbance (Knife Involved),3310,NORTH,SAPD-2026-1332705,29.51096,-98.520267,1790876770000,http://www.sanantonio.gov/sapd/Calls.aspx,Red,a tbd link,26,10
10/01/26, 2:08:05,5400 Midcrown Dr E,78218,Other Calls,Suspicious Person,4340,EAST,SAPD-2026-1331108,29.494011,-98.384791,1790838485000,http://www.sanantonio.gov/sapd/Calls.aspx,Blue,a tbd link,26,10
10/01/26, 2:07:40,4521-4599 WALZEM RD,78218,Traffic Calls,DWI,4360,EAST,SAPD-2026-1331106,29.510306,-98.402772,1790838460000,http://www.sanantonio.gov/sapd/Calls.aspx,Yellow,a tbd link,26,10
10/01/26,12:44:53 PM,900 RIGSBY AVE,78210,Other Calls,Patrol By,4150,EAST,SAPD-2026-1332699,29.398574,-98.456624,1790876693000,http://www.sanantonio.gov/sapd/Calls.aspx,Blue,a tbd link,26,10
10/01/26, 2:10:42,3200 Nacogdoches Rd,78217,Property Crime Calls,Theft of Vehicle In Progress,3360,NORTH,SAPD-2026-1331112,29.525745,-98.43415,1790838642000,http://www.sanantonio.gov/sapd/Calls.aspx,Green,a tbd link,26,10
10/01/26,12:49:59 PM,300 N Nueces,78207,Other Calls,Disturbance,2320,CENTRAL,SAPD-2026-1332717,29.429704,-98.518666,1790876999000,http://www.sanantonio.gov/sapd/Calls.aspx,Blue,a tbd link,26,10
10/01/26, 2:08:12,6500 W MILITARY DR,78227,Other Calls,Patrol By,Lackland AFB,SAPD OUTSIDE AREA,SAPD-2026-1331107,29.401391,-98.626383,1790838492000,http://www.sanantonio.gov/sapd/Calls.aspx,Blue,a tbd link,26,10
10/01/26,12:47:46 PM,1400 Callaghan Rd,78228,Other Calls,Assist the Public,5250,WEST,SAPD-2026-1332709,29.450137,-98.602608,1790876866000,http://www.sanantonio.gov/sapd/Calls.aspx,Blue,a tbd link,26,10
10/01/26, 2:08:36,400 CAMARON,78207,Other Calls,Patrol By,1120,DOWNTOWN,SAPD-2026-1331109,29.428372,-98.4961,1790838516000,http://www.sanantonio.gov/sapd/Calls.aspx,Blue,a tbd link,26,10
10/01/26,12:46:14 PM,Us Hwy 281 N Sb / E Hildebrand Ave,78212,Traffic Calls,Major Accident,1230,DOWNTOWN,SAPD-2026-1332706,29.46553,-98.4739,1790876774000,http://www.sanantonio.gov/sapd/Calls.aspx,Yellow,a tbd link,26,10
10/01/26, 2:11:12,200 Fennel,78213,Other Calls,Disturbance Neighbor,2230,CENTRAL,SAPD-2026-1331118,29.507862,-98.540827,1790838672000,http://www.sanantonio.gov/sapd/Calls.aspx,Blue,a tbd link,26,10
10/01/26,12:47:07 PM,11400 West Ave,78213,Other Calls,Disturbance,3110,NORTH,SAPD-2026-1332707,29.54369,-98.511651,1790876827000,http://www.sanantonio.gov/sapd/Calls.aspx,Blue,a tbd link,26,10
10/01/26, 2:10:14,E FREDERICKSBURG RD,78212,Traffic Calls,Traffic Related,1220,DOWNTOWN,SAPD-2026-1331111,29.441632,-98.50334,1790838614000,http://www.sanantonio.gov/sapd/Calls.aspx,Yellow,a tbd link,26,10
10/01/26,12:46:28 PM,Blanco Rd / Sir Winston Dr,78216,Traffic Calls,Traffic Related,3120,NORTH,SAPD-2026-1332702,29.551583,-98.512592,1790876788000,http://www.sanantonio.gov/sapd/Calls.aspx,Yellow,a tbd link,26,10
10/01/26, 2:13:21,4400 W Commerce St,78237,Other Calls,Disturbance,5110,WEST,SAPD-2026-1331117,29.430191,-98.549292,1790838801000,http://www.sanantonio.gov/sapd/Calls.aspx,Blue,a tbd link,26,10
10/01/26,12:45:52 PM,3800 SOUTHERN GROVE,78222,Other Calls,CRT Follow Up,4250,EAST,SAPD-2026-1332700,29.384734,-98.369264,1790876752000,http://www.sanantonio.gov/sapd/Calls.aspx,Blue,a tbd link,26,10
10/01/26, 2:12:07,3500 MARTIN LUTHER KING DR,78220,Other Calls,Patrol By,4230,EAST,SAPD-2026-1331114,29.413733,-98.418833,1790838727000,http://www.sanantonio.gov/sapd/Calls.aspx,Blue,a tbd link,26,10
10/01/26,12:46:48 PM,3108-3199 Sw Military Dr,78224,Traffic Calls,Major Accident,6320,SOUTH,SAPD-2026-1332703,29.357245,-98.548322,1790876808000,http://www.sanantonio.gov/sapd/Calls.aspx,Yellow,a tbd link,26,10
10/01/26, 2:12:10,10 CHAMPIONS RUN,78258,Other Calls,Patrol By,3160,NORTH,SAPD-2026-1331115,29.649056,-98.478672,1790838730000,http://www.sanantonio.gov/sapd/Calls.aspx,Blue,a tbd link,26,10
10/01/26,12:47:39 PM,21700 Us Hwy 281 S,78264,Other Calls,SAPD Non-Emergency Call,NOT SAPD BEX,SAPD OUTSIDE AREA,SAPD-2026-1332708,29.198319,-98.479437,1790876859000,http://www.sanantonio.gov/sapd/Calls.aspx,Blue,a tbd link,26,10
10/01/26, 2:13:02,10 CHAMPION TRL,78258,Other Calls,Patrol By,3170,NORTH,SAPD-2026-1331116,29.651668,-98.48336,1790838782000,http://www.sanantonio.gov/sapd/Calls.aspx,Blue,a tbd link,26,10
10/01/26,12:50:05 PM,2800 Presley Meadow,78222,Traffic Calls,Abandoned Vehicle,4250,EAST,SAPD-2026-1332718,29.391074,-98.365312,1790877005000,http://www.sanantonio.gov/sapd/Calls.aspx,Yellow,a tbd link,26,10
10/01/26, 2:15:40,Austin Hwy / Eisenhauer Rd,78218,Traffic Calls,Minor Accident,4350,EAST,SAPD-2026-1331120,29.495767,-98.429332,1790838940000,http://www.sanantonio.gov/sapd/Calls.aspx,Yellow,a tbd link,26,10
10/01/26,12:48:47 PM,Us Hwy 281 N Nb / E Borgfeld Dr,78260,Traffic Calls,Traffic Related,3150,NORTH,SAPD-2026-1332713,29.710497,-98.448679,1790876927000,http://www.sanantonio.gov/sapd/Calls.aspx,Yellow,a tbd link,26,10
10/01/26, 2:13:52,19300 FENWICK CREST,78258,Other Calls,Patrol By,3160,NORTH,SAPD-2026-1331119,29.622343,-98.477869,1790838832000,http://www.sanantonio.gov/sapd/Calls.aspx,Blue,a tbd link,26,10
10/01/26,12:47:58 PM,3108-3199 Sw Military Dr,78224,Traffic Calls,Major Accident,6320,SOUTH,SAPD-2026-1332710,29.357244,-98.548319,1790876878000,http://www.sanantonio.gov/sapd/Calls.aspx,Yellow,a tbd link,26,10
10/01/26, 2:21:01,1000 W Laurel St,78201,Other Calls,Disturbance,1220,DOWNTOWN,SAPD-2026-1331128,29.442155,-98.5059,1790839261000,http://www.sanantonio.gov/sapd/Calls.aspx,Blue,a tbd link,26,10
10/01/26,12:49:29 PM,200 Marmok,78220,Other Calls,Disturbance,4160,EAST,SAPD-2026-1332715,29.418407,-98.430596,1790876969000,http://www.sanantonio.gov/sapd/Calls.aspx,Blue,a tbd link,26,10
10/01/26, 2:20:00,5300 Medical Dr,78240,Property Crime Calls,Burglary in Progress,7160,PRUE,SAPD-2026-1331126,29.505402,-98.591742,1790839200000,http://www.sanantonio.gov/sapd/Calls.aspx,Green,a tbd link,26,10
10/01/26,12:48:12 PM,2700 ROOSEVELT AVE,78214,Other Calls,Patrol By,6220,SOUTH,SAPD-2026-1332711,29.373301,-98.481264,1790876892000,http://www.sanantonio.gov/sapd/Calls.aspx,Blue,a tbd link,26,10
10/01/26, 2:23:11,4100 Gardendale,78229,Other Calls,Disturbance,7120,PRUE,SAPD-2026-1331131,29.522145,-98.566422,1790839391000,http://www.sanantonio.gov/sapd/Calls.aspx,Blue,a tbd link,26,10
10/01/26, 2:20:04,112-898 W MYRTLE ST,78212,Traffic Calls,Traffic Related,1220,DOWNTOWN,SAPD-2026-1331127,29.444921,-98.499916,1790839204000,http://www.sanantonio.gov/sapd/Calls.aspx,Yellow,a tbd link,26,10
10/01/26,12:51:12 PM,De Zavala Rd / Ih 10 W Sb,78230,Traffic Calls,Traffic Related,7340,PRUE,SAPD-2026-1332723,29.563177,-98.591191,1790877072000,http://www.sanantonio.gov/sapd/Calls.aspx,Yellow,a tbd link,26,10
10/01/26, 2:24:36,8400 Lakeside Pkwy,78227,Other Calls,Suspicious Person,5330,WEST,SAPD-2026-1331132,29.429684,-98.650006,1790839476000,http://www.sanantonio.gov/sapd/Calls.aspx,Blue,a tbd link,26,10
10/01/26,12:50:45 PM,11400 West Ave,78213,Other Calls,Disturbance,3110,NORTH,SAPD-2026-1332722,29.54369,-98.511651,1790877045000,http://www.sanantonio.gov/sapd/Calls.aspx,Blue,a tbd link,26,10
10/01/26, 2:27:05,1300 Aransas Ave,78210,Other Calls,Suspicious Person,4140,EAST,SAPD-2026-1331134,29.410026,-98.455417,1790839625000,http://www.sanantonio.gov/sapd/Calls.aspx,Blue,a tbd link,26,10
10/01/26,12:51:57 PM,8500 Floyd Curl,78240,Other Calls,Information,7160,PRUE,SAPD-2026-1332724,29.521437,-98.591523,1790877117000,http://www.sanantonio.gov/sapd/Calls.aspx,Blue,a tbd link,26,10
10/01/26, 2:26:03,11700 Spring Dale Dr,78249,Property Crime Calls,Criminal Mischief In Progress,7340,PRUE,SAPD-2026-1331133,29.555027,-98.622373,1790839563000,http://www.sanantonio.gov/sapd/Calls.aspx,Green,a tbd link,26,10
10/01/26,12:50:38 PM,500 Riverside Dr,78223,Other Calls,Disturbance Family,6240,SOUTH,SAPD-2026-1332720,29.374167,-98.476556,1790877038000,http://www.sanantonio.gov/sapd/Calls.aspx,Blue,a tbd link,26,10
10/01/26, 2:27:37,5800 San Pedro Ave,78212,Property Crime Calls,Theft In Progress,2210,CENTRAL,SAPD-2026-1331135,29.48739,-98.499253,1790839657000,http://www.sanantonio.gov/sapd/Calls.aspx,Green,a tbd link,26,10
10/01/26,12:50:12 PM,N0 Us Hwy 281 N Ofrp E Borgfeld Dr,78260,Traffic Calls,Traffic Related,3150,NORTH,SAPD-2026-1332719,29.697424,-98.45147,1790877012000,http://www.sanantonio.gov/sapd/Calls.aspx,Yellow,a tbd link,26,10
10/01/26, 2:28:16,2100 Thousand Oaks Dr,78232,Other Calls,Disturbance,3140,NORTH,SAPD-2026-1331137,29.587709,-98.457539,1790839696000,http://www.sanantonio.gov/sapd/Calls.aspx,Blue,a tbd link,26,10
10/01/26,12:50:30 PM,Us Hwy 281 N Nb / E Borgfeld Dr,78260,Traffic Calls,Traffic Related,3150,NORTH,SAPD-2026-1332721,29.710497,-98.448679,1790877030000,http://www.sanantonio.gov/sapd/Calls.aspx,Yellow,a tbd link,26,10
10/01/26, 2:28:55,4400 W Commerce St,78237,Property Crime Calls,Criminal Mischief In Progress,5110,WEST,SAPD-2026-1331136,29.430312,-98.549256,1790839735000,http://www.sanantonio.gov/sapd/Calls.aspx,Green,a tbd link,26,10
10/01/26,12:53:29 PM,900 Leal St,78207,Other Calls,Disturbance,2310,CENTRAL,SAPD-2026-1332727,29.434309,-98.515188,1790877209000,http://www.sanantonio.gov/sapd/Calls.aspx,Blue,a tbd link,26,10
10/01/26, 2:29:52,7800 W Loop 1604 N,78254,Other Calls,Suspicious Person,7360,PRUE,SAPD-2026-1331140,29.511865,-98.696617,1790839792000,http://www.sanantonio.gov/sapd/Calls.aspx,Blue,a tbd link,26,10
10/01/26,12:51:54 PM,7800 Callaghan Rd,78229,Property Crime Calls,Forgery,7110,PRUE,SAPD-2026-1332725,29.508632,-98.554381,1790877114000,http://www.sanantonio.gov/sapd/Calls.aspx,Green,a tbd link,26,10
10/01/26, 2:29:44,700 Se Loop 410,78220,Other Calls,Disturbance Family,4240,EAST,SAPD-2026-1331139,29.417086,-98.389944,1790839784000,http://www.sanantonio.gov/sapd/Calls.aspx,Blue,a tbd link,26,10
10/01/26,12:52:58 PM,4500 Rigsby Ave,78222,Traffic Calls,Minor Accident,4240,EAST,SAPD-2026-1332728,29.39827,-98.403523,1790877178000,http://www.sanantonio.gov/sapd/Calls.aspx,Yellow,a tbd link,26,10
10/01/26, 2:29:15,3100 ROSELAWN,78226,Other Calls,Patrol By,6310,SOUTH,SAPD-2026-1331138,29.390792,-98.556839,1790839755000,http://www.sanantonio.gov/sapd/Calls.aspx,Blue,a tbd link,26,10
10/01/26, 2:32:09,3000 Ne Loop 410,78218,Other Calls,Miscellaneous,4360,EAST,SAPD-2026-1331143,29.518056,-98.398611,1790839929000,http://www.sanantonio.gov/sapd/Calls.aspx,Blue,a tbd link,26,10
10/01/26,12:54:01 PM,17501-17651 Wurzbach Pkwy Wb,78217,Traffic Calls,Minor Accident,3210,NORTH,SAPD-2026-1332729,29.542279,-98.424782,1790877241000,http://www.sanantonio.gov/sapd/Calls.aspx,Yellow,a tbd link,26,10
10/01/26, 2:30:49,500 BROOKLYN AVE,78215,Other Calls,Patrol By,1130,DOWNTOWN,SAPD-2026-1331141,29.433952,-98.485104,1790839849000,http://www.sanantonio.gov/sapd/Calls.aspx,Blue,a tbd link,26,10
10/01/26,12:57:57 PM,4100 S Loop 1604 E,78264,Other Calls,Assist the Public,6280,SOUTH,SAPD-2026-1332738,29.216651,-98.414375,1790877477000,http://www.sanantonio.gov/sapd/Calls.aspx,Blue,a tbd link,26,10
10/01/26, 2:35:19,400 Blk Ne Loop 410 Wb,78216,Traffic Calls,Major Accident,3350,NORTH,SAPD-2026-1331149,29.519976,-98.476431,1790840119000,http://www.sanantonio.gov/sapd/Calls.aspx,Yellow,a tbd link,26,10
10/01/26,12:54:20 PM,700 W Mayfield Blvd,78211,Property Crime Calls,Theft,6130,SOUTH,SAPD-2026-1332730,29.362151,-98.535356,1790877260000,http://www.sanantonio.gov/sapd/Calls.aspx,Green,a tbd link,26,10
10/01/26, 2:41:58,14000 Nacogdoches Rd,78247,Other Calls,Information,3260,NORTH,SAPD-2026-1331153,29.569269,-98.38445,1790840518000,http://www.sanantonio.gov/sapd/Calls.aspx,Blue,a tbd link,26,10
10/01/26,12:53:12 PM,Ih 35 N / George C Beach Ave,78218,Traffic Calls,High Water,4310,EAST,SAPD-2026-1332726,29.46141,-98.410173,1790877192000,http://www.sanantonio.gov/sapd/Calls.aspx,Yellow,a tbd link,26,10
10/01/26, 2:42:26,Nopal St / Cooper St,78210,Other Calls,Suspicious Person,4140,EAST,SAPD-2026-1331154,29.407946,-98.458985,1790840546000,http://www.sanantonio.gov/sapd/Calls.aspx,Blue,a tbd link,26,10
10/01/26,12:56:00 PM,4800 Lord Rd,78220,Property Crime Calls,Theft,4240,EAST,SAPD-2026-1332734,29.413903,-98.396739,1790877360000,http://www.sanantonio.gov/sapd/Calls.aspx,Green,a tbd link,26,10
10/01/26, 2:50:20,11300 Expo Blvd,78230,Crimes Against Person Calls,Assault In Progress,7220,PRUE,SAPD-2026-1331161,29.544092,-98.571987,1790841020000,http://www.sanantonio.gov/sapd/Calls.aspx,Red,a tbd link,26,10
10/01/26,12:56:49 PM,2100 Jackson-keller Rd,78213,Other Calls,Property Found,2230,CENTRAL,SAPD-2026-1332735,29.514964,-98.526538,1790877409000,http://www.sanantonio.gov/sapd/Calls.aspx,Blue,a tbd link,26,10
10/01/26, 2:47:15,8900-8906 Jones Maltsberger Rd,78216,Crimes Against Person Calls,Suspicious Vehicle,3350,NORTH,SAPD-2026-1331158,29.522057,-98.484431,1790840835000,http://www.sanantonio.gov/sapd/Calls.aspx,Red,a tbd link,26,10
10/01/26,12:55:54 PM,11600 O'connor Rd,78233,Other Calls,Disturbance,3230,NORTH,SAPD-2026-1332732,29.545122,-98.368502,1790877354000,http://www.sanantonio.gov/sapd/Calls.aspx,Blue,a tbd link,26,10
10/01/26, 2:46:19,700 CAMARON,78207,Other Calls,Patrol By,1130,DOWNTOWN,SAPD-2026-1331157,29.431675,-98.49792,1790840779000,http://www.sanantonio.gov/sapd/Calls.aspx,Blue,a tbd link,26,10
10/01/26,12:56:07 PM,100 Forest Valley Dr,78227,Other Calls,SAPD Emergency Call,6360,SOUTH,SAPD-2026-1332733,29.376002,-98.642086,1790877367000,http://www.sanantonio.gov/sapd/Calls.aspx,Blue,a tbd link,26,10
10/01/26, 2:47:37,100 Dallas St,78205,Other Calls,Disturbance,1130,DOWNTOWN,SAPD-2026-1331159,29.433825,-98.492242,1790840857000,http://www.sanantonio.gov/sapd/Calls.aspx,Blue,a tbd link,26,10
10/01/26,12:58:32 PM,6400 Crystal Run,78238,Other Calls,Disturbance,5310,WEST,SAPD-2026-1332740,29.479131,-98.614869,1790877512000,http://www.sanantonio.gov/sapd/Calls.aspx,Blue,a tbd link,26,10
10/01/26, 2:53:04,7200 Marbach Rd,78227,Property Crime Calls,Criminal Mischief In Progress,5170,WEST,SAPD-2026-1331164,29.418122,-98.631873,1790841184000,http://www.sanantonio.gov/sapd/Calls.aspx,Green,a tbd link,26,10
10/01/26, 1:01:09,2800 W Ashby Place,78201,Other Calls,Disturbance,5210,WEST,SAPD-2026-1332746,29.451468,-98.538758,1790877669000,http://www.sanantonio.gov/sapd/Calls.aspx,Blue,a tbd link,26,10
10/01/26, 2:52:59,S Laredo St / S San Marcos,78207,Traffic Calls,Major Accident,2340,CENTRAL,SAPD-2026-1331163,29.411503,-98.510679,1790841179000,http://www.sanantonio.gov/sapd/Calls.aspx,Yellow,a tbd link,26,10
10/01/26, 1:00:12,8600 S Zarzamora St,78224,Property Crime Calls,Burglary in Progress,6140,SOUTH,SAPD-2026-1332742,29.337762,-98.533284,1790877612000,http://www.sanantonio.gov/sapd/Calls.aspx,Green,a tbd link,26,10
10/01/26, 2:54:18,10900 Laureate Dr,78249-3311,Other Calls,Disturbance,7340,PRUE,SAPD-2026-1331166,29.545584,-98.585213,1790841258000,http://www.sanantonio.gov/sapd/Calls.aspx,Blue,a tbd link,26,10
10/01/26, 1:01:01,1500 Thousand Oaks,78232,Other Calls,Disturbance,3140,NORTH,SAPD-2026-1332747,29.591669,-98.469372,1790877661000,http://www.sanantonio.gov/sapd/Calls.aspx,Blue,a tbd link,26,10
10/01/26, 2:52:18,700 CULBERSON AVE,78211,Other Calls,Patrol By,6120,SOUTH,SAPD-2026-1331162,29.382028,-98.539532,1790841138000,http://www.sanantonio.gov/sapd/Calls.aspx,Blue,a tbd link,26,10
10/01/26, 1:02:45,N Loop 1604 W / Babcock Rd,78249,Traffic Calls,Minor Accident,7250,PRUE,SAPD-2026-1332755,29.587723,-98.630989,1790877765000,http://www.sanantonio.gov/sapd/Calls.aspx,Yellow,a tbd link,26,10
10/01/26, 2:53:29,500 S JOSEPHINE TOBIN,78201,Other Calls,Patrol By,5210,WEST,SAPD-2026-1331165,29.451767,-98.535901,1790841209000,http://www.sanantonio.gov/sapd/Calls.aspx,Blue,a tbd link,26,10
10/01/26, 1:00:56,13000 Jones Maltsberger Rd,78247,Other Calls,Miscellaneous,3220,NORTH,SAPD-2026-1332745,29.559728,-98.459693,1790877656000,http://www.sanantonio.gov/sapd/Calls.aspx,Blue,a tbd link,26,10
10/01/26, 2:58:24,Ih 35 N / George C Beach Ave,78219,Other Calls,Injured/Sick Person,4310,EAST,SAPD-2026-1331167,29.461671,-98.410841,1790841504000,http://www.sanantonio.gov/sapd/Calls.aspx,Blue,a tbd link,26,10
10/01/26, 1:00:13,3300 Se Military Dr,78235,Property Crime Calls,Shoplifting,6270,SOUTH,SAPD-2026-1332744,29.348258,-98.433573,1790877613000,http://www.sanantonio.gov/sapd/Calls.aspx,Green,a tbd link,26,10
10/01/26, 3:00:20,I0 35 N,78219,Other Calls,SAPD Emergency Call,4310,EAST,SAPD-2026-1331168,29.459872,-98.411737,1790841620000,http://www.sanantonio.gov/sapd/Calls.aspx,Blue,a tbd link,26,10
10/01/26, 3:02:17,9100 San Pedro Ave,78216,Property Crime Calls,Burglary Vehicle In Progress,3350,NORTH,SAPD-2026-1331172,29.524422,-98.498631,1790841737000,http://www.sanantonio.gov/sapd/Calls.aspx,Green,a tbd link,26,10
10/01/26, 1:06:06,300 Yucca St,78203,Other Calls,Property Lost,4140,EAST,SAPD-2026-1332766,29.409859,-98.444485,1790877966000,http://www.sanantonio.gov/sapd/Calls.aspx,Blue,a tbd link,26,10
10/01/26, 3:04:08,18500 Ih 10 W,78257,Traffic Calls,DWI,7260,PRUE,SAPD-2026-1331173,29.615536,-98.604842,1790841848000,http://www.sanantonio.gov/sapd/Calls.aspx,Yellow,a tbd link,26,10
10/01/26, 3:05:46,3300 W WOODLAWN AVE,78228,Other Calls,Patrol By,5220,WEST,SAPD-2026-1331175,29.456967,-98.560089,1790841946000,http://www.sanantonio.gov/sapd/Calls.aspx,Blue,a tbd link,26,10
10/01/26, 1:01:39,Ih 37 S Sb / Hot Wells,78223,Traffic Calls,Minor Accident,4220,EAST,SAPD-2026-1332748,29.368692,-98.452058,1790877699000,http://www.sanantonio.gov/sapd/Calls.aspx,Yellow,a tbd link,26,10
10/01/26, 3:10:06,200 E Thompson Place,78225,Other Calls,Disturbance,6110,SOUTH,SAPD-2026-1331179,29.393448,-98.519434,1790842206000,http://www.sanantonio.gov/sapd/Calls.aspx,Blue,a tbd link,26,10
10/01/26, 1:03:14,Wurzbach Pkwy Eb / Nacogdoches Rd,78217,Traffic Calls,Traffic Related,3360,NORTH,SAPD-2026-1332753,29.54068,-98.421292,1790877794000,http://www.sanantonio.gov/sapd/Calls.aspx,Yellow,a tbd link,26,10
10/01/26, 3:11:06,3500 Wurzbach Rd,78238,Other Calls,Disturbance,5310,WEST,SAPD-2026-1331184,29.471167,-98.623799,1790842266000,http://www.sanantonio.gov/sapd/Calls.aspx,Blue,a tbd link,26,10
10/01/26, 1:04:01,4600 Us Hwy 90 W,78237,Traffic Calls,Minor Accident,6310,SOUTH,SAPD-2026-1332758,29.406337,-98.581322,1790877841000,http://www.sanantonio.gov/sapd/Calls.aspx,Yellow,a tbd link,26,10
10/01/26, 3:07:32,100 W Houston St,78205,Other Calls,SAPD Emergency Call,1120,DOWNTOWN,SAPD-2026-1331177,29.426772,-98.494989,1790842052000,http://www.sanantonio.gov/sapd/Calls.aspx,Blue,a tbd link,26,10
10/01/26, 1:09:44,100 Shasta Ave,78221,Other Calls,Disturbance,6250,SOUTH,SAPD-2026-1332774,29.354927,-98.502471,1790878184000,http://www.sanantonio.gov/sapd/Calls.aspx,Blue,a tbd link,26,10
10/01/26, 3:12:06,500 Koehler Ct,78223,Other Calls,Disturbance,6240,SOUTH,SAPD-2026-1331185,29.366989,-98.458704,1790842326000,http://www.sanantonio.gov/sapd/Calls.aspx,Blue,a tbd link,26,10
10/01/26, 3:10:44,9100 Seafarer Dr,78242,Crimes Against Person Calls,Assault In Progress,6340,SOUTH,SAPD-2026-1331182,29.331752,-98.606619,1790842244000,http://www.sanantonio.gov/sapd/Calls.aspx,Red,a tbd link,26,10
10/01/26, 1:04:41,7490-7798 Ih 10 W Sb,78230,Traffic Calls,Major Accident,7110,PRUE,SAPD-2026-1332760,29.507543,-98.551179,1790877881000,http://www.sanantonio.gov/sapd/Calls.aspx,Yellow,a tbd link,26,10
10/01/26, 3:10:43,6501-6649 US HWY 281 N SB,78212,Traffic Calls,Traffic Related,1240,DOWNTOWN,SAPD-2026-1331181,29.482234,-98.481958,1790842243000,http://www.sanantonio.gov/sapd/Calls.aspx,Yellow,a tbd link,26,10
10/01/26, 1:07:15,200 N San Jacinto St,78207,Other Calls,Welfare Check,2320,CENTRAL,SAPD-2026-1332767,29.428056,-98.515439,1790878035000,http://www.sanantonio.gov/sapd/Calls.aspx,Blue,a tbd link,26,10
10/01/26, 3:11:14,7200 BRIAR PLACE,78221,Other Calls,Patrol By,6250,SOUTH,SAPD-2026-1331183,29.355207,-98.494619,1790842274000,http://www.sanantonio.gov/sapd/Calls.aspx,Blue,a tbd link,26,10
10/01/26, 1:05:31,500 Cupples Rd,78237,Other Calls,Disturbance Family,2350,CENTRAL,SAPD-2026-1332764,29.410223,-98.547608,1790877931000,http://www.sanantonio.gov/sapd/Calls.aspx,Blue,a tbd link,26,10
10/01/26, 3:12:59,400 CLUB DR,78201,Other Calls,Patrol By,5230,WEST,SAPD-2026-1331186,29.466608,-98.535941,1790842379000,http://www.sanantonio.gov/sapd/Calls.aspx,Blue,a tbd link,26,10
10/01/26, 1:04:51,7490-7798 Ih 10 W Sb,78230,Traffic Calls,Major Accident,7110,PRUE,SAPD-2026-1332759,29.507541,-98.551178,1790877891000,http://www.sanantonio.gov/sapd/Calls.aspx,Yellow,a tbd link,26,10
10/01/26, 3:15:12,100 Jackson-keller Rd,78216,Crimes Against Person Calls,Fight,3310,NORTH,SAPD-2026-1331189,29.4947,-98.49484,1790842512000,http://www.sanantonio.gov/sapd/Calls.aspx,Red,a tbd link,26,10
10/01/26, 3:15:05,20300 STONE OAK PKWY,78258,Other Calls,Patrol By,3160,NORTH,SAPD-2026-1331187,29.645765,-98.468735,1790842505000,http://www.sanantonio.gov/sapd/Calls.aspx,Blue,a tbd link,26,10
10/01/26, 1:08:55,W Loop 1604 N / Potranco Rd,78251,Property Crime Calls,Panhandler,5360,WEST,SAPD-2026-1332771,29.435616,-98.71062,1790878135000,http://www.sanantonio.gov/sapd/Calls.aspx,Green,a tbd link,26,10
10/01/26, 1:07:58,Wurzbach Pkwy Eb / Nacogdoches Rd,78217,Traffic Calls,Traffic Related,3360,NORTH,SAPD-2026-1332769,29.54068,-98.421292,1790878078000,http://www.sanantonio.gov/sapd/Calls.aspx,Yellow,a tbd link,26,10
10/01/26, 3:20:44,4600 Thousand Oaks,78233,Other Calls,Prowler,3210,NORTH,SAPD-2026-1331195,29.543788,-98.400056,1790842844000,http://www.sanantonio.gov/sapd/Calls.aspx,Blue,a tbd link,26,10
10/01/26, 1:10:58,2500 Harry Wurzbach,78209,Other Calls,Welfare Check,4350,EAST,SAPD-2026-1332783,29.488857,-98.429061,1790878258000,http://www.sanantonio.gov/sapd/Calls.aspx,Blue,a tbd link,26,10
10/01/26, 3:23:41,7400 Castle Trl,78218,Other Calls,Prowler,4330,EAST,SAPD-2026-1331197,29.503309,-98.384568,1790843021000,http://www.sanantonio.gov/sapd/Calls.aspx,Blue,a tbd link,26,10
10/01/26, 1:11:12,10 Kings Heath,78257,Property Crime Calls,Theft,7260,PRUE,SAPD-2026-1332784,29.644255,-98.610957,1790878272000,http://www.sanantonio.gov/sapd/Calls.aspx,Green,a tbd link,26,10
10/01/26, 3:24:38,Chihuahua St / Barclay St,78207,Property Crime Calls,Recovered Stolen Property,2350,CENTRAL,SAPD-2026-1331198,29.417744,-98.542071,1790843078000,http://www.sanantonio.gov/sapd/Calls.aspx,Green,a tbd link,26,10
10/01/26, 1:10:09,1700 N New Braunfels Ave,78208,Traffic Calls,Accident Private Property,4110,EAST,SAPD-2026-1332776,29.439311,-98.461192,1790878209000,http://www.sanantonio.gov/sapd/Calls.aspx,Yellow,a tbd link,26,10
10/01/26, 3:26:20,400 Las Palmas Dr,78237,Other Calls,Disturbance,5110,WEST,SAPD-2026-1331201,29.419305,-98.554857,1790843180000,http://www.sanantonio.gov/sapd/Calls.aspx,Blue,a tbd link,26,10
10/01/26, 3:26:05,400 Parkside Dr,78237,Crimes Against Person Calls,Shooting In Progress,5130,WEST,SAPD-2026-1331200,29.436426,-98.568801,1790843165000,http://www.sanantonio.gov/sapd/Calls.aspx,Red,a tbd link,26,10
10/01/26, 3:36:50,10300 Sahara,78216,Crimes Against Person Calls,Suspicious Vehicle,3350,NORTH,SAPD-2026-1331213,29.530547,-98.494406,1790843810000,http://www.sanantonio.gov/sapd/Calls.aspx,Red,a tbd link,26,10
10/01/26, 1:09:16,5500 University Hts,78249,Other Calls,Assist the Public,7340,PRUE,SAPD-2026-1332773,29.568061,-98.59612,1790878156000,http://www.sanantonio.gov/sapd/Calls.aspx,Blue,a tbd link,26,10
10/01/26, 3:32:24,Wurzbach Rd / Merkens Dr,78240,Other Calls,Animal Related,7140,PRUE,SAPD-2026-1331208,29.498237,-98.590762,1790843544000,http://www.sanantonio.gov/sapd/Calls.aspx,Blue,a tbd link,26,10
10/01/26, 1:10:39,7300 N Loop 1604 E,78154,Other Calls,Wanted Person,3260,NORTH,SAPD-2026-1332782,29.583489,-98.3434,1790878239000,http://www.sanantonio.gov/sapd/Calls.aspx,Blue,a tbd link,26,10
10/01/26, 3:29:34,U0 HWY 281 N,78232,Traffic Calls,Traffic Related,3130,NORTH,SAPD-2026-1331203,29.565241,-98.481555,1790843374000,http://www.sanantonio.gov/sapd/Calls.aspx,Yellow,a tbd link,26,10
10/01/26, 1:10:16,W Loop 1604 N Sb / Culebra Rd,78251,Traffic Calls,Minor Accident,5350,WEST,SAPD-2026-1332777,29.494067,-98.704917,1790878216000,http://www.sanantonio.gov/sapd/Calls.aspx,Yellow,a tbd link,26,10
10/01/26, 3:31:28,13100 JONES MALTSBERGER RD,78247,Other Calls,Patrol By,3220,NORTH,SAPD-2026-1331206,29.559223,-98.450814,1790843488000,http://www.sanantonio.gov/sapd/Calls.aspx,Blue,a tbd link,26,10
10/01/26, 1:09:04,3500 S New Braunfels Ave,78223,Other Calls,Disturbance,4220,EAST,SAPD-2026-1332772,29.384058,-98.461195,1790878144000,http://www.sanantonio.gov/sapd/Calls.aspx,Blue,a tbd link,26,10
10/01/26, 3:33:55,100 Jackson-keller Rd,78216,Other Calls,Disturbance,3310,NORTH,SAPD-2026-1331210,29.4947,-98.49484,1790843635000,http://www.sanantonio.gov/sapd/Calls.aspx,Blue,a tbd link,26,10
10/01/26, 1:10:51,40 Majestic Way,78257,Property Crime Calls,Theft,7260,PRUE,SAPD-2026-1332781,29.649073,-98.606189,1790878251000,http://www.sanantonio.gov/sapd/Calls.aspx,Green,a tbd link,26,10
10/01/26, 3:33:53,1400 S ZARZAMORA ST,78207,Other Calls,Patrol By,2330,CENTRAL,SAPD-2026-1331209,29.414244,-98.528608,1790843633000,http://www.sanantonio.gov/sapd/Calls.aspx,Blue,a tbd link,26,10
10/01/26, 1:13:07,2500 Harry Wurzbach,78209,Other Calls,Welfare Check,4350,EAST,SAPD-2026-1332790,29.488335,-98.4296,1790878387000,http://www.sanantonio.gov/sapd/Calls.aspx,Blue,a tbd link,26,10
10/01/26, 3:36:34,1700 Evans Rd,78258,Other Calls,Disturbance,3160,NORTH,SAPD-2026-1331212,29.642434,-98.467867,1790843794000,http://www.sanantonio.gov/sapd/Calls.aspx,Blue,a tbd link,26,10
10/01/26, 1:11:58,2800 W Travis St,78207,Property Crime Calls,Criminal Mischief In Progress,2320,CENTRAL,SAPD-2026-1332786,29.429813,-98.525743,1790878318000,http://www.sanantonio.gov/sapd/Calls.aspx,Green,a tbd link,26,10
10/01/26, 3:36:25,1500 SALTILLO ST,78207,Other Calls,Patrol By,2350,CENTRAL,SAPD-2026-1331211,29.411714,-98.536347,1790843785000,http://www.sanantonio.gov/sapd/Calls.aspx,Blue,a tbd link,26,10
10/01/26, 1:15:55,14800 Donop Rd,78112,Property Crime Calls,Theft,6280,SOUTH,SAPD-2026-1332805,29.274195,-98.394827,1790878555000,http://www.sanantonio.gov/sapd/Calls.aspx,Green,a tbd link,26,10
10/01/26, 3:41:31,300 W Mitchell St,78204,Other Calls,Suspicious Person,6210,SOUTH,SAPD-2026-1331218,29.393294,-98.496914,1790844091000,http://www.sanantonio.gov/sapd/Calls.aspx,Blue,a tbd link,26,10
10/01/26, 1:14:38,3700 Perrin Central,78217,Other Calls,Welfare Check,3370,NORTH,SAPD-2026-1332796,29.536553,-98.41629,1790878478000,http://www.sanantonio.gov/sapd/Calls.aspx,Blue,a tbd link,26,10
10/01/26, 3:40:18,2200 N FLORES ST,78212,Other Calls,Patrol By,1220,DOWNTOWN,SAPD-2026-1331216,29.447797,-98.503814,1790844018000,http://www.sanantonio.gov/sapd/Calls.aspx,Blue,a tbd link,26,10
10/01/26, 1:10:49,4600 VIA SONOMA TRL,78244,Other Calls,CRT Follow Up,NOT SAPD BEX,SAPD OUTSIDE AREA,SAPD-2026-1332779,29.471586,-98.32434,1790878249000,http://www.sanantonio.gov/sapd/Calls.aspx,Blue,a tbd link,26,10
10/01/26, 3:41:16,8700 Wurzbach Rd,78240,Crimes Against Person Calls,Fight,7150,PRUE,SAPD-2026-1331217,29.524387,-98.568993,1790844076000,http://www.sanantonio.gov/sapd/Calls.aspx,Red,a tbd link,26,10
10/01/26, 1:13:06,Jackson-keller Rd / Gladiola,78213,Traffic Calls,Minor Accident,3310,NORTH,SAPD-2026-1332787,29.513019,-98.523001,1790878386000,http://www.sanantonio.gov/sapd/Calls.aspx,Yellow,a tbd link,26,10
10/01/26, 3:42:44,4100 Winesap,78222,Other Calls,Disturbance Family,4260,EAST,SAPD-2026-1331220,29.369377,-98.415182,1790844164000,http://www.sanantonio.gov/sapd/Calls.aspx,Blue,a tbd link,26,10
10/01/26, 1:10:53,4100 Libre St,78222,Other Calls,SAPD Emergency Call,4250,EAST,SAPD-2026-1332780,29.382419,-98.403873,1790878253000,http://www.sanantonio.gov/sapd/Calls.aspx,Blue,a tbd link,26,10
10/01/26, 3:43:51,600 Sw 19th St,78207,Other Calls,Injured/Sick Person,2350,CENTRAL,SAPD-2026-1331222,29.423773,-98.536206,1790844231000,http://www.sanantonio.gov/sapd/Calls.aspx,Blue,a tbd link,26,10
10/01/26, 1:13:14,9401-9499 Se Loop 410 Wb,78223,Traffic Calls,Major Accident,6270,SOUTH,SAPD-2026-1332789,29.322649,-98.437786,1790878394000,http://www.sanantonio.gov/sapd/Calls.aspx,Yellow,a tbd link,26,10
10/01/26, 3:52:31,N Zarzamora St / W Poplar St,78207,Property Crime Calls,Theft of Vehicle,2320,CENTRAL,SAPD-2026-1331234,29.440723,-98.525431,1790844751000,http://www.sanantonio.gov/sapd/Calls.aspx,Green,a tbd link,26,10
10/01/26, 1:16:30,7700 Floyd Curl,78229,Other Calls,Assist the Public,7130,PRUE,SAPD-2026-1332802,29.506944,-98.57125,1790878590000,http://www.sanantonio.gov/sapd/Calls.aspx,Blue,a tbd link,26,10
10/01/26, 1:12:08,9401-9499 Se Loop 410 Wb,78223,Traffic Calls,Major Accident,6270,SOUTH,SAPD-2026-1332785,29.32265,-98.437783,1790878328000,http://www.sanantonio.gov/sapd/Calls.aspx,Yellow,a tbd link,26,10
10/01/26, 1:14:35,1100 N Frio St,78207,Other Calls,Disturbance,2310,CENTRAL,SAPD-2026-1332795,29.437189,-98.505662,1790878475000,http://www.sanantonio.gov/sapd/Calls.aspx,Blue,a tbd link,26,10
10/01/26, 3:45:01,100 CAMARON,78205,Other Calls,Patrol By,1120,DOWNTOWN,SAPD-2026-1331223,29.425464,-98.495853,1790844301000,http://www.sanantonio.gov/sapd/Calls.aspx,Blue,a tbd link,26,10
10/01/26, 1:15:07,1100 N Frio St,78207,Crimes Against Person Calls,Disturbance (Knife Involved),2310,CENTRAL,SAPD-2026-1332797,29.437189,-98.505662,1790878507000,http://www.sanantonio.gov/sapd/Calls.aspx,Red,a tbd link,26,10
10/01/26, 3:47:27,Nacogdoches Rd / O'connor Rd,78247,Traffic Calls,Traffic Related,3240,NORTH,SAPD-2026-1331227,29.568369,-98.384814,1790844447000,http://www.sanantonio.gov/sapd/Calls.aspx,Yellow,a tbd link,26,10
10/01/26, 1:13:50,200 W Commerce St,78205,Other Calls,Disturbance,1120,DOWNTOWN,SAPD-2026-1332792,29.4253,-98.494762,1790878430000,http://www.sanantonio.gov/sapd/Calls.aspx,Blue,a tbd link,26,10
10/01/26, 3:50:01,3400 Northeast Pkwy,78218,Other Calls,Disturbance,4350,EAST,SAPD-2026-1331228,29.490361,-98.430596,1790844601000,http://www.sanantonio.gov/sapd/Calls.aspx,Blue,a tbd link,26,10
10/01/26, 1:14:33,9401-9499 Se Loop 410 Wb,78223,Traffic Calls,Minor Accident,6270,SOUTH,SAPD-2026-1332794,29.322832,-98.436369,1790878473000,http://www.sanantonio.gov/sapd/Calls.aspx,Yellow,a tbd link,26,10
10/01/26, 3:50:40,12000 Nacogdoches Rd,78217,Other Calls,Welfare Check,3210,NORTH,SAPD-2026-1331237,29.548627,-98.410708,1790844640000,http://www.sanantonio.gov/sapd/Calls.aspx,Blue,a tbd link,26,10
10/01/26, 1:19:34,9400 Ih 35 N,78233,Traffic Calls,Minor Accident,3230,NORTH,SAPD-2026-1332817,29.523889,-98.391667,1790878774000,http://www.sanantonio.gov/sapd/Calls.aspx,Yellow,a tbd link,26,10
10/01/26, 3:50:22,1100 CINCINNATI AVE,78201,Other Calls,Patrol By,5210,WEST,SAPD-2026-1331229,29.450165,-98.528378,1790844622000,http://www.sanantonio.gov/sapd/Calls.aspx,Blue,a tbd link,26,10
10/01/26, 3:52:29,300 Forrest Hill,78209,Property Crime Calls,Theft,3330,NORTH,SAPD-2026-1331233,29.505855,-98.447125,1790844749000,http://www.sanantonio.gov/sapd/Calls.aspx,Green,a tbd link,26,10
10/01/26, 1:19:55,200 Ruelle,78209,Property Crime Calls,Theft of Vehicle,3340,NORTH,SAPD-2026-1332816,29.491849,-98.457769,1790878795000,http://www.sanantonio.gov/sapd/Calls.aspx,Green,a tbd link,26,10
10/01/26, 3:54:15,300 Forrest Hill,78209,Crimes Against Person Calls,Suspicious Vehicle,3330,NORTH,SAPD-2026-1331236,29.505855,-98.447125,1790844855000,http://www.sanantonio.gov/sapd/Calls.aspx,Red,a tbd link,26,10
10/01/26, 1:15:47,Us Hwy 281 N Sb / E Basse Rd,78209,Traffic Calls,High Water,3310,NORTH,SAPD-2026-1332799,29.490373,-98.483396,1790878547000,http://www.sanantonio.gov/sapd/Calls.aspx,Yellow,a tbd link,26,10
10/01/26, 3:53:21,1500 Beverly Ann,78224,Other Calls,Disturbance Neighbor,6140,SOUTH,SAPD-2026-1331235,29.334912,-98.532905,1790844801000,http://www.sanantonio.gov/sapd/Calls.aspx,Blue,a tbd link,26,10
10/01/26, 3:56:24,700 SAMS DR,78221,Crimes Against Person Calls,Assault In Progress,6250,SOUTH,SAPD-2026-1331238,29.332898,-98.491559,1790844984000,http://www.sanantonio.gov/sapd/Calls.aspx,Red,a tbd link,26,10
10/01/26, 1:16:46,8300 Wickersham,78254,Property Crime Calls,Forgery,7320,PRUE,SAPD-2026-1332804,29.51935,-98.648029,1790878606000,http://www.sanantonio.gov/sapd/Calls.aspx,Green,a tbd link,26,10
10/01/26, 4:00:08,N Laredo St / W Poplar St,78207,Other Calls,Welfare Check,2310,CENTRAL,SAPD-2026-1331243,29.438566,-98.50577,1790845208000,http://www.sanantonio.gov/sapd/Calls.aspx,Blue,a tbd link,26,10
10/01/26, 3:57:24,2301-2399 BANDERA RD,78228,Traffic Calls,Traffic Related,5260,WEST,SAPD-2026-1331239,29.477059,-98.585265,1790845044000,http://www.sanantonio.gov/sapd/Calls.aspx,Yellow,a tbd link,26,10
10/01/26, 1:17:48,Ih 35 N Nb / N Weidner Rd,78233,Traffic Calls,Traffic Related,3230,NORTH,SAPD-2026-1332807,29.539741,-98.37923,1790878668000,http://www.sanantonio.gov/sapd/Calls.aspx,Yellow,a tbd link,26,10
10/01/26, 3:59:17,4900 Nw Loop 410,78229,Crimes Against Person Calls,Assault In Progress,7140,PRUE,SAPD-2026-1331241,29.489164,-98.583159,1790845157000,http://www.sanantonio.gov/sapd/Calls.aspx,Red,a tbd link,26,10
10/01/26, 1:17:49,W0 Ne Lp 410 Ofrp Perrin Beitel,78218,Traffic Calls,High Water,3230,NORTH,SAPD-2026-1332808,29.51612,-98.40596,1790878669000,http://www.sanantonio.gov/sapd/Calls.aspx,Yellow,a tbd link,26,10
10/01/26, 3:58:20,3700 W COMMERCE ST,78237,Other Calls,Patrol By,2330,CENTRAL,SAPD-2026-1331240,29.428418,-98.538722,1790845100000,http://www.sanantonio.gov/sapd/Calls.aspx,Blue,a tbd link,26,10
10/01/26, 1:18:47,Se Loop 410 Wb / Roosevelt Ave,78214,Traffic Calls,Traffic Related,6250,SOUTH,SAPD-2026-1332812,29.321995,-98.477886,1790878727000,http://www.sanantonio.gov/sapd/Calls.aspx,Yellow,a tbd link,26,10
10/01/26, 4:00:47,8500 Honora Ave,78221,Other Calls,Patrol By,6150,SOUTH,SAPD-2026-1331247,29.339668,-98.515087,1790845247000,http://www.sanantonio.gov/sapd/Calls.aspx,Blue,a tbd link,26,10
10/01/26, 1:18:18,3300 Fredericksburg Rd,78201,Other Calls,Disturbance,5240,WEST,SAPD-2026-1332811,29.473804,-98.534472,1790878698000,http://www.sanantonio.gov/sapd/Calls.aspx,Blue,a tbd link,26,10
10/01/26, 4:00:31,4500 Medical Dr,78229,Other Calls,Information,7130,PRUE,SAPD-2026-1331244,29.507184,-98.578914,1790845231000,http://www.sanantonio.gov/sapd/Calls.aspx,Blue,a tbd link,26,10
10/01/26, 4:00:51,9000 Lunar Cv,78252,Property Crime Calls,Theft of Vehicle In Progress,6360,SOUTH,SAPD-2026-1331248,29.337482,-98.638257,1790845251000,http://www.sanantonio.gov/sapd/Calls.aspx,Green,a tbd link,26,10
10/01/26, 1:18:50,25600 Us Hwy 281 N,78258,Crimes Against Person Calls,Assault,3150,NORTH,SAPD-2026-1332813,29.680881,-98.454739,1790878730000,http://www.sanantonio.gov/sapd/Calls.aspx,Red,a tbd link,26,10
10/01/26, 4:02:00,2600 Robles St,78226,Other Calls,Suspicious Person,6310,SOUTH,SAPD-2026-1331251,29.401391,-98.565042,1790845320000,http://www.sanantonio.gov/sapd/Calls.aspx,Blue,a tbd link,26,10
10/01/26, 1:19:21,11000 Culebra Rd,78253,Traffic Calls,Minor Accident,5350,WEST,SAPD-2026-1332815,29.496752,-98.70975,1790878761000,http://www.sanantonio.gov/sapd/Calls.aspx,Yellow,a tbd link,26,10
10/01/26, 4:00:57,10700 NACOGDOCHES RD,78217,Other Calls,Patrol By,3360,NORTH,SAPD-2026-1331249,29.535464,-98.42296,1790845257000,http://www.sanantonio.gov/sapd/Calls.aspx,Blue,a tbd link,26,10
10/01/26, 1:20:41,Se Loop 410 Eb / Roosevelt Ave,78214,Traffic Calls,Minor Accident,6260,SOUTH,SAPD-2026-1332822,29.321793,-98.477813,1790878841000,http://www.sanantonio.gov/sapd/Calls.aspx,Yellow,a tbd link,26,10
10/01/26, 4:03:36,1500 Beverly Ann,78224,Other Calls,Disturbance,6140,SOUTH,SAPD-2026-1331252,29.334912,-98.532905,1790845416000,http://www.sanantonio.gov/sapd/Calls.aspx,Blue,a tbd link,26,10
10/01/26, 1:21:29,State Hwy 151 Nb / N Hunt Ln,78251,Traffic Calls,High Water,5360,WEST,SAPD-2026-1332825,29.446543,-98.67051,1790878889000,http://www.sanantonio.gov/sapd/Calls.aspx,Yellow,a tbd link,26,10
10/01/26, 4:01:16,3600 AVENUE B,78209,Other Calls,Patrol By,1230,DOWNTOWN,SAPD-2026-1331250,29.459895,-98.468741,1790845276000,http://www.sanantonio.gov/sapd/Calls.aspx,Blue,a tbd link,26,10
10/01/26, 1:21:36,1100 Mesa Blanca,78248,Other Calls,Miscellaneous,7240,PRUE,SAPD-2026-1332826,29.60334,-98.50981,1790878896000,http://www.sanantonio.gov/sapd/Calls.aspx,Blue,a tbd link,26,10
10/01/26, 4:05:27,4100 Blanco Rd,78201,Crimes Against Person Calls,Suspicious Vehicle,2220,CENTRAL,SAPD-2026-1331254,29.484398,-98.508404,1790845527000,http://www.sanantonio.gov/sapd/Calls.aspx,Red,a tbd link,26,10
10/01/26, 1:20:36,13200 Skyhawk Dr,78249,Crimes Against Person Calls,Assault,7350,PRUE,SAPD-2026-1332821,29.563638,-98.650367,1790878836000,http://www.sanantonio.gov/sapd/Calls.aspx,Red,a tbd link,26,10
10/01/26, 4:03:51,500 N St Mary's St,,Other Calls,Disturbance,1130,DOWNTOWN,SAPD-2026-1331253,29.428889,-98.491111,1790845431000,http://www.sanantonio.gov/sapd/Calls.aspx,Blue,a tbd link,26,10
10/01/26, 1:23:28,3500 Horizon Lake,78222,Other Calls,Miscellaneous,4250,EAST,SAPD-2026-1332829,29.380558,-98.376164,1790879008000,http://www.sanantonio.gov/sapd/Calls.aspx,Blue,a tbd link,26,10
10/01/26, 4:06:43,2600 Robles St,78226,Property Crime Calls,Burglary Vehicle In Progress,6310,SOUTH,SAPD-2026-1331255,29.401391,-98.565042,1790845603000,http://www.sanantonio.gov/sapd/Calls.aspx,Green,a tbd link,26,10
10/01/26, 1:20:34,6200 NW LOOP 410,78238,Other Calls,Miscellaneous,5310,WEST,SAPD-2026-1332820,29.468936,-98.616839,1790878834000,http://www.sanantonio.gov/sapd/Calls.aspx,Blue,a tbd link,26,10
10/01/26, 4:12:52,500 Koehler Ct,78223,Other Calls,Disturbance,6240,SOUTH,SAPD-2026-1331264,29.366989,-98.458704,1790845972000,http://www.sanantonio.gov/sapd/Calls.aspx,Blue,a tbd link,26,10
10/01/26, 1:26:42,3100 E Commerce St,78220,Other Calls,Welfare Check,4160,EAST,SAPD-2026-1332838,29.419789,-98.439555,1790879202000,http://www.sanantonio.gov/sapd/Calls.aspx,Blue,a tbd link,26,10
10/01/26, 4:09:13,W Hildebrand Ave / Fredericksburg Rd,78201,Traffic Calls,Traffic Related,5230,WEST,SAPD-2026-1331276,29.465923,-98.527479,1790845753000,http://www.sanantonio.gov/sapd/Calls.aspx,Yellow,a tbd link,26,10
10/01/26, 1:24:09,400 W Huisache Ave,78212,Other Calls,Suspicious Person,1240,DOWNTOWN,SAPD-2026-1332832,29.455783,-98.499541,1790879049000,http://www.sanantonio.gov/sapd/Calls.aspx,Blue,a tbd link,26,10
10/01/26, 4:08:19,4200 W COMMERCE ST,78237,Other Calls,Patrol By,2360,CENTRAL,SAPD-2026-1331257,29.429967,-98.546253,1790845699000,http://www.sanantonio.gov/sapd/Calls.aspx,Blue,a tbd link,26,10
10/01/26, 1:23:19,Babcock Rd / Merton Minter,78229,Traffic Calls,Traffic Related,7140,PRUE,SAPD-2026-1332827,29.502447,-98.581468,1790878999000,http://www.sanantonio.gov/sapd/Calls.aspx,Yellow,a tbd link,26,10
10/01/26, 4:08:53,100 OAK PARK,78209,Other Calls,Patrol By,3330,NORTH,SAPD-2026-1331259,29.511449,-98.459009,1790845733000,http://www.sanantonio.gov/sapd/Calls.aspx,Blue,a tbd link,26,10
10/01/26, 1:23:20,13400 Judson Rd,78233,Other Calls,Narcotic Laws,3250,NORTH,SAPD-2026-1332828,29.562776,-98.362978,1790879000000,http://www.sanantonio.gov/sapd/Calls.aspx,Blue,a tbd link,26,10
10/01/26, 4:11:58,5300 Roosevelt Ave,78214,Other Calls,Disturbance,6250,SOUTH,SAPD-2026-1331263,29.322719,-98.478789,1790845918000,http://www.sanantonio.gov/sapd/Calls.aspx,Blue,a tbd link,26,10
10/01/26, 1:24:04,Culebra Rd / W Loop 1604 N Sb,78251,Traffic Calls,Minor Accident,5350,WEST,SAPD-2026-1332831,29.494067,-98.704917,1790879044000,http://www.sanantonio.gov/sapd/Calls.aspx,Yellow,a tbd link,26,10
10/01/26, 4:15:18,2400 Blk Us Hwy 281 N Nb,78212,Traffic Calls,Minor Accident,1230,DOWNTOWN,SAPD-2026-1331273,29.45027,-98.483741,1790846118000,http://www.sanantonio.gov/sapd/Calls.aspx,Yellow,a tbd link,26,10
10/01/26, 1:24:12,400 Millwood Ln,78216,Property Crime Calls,Theft,3320,NORTH,SAPD-2026-1332833,29.511112,-98.485441,1790879052000,http://www.sanantonio.gov/sapd/Calls.aspx,Green,a tbd link,26,10
10/01/26, 4:14:03,3500 Wurzbach Rd,78238,Other Calls,Wanted Person,5310,WEST,SAPD-2026-1331266,29.471167,-98.623799,1790846043000,http://www.sanantonio.gov/sapd/Calls.aspx,Blue,a tbd link,26,10
10/01/26, 1:24:25,5800 Culebra Rd,78228,Other Calls,Disturbance,5140,WEST,SAPD-2026-1332835,29.448498,-98.601061,1790879065000,http://www.sanantonio.gov/sapd/Calls.aspx,Blue,a tbd link,26,10
10/01/26, 1:25:55,2000 Austin Hwy,78218,Crimes Against Person Calls,Holdup Alarm In Progress,4360,EAST,SAPD-2026-1332836,29.502691,-98.417992,1790879155000,http://www.sanantonio.gov/sapd/Calls.aspx,Red,a tbd link,26,10
10/01/26, 1:28:02,NE LOOP 410 WB / PERRIN BEITEL,78217,Traffic Calls,Traffic Related,3370,NORTH,SAPD-2026-1332845,29.516062,-98.411066,1790879282000,http://www.sanantonio.gov/sapd/Calls.aspx,Yellow,a tbd link,26,10
10/01/26, 4:14:47,N0 Hy281 N Onrp Josephine St,78215,Traffic Calls,Major Accident,1230,DOWNTOWN,SAPD-2026-1331271,29.446828,-98.478734,1790846087000,http://www.sanantonio.gov/sapd/Calls.aspx,Yellow,a tbd link,26,10
10/01/26, 1:36:07,200 Pennystone Ave,78223,Other Calls,Miscellaneous,4220,EAST,SAPD-2026-1332879,29.377365,-98.451486,1790879767000,http://www.sanantonio.gov/sapd/Calls.aspx,Blue,a tbd link,26,10
10/01/26, 4:17:14,7800 Winsford Dr,78239,Other Calls,SAPD Non-Emergency Call,NOT SAPD BEX,SAPD OUTSIDE AREA,SAPD-2026-1331281,29.50735,-98.353144,1790846234000,http://www.sanantonio.gov/sapd/Calls.aspx,Blue,a tbd link,26,10
10/01/26, 1:29:19,9300 Potranco Rd,78251,Other Calls,Disturbance,5360,WEST,SAPD-2026-1332847,29.441959,-98.666709,1790879359000,http://www.sanantonio.gov/sapd/Calls.aspx,Blue,a tbd link,26,10
10/01/26, 4:16:24,7400 San Pedro Ave,78216,Crimes Against Person Calls,Holdup Alarm In Progress,3320,NORTH,SAPD-2026-1331277,29.519902,-98.496364,1790846184000,http://www.sanantonio.gov/sapd/Calls.aspx,Red,a tbd link,26,10
10/01/26, 1:29:44,2800 Mabe Rd,78251,Other Calls,Miscellaneous,5320,WEST,SAPD-2026-1332848,29.462309,-98.634264,1790879384000,http://www.sanantonio.gov/sapd/Calls.aspx,Blue,a tbd link,26,10
10/01/26, 4:18:07,400 E PYRON AVE,78214,Other Calls,Miscellaneous,6230,SOUTH,SAPD-2026-1331283,29.362924,-98.485251,1790846287000,http://www.sanantonio.gov/sapd/Calls.aspx,Blue,a tbd link,26,10
10/01/26, 4:16:32,5000 LORD RD,78220,Other Calls,Patrol By,4240,EAST,SAPD-2026-1331278,29.414239,-98.393886,1790846192000,http://www.sanantonio.gov/sapd/Calls.aspx,Blue,a tbd link,26,10
10/01/26, 4:19:37,N St Mary's St / Us Hwy 281 N Nb,78212,Traffic Calls,Major Accident,1240,DOWNTOWN,SAPD-2026-1331289,29.454794,-98.481774,1790846377000,http://www.sanantonio.gov/sapd/Calls.aspx,Yellow,a tbd link,26,10
10/01/26, 1:28:38,5764-6114 W Loop 1604 N,78251,Traffic Calls,Major Accident,5350,WEST,SAPD-2026-1332843,29.493045,-98.705094,1790879318000,http://www.sanantonio.gov/sapd/Calls.aspx,Yellow,a tbd link,26,10
10/01/26, 4:21:53,6400 De Zavala Rd,78249,Property Crime Calls,Theft,7340,PRUE,SAPD-2026-1331294,29.562385,-98.616669,1790846513000,http://www.sanantonio.gov/sapd/Calls.aspx,Green,a tbd link,26,10
10/01/26, 1:32:00,4500 Blk Ih 10 E Wb,78219,Traffic Calls,Minor Accident,4310,EAST,SAPD-2026-1332856,29.432078,-98.404319,1790879520000,http://www.sanantonio.gov/sapd/Calls.aspx,Yellow,a tbd link,26,10
10/01/26, 4:22:55,1700 Evans Rd,78258,Property Crime Calls,Burglary in Progress,3160,NORTH,SAPD-2026-1331297,29.641823,-98.468075,1790846575000,http://www.sanantonio.gov/sapd/Calls.aspx,Green,a tbd link,26,10
10/01/26, 1:30:44,1300 W Hildebrand Ave,78201,Property Crime Calls,Forgery,5240,WEST,SAPD-2026-1332852,29.465721,-98.516539,1790879444000,http://www.sanantonio.gov/sapd/Calls.aspx,Green,a tbd link,26,10
10/01/26, 4:19:25,1700 DIANE RD,78220,Other Calls,Patrol By,4240,EAST,SAPD-2026-1331287,29.405631,-98.398086,1790846365000,http://www.sanantonio.gov/sapd/Calls.aspx,Blue,a tbd link,26,10
10/01/26, 1:30:11,Culebra Rd / Cliffbrier,78251,Traffic Calls,Traffic Related,7370,PRUE,SAPD-2026-1332849,29.490358,-98.68172,1790879411000,http://www.sanantonio.gov/sapd/Calls.aspx,Yellow,a tbd link,26,10
10/01/26, 4:21:16,8700 MYSTIC PARK,78254,Other Calls,Patrol By,7320,PRUE,SAPD-2026-1331291,29.524121,-98.643542,1790846476000,http://www.sanantonio.gov/sapd/Calls.aspx,Blue,a tbd link,26,10
10/01/26, 1:32:10,State Hwy 151 Nb / N Hunt Ln,78251,Traffic Calls,High Water,5360,WEST,SAPD-2026-1332855,29.446543,-98.67051,1790879530000,http://www.sanantonio.gov/sapd/Calls.aspx,Yellow,a tbd link,26,10
10/01/26, 1:31:21,4400 Buena Vista St,78237,Other Calls,Disturbance,5110,WEST,SAPD-2026-1332853,29.428995,-98.55075,1790879481000,http://www.sanantonio.gov/sapd/Calls.aspx,Blue,a tbd link,26,10
10/01/26, 4:27:17,3300 Ih 35 N,78219-2300,Other Calls,Welfare Check,4160,EAST,SAPD-2026-1331312,29.44509,-98.431008,1790846837000,http://www.sanantonio.gov/sapd/Calls.aspx,Blue,a tbd link,26,10
10/01/26, 1:35:07,10400 Dover Rdg,78250,Other Calls,Wanted Person,7370,PRUE,SAPD-2026-1332865,29.512797,-98.68523,1790879707000,http://www.sanantonio.gov/sapd/Calls.aspx,Blue,a tbd link,26,10
10/01/26, 4:26:29,5500 DE ZAVALA RD,78249,Other Calls,Disturbance,7340,PRUE,SAPD-2026-1331309,29.564445,-98.596065,1790846789000,http://www.sanantonio.gov/sapd/Calls.aspx,Blue,a tbd link,26,10
10/01/26, 1:31:28,300 S Santa Rosa,78207,Other Calls,Information,1120,DOWNTOWN,SAPD-2026-1332854,29.422478,-98.498873,1790879488000,http://www.sanantonio.gov/sapd/Calls.aspx,Blue,a tbd link,26,10
10/01/26, 4:25:23,500 BROOKLYN AVE,78215,Other Calls,Patrol By,1130,DOWNTOWN,SAPD-2026-1331306,29.433952,-98.485104,1790846723000,http://www.sanantonio.gov/sapd/Calls.aspx,Blue,a tbd link,26,10
10/01/26, 1:34:16,500 Ogden St,78212,Property Crime Calls,Theft,1210,DOWNTOWN,SAPD-2026-1332862,29.443259,-98.493438,1790879656000,http://www.sanantonio.gov/sapd/Calls.aspx,Green,a tbd link,26,10
10/01/26, 4:29:56,6300 Blk Ih 10 E Eb,78219,Traffic Calls,Traffic Related,4310,EAST,SAPD-2026-1331316,29.446112,-98.357131,1790846996000,http://www.sanantonio.gov/sapd/Calls.aspx,Yellow,a tbd link,26,10
10/01/26, 1:32:36,U0 Hwy 281 N,78232,Other Calls,Disturbance,3140,NORTH,SAPD-2026-1332857,29.608155,-98.468321,1790879556000,http://www.sanantonio.gov/sapd/Calls.aspx,Blue,a tbd link,26,10
10/01/26, 4:29:53,5700 Walzem Rd,78218,Other Calls,Disturbance,4330,EAST,SAPD-2026-1331315,29.509956,-98.3729,1790846993000,http://www.sanantonio.gov/sapd/Calls.aspx,Blue,a tbd link,26,10
10/01/26, 1:33:13,Alicia / Culebra Rd,78228,Traffic Calls,Traffic Violation,5250,WEST,SAPD-2026-1332861,29.450096,-98.578846,1790879593000,http://www.sanantonio.gov/sapd/Calls.aspx,Yellow,a tbd link,26,10
10/01/26, 4:29:17,500 Madison Oak Dr,78258,Other Calls,DOA,3160,NORTH,SAPD-2026-1331314,29.620258,-98.49115,1790846957000,http://www.sanantonio.gov/sapd/Calls.aspx,Blue,a tbd link,26,10
10/01/26, 1:35:33,1500 W Villaret Blvd,78224,Property Crime Calls,Burglary,6140,SOUTH,SAPD-2026-1332869,29.326618,-98.548147,1790879733000,http://www.sanantonio.gov/sapd/Calls.aspx,Green,a tbd link,26,10
10/01/26, 4:33:34,7500 Westfield Dr,78227,Crimes Against Person Calls,Threats,5170,WEST,SAPD-2026-1331319,29.407287,-98.637759,1790847214000,http://www.sanantonio.gov/sapd/Calls.aspx,Red,a tbd link,26,10
10/01/26, 1:34:31,12399-12599 O'connor Rd,78233,Traffic Calls,Traffic Violation,3250,NORTH,SAPD-2026-1332863,29.551661,-98.37762,1790879671000,http://www.sanantonio.gov/sapd/Calls.aspx,Yellow,a tbd link,26,10
10/01/26, 4:33:29,100 JESUS ALLEY,78207,Other Calls,Patrol By,2320,CENTRAL,SAPD-2026-1331318,29.429109,-98.515892,1790847209000,http://www.sanantonio.gov/sapd/Calls.aspx,Blue,a tbd link,26,10
10/01/26, 1:35:32,Vance Jackson Rd / Ih 10 W Sb,78201,Traffic Calls,Major Accident,5230,WEST,SAPD-2026-1332868,29.484649,-98.534937,1790879732000,http://www.sanantonio.gov/sapd/Calls.aspx,Yellow,a tbd link,26,10
10/01/26, 4:34:06,500 COLUMBUS,78207,Other Calls,Patrol By,1130,DOWNTOWN,SAPD-2026-1331320,29.429977,-98.498964,1790847246000,http://www.sanantonio.gov/sapd/Calls.aspx,Blue,a tbd link,26,10
10/01/26, 1:35:28,8000 Bandera Rd,78240,Other Calls,Disturbance,7320,PRUE,SAPD-2026-1332866,29.518185,-98.633406,1790879728000,http://www.sanantonio.gov/sapd/Calls.aspx,Blue,a tbd link,26,10
10/01/26, 4:34:39,11000 RUIDOSA ST,78214,Other Calls,Patrol By,6260,SOUTH,SAPD-2026-1331321,29.315075,-98.470672,1790847279000,http://www.sanantonio.gov/sapd/Calls.aspx,Blue,a tbd link,26,10
10/01/26, 1:36:12,7200 Blanco Rd,78216,Property Crime Calls,Burglary Vehicle,3350,NORTH,SAPD-2026-1332874,29.524378,-98.502275,1790879772000,http://www.sanantonio.gov/sapd/Calls.aspx,Green,a tbd link,26,10
10/01/26, 4:43:52,500 N St Mary's St,78205,Other Calls,Disturbance,1130,DOWNTOWN,SAPD-2026-1331328,29.428634,-98.491333,1790847832000,http://www.sanantonio.gov/sapd/Calls.aspx,Blue,a tbd link,26,10
10/01/26, 1:37:35,San Pedro Ave / W Cypress St,78212,Traffic Calls,Minor Accident,1220,DOWNTOWN,SAPD-2026-1332875,29.440643,-98.498972,1790879855000,http://www.sanantonio.gov/sapd/Calls.aspx,Yellow,a tbd link,26,10
10/01/26, 4:40:31,7000 S Zarzamora St,78224,Property Crime Calls,Burglary in Progress,6130,SOUTH,SAPD-2026-1331323,29.357889,-98.53411,1790847631000,http://www.sanantonio.gov/sapd/Calls.aspx,Green,a tbd link,26,10
10/01/26, 1:36:40,State Hwy 151 / Military Dr W,78251,Traffic Calls,High Water,5350,WEST,SAPD-2026-1332872,29.450525,-98.68442,1790879800000,http://www.sanantonio.gov/sapd/Calls.aspx,Yellow,a tbd link,26,10
10/01/26, 4:41:02,100 ALEXANDER RD,78201,Other Calls,Patrol By,5210,WEST,SAPD-2026-1331324,29.448986,-98.528286,1790847662000,http://www.sanantonio.gov/sapd/Calls.aspx,Blue,a tbd link,26,10
10/01/26, 1:36:00,700-799 Se Military Dr,78214,Traffic Calls,Traffic Related,6260,SOUTH,SAPD-2026-1332870,29.356713,-98.489758,1790879760000,http://www.sanantonio.gov/sapd/Calls.aspx,Yellow,a tbd link,26,10
10/01/26, 4:44:12,7600 Callaghan Rd,78229,Other Calls,Disturbance,7110,PRUE,SAPD-2026-1331330,29.508224,-98.557792,1790847852000,http://www.sanantonio.gov/sapd/Calls.aspx,Blue,a tbd link,26,10
10/01/26, 1:38:44,8000 Bandera Rd,78240,Other Calls,Disturbance,7320,PRUE,SAPD-2026-1332878,29.518185,-98.633406,1790879924000,http://www.sanantonio.gov/sapd/Calls.aspx,Blue,a tbd link,26,10
10/01/26, 4:43:53,3300 Ih 35 N,78219-2300,Other Calls,Disturbance,4160,EAST,SAPD-2026-1331329,29.44509,-98.431008,1790847833000,http://www.sanantonio.gov/sapd/Calls.aspx,Blue,a tbd link,26,10
10/01/26, 1:39:59,7300 Barlite Blvd,78224,Traffic Calls,Minor Accident,6330,SOUTH,SAPD-2026-1332880,29.355441,-98.546752,1790879999000,http://www.sanantonio.gov/sapd/Calls.aspx,Yellow,a tbd link,26,10
10/01/26, 4:43:27,E BASSE RD / US HWY 281 N NB,78209,Traffic Calls,Major Accident,1240,DOWNTOWN,SAPD-2026-1331326,29.490495,-98.483249,1790847807000,http://www.sanantonio.gov/sapd/Calls.aspx,Yellow,a tbd link,26,10
10/01/26, 1:41:54,7000 Quig,78223,Other Calls,Welfare Check,6240,SOUTH,SAPD-2026-1332885,29.356644,-98.447035,1790880114000,http://www.sanantonio.gov/sapd/Calls.aspx,Blue,a tbd link,26,10
10/01/26, 4:42:52,400 LEXINGTON AVE,78215,Other Calls,Patrol By,1130,DOWNTOWN,SAPD-2026-1331325,29.434246,-98.490671,1790847772000,http://www.sanantonio.gov/sapd/Calls.aspx,Blue,a tbd link,26,10
10/01/26, 1:43:00,Us Hwy 281 S / Mission Grande,78221,Other Calls,Suspicious Person,6260,SOUTH,SAPD-2026-1332887,29.293995,-98.472767,1790880180000,http://www.sanantonio.gov/sapd/Calls.aspx,Blue,a tbd link,26,10
10/01/26, 4:44:55,1300 W Thompson Place,78226,Crimes Against Person Calls,Suspicious Vehicle,6310,SOUTH,SAPD-2026-1331332,29.395912,-98.547145,1790847895000,http://www.sanantonio.gov/sapd/Calls.aspx,Red,a tbd link,26,10
10/01/26, 1:40:22,Potranco Rd / W Loop 1604 N,78251,Property Crime Calls,Panhandler,5360,WEST,SAPD-2026-1332881,29.435616,-98.71062,1790880022000,http://www.sanantonio.gov/sapd/Calls.aspx,Green,a tbd link,26,10
10/01/26, 4:46:08,Huebner Rd / Nw Military Hwy,78231,Other Calls,Welfare Check,7220,PRUE,SAPD-2026-1331334,29.574929,-98.54471,1790847968000,http://www.sanantonio.gov/sapd/Calls.aspx,Blue,a tbd link,26,10
10/01/26, 1:41:17,5400 Grissom Rd,78238,Crimes Against Person Calls,Threats,7330,PRUE,SAPD-2026-1332883,29.483654,-98.629593,1790880077000,http://www.sanantonio.gov/sapd/Calls.aspx,Red,a tbd link,26,10
10/01/26, 4:45:40,NEWELL / CAMDEN ST,78215,Other Calls,Patrol By,1230,DOWNTOWN,SAPD-2026-1331333,29.440683,-98.481631,1790847940000,http://www.sanantonio.gov/sapd/Calls.aspx,Blue,a tbd link,26,10
10/01/26, 1:41:48,Ih 35 N Nb / N Weidner Rd,78233,Traffic Calls,Traffic Related,3230,NORTH,SAPD-2026-1332893,29.539741,-98.37923,1790880108000,http://www.sanantonio.gov/sapd/Calls.aspx,Yellow,a tbd link,26,10
10/01/26, 4:49:42,13400 Nacogdoches Rd,78217,Other Calls,Disturbance,3210,NORTH,SAPD-2026-1331336,29.563221,-98.390503,1790848182000,http://www.sanantonio.gov/sapd/Calls.aspx,Blue,a tbd link,26,10
10/01/26, 1:42:17,New Sulphur Spgs / Heather Meadow,78222,Traffic Calls,Minor Accident,4250,EAST,SAPD-2026-1332886,29.367099,-98.378374,1790880137000,http://www.sanantonio.gov/sapd/Calls.aspx,Yellow,a tbd link,26,10
10/01/26, 4:51:20,Us Hwy 281 N Nb / E Hildebrand Ave,78212,Traffic Calls,Minor Accident,1230,DOWNTOWN,SAPD-2026-1331345,29.465533,-98.473717,1790848280000,http://www.sanantonio.gov/sapd/Calls.aspx,Yellow,a tbd link,26,10
10/01/26, 1:41:09,12000 Culebra Rd,78253,Other Calls,Disturbance,5350,WEST,SAPD-2026-1332882,29.504437,-98.731595,1790880069000,http://www.sanantonio.gov/sapd/Calls.aspx,Blue,a tbd link,26,10
10/01/26, 4:51:09,200 ALEXANDER RD,78201,Other Calls,Patrol By,5210,WEST,SAPD-2026-1331342,29.450801,-98.527742,1790848269000,http://www.sanantonio.gov/sapd/Calls.aspx,Blue,a tbd link,26,10
10/01/26, 1:43:17,300 Segura,78237,Crimes Against Person Calls,Assault In Progress,5140,WEST,SAPD-2026-1332888,29.426204,-98.580415,1790880197000,http://www.sanantonio.gov/sapd/Calls.aspx,Red,a tbd link,26,10
10/01/26, 4:56:02,N Loop 1604 E Wb / W Green Mountain Rd,78247,Traffic Calls,Traffic Related,3260,NORTH,SAPD-2026-1331352,29.602906,-98.365942,1790848562000,http://www.sanantonio.gov/sapd/Calls.aspx,Yellow,a tbd link,26,10
10/01/26, 1:51:32,9700 Hidden Plains,78250,Property Crime Calls,Theft,7370,PRUE,SAPD-2026-1332925,29.490665,-98.691139,1790880692000,http://www.sanantonio.gov/sapd/Calls.aspx,Green,a tbd link,26,10
10/01/26, 1:44:51,Ih 35 N Nb / N Weidner Rd,78233,Traffic Calls,Traffic Related,3230,NORTH,SAPD-2026-1332895,29.539741,-98.37923,1790880291000,http://www.sanantonio.gov/sapd/Calls.aspx,Yellow,a tbd link,26,10
10/01/26, 4:56:24,1000 Bandera Rd,78228,Other Calls,Disturbance,5220,WEST,SAPD-2026-1331353,29.458793,-98.556966,1790848584000,http://www.sanantonio.gov/sapd/Calls.aspx,Blue,a tbd link,26,10
10/01/26, 1:44:15,200 Lackell Ave,78226,Other Calls,Prowler,6310,SOUTH,SAPD-2026-1332891,29.385866,-98.56329,1790880255000,http://www.sanantonio.gov/sapd/Calls.aspx,Blue,a tbd link,26,10
10/01/26, 5:00:40,200 S Alamo St,78205,Other Calls,Disturbance,1110,DOWNTOWN,SAPD-2026-1331361,29.422331,-98.4871,1790848840000,http://www.sanantonio.gov/sapd/Calls.aspx,Blue,a tbd link,26,10
10/01/26, 1:43:32,Heather Meadow / New Sulphur Spgs,78222,Traffic Calls,Minor Accident,4250,EAST,SAPD-2026-1332892,29.367099,-98.378374,1790880212000,http://www.sanantonio.gov/sapd/Calls.aspx,Yellow,a tbd link,26,10
10/01/26, 4:58:25,3100 HIAWATHA,78210,Other Calls,Patrol By,4210,EAST,SAPD-2026-1331356,29.384037,-98.437081,1790848705000,http://www.sanantonio.gov/sapd/Calls.aspx,Blue,a tbd link,26,10
10/01/26, 1:44:06,100 S Park Blvd,78204,Other Calls,Disturbance,2340,CENTRAL,SAPD-2026-1332890,29.398207,-98.515038,1790880246000,http://www.sanantonio.gov/sapd/Calls.aspx,Blue,a tbd link,26,10
10/01/26, 5:00:06,9500 Wurzbach Rd,78229,Crimes Against Person Calls,Holdup Alarm In Progress,7120,PRUE,SAPD-2026-1331360,29.5301,-98.56233,1790848806000,http://www.sanantonio.gov/sapd/Calls.aspx,Red,a tbd link,26,10
10/01/26, 1:44:00,S0 W Loop 1604 N Ofrp Culebra Rd,78254,Traffic Calls,Minor Accident,7360,PRUE,SAPD-2026-1332889,29.51302,-98.695845,1790880240000,http://www.sanantonio.gov/sapd/Calls.aspx,Yellow,a tbd link,26,10
10/01/26, 4:59:38,3700 Marymont Dr,78217,Crimes Against Person Calls,Assault In Progress,3370,NORTH,SAPD-2026-1331357,29.523559,-98.425508,1790848778000,http://www.sanantonio.gov/sapd/Calls.aspx,Red,a tbd link,26,10
10/01/26, 1:47:35,6800 Alamo Pkwy,78253,Other Calls,SAPD Emergency Call,NOT SAPD BEX,SAPD OUTSIDE AREA,SAPD-2026-1332905,29.50139,-98.729717,1790880455000,http://www.sanantonio.gov/sapd/Calls.aspx,Blue,a tbd link,26,10
10/01/26, 5:00:55,15000 Vance Jackson Rd,78249,Other Calls,Disturbance,7230,PRUE,SAPD-2026-1331364,29.585321,-98.5878,1790848855000,http://www.sanantonio.gov/sapd/Calls.aspx,Blue,a tbd link,26,10
10/01/26, 1:45:42,Division / Boris,78214,Traffic Calls,Minor Accident,6210,SOUTH,SAPD-2026-1332896,29.379583,-98.510495,1790880342000,http://www.sanantonio.gov/sapd/Calls.aspx,Yellow,a tbd link,26,10
10/01/26, 5:02:22,1500 Thousand Oaks,78232,Other Calls,Suspicious Person,3140,NORTH,SAPD-2026-1331366,29.591669,-98.469372,1790848942000,http://www.sanantonio.gov/sapd/Calls.aspx,Blue,a tbd link,26,10
10/01/26, 1:45:30,Ih 10 W / Nw Loop 410,78230,Traffic Calls,Minor Accident,7210,PRUE,SAPD-2026-1332894,29.508347,-98.551032,1790880330000,http://www.sanantonio.gov/sapd/Calls.aspx,Yellow,a tbd link,26,10
10/01/26, 5:00:55,3700 Marymont Dr,78217,Crimes Against Person Calls,Assault In Progress,3370,NORTH,SAPD-2026-1331363,29.523559,-98.425508,1790848855000,http://www.sanantonio.gov/sapd/Calls.aspx,Red,a tbd link,26,10
10/01/26, 1:45:58,100 9th St,78215,Traffic Calls,High Water,1130,DOWNTOWN,SAPD-2026-1332897,29.434861,-98.482778,1790880358000,http://www.sanantonio.gov/sapd/Calls.aspx,Yellow,a tbd link,26,10
10/01/26, 5:03:25,15000 Vance Jackson Rd,78249,Other Calls,Disturbance,7230,PRUE,SAPD-2026-1331368,29.586245,-98.586317,1790849005000,http://www.sanantonio.gov/sapd/Calls.aspx,Blue,a tbd link,26,10
10/01/26, 1:46:00,6651-6699 S Flores St,78214,Other Calls,High Water Rescue,6230,SOUTH,SAPD-2026-1332898,29.356957,-98.491066,1790880360000,http://www.sanantonio.gov/sapd/Calls.aspx,Blue,a tbd link,26,10
10/01/26, 5:02:02,500 BROOKLYN AVE,78215,Other Calls,Patrol By,1130,DOWNTOWN,SAPD-2026-1331365,29.433315,-98.485049,1790848922000,http://www.sanantonio.gov/sapd/Calls.aspx,Blue,a tbd link,26,10
10/01/26, 1:46:31,2700 Camino Coahuilteca,78214,Traffic Calls,Minor Accident,6260,SOUTH,SAPD-2026-1332900,29.318085,-98.448044,1790880391000,http://www.sanantonio.gov/sapd/Calls.aspx,Yellow,a tbd link,26,10
10/01/26, 5:04:01,100 Talavera Pkwy,78232,Other Calls,Disturbance,7240,PRUE,SAPD-2026-1331369,29.603509,-98.502679,1790849041000,http://www.sanantonio.gov/sapd/Calls.aspx,Blue,a tbd link,26,10
10/01/26, 1:45:41,1800 W Commerce St,78207,Other Calls,Disturbance,2320,CENTRAL,SAPD-2026-1332899,29.427023,-98.514654,1790880341000,http://www.sanantonio.gov/sapd/Calls.aspx,Blue,a tbd link,26,10
10/01/26, 5:04:12,1900-1999 W Gramercy Place,78201,Other Calls,SAPD Emergency Call,5210,WEST,SAPD-2026-1331370,29.461802,-98.5285,1790849052000,http://www.sanantonio.gov/sapd/Calls.aspx,Blue,a tbd link,26,10
10/01/26, 1:47:04,1900 W Commerce St,78207,Other Calls,Disturbance,2330,CENTRAL,SAPD-2026-1332904,29.427123,-98.515802,1790880424000,http://www.sanantonio.gov/sapd/Calls.aspx,Blue,a tbd link,26,10
10/01/26, 5:06:23,Ne Loop 410 Wb / Broadway,78217,Traffic Calls,Minor Accident,3330,NORTH,SAPD-2026-1331371,29.516959,-98.46428,1790849183000,http://www.sanantonio.gov/sapd/Calls.aspx,Yellow,a tbd link,26,10
10/01/26, 1:48:17,2700 Hillcrest Dr,78228,Traffic Calls,Traffic Related,5230,WEST,SAPD-2026-1332910,29.483776,-98.559729,1790880497000,http://www.sanantonio.gov/sapd/Calls.aspx,Yellow,a tbd link,26,10
10/01/26, 5:08:01,1400 Cedarhurst Dr,78227,Property Crime Calls,Theft,6360,SOUTH,SAPD-2026-1331375,29.383331,-98.640505,1790849281000,http://www.sanantonio.gov/sapd/Calls.aspx,Green,a tbd link,26,10
10/01/26, 1:47:05,Ih 35 S Sb / Sw Military Dr,78224,Traffic Calls,Traffic Related,6130,SOUTH,SAPD-2026-1332903,29.356658,-98.525963,1790880425000,http://www.sanantonio.gov/sapd/Calls.aspx,Yellow,a tbd link,26,10
10/01/26, 1:47:07,Us Hwy 281 N Sb / Basse Rd,78209,Traffic Calls,Traffic Related,3310,NORTH,SAPD-2026-1332902,29.490373,-98.483396,1790880427000,http://www.sanantonio.gov/sapd/Calls.aspx,Yellow,a tbd link,26,10
10/01/26, 5:09:39,1200 Onslow,78202,Property Crime Calls,Burglary,4130,EAST,SAPD-2026-1331379,29.429256,-98.443858,1790849379000,http://www.sanantonio.gov/sapd/Calls.aspx,Green,a tbd link,26,10
10/01/26, 1:48:11,N Loop 1604 W / Stone Oak Pkwy,78232,Traffic Calls,Minor Accident,3170,NORTH,SAPD-2026-1332906,29.609289,-98.492787,1790880491000,http://www.sanantonio.gov/sapd/Calls.aspx,Yellow,a tbd link,26,10
10/01/26, 5:09:28,700 W Elsmere Place,78212,Other Calls,Disturbance,2210,CENTRAL,SAPD-2026-1331376,29.462379,-98.505518,1790849368000,http://www.sanantonio.gov/sapd/Calls.aspx,Blue,a tbd link,26,10
10/01/26, 1:48:47,Us Hwy 90 W Eb / Sw Loop 410 Nb,78227,Other Calls,Welfare Check,5170,WEST,SAPD-2026-1332911,29.397215,-98.649428,1790880527000,http://www.sanantonio.gov/sapd/Calls.aspx,Blue,a tbd link,26,10
10/01/26, 5:09:54,700 W Elsmere Place,78212,Other Calls,Disturbance,2210,CENTRAL,SAPD-2026-1331378,29.462379,-98.505518,1790849394000,http://www.sanantonio.gov/sapd/Calls.aspx,Blue,a tbd link,26,10
10/01/26, 1:51:47,10300 Oasis Dr,78216,Traffic Calls,Minor Accident,3350,NORTH,SAPD-2026-1332926,29.534011,-98.491958,1790880707000,http://www.sanantonio.gov/sapd/Calls.aspx,Yellow,a tbd link,26,10
10/01/26, 5:09:47,1100 IOWA ST,78203,Other Calls,Patrol By,4120,EAST,SAPD-2026-1331377,29.412004,-98.465375,1790849387000,http://www.sanantonio.gov/sapd/Calls.aspx,Blue,a tbd link,26,10
10/01/26, 1:50:49,8800 Dugas Dr,78251,Property Crime Calls,Burglary,5360,WEST,SAPD-2026-1332920,29.448092,-98.687422,1790880649000,http://www.sanantonio.gov/sapd/Calls.aspx,Green,a tbd link,26,10
10/01/26, 5:12:16,7800 W Loop 1604 N,78254,Other Calls,Suspicious Person,7360,PRUE,SAPD-2026-1331383,29.511865,-98.696617,1790849536000,http://www.sanantonio.gov/sapd/Calls.aspx,Blue,a tbd link,26,10
10/01/26, 1:51:54,3100 Sw Military Dr,78224,Traffic Calls,Major Accident,6320,SOUTH,SAPD-2026-1332930,29.357212,-98.547939,1790880714000,http://www.sanantonio.gov/sapd/Calls.aspx,Yellow,a tbd link,26,10
10/01/26, 5:14:05,4800 Clark Ave,78223,Property Crime Calls,Burglary Vehicle,6240,SOUTH,SAPD-2026-1331389,29.36487,-98.447964,1790849645000,http://www.sanantonio.gov/sapd/Calls.aspx,Green,a tbd link,26,10
10/01/26, 1:50:43,2300 Nw Loop 410,78230,Other Calls,Disturbance,7210,PRUE,SAPD-2026-1332919,29.514546,-98.531403,1790880643000,http://www.sanantonio.gov/sapd/Calls.aspx,Blue,a tbd link,26,10
10/01/26, 5:12:56,151-160 Alazan Creek Greenway,78207,Traffic Calls,Major Accident,2320,CENTRAL,SAPD-2026-1331385,29.430629,-98.515766,1790849576000,http://www.sanantonio.gov/sapd/Calls.aspx,Yellow,a tbd link,26,10
10/01/26, 1:48:46,2200 Tpc Pkwy,78259,Other Calls,Disturbance,3150,NORTH,SAPD-2026-1332908,29.64715,-98.44913,1790880526000,http://www.sanantonio.gov/sapd/Calls.aspx,Blue,a tbd link,26,10
10/01/26, 5:14:04,8800 Village Dr,78217,Other Calls,DOA,3370,NORTH,SAPD-2026-1331388,29.519292,-98.429958,1790849644000,http://www.sanantonio.gov/sapd/Calls.aspx,Blue,a tbd link,26,10
10/01/26, 1:47:05,3500 J ST,78220,Traffic Calls,High Water,4210,EAST,SAPD-2026-1332901,29.403794,-98.429415,1790880425000,http://www.sanantonio.gov/sapd/Calls.aspx,Yellow,a tbd link,26,10
10/01/26, 5:14:32,1100-1287 Riebe,78207,Other Calls,Information,2310,CENTRAL,SAPD-2026-1331390,29.43144,-98.513729,1790849672000,http://www.sanantonio.gov/sapd/Calls.aspx,Blue,a tbd link,26,10
10/01/26, 1:48:58,Watson Rd / Escalante Pass,78073,Traffic Calls,Minor Accident,6160,SOUTH,SAPD-2026-1332909,29.274596,-98.585675,1790880538000,http://www.sanantonio.gov/sapd/Calls.aspx,Yellow,a tbd link,26,10
10/01/26, 5:16:32,10700 Ih 10 W,78230,Other Calls,Disturbance,7220,PRUE,SAPD-2026-1331392,29.542264,-98.572575,1790849792000,http://www.sanantonio.gov/sapd/Calls.aspx,Blue,a tbd link,26,10
10/01/26, 1:49:26,300 Goodrich Ave,78207,Other Calls,Assist the Public,2360,CENTRAL,SAPD-2026-1332913,29.444159,-98.536186,1790880566000,http://www.sanantonio.gov/sapd/Calls.aspx,Blue,a tbd link,26,10
10/01/26, 5:15:04,3600 FREDERICKSBURG RD,78201,Other Calls,Patrol By,5230,WEST,SAPD-2026-1331391,29.479381,-98.540483,1790849704000,http://www.sanantonio.gov/sapd/Calls.aspx,Blue,a tbd link,26,10
10/01/26, 1:56:37,800 Hot Wells,78223,Property Crime Calls,Theft,4220,EAST,SAPD-2026-1332942,29.368578,-98.450271,1790880997000,http://www.sanantonio.gov/sapd/Calls.aspx,Green,a tbd link,26,10
10/01/26, 5:23:31,2600 N Hunt Ln,78251,Other Calls,Disturbance,5350,WEST,SAPD-2026-1331396,29.460776,-98.672638,1790850211000,http://www.sanantonio.gov/sapd/Calls.aspx,Blue,a tbd link,26,10
10/01/26, 1:49:24,200 Lackell Ave,78226,Other Calls,Suspicious Person,6310,SOUTH,SAPD-2026-1332912,29.385929,-98.563276,1790880564000,http://www.sanantonio.gov/sapd/Calls.aspx,Blue,a tbd link,26,10
10/01/26, 5:21:47,7100 Hickory Grove Dr,78227,Other Calls,Suspicious Person,5170,WEST,SAPD-2026-1331394,29.423197,-98.636011,1790850107000,http://www.sanantonio.gov/sapd/Calls.aspx,Blue,a tbd link,26,10
10/01/26, 1:50:18,2000 Sable Ln,78217,Other Calls,Disturbance,3360,NORTH,SAPD-2026-1332917,29.520833,-98.4625,1790880618000,http://www.sanantonio.gov/sapd/Calls.aspx,Blue,a tbd link,26,10
10/01/26, 5:21:43,8600 Huebner Rd,78240,Other Calls,Disturbance,7160,PRUE,SAPD-2026-1331393,29.519295,-98.602858,1790850103000,http://www.sanantonio.gov/sapd/Calls.aspx,Blue,a tbd link,26,10
10/01/26, 1:52:10,3300 Oak Cluster,78253,Property Crime Calls,Forgery,5360,WEST,SAPD-2026-1332931,29.468266,-98.715881,1790880730000,http://www.sanantonio.gov/sapd/Calls.aspx,Green,a tbd link,26,10
10/01/26, 5:23:07,Alexander Hamilton / Zachry Dr,78228,Other Calls,Welfare Check,5220,WEST,SAPD-2026-1331395,29.468718,-98.561137,1790850187000,http://www.sanantonio.gov/sapd/Calls.aspx,Blue,a tbd link,26,10
10/01/26, 1:48:39,5371-5699 New Sulphur Spgs,78222,Traffic Calls,Major Accident,4250,EAST,SAPD-2026-1332907,29.368185,-98.381455,1790880519000,http://www.sanantonio.gov/sapd/Calls.aspx,Yellow,a tbd link,26,10
10/01/26, 1:50:30,12700 Blk Ih 35 S Nb,78073,Traffic Calls,Minor Accident,6160,SOUTH,SAPD-2026-1332918,29.297919,-98.630968,1790880630000,http://www.sanantonio.gov/sapd/Calls.aspx,Yellow,a tbd link,26,10
10/01/26, 5:25:58,1300 W Thompson Place,78226,Crimes Against Person Calls,Suspicious Vehicle,6310,SOUTH,SAPD-2026-1331400,29.395912,-98.547145,1790850358000,http://www.sanantonio.gov/sapd/Calls.aspx,Red,a tbd link,26,10
10/01/26, 1:51:08,10800 Potranco Rd,78251,Other Calls,Disturbance,5360,WEST,SAPD-2026-1332921,29.434158,-98.707189,1790880668000,http://www.sanantonio.gov/sapd/Calls.aspx,Blue,a tbd link,26,10
10/01/26, 5:24:36,2600 LAKEHILLS,78251,Crimes Against Person Calls,Assault In Progress,5350,WEST,SAPD-2026-1331397,29.462383,-98.672781,1790850276000,http://www.sanantonio.gov/sapd/Calls.aspx,Red,a tbd link,26,10
10/01/26, 1:53:56,Ne Loop 410 / Wetmore Rd,78216,Traffic Calls,Minor Accident,3350,NORTH,SAPD-2026-1332937,29.518597,-98.469067,1790880836000,http://www.sanantonio.gov/sapd/Calls.aspx,Yellow,a tbd link,26,10
10/01/26, 5:26:51,15300 Lookout Rd,78154,Other Calls,Welfare Check,3260,NORTH,SAPD-2026-1331402,29.579194,-98.34136,1790850411000,http://www.sanantonio.gov/sapd/Calls.aspx,Blue,a tbd link,26,10
10/01/26, 1:51:51,13200-13280 Ih 35 S Nb,78073,Traffic Calls,Minor Accident,6160,SOUTH,SAPD-2026-1332929,29.292275,-98.638885,1790880711000,http://www.sanantonio.gov/sapd/Calls.aspx,Yellow,a tbd link,26,10
10/01/26, 5:31:46,Sw Loop 410 Access Rd / State Hwy 151 Access Rd,78227,Traffic Calls,Traffic Related,5170,WEST,SAPD-2026-1331406,29.432486,-98.646146,1790850706000,http://www.sanantonio.gov/sapd/Calls.aspx,Yellow,a tbd link,26,10
10/01/26, 5:31:27,2600 Lakehills,78251,Crimes Against Person Calls,Assault,5350,WEST,SAPD-2026-1331405,29.462474,-98.672828,1790850687000,http://www.sanantonio.gov/sapd/Calls.aspx,Red,a tbd link,26,10
10/01/26, 5:34:39,4900 Nw Loop 410,78229-5312,Other Calls,Disturbance,5260,WEST,SAPD-2026-1331415,29.487577,-98.58343,1790850879000,http://www.sanantonio.gov/sapd/Calls.aspx,Blue,a tbd link,26,10
10/01/26, 1:51:14,300 Goodrich Ave,78207,Other Calls,Disturbance,2360,CENTRAL,SAPD-2026-1332923,29.444159,-98.536186,1790880674000,http://www.sanantonio.gov/sapd/Calls.aspx,Blue,a tbd link,26,10
10/01/26, 5:27:47,100 OAK PARK,78209,Other Calls,Patrol By,3330,NORTH,SAPD-2026-1331401,29.511449,-98.459009,1790850467000,http://www.sanantonio.gov/sapd/Calls.aspx,Blue,a tbd link,26,10
10/01/26, 1:55:38,5500 S New Braunfels Ave,78223,Traffic Calls,Traffic Related,6240,SOUTH,SAPD-2026-1332940,29.37153,-98.460926,1790880938000,http://www.sanantonio.gov/sapd/Calls.aspx,Yellow,a tbd link,26,10
10/01/26, 5:32:04,2600 Lakehills,78251,Crimes Against Person Calls,Assault In Progress,5350,WEST,SAPD-2026-1331409,29.462474,-98.672828,1790850724000,http://www.sanantonio.gov/sapd/Calls.aspx,Red,a tbd link,26,10
10/01/26, 1:54:14,12500 Ih 35 S Nb,78073,Traffic Calls,Major Accident,6160,SOUTH,SAPD-2026-1332938,29.299641,-98.628608,1790880854000,http://www.sanantonio.gov/sapd/Calls.aspx,Yellow,a tbd link,26,10
10/01/26, 5:29:34,8900 Astral Place,78252,Crimes Against Person Calls,Assault In Progress,6360,SOUTH,SAPD-2026-1331403,29.333313,-98.639034,1790850574000,http://www.sanantonio.gov/sapd/Calls.aspx,Red,a tbd link,26,10
10/01/26, 1:52:56,12300 Nacogdoches Rd,78217,Property Crime Calls,Theft,3240,NORTH,SAPD-2026-1332935,29.552971,-98.405536,1790880776000,http://www.sanantonio.gov/sapd/Calls.aspx,Green,a tbd link,26,10
10/01/26, 1:52:46,2400 Blk Ih 35 S Nb,78204,Traffic Calls,Minor Accident,1140,DOWNTOWN,SAPD-2026-1332933,29.399895,-98.511441,1790880766000,http://www.sanantonio.gov/sapd/Calls.aspx,Yellow,a tbd link,26,10
10/01/26, 5:31:51,Pecan Grove Blvd / Treehouse Dr,78222,Other Calls,Suspicious Person,4250,EAST,SAPD-2026-1331408,29.377802,-98.420151,1790850711000,http://www.sanantonio.gov/sapd/Calls.aspx,Blue,a tbd link,26,10
10/01/26, 1:51:52,11600 Blk Ih 35 S Nb,78073,Traffic Calls,Major Accident,6160,SOUTH,SAPD-2026-1332927,29.307834,-98.618482,1790880712000,http://www.sanantonio.gov/sapd/Calls.aspx,Yellow,a tbd link,26,10
10/01/26, 5:31:12,1200 Avenue B,78215,Other Calls,Welfare Check,1130,DOWNTOWN,SAPD-2026-1331404,29.4369,-98.480104,1790850672000,http://www.sanantonio.gov/sapd/Calls.aspx,Blue,a tbd link,26,10
10/01/26, 1:57:02,2700 Mccullough Ave,78212,Traffic Calls,Traffic Related,1240,DOWNTOWN,SAPD-2026-1332944,29.455177,-98.491805,1790881022000,http://www.sanantonio.gov/sapd/Calls.aspx,Yellow,a tbd link,26,10
10/01/26, 5:32:03,2600 Lakehills,78251,Other Calls,Disturbance,5350,WEST,SAPD-2026-1331407,29.462383,-98.672781,1790850723000,http://www.sanantonio.gov/sapd/Calls.aspx,Blue,a tbd link,26,10
10/01/26, 2:02:04,N Hunt Ln / State Hwy 151 Nb,78251,Traffic Calls,Traffic Related,5360,WEST,SAPD-2026-1332968,29.446543,-98.67051,1790881324000,http://www.sanantonio.gov/sapd/Calls.aspx,Yellow,a tbd link,26,10
10/01/26, 5:34:42,2300 Blanco Rd,78212,Other Calls,Prowler,2210,CENTRAL,SAPD-2026-1331411,29.467561,-98.507869,1790850882000,http://www.sanantonio.gov/sapd/Calls.aspx,Blue,a tbd link,26,10
10/01/26, 2:00:03,7100 Oaklawn,78229,Crimes Against Person Calls,Threats,7110,PRUE,SAPD-2026-1332951,29.499965,-98.557386,1790881203000,http://www.sanantonio.gov/sapd/Calls.aspx,Red,a tbd link,26,10
10/01/26, 1:58:58,500 Dorie St,78220,Other Calls,Disturbance Family,4230,EAST,SAPD-2026-1332949,29.411962,-98.422462,1790881138000,http://www.sanantonio.gov/sapd/Calls.aspx,Blue,a tbd link,26,10
10/01/26, 1:57:55,6000 Ih 10 W,78201,Other Calls,Disturbance,2230,CENTRAL,SAPD-2026-1332946,29.485556,-98.536667,1790881075000,http://www.sanantonio.gov/sapd/Calls.aspx,Blue,a tbd link,26,10
10/01/26, 5:34:05,9000 Marbach Rd,78245,Property Crime Calls,Theft In Progress,5340,WEST,SAPD-2026-1331412,29.417563,-98.662864,1790850845000,http://www.sanantonio.gov/sapd/Calls.aspx,Green,a tbd link,26,10
10/01/26, 2:01:41,9300 Potranco Rd,78251,Other Calls,Disturbance,5360,WEST,SAPD-2026-1332963,29.441959,-98.666709,1790881301000,http://www.sanantonio.gov/sapd/Calls.aspx,Blue,a tbd link,26,10
10/01/26, 5:35:22,9000 Deer Park,78251,Other Calls,Welfare Check,5350,WEST,SAPD-2026-1331414,29.45525,-98.662866,1790850922000,http://www.sanantonio.gov/sapd/Calls.aspx,Blue,a tbd link,26,10
10/01/26, 2:00:19,9100-9298 Ne Loop 410 Nb,78219,Traffic Calls,Minor Accident,4240,EAST,SAPD-2026-1332953,29.433391,-98.389315,1790881219000,http://www.sanantonio.gov/sapd/Calls.aspx,Yellow,a tbd link,26,10
10/01/26, 5:38:29,800 W Kings Hwy,78212,Property Crime Calls,Burglary Vehicle,2210,CENTRAL,SAPD-2026-1331417,29.45963,-98.506538,1790851109000,http://www.sanantonio.gov/sapd/Calls.aspx,Green,a tbd link,26,10
10/01/26, 2:04:04,200 Pinckney St,78209,Other Calls,Welfare Check,1230,DOWNTOWN,SAPD-2026-1332975,29.457051,-98.459372,1790881444000,http://www.sanantonio.gov/sapd/Calls.aspx,Blue,a tbd link,26,10
10/01/26, 5:42:23,100 Talavera Pkwy,78232,Other Calls,Disturbance,7240,PRUE,SAPD-2026-1331419,29.603509,-98.502679,1790851343000,http://www.sanantonio.gov/sapd/Calls.aspx,Blue,a tbd link,26,10
10/01/26, 5:41:34,5911 Gibbs-sprawl Rd,78218,Other Calls,Disturbance,4320,EAST,SAPD-2026-1331418,29.484595,-98.371186,1790851294000,http://www.sanantonio.gov/sapd/Calls.aspx,Blue,a tbd link,26,10
10/01/26, 2:00:58,5500 Rolling Dale Dr,78228,Other Calls,Information,5260,WEST,SAPD-2026-1332955,29.484478,-98.588314,1790881258000,http://www.sanantonio.gov/sapd/Calls.aspx,Blue,a tbd link,26,10
10/01/26, 5:45:57,11300 Expo Blvd,78230,Other Calls,Disturbance Family,7220,PRUE,SAPD-2026-1331421,29.545025,-98.572648,1790851557000,http://www.sanantonio.gov/sapd/Calls.aspx,Blue,a tbd link,26,10
10/01/26, 2:01:32,5600 Utsa Blvd,78249,Traffic Calls,Minor Accident,7250,PRUE,SAPD-2026-1332965,29.57467,-98.597722,1790881292000,http://www.sanantonio.gov/sapd/Calls.aspx,Yellow,a tbd link,26,10
10/01/26, 5:47:18,Stiffkey Dr / Callaghan Rd,78228,Traffic Calls,Minor Accident,5140,WEST,SAPD-2026-1331422,29.443536,-98.601315,1790851638000,http://www.sanantonio.gov/sapd/Calls.aspx,Yellow,a tbd link,26,10
10/01/26, 2:01:21,90 Ne Loop 410,78216,Property Crime Calls,Criminal Mischief,3320,NORTH,SAPD-2026-1332961,29.519498,-98.484375,1790881281000,http://www.sanantonio.gov/sapd/Calls.aspx,Green,a tbd link,26,10
10/01/26, 5:54:32,9100 Coronal Rings,78252,Property Crime Calls,Theft of Vehicle,6360,SOUTH,SAPD-2026-1331431,29.337717,-98.638221,1790852072000,http://www.sanantonio.gov/sapd/Calls.aspx,Green,a tbd link,26,10
10/01/26, 2:00:32,800 E Commerce St,78205,Other Calls,Disturbance,1110,DOWNTOWN,SAPD-2026-1332967,29.423616,-98.485315,1790881232000,http://www.sanantonio.gov/sapd/Calls.aspx,Blue,a tbd link,26,10
10/01/26, 5:52:15,E0 N Loop 1604 E Ofrp Trail Crest,78232,Traffic Calls,Major Accident,3160,NORTH,SAPD-2026-1331426,29.609297,-98.486169,1790851935000,http://www.sanantonio.gov/sapd/Calls.aspx,Yellow,a tbd link,26,10
10/01/26, 2:01:13,11200 Huebner Rd,78230,Other Calls,Disturbance,7220,PRUE,SAPD-2026-1332958,29.546468,-98.576888,1790881273000,http://www.sanantonio.gov/sapd/Calls.aspx,Blue,a tbd link,26,10
10/01/26, 5:51:00,Stone Oak Pkwy / N Loop 1604 E Eb,78232,Traffic Calls,Major Accident,3170,NORTH,SAPD-2026-1331424,29.608723,-98.492674,1790851860000,http://www.sanantonio.gov/sapd/Calls.aspx,Yellow,a tbd link,26,10
10/01/26, 2:01:41,600 Mc Dougal Ave,78223,Property Crime Calls,Theft of Vehicle,4210,EAST,SAPD-2026-1332964,29.381323,-98.442497,1790881301000,http://www.sanantonio.gov/sapd/Calls.aspx,Green,a tbd link,26,10
10/01/26, 5:52:10,11300 Expo Blvd,78230,Other Calls,Disturbance,7220,PRUE,SAPD-2026-1331427,29.545025,-98.572648,1790851930000,http://www.sanantonio.gov/sapd/Calls.aspx,Blue,a tbd link,26,10
10/01/26, 2:01:10,Ih 35 S Nb / Nogalitos St,78204,Traffic Calls,Minor Accident,1140,DOWNTOWN,SAPD-2026-1332959,29.400629,-98.511585,1790881270000,http://www.sanantonio.gov/sapd/Calls.aspx,Yellow,a tbd link,26,10
10/01/26, 5:50:47,600-620 N Loop 1604 E Eb,78232,Traffic Calls,Major Accident,3160,NORTH,SAPD-2026-1331423,29.609664,-98.482786,1790851847000,http://www.sanantonio.gov/sapd/Calls.aspx,Yellow,a tbd link,26,10
10/01/26, 2:01:46,900 W Houston St,78207,Other Calls,Disturbance,2310,CENTRAL,SAPD-2026-1332966,29.427397,-98.504169,1790881306000,http://www.sanantonio.gov/sapd/Calls.aspx,Blue,a tbd link,26,10
10/01/26, 5:53:56,3300 Thousand Oaks Dr,78247,Other Calls,Suspicious Person,3220,NORTH,SAPD-2026-1331429,29.570628,-98.433699,1790852036000,http://www.sanantonio.gov/sapd/Calls.aspx,Blue,a tbd link,26,10
10/01/26, 2:00:10,200 MERIDA ST,78207,Other Calls,Patrol By,2340,CENTRAL,SAPD-2026-1332952,29.408236,-98.520119,1790881210000,http://www.sanantonio.gov/sapd/Calls.aspx,Blue,a tbd link,26,10
10/01/26, 5:56:51,N Loop 1604 E Eb / Stone Oak Pkwy,78232,Traffic Calls,Major Accident,3170,NORTH,SAPD-2026-1331435,29.608723,-98.492674,1790852211000,http://www.sanantonio.gov/sapd/Calls.aspx,Yellow,a tbd link,26,10
10/01/26, 5:54:00,N Loop 1604 E Eb / Us Hwy 281 N Sb,78232,Traffic Calls,Major Accident,3140,NORTH,SAPD-2026-1331428,29.609066,-98.468549,1790852040000,http://www.sanantonio.gov/sapd/Calls.aspx,Yellow,a tbd link,26,10
10/01/26, 5:54:37,Stone Oak Pkwy / N Loop 1604 E Eb,78232,Traffic Calls,Major Accident,3160,NORTH,SAPD-2026-1331432,29.608723,-98.492674,1790852077000,http://www.sanantonio.gov/sapd/Calls.aspx,Yellow,a tbd link,26,10
10/01/26, 2:01:29,5000 Prue Rd,78240,Other Calls,Information,7310,PRUE,SAPD-2026-1332970,29.543157,-98.583584,1790881289000,http://www.sanantonio.gov/sapd/Calls.aspx,Blue,a tbd link,26,10
10/01/26, 5:54:21,N Loop 1604 E Eb / Stone Oak Pkwy,78232,Traffic Calls,Major Accident,3170,NORTH,SAPD-2026-1331430,29.608723,-98.492674,1790852061000,http://www.sanantonio.gov/sapd/Calls.aspx,Yellow,a tbd link,26,10
10/01/26, 2:02:22,Roosevelt Ave / Se Military Dr,78214,Traffic Calls,High Water,6230,SOUTH,SAPD-2026-1332969,29.355512,-98.481241,1790881342000,http://www.sanantonio.gov/sapd/Calls.aspx,Yellow,a tbd link,26,10
10/01/26, 5:55:23,2100 Se Loop 410,78220,Crimes Against Person Calls,Assault,4240,EAST,SAPD-2026-1331434,29.401199,-98.390103,1790852123000,http://www.sanantonio.gov/sapd/Calls.aspx,Red,a tbd link,26,10
10/01/26, 2:03:30,Starcrest Dr / Wurzbach Pkwy Wb,78247,Traffic Calls,Traffic Related,3130,NORTH,SAPD-2026-1332974,29.545762,-98.45453,1790881410000,http://www.sanantonio.gov/sapd/Calls.aspx,Yellow,a tbd link,26,10
10/01/26, 5:57:36,300 Anton Dr,78223,Other Calls,Patrol By,4260,EAST,SAPD-2026-1331436,29.363811,-98.428912,1790852256000,http://www.sanantonio.gov/sapd/Calls.aspx,Blue,a tbd link,26,10
10/01/26, 2:03:30,Ne Loop 410 Wb / Harry Wurzbach,78209,Traffic Calls,Minor Accident,3330,NORTH,SAPD-2026-1332972,29.515742,-98.438725,1790881410000,http://www.sanantonio.gov/sapd/Calls.aspx,Yellow,a tbd link,26,10
10/01/26, 6:00:35,300 W Olmos Dr,78212,Other Calls,Welfare Check,1240,DOWNTOWN,SAPD-2026-1331440,29.470125,-98.496472,1790852435000,http://www.sanantonio.gov/sapd/Calls.aspx,Blue,a tbd link,26,10
10/01/26, 2:05:36,400 N New Braunfels Ave,78202,Property Crime Calls,Theft,4110,EAST,SAPD-2026-1332981,29.424676,-98.462785,1790881536000,http://www.sanantonio.gov/sapd/Calls.aspx,Green,a tbd link,26,10
10/01/26, 2:03:40,16701-16899 WURZBACH PKWY WB,78247,Traffic Calls,Major Accident,3220,NORTH,SAPD-2026-1332973,29.547226,-98.443055,1790881420000,http://www.sanantonio.gov/sapd/Calls.aspx,Yellow,a tbd link,26,10
10/01/26, 6:01:09,3000 Ivy Ridge Ln,78224,Other Calls,Disturbance Family,6160,SOUTH,SAPD-2026-1331442,29.306963,-98.558072,1790852469000,http://www.sanantonio.gov/sapd/Calls.aspx,Blue,a tbd link,26,10
10/01/26, 2:06:09,N Foster Rd / Ih 10 E Wb,78219,Traffic Calls,Traffic Related,4310,EAST,SAPD-2026-1332985,29.445188,-98.360739,1790881569000,http://www.sanantonio.gov/sapd/Calls.aspx,Yellow,a tbd link,26,10
10/01/26, 6:00:22,4900 Woodstone Dr,78230,Other Calls,Disturbance,7230,PRUE,SAPD-2026-1331439,29.554249,-98.579712,1790852422000,http://www.sanantonio.gov/sapd/Calls.aspx,Blue,a tbd link,26,10
10/01/26, 2:04:35,Medical Dr / Wurzbach Rd,78229,Traffic Calls,Traffic Related,7130,PRUE,SAPD-2026-1332977,29.510322,-98.58022,1790881475000,http://www.sanantonio.gov/sapd/Calls.aspx,Yellow,a tbd link,26,10
10/01/26, 6:03:20,3500 Magic Dr,78229,Other Calls,Narcotic Laws,7110,PRUE,SAPD-2026-1331445,29.502956,-98.553021,1790852600000,http://www.sanantonio.gov/sapd/Calls.aspx,Blue,a tbd link,26,10
10/01/26, 2:04:41,6400 Nw Loop 410,78238,Traffic Calls,Minor Accident,5310,WEST,SAPD-2026-1332978,29.465157,-98.621303,1790881481000,http://www.sanantonio.gov/sapd/Calls.aspx,Yellow,a tbd link,26,10
10/01/26, 6:05:28,3800 SAN PEDRO AVE,78212,Other Calls,Disturbance,1240,DOWNTOWN,SAPD-2026-1331447,29.469962,-98.499284,1790852728000,http://www.sanantonio.gov/sapd/Calls.aspx,Blue,a tbd link,26,10
10/01/26, 6:09:13,W Southcross Blvd / New Laredo Hwy,78211,Other Calls,Disturbance,6320,SOUTH,SAPD-2026-1331453,29.368385,-98.54511,1790852953000,http://www.sanantonio.gov/sapd/Calls.aspx,Blue,a tbd link,26,10
10/01/26, 6:13:28,Us Hwy 281 N Sb / E Josephine St,78215,Traffic Calls,Minor Accident,1230,DOWNTOWN,SAPD-2026-1331460,29.444758,-98.477806,1790853208000,http://www.sanantonio.gov/sapd/Calls.aspx,Yellow,a tbd link,26,10
10/01/26, 2:04:51,8200 Recio Oak,78223,Other Calls,Property Found,4260,EAST,SAPD-2026-1332979,29.345169,-98.415442,1790881491000,http://www.sanantonio.gov/sapd/Calls.aspx,Blue,a tbd link,26,10
10/01/26, 6:08:14,7400 San Pedro Ave,78216,Crimes Against Person Calls,Holdup Alarm In Progress,3320,NORTH,SAPD-2026-1331452,29.518333,-98.492222,1790852894000,http://www.sanantonio.gov/sapd/Calls.aspx,Red,a tbd link,26,10
10/01/26, 2:07:39,500 Hot Wells,78223,Other Calls,High Water Rescue,6240,SOUTH,SAPD-2026-1332990,29.368061,-98.458808,1790881659000,http://www.sanantonio.gov/sapd/Calls.aspx,Blue,a tbd link,26,10
10/01/26, 6:13:06,8200 Bandera Rd,78250,Traffic Calls,Minor Accident,7320,PRUE,SAPD-2026-1331459,29.517645,-98.63611,1790853186000,http://www.sanantonio.gov/sapd/Calls.aspx,Yellow,a tbd link,26,10
10/01/26, 2:12:07,4600 Thousand Oaks,78233,Property Crime Calls,Theft,3210,NORTH,SAPD-2026-1333009,29.544494,-98.400361,1790881927000,http://www.sanantonio.gov/sapd/Calls.aspx,Green,a tbd link,26,10
10/01/26, 6:11:00,1100 W Mistletoe Ave,78201,Property Crime Calls,Burglary Vehicle,1220,DOWNTOWN,SAPD-2026-1331455,29.453847,-98.512765,1790853060000,http://www.sanantonio.gov/sapd/Calls.aspx,Green,a tbd link,26,10
10/01/26, 2:07:59,1900-1925 Steves Ave,78210,Traffic Calls,Traffic Violation,4150,EAST,SAPD-2026-1332992,29.390953,-98.460266,1790881679000,http://www.sanantonio.gov/sapd/Calls.aspx,Yellow,a tbd link,26,10
10/01/26, 2:06:04,Ashley Rd / Yett Ave,78221,Traffic Calls,Traffic Related,6250,SOUTH,SAPD-2026-1332984,29.334105,-98.492974,1790881564000,http://www.sanantonio.gov/sapd/Calls.aspx,Yellow,a tbd link,26,10
10/01/26, 6:15:11,E Elmira St / Mccullough Ave,78212,Traffic Calls,Traffic Related,1210,DOWNTOWN,SAPD-2026-1331461,29.437951,-98.490749,1790853311000,http://www.sanantonio.gov/sapd/Calls.aspx,Yellow,a tbd link,26,10
10/01/26, 2:06:22,300 Goodrich Ave,78207,Other Calls,Disturbance,2360,CENTRAL,SAPD-2026-1332986,29.444159,-98.536186,1790881582000,http://www.sanantonio.gov/sapd/Calls.aspx,Blue,a tbd link,26,10
10/01/26, 6:16:54,1900 S Hamilton Ave,78207,Other Calls,Suspicious Person,2350,CENTRAL,SAPD-2026-1331464,29.406129,-98.534396,1790853414000,http://www.sanantonio.gov/sapd/Calls.aspx,Blue,a tbd link,26,10
10/01/26, 2:05:28,700 SE LOOP 410,78220,Other Calls,CRT Follow Up,4240,EAST,SAPD-2026-1332980,29.417086,-98.389944,1790881528000,http://www.sanantonio.gov/sapd/Calls.aspx,Blue,a tbd link,26,10
10/01/26, 6:17:39,3900-4498 Us Hwy 281 N Nb,78212,Traffic Calls,Minor Accident,1230,DOWNTOWN,SAPD-2026-1331465,29.466781,-98.473767,1790853459000,http://www.sanantonio.gov/sapd/Calls.aspx,Yellow,a tbd link,26,10
10/01/26, 2:06:13,100 W Crestline,78228,Other Calls,Fire,5260,WEST,SAPD-2026-1332987,29.487279,-98.564596,1790881573000,http://www.sanantonio.gov/sapd/Calls.aspx,Blue,a tbd link,26,10
10/01/26, 6:19:53,860-898 SANTA MONICA ST,78212,Traffic Calls,Traffic Related,2210,CENTRAL,SAPD-2026-1331467,29.47155,-98.50748,1790853593000,http://www.sanantonio.gov/sapd/Calls.aspx,Yellow,a tbd link,26,10
10/01/26, 2:05:40,500 CASTROVILLE RD,78237,Other Calls,Patrol By,5110,WEST,SAPD-2026-1332982,29.417946,-98.548129,1790881540000,http://www.sanantonio.gov/sapd/Calls.aspx,Blue,a tbd link,26,10
10/01/26, 6:22:07,1700 Ceralvo St,78237,Property Crime Calls,Criminal Mischief,5120,WEST,SAPD-2026-1331469,29.408983,-98.552944,1790853727000,http://www.sanantonio.gov/sapd/Calls.aspx,Green,a tbd link,26,10
10/01/26, 2:06:03,100 W CRESTLINE,78228,Other Calls,Fire,5260,WEST,SAPD-2026-1332983,29.487279,-98.564596,1790881563000,http://www.sanantonio.gov/sapd/Calls.aspx,Blue,a tbd link,26,10
10/01/26, 2:10:32,200 Westoak Rd,78227,Traffic Calls,Minor Accident,5170,WEST,SAPD-2026-1333006,29.403803,-98.635053,1790881832000,http://www.sanantonio.gov/sapd/Calls.aspx,Yellow,a tbd link,26,10
10/01/26, 6:25:09,200 Carmen Place,78207,Property Crime Calls,Burglary Vehicle,2350,CENTRAL,SAPD-2026-1331476,29.404846,-98.53564,1790853909000,http://www.sanantonio.gov/sapd/Calls.aspx,Green,a tbd link,26,10
10/01/26, 2:08:39,1500 Blk Ne Loop 410 Wb,78217,Traffic Calls,Minor Accident,3360,NORTH,SAPD-2026-1332995,29.516187,-98.444642,1790881719000,http://www.sanantonio.gov/sapd/Calls.aspx,Yellow,a tbd link,26,10
10/01/26, 6:27:35,3200 Nw Loop 410,78213,Other Calls,Disturbance,2230,CENTRAL,SAPD-2026-1331478,29.504875,-98.544514,1790854055000,http://www.sanantonio.gov/sapd/Calls.aspx,Blue,a tbd link,26,10
10/01/26, 2:09:22,3400 N St Mary's St,78212,Other Calls,Disturbance,1230,DOWNTOWN,SAPD-2026-1332999,29.456345,-98.480016,1790881762000,http://www.sanantonio.gov/sapd/Calls.aspx,Blue,a tbd link,26,10
10/01/26, 6:32:09,1800 W Cesar Chavez Blvd,78207,Other Calls,Welfare Check,2330,CENTRAL,SAPD-2026-1331487,29.423167,-98.517528,1790854329000,http://www.sanantonio.gov/sapd/Calls.aspx,Blue,a tbd link,26,10
10/01/26, 2:08:48,11900 Parliament,78216,Property Crime Calls,Burglary Vehicle,3120,NORTH,SAPD-2026-1332997,29.552222,-98.5075,1790881728000,http://www.sanantonio.gov/sapd/Calls.aspx,Green,a tbd link,26,10
10/01/26, 6:22:26,5600 OLD PEARSALL RD,78242,Traffic Calls,Traffic Related,6340,SOUTH,SAPD-2026-1331470,29.350546,-98.608746,1790853746000,http://www.sanantonio.gov/sapd/Calls.aspx,Yellow,a tbd link,26,10
10/01/26, 6:27:45,8700 New Laredo Hwy,78211,Property Crime Calls,Recovered Stolen Property,6330,SOUTH,SAPD-2026-1331479,29.340379,-98.581136,1790854065000,http://www.sanantonio.gov/sapd/Calls.aspx,Green,a tbd link,26,10
10/01/26, 2:07:21,Ih 35 S Nb / Eb Us Hwy 90 W Ofrp Nb Ih 35 S,78204,Traffic Calls,Major Accident,1140,DOWNTOWN,SAPD-2026-1332988,29.396271,-98.511144,1790881641000,http://www.sanantonio.gov/sapd/Calls.aspx,Yellow,a tbd link,26,10
10/01/26, 6:25:05,200 E JONES AVE,78215,Other Calls,Patrol By,1130,DOWNTOWN,SAPD-2026-1331475,29.435867,-98.48048,1790853905000,http://www.sanantonio.gov/sapd/Calls.aspx,Blue,a tbd link,26,10
10/01/26, 2:09:45,San Pedro Ave / W Hildebrand Ave,78212,Other Calls,High Water Rescue,1240,DOWNTOWN,SAPD-2026-1333001,29.466482,-98.499289,1790881785000,http://www.sanantonio.gov/sapd/Calls.aspx,Blue,a tbd link,26,10
10/01/26, 6:28:59,Ih 37 S Nb / S Hackberry St,78210,Traffic Calls,Traffic Related,4150,EAST,SAPD-2026-1331481,29.387875,-98.473483,1790854139000,http://www.sanantonio.gov/sapd/Calls.aspx,Yellow,a tbd link,26,10
10/01/26, 2:10:41,5400 Port Townsend Dr,78242,Other Calls,Assist the Public,6340,SOUTH,SAPD-2026-1333003,29.330563,-98.607923,1790881841000,http://www.sanantonio.gov/sapd/Calls.aspx,Blue,a tbd link,26,10
10/01/26, 6:29:31,8100 Military Dr W,78227,Crimes Against Person Calls,Suspicious Vehicle,5150,WEST,SAPD-2026-1331483,29.429906,-98.624996,1790854171000,http://www.sanantonio.gov/sapd/Calls.aspx,Red,a tbd link,26,10
10/01/26, 2:09:28,1300 Babcock Rd,78228,Other Calls,Fire,5260,WEST,SAPD-2026-1333000,29.486355,-98.562987,1790881768000,http://www.sanantonio.gov/sapd/Calls.aspx,Blue,a tbd link,26,10
10/01/26, 6:29:02,6800 Titan Park,78109,Other Calls,SAPD Non-Emergency Call,NOT SAPD BEX,SAPD OUTSIDE AREA,SAPD-2026-1331482,29.493979,-98.305827,1790854142000,http://www.sanantonio.gov/sapd/Calls.aspx,Blue,a tbd link,26,10
10/01/26, 6:32:55,500 W Agarita Ave,78212,Property Crime Calls,Criminal Mischief,1240,DOWNTOWN,SAPD-2026-1331488,29.457716,-98.502182,1790854375000,http://www.sanantonio.gov/sapd/Calls.aspx,Green,a tbd link,26,10
10/01/26, 6:39:13,US HWY 281 N NB / BROOK HOLLOW BLVD,78232,Traffic Calls,Minor Accident,3130,NORTH,SAPD-2026-1331495,29.580366,-98.476733,1790854753000,http://www.sanantonio.gov/sapd/Calls.aspx,Yellow,a tbd link,26,10
10/01/26, 2:08:02,200 Hot Wells,78223,Other Calls,Injured/Sick Person,6240,SOUTH,SAPD-2026-1332991,29.368651,-98.468915,1790881682000,http://www.sanantonio.gov/sapd/Calls.aspx,Blue,a tbd link,26,10
10/01/26, 6:40:19,5000 Military Dr W,78242,Traffic Calls,Minor Accident,6350,SOUTH,SAPD-2026-1331502,29.368813,-98.599719,1790854819000,http://www.sanantonio.gov/sapd/Calls.aspx,Yellow,a tbd link,26,10
10/01/26, 2:08:54,6900 S Flores St,78221,Other Calls,Narcotic Laws,6250,SOUTH,SAPD-2026-1332998,29.350411,-98.488904,1790881734000,http://www.sanantonio.gov/sapd/Calls.aspx,Blue,a tbd link,26,10
10/01/26, 6:36:57,1300 S Flores St,78204,Other Calls,Disturbance,1140,DOWNTOWN,SAPD-2026-1331491,29.410228,-98.501083,1790854617000,http://www.sanantonio.gov/sapd/Calls.aspx,Blue,a tbd link,26,10
10/01/26, 2:11:01,Ih 35 N Nb / Toepperwein Rd,78233,Traffic Calls,Traffic Related,3250,NORTH,SAPD-2026-1333004,29.555062,-98.348289,1790881861000,http://www.sanantonio.gov/sapd/Calls.aspx,Yellow,a tbd link,26,10
10/01/26, 6:39:26,N Loop 1604 E / Hardy Oak Blvd,78232,Traffic Calls,Major Accident,3160,NORTH,SAPD-2026-1331497,29.61063,-98.478266,1790854766000,http://www.sanantonio.gov/sapd/Calls.aspx,Yellow,a tbd link,26,10
10/01/26, 2:10:28,1500 Goliad Rd,78223,Crimes Against Person Calls,Assault,4220,EAST,SAPD-2026-1333002,29.372866,-98.447092,1790881828000,http://www.sanantonio.gov/sapd/Calls.aspx,Red,a tbd link,26,10
10/01/26, 2:13:09,1800 Ne Loop 410,78217,Traffic Calls,Traffic Related,3340,NORTH,SAPD-2026-1333013,29.515636,-98.435607,1790881989000,http://www.sanantonio.gov/sapd/Calls.aspx,Yellow,a tbd link,26,10
10/01/26, 6:38:37,401-999 N Loop 1604 E,78232,Traffic Calls,Major Accident,3160,NORTH,SAPD-2026-1331493,29.610519,-98.480119,1790854717000,http://www.sanantonio.gov/sapd/Calls.aspx,Yellow,a tbd link,26,10
10/01/26, 2:11:37,3500 Crosspoint,78217,Other Calls,Wanted Person,3360,NORTH,SAPD-2026-1333007,29.543595,-98.428736,1790881897000,http://www.sanantonio.gov/sapd/Calls.aspx,Blue,a tbd link,26,10
10/01/26, 6:42:17,500 Fair Ave,78223,Property Crime Calls,Theft,4150,EAST,SAPD-2026-1331505,29.385139,-98.468333,1790854937000,http://www.sanantonio.gov/sapd/Calls.aspx,Green,a tbd link,26,10
10/01/26, 2:12:23,9400 Culebra Rd,78250,Property Crime Calls,Theft,7370,PRUE,SAPD-2026-1333010,29.486389,-98.667362,1790881943000,http://www.sanantonio.gov/sapd/Calls.aspx,Green,a tbd link,26,10
10/01/26, 6:39:23,N Loop 1604 E / Hardy Oak Blvd,78232,Traffic Calls,Major Accident,3160,NORTH,SAPD-2026-1331496,29.61063,-98.478266,1790854763000,http://www.sanantonio.gov/sapd/Calls.aspx,Yellow,a tbd link,26,10
10/01/26, 2:11:05,8800 Village Dr,78217,Other Calls,Injured/Sick Person,3370,NORTH,SAPD-2026-1333005,29.519292,-98.429958,1790881865000,http://www.sanantonio.gov/sapd/Calls.aspx,Blue,a tbd link,26,10
10/01/26, 6:44:45,N Loop 1604 E / Hardy Oak Blvd,78232,Traffic Calls,Major Accident,3160,NORTH,SAPD-2026-1331511,29.61063,-98.478266,1790855085000,http://www.sanantonio.gov/sapd/Calls.aspx,Yellow,a tbd link,26,10
10/01/26, 2:12:07,3700 Harper Ct,78259,Other Calls,Disturbance,3150,NORTH,SAPD-2026-1333011,29.629386,-98.421425,1790881927000,http://www.sanantonio.gov/sapd/Calls.aspx,Blue,a tbd link,26,10
10/01/26, 6:39:46,200-298 CORNELL,78201,Traffic Calls,Traffic Related,1220,DOWNTOWN,SAPD-2026-1331499,29.444688,-98.509599,1790854786000,http://www.sanantonio.gov/sapd/Calls.aspx,Yellow,a tbd link,26,10
10/01/26, 2:12:38,8500 Blk Ne Loop 410 Nb,78219,Traffic Calls,Traffic Related,4310,EAST,SAPD-2026-1333012,29.441596,-98.393493,1790881958000,http://www.sanantonio.gov/sapd/Calls.aspx,Yellow,a tbd link,26,10
10/01/26, 2:21:10,13100 Watson Rd,78073,Other Calls,Welfare Check,6160,SOUTH,SAPD-2026-1333055,29.293756,-98.600861,1790882470000,http://www.sanantonio.gov/sapd/Calls.aspx,Blue,a tbd link,26,10
10/01/26, 6:42:23,2000 Delgado St,78207,Traffic Calls,Minor Accident,2360,CENTRAL,SAPD-2026-1331509,29.439867,-98.540136,1790854943000,http://www.sanantonio.gov/sapd/Calls.aspx,Yellow,a tbd link,26,10
10/01/26, 2:15:42,7500 South Sea,78216,Other Calls,Assist the Public,3310,NORTH,SAPD-2026-1333022,29.503164,-98.50626,1790882142000,http://www.sanantonio.gov/sapd/Calls.aspx,Blue,a tbd link,26,10
10/01/26, 6:44:15,Austin Hwy / Exeter,78209,Property Crime Calls,Burglary Vehicle,3340,NORTH,SAPD-2026-1331510,29.487293,-98.447463,1790855055000,http://www.sanantonio.gov/sapd/Calls.aspx,Green,a tbd link,26,10
10/01/26, 2:11:55,San Pedro Ave / W Ramsey Rd,78216,Traffic Calls,Major Accident,3120,NORTH,SAPD-2026-1333008,29.531341,-98.496594,1790881915000,http://www.sanantonio.gov/sapd/Calls.aspx,Yellow,a tbd link,26,10
10/01/26, 6:40:08,4713-4899 MILITARY DR W,78242,Traffic Calls,Traffic Related,6350,SOUTH,SAPD-2026-1331501,29.366082,-98.594513,1790854808000,http://www.sanantonio.gov/sapd/Calls.aspx,Yellow,a tbd link,26,10
10/01/26, 2:14:12,900 Iowa St,78203,Traffic Calls,Minor Accident,4120,EAST,SAPD-2026-1333016,29.412,-98.467943,1790882052000,http://www.sanantonio.gov/sapd/Calls.aspx,Yellow,a tbd link,26,10
10/01/26, 6:43:11,100 Rockwood Ct,78210,Other Calls,Disturbance,6220,SOUTH,SAPD-2026-1331508,29.389392,-98.478605,1790854991000,http://www.sanantonio.gov/sapd/Calls.aspx,Blue,a tbd link,26,10
10/01/26, 6:41:21,200 S ALAMO ST,78205,Other Calls,Patrol By,1110,DOWNTOWN,SAPD-2026-1331504,29.422331,-98.4871,1790854881000,http://www.sanantonio.gov/sapd/Calls.aspx,Blue,a tbd link,26,10
10/01/26, 6:46:24,100 Zachry Dr,78228,Other Calls,Suspicious Person,5220,WEST,SAPD-2026-1331516,29.463386,-98.561184,1790855184000,http://www.sanantonio.gov/sapd/Calls.aspx,Blue,a tbd link,26,10
10/01/26, 2:14:16,W Loop 1604 N Nb / Bandera Rd,78023,Traffic Calls,Minor Accident,7360,PRUE,SAPD-2026-1333017,29.553443,-98.667188,1790882056000,http://www.sanantonio.gov/sapd/Calls.aspx,Yellow,a tbd link,26,10
10/01/26, 6:46:07,6500 Wurzbach Rd,78240,Other Calls,Welfare Check,7140,PRUE,SAPD-2026-1331515,29.493143,-98.596316,1790855167000,http://www.sanantonio.gov/sapd/Calls.aspx,Blue,a tbd link,26,10
10/01/26, 2:15:14,2800 Brad,78201,Other Calls,Disturbance Family,2220,CENTRAL,SAPD-2026-1333020,29.485086,-98.524237,1790882114000,http://www.sanantonio.gov/sapd/Calls.aspx,Blue,a tbd link,26,10
10/01/26, 6:47:10,1200 Range Field,78245,Property Crime Calls,Theft of Vehicle,5330,WEST,SAPD-2026-1331519,29.423563,-98.667483,1790855230000,http://www.sanantonio.gov/sapd/Calls.aspx,Green,a tbd link,26,10
10/01/26, 2:13:59,8534-8698 Ne Loop 410 Nb,78219,Traffic Calls,Traffic Related,4310,EAST,SAPD-2026-1333015,29.437147,-98.390444,1790882039000,http://www.sanantonio.gov/sapd/Calls.aspx,Yellow,a tbd link,26,10
10/01/26, 6:45:23,101-199 TIPTON AVE,78204,Other Calls,Patrol By,6210,SOUTH,SAPD-2026-1331512,29.392928,-98.497626,1790855123000,http://www.sanantonio.gov/sapd/Calls.aspx,Blue,a tbd link,26,10
10/01/26, 2:17:39,W Woodlawn Ave / S Josephine Tobin,78201,Other Calls,Miscellaneous,5210,WEST,SAPD-2026-1333030,29.454889,-98.535067,1790882259000,http://www.sanantonio.gov/sapd/Calls.aspx,Blue,a tbd link,26,10
10/01/26, 2:14:37,San Pedro Ave / W Ramsey Rd,78216,Traffic Calls,Major Accident,3120,NORTH,SAPD-2026-1333018,29.531341,-98.496594,1790882077000,http://www.sanantonio.gov/sapd/Calls.aspx,Yellow,a tbd link,26,10
10/01/26, 2:16:49,4100 S New Braunfels Ave,78223,Traffic Calls,Minor Accident,4220,EAST,SAPD-2026-1333025,29.3796,-98.4583,1790882209000,http://www.sanantonio.gov/sapd/Calls.aspx,Yellow,a tbd link,26,10
10/01/26, 6:49:12,1300 Gardina St,78201,Other Calls,Disturbance,5230,WEST,SAPD-2026-1331522,29.479308,-98.536517,1790855352000,http://www.sanantonio.gov/sapd/Calls.aspx,Blue,a tbd link,26,10
10/01/26, 2:17:23,20 Sulfur Canyon,78247,Traffic Calls,Minor Accident,3220,NORTH,SAPD-2026-1333027,29.570199,-98.436531,1790882243000,http://www.sanantonio.gov/sapd/Calls.aspx,Yellow,a tbd link,26,10
10/01/26, 6:45:50,600 INDIANOLA ST,78210,Other Calls,Patrol By,1110,DOWNTOWN,SAPD-2026-1331514,29.416292,-98.48513,1790855150000,http://www.sanantonio.gov/sapd/Calls.aspx,Blue,a tbd link,26,10
10/01/26, 2:14:50,9200 Old Sky Harbor Dr,78242,Traffic Calls,Minor Accident,6340,SOUTH,SAPD-2026-1333019,29.332132,-98.608495,1790882090000,http://www.sanantonio.gov/sapd/Calls.aspx,Yellow,a tbd link,26,10
10/01/26, 6:48:45,100 Cornish,78223,Other Calls,Suspicious Person,6240,SOUTH,SAPD-2026-1331520,29.360597,-98.447167,1790855325000,http://www.sanantonio.gov/sapd/Calls.aspx,Blue,a tbd link,26,10
10/01/26, 2:15:45,2800 Hunter Blvd,78224,Other Calls,Assist the Public,6140,SOUTH,SAPD-2026-1333024,29.3348,-98.5518,1790882145000,http://www.sanantonio.gov/sapd/Calls.aspx,Blue,a tbd link,26,10
10/01/26, 6:52:04,2100 Cincinnati Ave,78228,Property Crime Calls,Burglary,5210,WEST,SAPD-2026-1331526,29.451529,-98.545448,1790855524000,http://www.sanantonio.gov/sapd/Calls.aspx,Green,a tbd link,26,10
10/01/26, 6:57:02,1200 Cantrell Dr,78221,Other Calls,Welfare Check,6150,SOUTH,SAPD-2026-1331534,29.348613,-98.523306,1790855822000,http://www.sanantonio.gov/sapd/Calls.aspx,Blue,a tbd link,26,10
10/01/26, 2:19:38,10600 Ih 35 N,78233,Other Calls,Assist the Public,3230,NORTH,SAPD-2026-1333041,29.535286,-98.386131,1790882378000,http://www.sanantonio.gov/sapd/Calls.aspx,Blue,a tbd link,26,10
10/01/26, 6:51:28,UNNAMED PARK RD AT PECAN VALLEY DR,78210,Other Calls,Patrol By,4210,EAST,SAPD-2026-1331524,29.384905,-98.430071,1790855488000,http://www.sanantonio.gov/sapd/Calls.aspx,Blue,a tbd link,26,10
10/01/26, 2:16:28,7500 Callaghan Rd,78229,Other Calls,Welfare Check,7110,PRUE,SAPD-2026-1333028,29.506627,-98.557969,1790882188000,http://www.sanantonio.gov/sapd/Calls.aspx,Blue,a tbd link,26,10
10/01/26, 6:51:59,301-399 FLAKE ALLEY,78207,Traffic Calls,Traffic Related,2310,CENTRAL,SAPD-2026-1331525,29.430083,-98.511024,1790855519000,http://www.sanantonio.gov/sapd/Calls.aspx,Yellow,a tbd link,26,10
10/01/26, 2:18:04,700 Se Loop 410,78220,Property Crime Calls,Theft,4240,EAST,SAPD-2026-1333039,29.417086,-98.389944,1790882284000,http://www.sanantonio.gov/sapd/Calls.aspx,Green,a tbd link,26,10
10/01/26, 6:53:35,100 Rockwood Ct,78210,Other Calls,Disturbance,6220,SOUTH,SAPD-2026-1331529,29.389393,-98.478431,1790855615000,http://www.sanantonio.gov/sapd/Calls.aspx,Blue,a tbd link,26,10
10/01/26, 2:16:47,Mildred / S Flores St,78214,Traffic Calls,Traffic Related,6210,SOUTH,SAPD-2026-1333026,29.385833,-98.503129,1790882207000,http://www.sanantonio.gov/sapd/Calls.aspx,Yellow,a tbd link,26,10
10/01/26, 6:53:00,N Loop 1604 E / Hardy Oak Blvd,78232,Traffic Calls,Minor Accident,3160,NORTH,SAPD-2026-1331527,29.61063,-98.478266,1790855580000,http://www.sanantonio.gov/sapd/Calls.aspx,Yellow,a tbd link,26,10
10/01/26, 2:19:30,6600 Fairdale Dr,78218,Other Calls,Disturbance,4350,EAST,SAPD-2026-1333040,29.490077,-98.404203,1790882370000,http://www.sanantonio.gov/sapd/Calls.aspx,Blue,a tbd link,26,10
10/01/26, 6:55:21,7100 Oaklawn,78229,Other Calls,Miscellaneous,7110,PRUE,SAPD-2026-1331533,29.499938,-98.554431,1790855721000,http://www.sanantonio.gov/sapd/Calls.aspx,Blue,a tbd link,26,10
10/01/26, 6:54:32,1600 W Commerce St,78207,Other Calls,Disturbance,2310,CENTRAL,SAPD-2026-1331531,29.426783,-98.512194,1790855672000,http://www.sanantonio.gov/sapd/Calls.aspx,Blue,a tbd link,26,10
10/01/26, 2:18:50,5000 Prue Rd,78240,Traffic Calls,Accident Private Property,7310,PRUE,SAPD-2026-1333037,29.543157,-98.583584,1790882330000,http://www.sanantonio.gov/sapd/Calls.aspx,Yellow,a tbd link,26,10
10/01/26, 6:54:06,100 CAMARON,78205,Other Calls,Patrol By,1120,DOWNTOWN,SAPD-2026-1331530,29.425464,-98.495853,1790855646000,http://www.sanantonio.gov/sapd/Calls.aspx,Blue,a tbd link,26,10
10/01/26, 2:18:00,2500 Harry Wurzbach,78209,Property Crime Calls,Theft,4350,EAST,SAPD-2026-1333034,29.48927,-98.428104,1790882280000,http://www.sanantonio.gov/sapd/Calls.aspx,Green,a tbd link,26,10
10/01/26, 7:00:25,1400 E Grayson St,78208,Traffic Calls,Minor Accident,4110,EAST,SAPD-2026-1331544,29.443172,-98.46222,1790856025000,http://www.sanantonio.gov/sapd/Calls.aspx,Yellow,a tbd link,26,10
10/01/26, 2:19:54,1200 N Frio St,78207,Other Calls,High Water Rescue,2310,CENTRAL,SAPD-2026-1333042,29.437855,-98.505994,1790882394000,http://www.sanantonio.gov/sapd/Calls.aspx,Blue,a tbd link,26,10
10/01/26, 6:57:35,200 Hallie Cv,78227,Property Crime Calls,Criminal Mischief,6360,SOUTH,SAPD-2026-1331537,29.361385,-98.639651,1790855855000,http://www.sanantonio.gov/sapd/Calls.aspx,Green,a tbd link,26,10
10/01/26, 2:18:59,300 Beam,78221,Crimes Against Person Calls,Assault,6250,SOUTH,SAPD-2026-1333036,29.329513,-98.499209,1790882339000,http://www.sanantonio.gov/sapd/Calls.aspx,Red,a tbd link,26,10
10/01/26, 2:19:23,3500 S New Braunfels Ave,78223,Other Calls,Disturbance,4220,EAST,SAPD-2026-1333038,29.38262,-98.460183,1790882363000,http://www.sanantonio.gov/sapd/Calls.aspx,Blue,a tbd link,26,10
10/01/26, 6:55:15,4901-4951 MILITARY DR W,78242,Traffic Calls,Traffic Related,Lackland AFB,SAPD OUTSIDE AREA,SAPD-2026-1331532,29.366497,-98.595623,1790855715000,http://www.sanantonio.gov/sapd/Calls.aspx,Yellow,a tbd link,26,10
10/01/26, 7:00:28,3500 Robin Meadow,78222,Crimes Against Person Calls,Assault In Progress,4250,EAST,SAPD-2026-1331545,29.380434,-98.372535,1790856028000,http://www.sanantonio.gov/sapd/Calls.aspx,Red,a tbd link,26,10
10/01/26, 6:58:07,1300 BLK N RIVER WALK,78215,Other Calls,Patrol By,1130,DOWNTOWN,SAPD-2026-1331538,29.434592,-98.483914,1790855887000,http://www.sanantonio.gov/sapd/Calls.aspx,Blue,a tbd link,26,10
10/01/26, 6:59:59,400 Millwood Ln,78216,Other Calls,Miscellaneous,3320,NORTH,SAPD-2026-1331542,29.511112,-98.485441,1790855999000,http://www.sanantonio.gov/sapd/Calls.aspx,Blue,a tbd link,26,10
10/01/26, 2:20:22,2200 Blk Broadway,78215,Other Calls,Disturbance,1230,DOWNTOWN,SAPD-2026-1333043,29.447108,-98.475428,1790882422000,http://www.sanantonio.gov/sapd/Calls.aspx,Blue,a tbd link,26,10
10/01/26, 2:17:41,U0 HWY 281 N SB,78215,Traffic Calls,High Water,1230,DOWNTOWN,SAPD-2026-1333031,29.447017,-98.479814,1790882261000,http://www.sanantonio.gov/sapd/Calls.aspx,Yellow,a tbd link,26,10
10/01/26, 2:23:07,3500 W Commerce St,78207-3647,Other Calls,Missing Person/Runaway,2360,CENTRAL,SAPD-2026-1333057,29.429257,-98.536773,1790882587000,http://www.sanantonio.gov/sapd/Calls.aspx,Blue,a tbd link,26,10
10/01/26, 2:20:20,200 E Houston St,78205,Traffic Calls,Minor Accident,1130,DOWNTOWN,SAPD-2026-1333044,29.426624,-98.490436,1790882420000,http://www.sanantonio.gov/sapd/Calls.aspx,Yellow,a tbd link,26,10
10/01/26, 2:17:57,100 S JOSEPHINE TOBIN,78201,Other Calls,Patrol By,5210,WEST,SAPD-2026-1333032,29.44945,-98.530416,1790882277000,http://www.sanantonio.gov/sapd/Calls.aspx,Blue,a tbd link,26,10
10/01/26, 2:20:54,6000 De Zavala Rd,78249,Crimes Against Person Calls,Threats,7340,PRUE,SAPD-2026-1333048,29.563502,-98.602725,1790882454000,http://www.sanantonio.gov/sapd/Calls.aspx,Red,a tbd link,26,10
10/01/26, 2:18:24,700 CULBERSON AVE,78225,Other Calls,Patrol By,6120,SOUTH,SAPD-2026-1333033,29.382133,-98.539463,1790882304000,http://www.sanantonio.gov/sapd/Calls.aspx,Blue,a tbd link,26,10
10/01/26, 2:18:35,19300 Talavera Rdg,78257,Other Calls,Animal Related,7260,PRUE,SAPD-2026-1333035,29.622197,-98.604986,1790882315000,http://www.sanantonio.gov/sapd/Calls.aspx,Blue,a tbd link,26,10
10/01/26, 2:20:44,600 S Flores St,78204,Property Crime Calls,Criminal Mischief In Progress,1140,DOWNTOWN,SAPD-2026-1333046,29.418079,-98.497454,1790882444000,http://www.sanantonio.gov/sapd/Calls.aspx,Green,a tbd link,26,10
10/01/26, 8:47:01,Roosevelt Ave / Se Military Dr,78214,Crimes Against Person Calls,Suspicious Vehicle,6230,SOUTH,SAPD-2026-1334390,29.355512,-98.481241,1790905621000,http://www.sanantonio.gov/sapd/Calls.aspx,Red,a tbd link,26,10
10/01/26, 2:22:18,Se Loop 410 Nb / E Houston St,78220,Traffic Calls,Minor Accident,4240,EAST,SAPD-2026-1333049,29.423307,-98.389123,1790882538000,http://www.sanantonio.gov/sapd/Calls.aspx,Yellow,a tbd link,26,10
10/01/26, 2:24:17,5300 Hillburn Dr,78242,Property Crime Calls,Theft of Vehicle,6340,SOUTH,SAPD-2026-1333060,29.351786,-98.601335,1790882657000,http://www.sanantonio.gov/sapd/Calls.aspx,Green,a tbd link,26,10
10/01/26, 2:22:01,10500 Shaenfield Rd,78254,Other Calls,SAPD Emergency Call,NOT SAPD BEX,SAPD OUTSIDE AREA,SAPD-2026-1333053,29.517461,-98.698627,1790882521000,http://www.sanantonio.gov/sapd/Calls.aspx,Blue,a tbd link,26,10
10/01/26, 2:20:55,4300 Thousand Oaks,78217,Traffic Calls,Traffic Violation,3240,NORTH,SAPD-2026-1333047,29.553558,-98.407373,1790882455000,http://www.sanantonio.gov/sapd/Calls.aspx,Yellow,a tbd link,26,10
10/01/26, 2:22:39,200 Cupples Rd,78237,Other Calls,Welfare Check,2350,CENTRAL,SAPD-2026-1333052,29.416061,-98.546888,1790882559000,http://www.sanantonio.gov/sapd/Calls.aspx,Blue,a tbd link,26,10
10/01/26, 2:23:03,9900 W Military Dr,78251,Other Calls,Assist the Public,5350,WEST,SAPD-2026-1333054,29.451438,-98.682192,1790882583000,http://www.sanantonio.gov/sapd/Calls.aspx,Blue,a tbd link,26,10
10/01/26, 2:20:45,5501-5699 US HWY 90 W,78227,Traffic Calls,High Water,5150,WEST,SAPD-2026-1333045,29.407822,-98.599877,1790882445000,http://www.sanantonio.gov/sapd/Calls.aspx,Yellow,a tbd link,26,10
10/01/26, 2:22:34,Us Hwy 281 N / Ne Loop 410,78216,Traffic Calls,High Water,3350,NORTH,SAPD-2026-1333051,29.52043,-98.477912,1790882554000,http://www.sanantonio.gov/sapd/Calls.aspx,Yellow,a tbd link,26,10
10/01/26, 2:24:10,1200 Fair Ave,78210,Other Calls,Welfare Check,4150,EAST,SAPD-2026-1333058,29.384472,-98.459602,1790882650000,http://www.sanantonio.gov/sapd/Calls.aspx,Blue,a tbd link,26,10
10/01/26, 2:24:16,7300 Blk Us Hwy 281 N Sb,78216,Traffic Calls,Traffic Related,3320,NORTH,SAPD-2026-1333059,29.501018,-98.481791,1790882656000,http://www.sanantonio.gov/sapd/Calls.aspx,Yellow,a tbd link,26,10
10/01/26, 2:25:29,200 W Houston St,78205,Other Calls,Assist the Public,1120,DOWNTOWN,SAPD-2026-1333065,29.426455,-98.495324,1790882729000,http://www.sanantonio.gov/sapd/Calls.aspx,Blue,a tbd link,26,10
10/01/26, 2:24:49,N Cherry St / E Houston St,78202,Other Calls,Disturbance Family,4110,EAST,SAPD-2026-1333066,29.42505,-98.476208,1790882689000,http://www.sanantonio.gov/sapd/Calls.aspx,Blue,a tbd link,26,10
10/01/26, 2:25:12,Ih 10 E / N Foster Rd,78244,Traffic Calls,Traffic Related,4310,EAST,SAPD-2026-1333064,29.445667,-98.36073,1790882712000,http://www.sanantonio.gov/sapd/Calls.aspx,Yellow,a tbd link,26,10
10/01/26, 2:27:23,13100 Watson Rd,78073,Other Calls,Welfare Check,6160,SOUTH,SAPD-2026-1333073,29.293756,-98.600861,1790882843000,http://www.sanantonio.gov/sapd/Calls.aspx,Blue,a tbd link,26,10
10/01/26, 2:27:08,12500 Ih 10 W,78230,Other Calls,Disturbance,7230,PRUE,SAPD-2026-1333070,29.558477,-98.588658,1790882828000,http://www.sanantonio.gov/sapd/Calls.aspx,Blue,a tbd link,26,10
10/01/26, 2:26:26,Ih 10 W Nb / De Zavala Rd,78230,Traffic Calls,Major Accident,7230,PRUE,SAPD-2026-1333069,29.563237,-98.590941,1790882786000,http://www.sanantonio.gov/sapd/Calls.aspx,Yellow,a tbd link,26,10
10/01/26, 2:26:37,Se Military Dr / Roosevelt Ave,78214,Other Calls,Welfare Check,6230,SOUTH,SAPD-2026-1333067,29.355512,-98.481241,1790882797000,http://www.sanantonio.gov/sapd/Calls.aspx,Blue,a tbd link,26,10
10/01/26, 2:26:45,Ih 10 W Nb / De Zavala Rd,78230,Traffic Calls,Minor Accident,7230,PRUE,SAPD-2026-1333068,29.563237,-98.590941,1790882805000,http://www.sanantonio.gov/sapd/Calls.aspx,Yellow,a tbd link,26,10
10/01/26, 2:27:22,1900 Rayburn Dr,78224,Traffic Calls,Major Accident,6320,SOUTH,SAPD-2026-1333072,29.358308,-98.545208,1790882842000,http://www.sanantonio.gov/sapd/Calls.aspx,Yellow,a tbd link,26,10
10/01/26, 5:12:03,15200 HUEBNER RD,78231,Other Calls,Patrol By,7240,PRUE,SAPD-2026-1333705,29.580673,-98.539765,1790892723000,http://www.sanantonio.gov/sapd/Calls.aspx,Blue,a tbd link,26,10
10/01/26, 2:28:43,U0 Hwy 90 W Wb,78207,Traffic Calls,Traffic Related,2350,CENTRAL,SAPD-2026-1333076,29.403433,-98.543298,1790882923000,http://www.sanantonio.gov/sapd/Calls.aspx,Yellow,a tbd link,26,10
10/01/26, 2:30:01,Ih 10 W Nb / De Zavala Rd,78230,Traffic Calls,Minor Accident,7230,PRUE,SAPD-2026-1333092,29.563237,-98.590941,1790883001000,http://www.sanantonio.gov/sapd/Calls.aspx,Yellow,a tbd link,26,10
10/01/26, 2:28:08,200 Cardiff,78220,Other Calls,Disturbance,4160,EAST,SAPD-2026-1333074,29.41674,-98.430118,1790882888000,http://www.sanantonio.gov/sapd/Calls.aspx,Blue,a tbd link,26,10
10/01/26, 2:30:18,6600 Spring Manor Dr,78249,Property Crime Calls,Theft,7340,PRUE,SAPD-2026-1333081,29.550019,-98.618954,1790883018000,http://www.sanantonio.gov/sapd/Calls.aspx,Green,a tbd link,26,10
10/01/26, 2:27:30,10899-10997 Ih 10 W Nb,78230,Traffic Calls,Major Accident,7220,PRUE,SAPD-2026-1333071,29.543984,-98.577601,1790882850000,http://www.sanantonio.gov/sapd/Calls.aspx,Yellow,a tbd link,26,10
10/01/26, 2:29:53,E Myrtle St / Ogden St,78212,Other Calls,Welfare Check,1210,DOWNTOWN,SAPD-2026-1333080,29.444928,-98.493019,1790882993000,http://www.sanantonio.gov/sapd/Calls.aspx,Blue,a tbd link,26,10
10/01/26, 2:28:36,Us Hwy 90 W Wb / S General Mcmullen,78237,Traffic Calls,Traffic Related,5120,WEST,SAPD-2026-1333082,29.404851,-98.557039,1790882916000,http://www.sanantonio.gov/sapd/Calls.aspx,Yellow,a tbd link,26,10
10/01/26, 2:29:34,W0 N Loop 1604 W Ofrp Sb Ih 10 W,78249,Traffic Calls,High Water,7260,PRUE,SAPD-2026-1333079,29.591538,-98.595478,1790882974000,http://www.sanantonio.gov/sapd/Calls.aspx,Yellow,a tbd link,26,10
10/01/26, 2:28:17,3900 PECAN VALLEY DR,78210,Other Calls,Patrol By,4210,EAST,SAPD-2026-1333075,29.386139,-98.429205,1790882897000,http://www.sanantonio.gov/sapd/Calls.aspx,Blue,a tbd link,26,10
10/01/26, 2:38:03,Harry Wurzbach / Ne Loop 410 Eb,78209,Traffic Calls,Minor Accident,3330,NORTH,SAPD-2026-1333123,29.515532,-98.438418,1790883483000,http://www.sanantonio.gov/sapd/Calls.aspx,Yellow,a tbd link,26,10
10/01/26, 2:30:59,IH 10 W NB / HUEBNER RD,78230,Traffic Calls,Minor Accident,7230,PRUE,SAPD-2026-1333084,29.544665,-98.578693,1790883059000,http://www.sanantonio.gov/sapd/Calls.aspx,Yellow,a tbd link,26,10
10/01/26, 2:31:12,1300 Springvale Dr,,Other Calls,Welfare Check,6360,SOUTH,SAPD-2026-1333085,29.383881,-98.63639,1790883072000,http://www.sanantonio.gov/sapd/Calls.aspx,Blue,a tbd link,26,10
10/01/26, 2:31:42,Sw Loop 410 Nb / Valley Hi Dr,78227,Traffic Calls,Minor Accident,6360,SOUTH,SAPD-2026-1333090,29.380506,-98.641455,1790883102000,http://www.sanantonio.gov/sapd/Calls.aspx,Yellow,a tbd link,26,10
10/01/26, 2:31:51,Valley Hi Dr / Sw Loop 410,78227,Traffic Calls,Major Accident,6360,SOUTH,SAPD-2026-1333091,29.380684,-98.64103,1790883111000,http://www.sanantonio.gov/sapd/Calls.aspx,Yellow,a tbd link,26,10
10/01/26, 2:35:37,2000 S Zarzamora St,78207,Other Calls,Disturbance,2340,CENTRAL,SAPD-2026-1333110,29.402963,-98.530567,1790883337000,http://www.sanantonio.gov/sapd/Calls.aspx,Blue,a tbd link,26,10
10/01/26, 2:31:31,2000 S Zarzamora St,78207,Other Calls,Disturbance,2340,CENTRAL,SAPD-2026-1333088,29.402963,-98.530567,1790883091000,http://www.sanantonio.gov/sapd/Calls.aspx,Blue,a tbd link,26,10
10/01/26, 2:32:23,Valley Hi Dr / Sw Loop 410,78227,Traffic Calls,Minor Accident,6360,SOUTH,SAPD-2026-1333093,29.380684,-98.64103,1790883143000,http://www.sanantonio.gov/sapd/Calls.aspx,Yellow,a tbd link,26,10
10/01/26, 2:33:01,5600 Blk Ih 10 W Sb,78201,Traffic Calls,Minor Accident,5240,WEST,SAPD-2026-1333096,29.482406,-98.527408,1790883181000,http://www.sanantonio.gov/sapd/Calls.aspx,Yellow,a tbd link,26,10
10/01/26, 2:31:23,100 CAMARON,78205,Other Calls,Patrol By,1120,DOWNTOWN,SAPD-2026-1333086,29.425464,-98.495853,1790883083000,http://www.sanantonio.gov/sapd/Calls.aspx,Blue,a tbd link,26,10
10/01/26, 2:33:08,1700 Texas Ave,78201,Other Calls,Disturbance Loud Music,5210,WEST,SAPD-2026-1333098,29.44978,-98.538809,1790883188000,http://www.sanantonio.gov/sapd/Calls.aspx,Blue,a tbd link,26,10
10/01/26, 2:34:20,9400 Airport Blvd,78216,Crimes Against Person Calls,Assault,SAT1,AIRPORT,SAPD-2026-1333102,29.52666,-98.476055,1790883260000,http://www.sanantonio.gov/sapd/Calls.aspx,Red,a tbd link,26,10
10/01/26, 2:40:00,7200 Lamb Rd,78240,Crimes Against Person Calls,Threats,7160,PRUE,SAPD-2026-1333132,29.50772,-98.594883,1790883600000,http://www.sanantonio.gov/sapd/Calls.aspx,Red,a tbd link,26,10
10/01/26, 2:35:47,6300 Fox Head,78247,Other Calls,Welfare Check,3260,NORTH,SAPD-2026-1333109,29.590923,-98.365037,1790883347000,http://www.sanantonio.gov/sapd/Calls.aspx,Blue,a tbd link,26,10
10/01/26, 2:33:38,8200 Ih 35 N Sb,78218,Traffic Calls,Major Accident,4330,EAST,SAPD-2026-1333099,29.514267,-98.397052,1790883218000,http://www.sanantonio.gov/sapd/Calls.aspx,Yellow,a tbd link,26,10
10/01/26, 2:34:10,4000 Vance Jackson,78213,Other Calls,Property Found,2230,CENTRAL,SAPD-2026-1333103,29.510111,-98.535625,1790883250000,http://www.sanantonio.gov/sapd/Calls.aspx,Blue,a tbd link,26,10
10/01/26, 2:34:07,8201-8699 Ih 35 N Sb,78218,Traffic Calls,Major Accident,4330,EAST,SAPD-2026-1333105,29.516152,-98.396657,1790883247000,http://www.sanantonio.gov/sapd/Calls.aspx,Yellow,a tbd link,26,10
10/01/26, 2:34:13,I0 37 S Sb,78203,Traffic Calls,Major Accident,1110,DOWNTOWN,SAPD-2026-1333101,29.414899,-98.480472,1790883253000,http://www.sanantonio.gov/sapd/Calls.aspx,Yellow,a tbd link,26,10
10/01/26, 2:32:56,1300 BLK N RIVER WALK,78215,Other Calls,Patrol By,1130,DOWNTOWN,SAPD-2026-1333094,29.434592,-98.483914,1790883176000,http://www.sanantonio.gov/sapd/Calls.aspx,Blue,a tbd link,26,10
10/01/26, 2:33:03,401-499 Valley Hi Dr,78227,Traffic Calls,Major Accident,6360,SOUTH,SAPD-2026-1333095,29.380824,-98.640695,1790883183000,http://www.sanantonio.gov/sapd/Calls.aspx,Yellow,a tbd link,26,10
10/01/26, 2:37:54,7300 San Pedro Ave,78216,Traffic Calls,Traffic Related,3320,NORTH,SAPD-2026-1333125,29.516327,-98.498786,1790883474000,http://www.sanantonio.gov/sapd/Calls.aspx,Yellow,a tbd link,26,10
10/01/26, 2:34:00,5300 Randolph Blvd,78239,Other Calls,High Water Rescue,3230,NORTH,SAPD-2026-1333100,29.527859,-98.385215,1790883240000,http://www.sanantonio.gov/sapd/Calls.aspx,Blue,a tbd link,26,10
10/01/26, 2:36:18,100 Mascasa St,78237,Other Calls,Miscellaneous,5140,WEST,SAPD-2026-1333112,29.422838,-98.563971,1790883378000,http://www.sanantonio.gov/sapd/Calls.aspx,Blue,a tbd link,26,10
10/01/26, 2:35:03,6400 Nw Loop 410,78238,Traffic Calls,Minor Accident,5310,WEST,SAPD-2026-1333107,29.464644,-98.62134,1790883303000,http://www.sanantonio.gov/sapd/Calls.aspx,Yellow,a tbd link,26,10
10/01/26, 2:34:58,Sherri Ann Rd / Carelin,78233,Other Calls,High Water Rescue,3230,NORTH,SAPD-2026-1333106,29.527522,-98.388423,1790883298000,http://www.sanantonio.gov/sapd/Calls.aspx,Blue,a tbd link,26,10
10/01/26, 2:34:37,Us Hwy 90 W Wb / S General Mcmullen,78237,Traffic Calls,Traffic Related,5120,WEST,SAPD-2026-1333104,29.404851,-98.557039,1790883277000,http://www.sanantonio.gov/sapd/Calls.aspx,Yellow,a tbd link,26,10
10/01/26, 2:36:57,Ih 37 S / E Cesar Chavez Blvd,78210,Traffic Calls,Traffic Related,1110,DOWNTOWN,SAPD-2026-1333119,29.413853,-98.479806,1790883417000,http://www.sanantonio.gov/sapd/Calls.aspx,Yellow,a tbd link,26,10
10/01/26, 2:36:10,Ih 37 S Sb / E Cesar Chavez Blvd,78203,Traffic Calls,Major Accident,1110,DOWNTOWN,SAPD-2026-1333111,29.414208,-98.480469,1790883370000,http://www.sanantonio.gov/sapd/Calls.aspx,Yellow,a tbd link,26,10
10/01/26, 2:37:02,Ih 10 W / Ralph Fair Rd,78257,Crimes Against Person Calls,Disturbance (Gun Involved),7260,PRUE,SAPD-2026-1333118,29.675916,-98.636646,1790883422000,http://www.sanantonio.gov/sapd/Calls.aspx,Red,a tbd link,26,10
10/01/26, 2:36:34,200 Cardiff,78220,Other Calls,Disturbance,4160,EAST,SAPD-2026-1333114,29.41674,-98.430118,1790883394000,http://www.sanantonio.gov/sapd/Calls.aspx,Blue,a tbd link,26,10
10/01/26, 2:37:53,4800 Vance Jackson,78230,Other Calls,Disturbance,7210,PRUE,SAPD-2026-1333121,29.521233,-98.534772,1790883473000,http://www.sanantonio.gov/sapd/Calls.aspx,Blue,a tbd link,26,10
10/01/26, 2:36:48,7200 Blanco Rd,78216,Crimes Against Person Calls,Fight,3350,NORTH,SAPD-2026-1333115,29.523347,-98.504897,1790883408000,http://www.sanantonio.gov/sapd/Calls.aspx,Red,a tbd link,26,10
10/01/26, 2:37:02,300 Golondrina Ave,78204,Other Calls,Property Lost,6210,SOUTH,SAPD-2026-1333117,29.391404,-98.504949,1790883422000,http://www.sanantonio.gov/sapd/Calls.aspx,Blue,a tbd link,26,10
10/01/26, 2:38:47,Vance Jackson Rd / La Manda Blvd,78201,Traffic Calls,Minor Accident,2230,CENTRAL,SAPD-2026-1333127,29.486521,-98.534962,1790883527000,http://www.sanantonio.gov/sapd/Calls.aspx,Yellow,a tbd link,26,10
10/01/26, 2:36:31,3100 HIAWATHA,78210,Other Calls,Patrol By,4210,EAST,SAPD-2026-1333113,29.384037,-98.437081,1790883391000,http://www.sanantonio.gov/sapd/Calls.aspx,Blue,a tbd link,26,10
10/01/26, 2:38:24,7700 Eckhert Rd,78240,Other Calls,Disturbance,7320,PRUE,SAPD-2026-1333126,29.511767,-98.623527,1790883504000,http://www.sanantonio.gov/sapd/Calls.aspx,Blue,a tbd link,26,10
10/01/26, 2:36:59,301-399 CAMARON,78207,Other Calls,Patrol By,1120,DOWNTOWN,SAPD-2026-1333116,29.427608,-98.496234,1790883419000,http://www.sanantonio.gov/sapd/Calls.aspx,Blue,a tbd link,26,10
10/01/26, 2:39:40,8100 Blk Ih 35 N Sb,78218,Traffic Calls,Minor Accident,4360,EAST,SAPD-2026-1333130,29.509606,-98.398024,1790883580000,http://www.sanantonio.gov/sapd/Calls.aspx,Yellow,a tbd link,26,10
10/01/26, 2:40:54,4400 Huntington Woods,78249,Other Calls,Miscellaneous,7230,PRUE,SAPD-2026-1333135,29.573908,-98.572679,1790883654000,http://www.sanantonio.gov/sapd/Calls.aspx,Blue,a tbd link,26,10
10/01/26, 2:39:14,300 E Basse Rd,78209,Other Calls,Miscellaneous,3330,NORTH,SAPD-2026-1333133,29.496667,-98.478056,1790883554000,http://www.sanantonio.gov/sapd/Calls.aspx,Blue,a tbd link,26,10
10/01/26, 2:40:51,S0 Ih 10 W Onrp Vance Jackson,78201,Traffic Calls,Minor Accident,5230,WEST,SAPD-2026-1333134,29.485087,-98.541096,1790883651000,http://www.sanantonio.gov/sapd/Calls.aspx,Yellow,a tbd link,26,10
10/01/26, 2:39:27,Crestway Rd / Randolph Blvd,78233,Other Calls,High Water Rescue,3230,NORTH,SAPD-2026-1333129,29.524313,-98.390272,1790883567000,http://www.sanantonio.gov/sapd/Calls.aspx,Blue,a tbd link,26,10
10/01/26, 2:39:27,2400 Pleasanton Rd,78221,Other Calls,Disturbance,6150,SOUTH,SAPD-2026-1333128,29.354927,-98.503888,1790883567000,http://www.sanantonio.gov/sapd/Calls.aspx,Blue,a tbd link,26,10
10/01/26, 2:44:41,Ih 37 S Sb / E Cesar Chavez Blvd,78203,Traffic Calls,Minor Accident,1110,DOWNTOWN,SAPD-2026-1333155,29.414208,-98.480469,1790883881000,http://www.sanantonio.gov/sapd/Calls.aspx,Yellow,a tbd link,26,10
10/01/26, 2:39:58,US HWY 90 W ACCESS RD / MILITARY DR W,78227,Other Calls,SAPD Emergency Call,NOT SAPD BEX - 1,SAPD OUTSIDE AREA,SAPD-2026-1333131,29.400697,-98.627325,1790883598000,http://www.sanantonio.gov/sapd/Calls.aspx,Blue,a tbd link,26,10
10/01/26, 2:43:48,13000 Jones Maltsberger Rd,78247,Crimes Against Person Calls,Assault,3220,NORTH,SAPD-2026-1333150,29.559728,-98.459693,1790883828000,http://www.sanantonio.gov/sapd/Calls.aspx,Red,a tbd link,26,10
10/01/26, 2:42:47,600 S Flores St,78204,Other Calls,Disturbance,1140,DOWNTOWN,SAPD-2026-1333141,29.418079,-98.497454,1790883767000,http://www.sanantonio.gov/sapd/Calls.aspx,Blue,a tbd link,26,10
10/01/26, 2:42:51,Dreamland / Vance Jackson Rd,78230,Traffic Calls,Traffic Related,7210,PRUE,SAPD-2026-1333142,29.532544,-98.544475,1790883771000,http://www.sanantonio.gov/sapd/Calls.aspx,Yellow,a tbd link,26,10
10/01/26, 2:43:47,100 Blk Ih 35 N Nb,78215,Traffic Calls,High Water,1130,DOWNTOWN,SAPD-2026-1333149,29.436379,-98.492548,1790883827000,http://www.sanantonio.gov/sapd/Calls.aspx,Yellow,a tbd link,26,10
10/01/26, 2:42:36,600 Nw Loop 410,78216-5504,Traffic Calls,Minor Accident,3350,NORTH,SAPD-2026-1333145,29.521304,-98.502073,1790883756000,http://www.sanantonio.gov/sapd/Calls.aspx,Yellow,a tbd link,26,10
10/01/26, 2:41:35,Roosevelt Ave / Woodhull,78214,Traffic Calls,Officer Traffic Stop,6230,SOUTH,SAPD-2026-1333136,29.358805,-98.4813,1790883695000,http://www.sanantonio.gov/sapd/Calls.aspx,Yellow,a tbd link,26,10
10/01/26, 2:42:39,Ih 10 W Nb / Fresno St,78201,Traffic Calls,High Water,2210,CENTRAL,SAPD-2026-1333140,29.474429,-98.517146,1790883759000,http://www.sanantonio.gov/sapd/Calls.aspx,Yellow,a tbd link,26,10
10/01/26, 2:41:49,8700 CINNAMON CRK,78240,Other Calls,CRT Follow Up,7150,PRUE,SAPD-2026-1333138,29.523927,-98.580283,1790883709000,http://www.sanantonio.gov/sapd/Calls.aspx,Blue,a tbd link,26,10
10/01/26, 2:42:44,5600 N Foster Rd,78244,Crimes Against Person Calls,Holdup Alarm In Progress,4320,EAST,SAPD-2026-1333144,29.479714,-98.360381,1790883764000,http://www.sanantonio.gov/sapd/Calls.aspx,Red,a tbd link,26,10
10/01/26, 2:43:17,N0 Ih 37 S Onrp Eb Ih 10 E,78210,Traffic Calls,Traffic Related,4120,EAST,SAPD-2026-1333146,29.395933,-98.478005,1790883797000,http://www.sanantonio.gov/sapd/Calls.aspx,Yellow,a tbd link,26,10
10/01/26, 2:44:07,13000-13199 Uhr Ln,78217,Traffic Calls,Minor Accident,3240,NORTH,SAPD-2026-1333151,29.559765,-98.402146,1790883847000,http://www.sanantonio.gov/sapd/Calls.aspx,Yellow,a tbd link,26,10
10/01/26, 2:46:26,6400 Nw Loop 410,78238,Traffic Calls,Minor Accident,5310,WEST,SAPD-2026-1333159,29.464644,-98.62134,1790883986000,http://www.sanantonio.gov/sapd/Calls.aspx,Yellow,a tbd link,26,10
10/01/26, 2:45:00,Us Hwy 281 N Nb / E Hildebrand Ave,78212,Traffic Calls,High Water,1230,DOWNTOWN,SAPD-2026-1333158,29.465533,-98.473717,1790883900000,http://www.sanantonio.gov/sapd/Calls.aspx,Yellow,a tbd link,26,10
10/01/26, 2:44:36,2800 AUSTIN HWY,78218,Other Calls,CRT Follow Up,4360,EAST,SAPD-2026-1333152,29.513448,-98.403727,1790883876000,http://www.sanantonio.gov/sapd/Calls.aspx,Blue,a tbd link,26,10
10/01/26, 2:44:50,3900 PECAN VALLEY DR,78223,Other Calls,Patrol By,4210,EAST,SAPD-2026-1333154,29.384251,-98.430563,1790883890000,http://www.sanantonio.gov/sapd/Calls.aspx,Blue,a tbd link,26,10
10/01/26, 2:48:05,3100 Se Military Dr,78223,Other Calls,Disturbance,6270,SOUTH,SAPD-2026-1333164,29.353252,-98.439248,1790884085000,http://www.sanantonio.gov/sapd/Calls.aspx,Blue,a tbd link,26,10
10/01/26, 2:45:13,300 SAN PEDRO AVE,78212,Other Calls,Assist the Public,1210,DOWNTOWN,SAPD-2026-1333156,29.436173,-98.495767,1790883913000,http://www.sanantonio.gov/sapd/Calls.aspx,Blue,a tbd link,26,10
10/01/26, 2:47:24,Ih 35 S Sb / W Southcross Blvd,78221,Traffic Calls,Traffic Related,6120,SOUTH,SAPD-2026-1333163,29.368249,-98.518463,1790884044000,http://www.sanantonio.gov/sapd/Calls.aspx,Yellow,a tbd link,26,10
10/01/26, 2:48:54,700 N San Marcos,78207,Other Calls,Welfare Check,2310,CENTRAL,SAPD-2026-1333165,29.433336,-98.508866,1790884134000,http://www.sanantonio.gov/sapd/Calls.aspx,Blue,a tbd link,26,10
10/01/26, 2:50:47,N Loop 1604 E Wb / Judson Rd,78247,Traffic Calls,High Water,3260,NORTH,SAPD-2026-1333169,29.602492,-98.387667,1790884247000,http://www.sanantonio.gov/sapd/Calls.aspx,Yellow,a tbd link,26,10
10/01/26, 2:53:19,3600 Magic Dr,78229,Traffic Calls,Minor Accident,7110,PRUE,SAPD-2026-1333179,29.504406,-98.553467,1790884399000,http://www.sanantonio.gov/sapd/Calls.aspx,Yellow,a tbd link,26,10
10/01/26, 2:47:30,700-798 CAMARON,78207,Other Calls,Patrol By,1130,DOWNTOWN,SAPD-2026-1333162,29.431701,-98.497963,1790884050000,http://www.sanantonio.gov/sapd/Calls.aspx,Blue,a tbd link,26,10
10/01/26, 2:48:51,Ih 35 S / Neighborhood Rd,78073,Traffic Calls,Minor Accident,6160,SOUTH,SAPD-2026-1333166,29.293821,-98.636107,1790884131000,http://www.sanantonio.gov/sapd/Calls.aspx,Yellow,a tbd link,26,10
10/01/26, 2:51:53,San Pedro Ave / W Euclid Ave,78212,Traffic Calls,Traffic Related,1220,DOWNTOWN,SAPD-2026-1333171,29.436785,-98.496704,1790884313000,http://www.sanantonio.gov/sapd/Calls.aspx,Yellow,a tbd link,26,10
10/01/26, 2:55:07,17200 Nw Military Hwy,78257,Property Crime Calls,Burglary in Progress,7260,PRUE,SAPD-2026-1333187,29.602553,-98.566739,1790884507000,http://www.sanantonio.gov/sapd/Calls.aspx,Green,a tbd link,26,10
10/01/26, 2:54:10,300 Senisa Dr,78228,Other Calls,Assist the Public,5210,WEST,SAPD-2026-1333183,29.462767,-98.548167,1790884450000,http://www.sanantonio.gov/sapd/Calls.aspx,Blue,a tbd link,26,10
10/01/26, 2:53:30,3200 Roosevelt Ave,78214,Traffic Calls,Minor Accident,6230,SOUTH,SAPD-2026-1333181,29.362764,-98.48138,1790884410000,http://www.sanantonio.gov/sapd/Calls.aspx,Yellow,a tbd link,26,10
10/01/26, 2:53:24,Gulfmart Dr / Broadway,78217,Traffic Calls,Traffic Related,3360,NORTH,SAPD-2026-1333180,29.518782,-98.462587,1790884404000,http://www.sanantonio.gov/sapd/Calls.aspx,Yellow,a tbd link,26,10
10/01/26, 2:53:17,Ne Loop 410 Wb / Nacogdoches Rd,78209,Traffic Calls,Minor Accident,3330,NORTH,SAPD-2026-1333176,29.516187,-98.451939,1790884397000,http://www.sanantonio.gov/sapd/Calls.aspx,Yellow,a tbd link,26,10
10/01/26, 2:52:56,N Loop 1604 E / Judson Rd,78247,Traffic Calls,High Water,3260,NORTH,SAPD-2026-1333173,29.601901,-98.387277,1790884376000,http://www.sanantonio.gov/sapd/Calls.aspx,Yellow,a tbd link,26,10
10/01/26, 2:53:23,700 W Mayfield Blvd,78211,Property Crime Calls,Theft,6130,SOUTH,SAPD-2026-1333178,29.362151,-98.535356,1790884403000,http://www.sanantonio.gov/sapd/Calls.aspx,Green,a tbd link,26,10
10/01/26, 2:52:43,7700 MOCKINGBIRD LN,78229,Other Calls,Patrol By,7110,PRUE,SAPD-2026-1333172,29.508582,-98.559439,1790884363000,http://www.sanantonio.gov/sapd/Calls.aspx,Blue,a tbd link,26,10
10/01/26, 2:54:21,Wurzbach Rd / Ewing Halsell,78229,Traffic Calls,Minor Accident,7150,PRUE,SAPD-2026-1333184,29.515948,-98.576437,1790884461000,http://www.sanantonio.gov/sapd/Calls.aspx,Yellow,a tbd link,26,10
10/01/26, 2:55:50,10 Inwood Elms,78248,Other Calls,Patrol By,7240,PRUE,SAPD-2026-1333189,29.59206,-98.533654,1790884550000,http://www.sanantonio.gov/sapd/Calls.aspx,Blue,a tbd link,26,10
10/01/26, 2:54:52,8300-8399 Ewing Halsell,78229,Traffic Calls,Minor Accident,7150,PRUE,SAPD-2026-1333185,29.516071,-98.576655,1790884492000,http://www.sanantonio.gov/sapd/Calls.aspx,Yellow,a tbd link,26,10
10/01/26, 2:56:13,10000 Sahara,78216,Other Calls,Miscellaneous,3110,NORTH,SAPD-2026-1333194,29.531492,-98.497814,1790884573000,http://www.sanantonio.gov/sapd/Calls.aspx,Blue,a tbd link,26,10
10/01/26, 2:53:22,4000 HORIZON HILL BLVD,78229,Other Calls,CRT Follow Up,7110,PRUE,SAPD-2026-1333177,29.512757,-98.556585,1790884402000,http://www.sanantonio.gov/sapd/Calls.aspx,Blue,a tbd link,26,10
10/01/26, 2:57:43,100 Sw Military Dr,78214,Traffic Calls,Minor Accident,6230,SOUTH,SAPD-2026-1333198,29.357185,-98.491759,1790884663000,http://www.sanantonio.gov/sapd/Calls.aspx,Yellow,a tbd link,26,10
10/01/26, 2:54:01,3100 HIAWATHA,78210,Other Calls,Patrol By,4210,EAST,SAPD-2026-1333182,29.384037,-98.437081,1790884441000,http://www.sanantonio.gov/sapd/Calls.aspx,Blue,a tbd link,26,10
10/01/26, 2:56:07,3400 Maywood,78230,Traffic Calls,Minor Accident,7210,PRUE,SAPD-2026-1333192,29.515012,-98.547969,1790884567000,http://www.sanantonio.gov/sapd/Calls.aspx,Yellow,a tbd link,26,10
10/01/26, 2:56:30,10500 Ih 35 N,78233,Traffic Calls,Traffic Related,3230,NORTH,SAPD-2026-1333193,29.534737,-98.38839,1790884590000,http://www.sanantonio.gov/sapd/Calls.aspx,Yellow,a tbd link,26,10
10/01/26, 2:54:51,8700 Data Point Dr,78229,Other Calls,Disturbance Loud Music,7120,PRUE,SAPD-2026-1333186,29.521222,-98.566458,1790884491000,http://www.sanantonio.gov/sapd/Calls.aspx,Blue,a tbd link,26,10
10/01/26, 2:55:45,213-229 NEWELL,78215,Other Calls,Patrol By,1230,DOWNTOWN,SAPD-2026-1333188,29.440654,-98.48145,1790884545000,http://www.sanantonio.gov/sapd/Calls.aspx,Blue,a tbd link,26,10
10/01/26, 2:57:56,13000 Ih 35 S,78073,Traffic Calls,Minor Accident,6160,SOUTH,SAPD-2026-1333197,29.293929,-98.635424,1790884676000,http://www.sanantonio.gov/sapd/Calls.aspx,Yellow,a tbd link,26,10
10/01/26, 2:57:32,2600 Nw Loop 410,78230,Other Calls,Disturbance,7210,PRUE,SAPD-2026-1333201,29.51153,-98.536305,1790884652000,http://www.sanantonio.gov/sapd/Calls.aspx,Blue,a tbd link,26,10
10/01/26, 2:58:48,1400 N Flores St,78212,Other Calls,Suspicious Person,1220,DOWNTOWN,SAPD-2026-1333200,29.439268,-98.503086,1790884728000,http://www.sanantonio.gov/sapd/Calls.aspx,Blue,a tbd link,26,10
10/01/26, 2:58:54,E Loop 1604 N / Ih 10 E,78109,Traffic Calls,High Water,4310,EAST,SAPD-2026-1333202,29.464893,-98.292112,1790884734000,http://www.sanantonio.gov/sapd/Calls.aspx,Yellow,a tbd link,26,10
10/01/26, 2:57:38,9800 Airport Blvd,78216,Other Calls,Disturbance,SAT1,AIRPORT,SAPD-2026-1333196,29.526619,-98.471844,1790884658000,http://www.sanantonio.gov/sapd/Calls.aspx,Blue,a tbd link,26,10
10/01/26, 2:59:11,300-398 TAMPICO ST,78207,Other Calls,Patrol By,2370,CENTRAL,SAPD-2026-1333203,29.413519,-98.50847,1790884751000,http://www.sanantonio.gov/sapd/Calls.aspx,Blue,a tbd link,26,10
10/01/26, 3:00:48,N Loop 1604 W / Ih 10 W,78249,Traffic Calls,High Water,7250,PRUE,SAPD-2026-1333205,29.591068,-98.601992,1790884848000,http://www.sanantonio.gov/sapd/Calls.aspx,Yellow,a tbd link,26,10
10/01/26, 3:00:29,5100 Medical Dr,78229,Crimes Against Person Calls,Assault,7160,PRUE,SAPD-2026-1333204,29.51365,-98.587122,1790884829000,http://www.sanantonio.gov/sapd/Calls.aspx,Red,a tbd link,26,10
10/01/26, 3:01:02,8600 Sw Loop 410,78242,Other Calls,Disturbance,6360,SOUTH,SAPD-2026-1333207,29.342771,-98.626586,1790884862000,http://www.sanantonio.gov/sapd/Calls.aspx,Blue,a tbd link,26,10
10/01/26, 3:01:55,4600 Howard St,78212,Other Calls,Wanted Person,1240,DOWNTOWN,SAPD-2026-1333211,29.479063,-98.495423,1790884915000,http://www.sanantonio.gov/sapd/Calls.aspx,Blue,a tbd link,26,10
10/01/26, 3:01:10,Old O'connor Rd / Lookout Rd,78233,Other Calls,High Water Rescue,3250,NORTH,SAPD-2026-1333208,29.555529,-98.379747,1790884870000,http://www.sanantonio.gov/sapd/Calls.aspx,Blue,a tbd link,26,10
10/01/26, 3:01:42,218-230 W NUEVA,78207,Other Calls,Patrol By,1120,DOWNTOWN,SAPD-2026-1333210,29.422892,-98.496732,1790884902000,http://www.sanantonio.gov/sapd/Calls.aspx,Blue,a tbd link,26,10
10/01/26, 3:02:51,S0 Ih 35 N Onrp Nb Ne Loop 410,78219,Traffic Calls,Major Accident,4310,EAST,SAPD-2026-1333214,29.454688,-98.411697,1790884971000,http://www.sanantonio.gov/sapd/Calls.aspx,Yellow,a tbd link,26,10
10/01/26, 3:02:18,1300 SAN PEDRO AVE,78212,Other Calls,Patrol By,1220,DOWNTOWN,SAPD-2026-1333212,29.446836,-98.501425,1790884938000,http://www.sanantonio.gov/sapd/Calls.aspx,Blue,a tbd link,26,10
10/01/26, 3:02:20,6500 W MILITARY DR,78227,Other Calls,Patrol By,6360,SOUTH,SAPD-2026-1333213,29.401767,-98.627231,1790884940000,http://www.sanantonio.gov/sapd/Calls.aspx,Blue,a tbd link,26,10
10/01/26, 3:04:12,S0 Ih 35 N Onrp Nb Ne Loop 410,78219,Traffic Calls,Major Accident,4310,EAST,SAPD-2026-1333216,29.454777,-98.411825,1790885052000,http://www.sanantonio.gov/sapd/Calls.aspx,Yellow,a tbd link,26,10
10/01/26, 3:03:10,2001-2199 NW LOOP 410,78213,Traffic Calls,Traffic Related,NOT SAPD BEX - 00,SAPD OUTSIDE AREA,SAPD-2026-1333215,29.516715,-98.52812,1790884990000,http://www.sanantonio.gov/sapd/Calls.aspx,Yellow,a tbd link,26,10
10/01/26, 3:06:02,Fairhaven St / Medical Dr,78229,Traffic Calls,Traffic Related,7120,PRUE,SAPD-2026-1333220,29.517732,-98.562765,1790885162000,http://www.sanantonio.gov/sapd/Calls.aspx,Yellow,a tbd link,26,10
10/01/26, 3:04:31,8400 NW MILITARY HWY,78231,Other Calls,Patrol By,7220,PRUE,SAPD-2026-1333217,29.551598,-98.532431,1790885071000,http://www.sanantonio.gov/sapd/Calls.aspx,Blue,a tbd link,26,10
10/01/26, 3:12:46,3200 Northwestern Dr,78238,Crimes Against Person Calls,Threats,5310,WEST,SAPD-2026-1333241,29.464722,-98.625278,1790885566000,http://www.sanantonio.gov/sapd/Calls.aspx,Red,a tbd link,26,10
10/01/26, 3:07:24,3100 Preston Hall Dr,78247,Traffic Calls,Abandoned Vehicle,3220,NORTH,SAPD-2026-1333224,29.576954,-98.432572,1790885244000,http://www.sanantonio.gov/sapd/Calls.aspx,Yellow,a tbd link,26,10
10/01/26, 3:06:39,3300 Oakwell Ct,78218,Traffic Calls,Minor Accident,3340,NORTH,SAPD-2026-1333223,29.504383,-98.434017,1790885199000,http://www.sanantonio.gov/sapd/Calls.aspx,Yellow,a tbd link,26,10
10/01/26, 3:09:40,Danny Kaye Dr / Oakdell Way,78240,Crimes Against Person Calls,Suspicious Vehicle,7160,PRUE,SAPD-2026-1333230,29.512334,-98.594391,1790885380000,http://www.sanantonio.gov/sapd/Calls.aspx,Red,a tbd link,26,10
10/01/26, 3:06:10,900 RIGSBY AVE,78210,Other Calls,Patrol By,4150,EAST,SAPD-2026-1333221,29.398574,-98.456624,1790885170000,http://www.sanantonio.gov/sapd/Calls.aspx,Blue,a tbd link,26,10
10/01/26, 3:12:01,2300 Elva Forest,78251,Property Crime Calls,Criminal Mischief,5320,WEST,SAPD-2026-1333239,29.459556,-98.654527,1790885521000,http://www.sanantonio.gov/sapd/Calls.aspx,Green,a tbd link,26,10
10/01/26, 3:13:52,5200 Glen Rdg,78229,Property Crime Calls,Theft,7140,PRUE,SAPD-2026-1333246,29.488731,-98.592108,1790885632000,http://www.sanantonio.gov/sapd/Calls.aspx,Green,a tbd link,26,10
10/01/26, 3:15:37,200 Maplewood Ln,78216,Property Crime Calls,Theft,3320,NORTH,SAPD-2026-1333257,29.508092,-98.494667,1790885737000,http://www.sanantonio.gov/sapd/Calls.aspx,Green,a tbd link,26,10
10/01/26, 3:08:34,11700 PARLIAMENT DR,78213,Other Calls,CRT Follow Up,3110,NORTH,SAPD-2026-1333227,29.546633,-98.513763,1790885314000,http://www.sanantonio.gov/sapd/Calls.aspx,Blue,a tbd link,26,10
10/01/26, 3:09:56,7000 Culebra Rd,78238,Other Calls,Missing Person/Runaway,5160,WEST,SAPD-2026-1333231,29.45009,-98.626662,1790885396000,http://www.sanantonio.gov/sapd/Calls.aspx,Blue,a tbd link,26,10
10/01/26, 3:10:30,10700 Huebner Rd,78240,Other Calls,Disturbance,7340,PRUE,SAPD-2026-1333234,29.544144,-98.579741,1790885430000,http://www.sanantonio.gov/sapd/Calls.aspx,Blue,a tbd link,26,10
10/01/26, 3:11:38,W0 Us Hwy 90 W Onrp Nb Ih 35 S,78204,Traffic Calls,Traffic Related,2340,CENTRAL,SAPD-2026-1333237,29.396631,-98.512011,1790885498000,http://www.sanantonio.gov/sapd/Calls.aspx,Yellow,a tbd link,26,10
10/01/26, 3:09:40,100 Alamo Plaza,78205,Other Calls,Disturbance,1110,DOWNTOWN,SAPD-2026-1333232,29.42382,-98.487656,1790885380000,http://www.sanantonio.gov/sapd/Calls.aspx,Blue,a tbd link,26,10
10/01/26, 3:11:16,Ih 35 N Sb / Eisenhauer Rd,78218,Traffic Calls,Minor Accident,4330,EAST,SAPD-2026-1333236,29.49654,-98.400725,1790885476000,http://www.sanantonio.gov/sapd/Calls.aspx,Yellow,a tbd link,26,10
10/01/26, 3:12:37,Ih 35 N Nb / Binz-engleman Rd,78219,Traffic Calls,Major Accident,4310,EAST,SAPD-2026-1333240,29.456436,-98.413022,1790885557000,http://www.sanantonio.gov/sapd/Calls.aspx,Yellow,a tbd link,26,10
10/01/26, 3:21:33,300 Labor St,78210,Other Calls,Assist the Public,1110,DOWNTOWN,SAPD-2026-1333285,29.413552,-98.483126,1790886093000,http://www.sanantonio.gov/sapd/Calls.aspx,Blue,a tbd link,26,10
10/01/26, 3:12:49,3300 Capitol Ave,78201,Traffic Calls,Traffic Violation,2220,CENTRAL,SAPD-2026-1333242,29.482481,-98.513491,1790885569000,http://www.sanantonio.gov/sapd/Calls.aspx,Yellow,a tbd link,26,10
10/01/26, 3:11:54,900 RIGSBY AVE,78210,Other Calls,Patrol By,4150,EAST,SAPD-2026-1333238,29.398574,-98.456624,1790885514000,http://www.sanantonio.gov/sapd/Calls.aspx,Blue,a tbd link,26,10
10/01/26, 3:14:02,6600 Utsa Blvd,78249,Traffic Calls,Minor Accident,7250,PRUE,SAPD-2026-1333252,29.576664,-98.619647,1790885642000,http://www.sanantonio.gov/sapd/Calls.aspx,Yellow,a tbd link,26,10
10/01/26, 3:14:27,900 Proton Rd,78258,Traffic Calls,Traffic Related,3160,NORTH,SAPD-2026-1333250,29.612086,-98.480678,1790885667000,http://www.sanantonio.gov/sapd/Calls.aspx,Yellow,a tbd link,26,10
10/01/26, 3:15:01,300 Vance Jackson,78201,Crimes Against Person Calls,Violation of Protective Order,5230,WEST,SAPD-2026-1333256,29.476205,-98.535231,1790885701000,http://www.sanantonio.gov/sapd/Calls.aspx,Red,a tbd link,26,10
10/01/26, 3:15:30,2100 E Houston St,78202,Other Calls,Disturbance,4110,EAST,SAPD-2026-1333255,29.425067,-98.461838,1790885730000,http://www.sanantonio.gov/sapd/Calls.aspx,Blue,a tbd link,26,10
10/01/26, 3:13:15,300 MOCKERT ST,78204,Other Calls,Patrol By,1140,DOWNTOWN,SAPD-2026-1333243,29.402031,-98.505871,1790885595000,http://www.sanantonio.gov/sapd/Calls.aspx,Blue,a tbd link,26,10
10/01/26, 3:13:22,3900 PECAN VALLEY DR,78210,Other Calls,Patrol By,4210,EAST,SAPD-2026-1333244,29.386139,-98.429205,1790885602000,http://www.sanantonio.gov/sapd/Calls.aspx,Blue,a tbd link,26,10
10/01/26, 3:14:39,W0 Us Hwy 90 W Onrp Nb Ih 35 S,78204,Traffic Calls,Traffic Related,2340,CENTRAL,SAPD-2026-1333251,29.39671,-98.513777,1790885679000,http://www.sanantonio.gov/sapd/Calls.aspx,Yellow,a tbd link,26,10
10/01/26, 3:13:41,5100 OLD PEARSALL RD,78242,Other Calls,Patrol By,6340,SOUTH,SAPD-2026-1333245,29.359426,-98.596183,1790885621000,http://www.sanantonio.gov/sapd/Calls.aspx,Blue,a tbd link,26,10
10/01/26, 3:15:38,300 W Ramsey Rd,78216,Other Calls,Animal Related,3120,NORTH,SAPD-2026-1333258,29.533255,-98.498123,1790885738000,http://www.sanantonio.gov/sapd/Calls.aspx,Blue,a tbd link,26,10
10/01/26, 3:20:27,600 Kate Schenck Ave,78223,Other Calls,Information,4260,EAST,SAPD-2026-1333280,29.361397,-98.416686,1790886027000,http://www.sanantonio.gov/sapd/Calls.aspx,Blue,a tbd link,26,10
10/01/26, 3:17:49,3800 S Flores St,78214,Traffic Calls,Minor Accident,6210,SOUTH,SAPD-2026-1333268,29.386389,-98.503886,1790885869000,http://www.sanantonio.gov/sapd/Calls.aspx,Yellow,a tbd link,26,10
10/01/26, 3:15:15,Hamilton Wolfe / Fredericksburg Rd,78229,Crimes Against Person Calls,Assault In Progress,7150,PRUE,SAPD-2026-1333254,29.521405,-98.57365,1790885715000,http://www.sanantonio.gov/sapd/Calls.aspx,Red,a tbd link,26,10
10/01/26, 3:15:55,13300 Stairock,78248,Other Calls,Assist the Public,7240,PRUE,SAPD-2026-1333261,29.566012,-98.522852,1790885755000,http://www.sanantonio.gov/sapd/Calls.aspx,Blue,a tbd link,26,10
10/01/26, 3:16:03,Pleasanton Rd / S Flores St,78214,Traffic Calls,Minor Accident,6210,SOUTH,SAPD-2026-1333259,29.386167,-98.503267,1790885763000,http://www.sanantonio.gov/sapd/Calls.aspx,Yellow,a tbd link,26,10
10/01/26, 3:19:53,2000 Mission Eagle,78223,Other Calls,Information,6270,SOUTH,SAPD-2026-1333279,29.334635,-98.445826,1790885993000,http://www.sanantonio.gov/sapd/Calls.aspx,Blue,a tbd link,26,10
10/01/26, 3:16:07,2000 Dollarhide Ave,78223,Other Calls,Disturbance Family,4260,EAST,SAPD-2026-1333265,29.366633,-98.437939,1790885767000,http://www.sanantonio.gov/sapd/Calls.aspx,Blue,a tbd link,26,10
10/01/26, 3:18:19,8600 Waters Edge Dr,78245,Other Calls,Disturbance Neighbor,5330,WEST,SAPD-2026-1333272,29.425281,-98.653222,1790885899000,http://www.sanantonio.gov/sapd/Calls.aspx,Blue,a tbd link,26,10
10/01/26, 3:19:16,100 Shadow Tree,78233,Other Calls,Disturbance Family,3250,NORTH,SAPD-2026-1333275,29.549668,-98.378659,1790885956000,http://www.sanantonio.gov/sapd/Calls.aspx,Blue,a tbd link,26,10
10/01/26, 3:20:56,3200 Se Military Dr,78223,Other Calls,Welfare Check,6270,SOUTH,SAPD-2026-1333283,29.353682,-98.435989,1790886056000,http://www.sanantonio.gov/sapd/Calls.aspx,Blue,a tbd link,26,10
10/01/26, 3:18:17,2800 CAMINO COAHUILTECA,78214,Other Calls,Injured/Sick Person,6260,SOUTH,SAPD-2026-1333271,29.319182,-98.448907,1790885897000,http://www.sanantonio.gov/sapd/Calls.aspx,Blue,a tbd link,26,10
10/01/26, 3:16:24,1300 BUENA VISTA ST,78207,Other Calls,Patrol By,2370,CENTRAL,SAPD-2026-1333262,29.425875,-98.512347,1790885784000,http://www.sanantonio.gov/sapd/Calls.aspx,Blue,a tbd link,26,10
10/01/26, 3:18:42,West Ave / Wurzbach Pkwy Eb,78216,Traffic Calls,Minor Accident,3120,NORTH,SAPD-2026-1333273,29.55802,-98.497106,1790885922000,http://www.sanantonio.gov/sapd/Calls.aspx,Yellow,a tbd link,26,10
10/01/26, 3:18:09,10700 NACOGDOCHES RD,78217,Other Calls,Patrol By,3360,NORTH,SAPD-2026-1333269,29.537296,-98.424546,1790885889000,http://www.sanantonio.gov/sapd/Calls.aspx,Blue,a tbd link,26,10
10/01/26, 3:20:29,W Theo Ave / Ih 35 S Sb,78225,Other Calls,Welfare Check,6110,SOUTH,SAPD-2026-1333281,29.387911,-98.512104,1790886029000,http://www.sanantonio.gov/sapd/Calls.aspx,Blue,a tbd link,26,10
10/01/26, 3:18:16,Maywood / Callaghan Rd,78230,Traffic Calls,Major Accident,7210,PRUE,SAPD-2026-1333270,29.515299,-98.548417,1790885896000,http://www.sanantonio.gov/sapd/Calls.aspx,Yellow,a tbd link,26,10
10/01/26, 3:21:29,8900 Koenig,78251,Other Calls,Welfare Check,5350,WEST,SAPD-2026-1333290,29.452676,-98.659307,1790886089000,http://www.sanantonio.gov/sapd/Calls.aspx,Blue,a tbd link,26,10
10/01/26, 3:20:26,Ih 35 S Sb / W Theo Ave,78225,Traffic Calls,Traffic Related,6110,SOUTH,SAPD-2026-1333282,29.387911,-98.512104,1790886026000,http://www.sanantonio.gov/sapd/Calls.aspx,Yellow,a tbd link,26,10
10/01/26, 3:21:00,Nw Loop 410 Wb / Ih 10 W Nb,78213,Traffic Calls,Traffic Related,7210,PRUE,SAPD-2026-1333287,29.502034,-98.548828,1790886060000,http://www.sanantonio.gov/sapd/Calls.aspx,Yellow,a tbd link,26,10
10/01/26, 3:21:15,5100 Carelin,78233,Other Calls,High Water Rescue,3230,NORTH,SAPD-2026-1333286,29.528082,-98.389207,1790886075000,http://www.sanantonio.gov/sapd/Calls.aspx,Blue,a tbd link,26,10
10/01/26, 3:21:33,5500 Blk Ih 35 S Sb,78211,Other Calls,Welfare Check,6120,SOUTH,SAPD-2026-1333284,29.371756,-98.516282,1790886093000,http://www.sanantonio.gov/sapd/Calls.aspx,Blue,a tbd link,26,10
10/01/26, 3:19:49,IH 35 S SB / FURNISH AVE,78204,Other Calls,Patrol By,2340,CENTRAL,SAPD-2026-1333277,29.406188,-98.51037,1790885989000,http://www.sanantonio.gov/sapd/Calls.aspx,Blue,a tbd link,26,10
10/01/26, 3:22:55,Ih 35 S Sb / W Theo Ave,78225,Other Calls,Welfare Check,6110,SOUTH,SAPD-2026-1333293,29.387911,-98.512104,1790886175000,http://www.sanantonio.gov/sapd/Calls.aspx,Blue,a tbd link,26,10
10/01/26, 3:23:40,800 E Highland Blvd,78210,Other Calls,Disturbance,4150,EAST,SAPD-2026-1333294,29.396061,-98.467,1790886220000,http://www.sanantonio.gov/sapd/Calls.aspx,Blue,a tbd link,26,10
10/01/26, 3:21:55,Ih 10 E Eb / Ih 37 S Nb,78210,Traffic Calls,High Water,4150,EAST,SAPD-2026-1333288,29.395042,-98.478037,1790886115000,http://www.sanantonio.gov/sapd/Calls.aspx,Yellow,a tbd link,26,10
10/01/26, 3:22:04,3500 J ST,78220,Other Calls,Patrol By,4210,EAST,SAPD-2026-1333291,29.403794,-98.429415,1790886124000,http://www.sanantonio.gov/sapd/Calls.aspx,Blue,a tbd link,26,10
10/01/26, 3:25:08,2800 S Ww White Rd,78222,Property Crime Calls,Theft,4250,EAST,SAPD-2026-1333299,29.380656,-98.404919,1790886308000,http://www.sanantonio.gov/sapd/Calls.aspx,Green,a tbd link,26,10
10/01/26, 3:25:57,Ih 35 S Sb / Us Hwy 90 W Eb,78225,Other Calls,Suspicious Person,6110,SOUTH,SAPD-2026-1333301,29.396079,-98.511281,1790886357000,http://www.sanantonio.gov/sapd/Calls.aspx,Blue,a tbd link,26,10
10/01/26, 3:25:54,9300-9598 Ne Loop 410 Nb,78219,Traffic Calls,Wrong Way Driver,4240,EAST,SAPD-2026-1333300,29.430551,-98.389137,1790886354000,http://www.sanantonio.gov/sapd/Calls.aspx,Yellow,a tbd link,26,10
10/01/26, 3:24:49,1100 Ackerman Rd,78219,Traffic Calls,Minor Accident,4240,EAST,SAPD-2026-1333296,29.437639,-98.38,1790886289000,http://www.sanantonio.gov/sapd/Calls.aspx,Yellow,a tbd link,26,10
10/01/26, 3:25:13,400 Sims Ave,78225,Traffic Calls,Minor Accident,6110,SOUTH,SAPD-2026-1333298,29.383689,-98.515775,1790886313000,http://www.sanantonio.gov/sapd/Calls.aspx,Yellow,a tbd link,26,10
10/01/26, 3:26:17,3900 Culebra Rd,78228,Other Calls,Welfare Check,5130,WEST,SAPD-2026-1333303,29.449371,-98.581114,1790886377000,http://www.sanantonio.gov/sapd/Calls.aspx,Blue,a tbd link,26,10
10/01/26, 3:27:22,8200 Gault Ln,78209,Traffic Calls,Traffic Related,3330,NORTH,SAPD-2026-1333307,29.512114,-98.469317,1790886442000,http://www.sanantonio.gov/sapd/Calls.aspx,Yellow,a tbd link,26,10
10/01/26, 3:29:48,400 W Sunset Rd,78209,Property Crime Calls,Theft,3330,NORTH,SAPD-2026-1333313,29.508766,-98.475181,1790886588000,http://www.sanantonio.gov/sapd/Calls.aspx,Green,a tbd link,26,10
10/01/26, 3:26:42,1500 Hillcrest Dr,78228,Traffic Calls,Major Accident,5220,WEST,SAPD-2026-1333305,29.470194,-98.568417,1790886402000,http://www.sanantonio.gov/sapd/Calls.aspx,Yellow,a tbd link,26,10
10/01/26, 3:28:46,1600-1699 Hillcrest Dr,78228,Traffic Calls,Major Accident,5220,WEST,SAPD-2026-1333311,29.470532,-98.568494,1790886526000,http://www.sanantonio.gov/sapd/Calls.aspx,Yellow,a tbd link,26,10
10/01/26, 3:28:30,1200 Nw 24th St,78207,Other Calls,Disturbance,2360,CENTRAL,SAPD-2026-1333309,29.44119,-98.541172,1790886510000,http://www.sanantonio.gov/sapd/Calls.aspx,Blue,a tbd link,26,10
10/01/26, 3:26:28,1200 N FRIO ST,78207,Other Calls,Patrol By,2310,CENTRAL,SAPD-2026-1333304,29.437839,-98.506122,1790886388000,http://www.sanantonio.gov/sapd/Calls.aspx,Blue,a tbd link,26,10
10/01/26, 3:27:55,2100 Pasadena St,78201,Traffic Calls,Traffic Violation,5240,WEST,SAPD-2026-1333310,29.468945,-98.528808,1790886475000,http://www.sanantonio.gov/sapd/Calls.aspx,Yellow,a tbd link,26,10
10/01/26, 3:30:46,10400 Shaenfield Rd,78254,Traffic Calls,Minor Accident,7360,PRUE,SAPD-2026-1333314,29.515414,-98.697231,1790886646000,http://www.sanantonio.gov/sapd/Calls.aspx,Yellow,a tbd link,26,10
10/01/26, 3:27:37,100 POTOSI ST,78207,Other Calls,Patrol By,2330,CENTRAL,SAPD-2026-1333308,29.413422,-98.518302,1790886457000,http://www.sanantonio.gov/sapd/Calls.aspx,Blue,a tbd link,26,10
10/01/26, 3:29:48,3000 Kiowa,78211,Other Calls,Injured/Sick Person,6330,SOUTH,SAPD-2026-1333312,29.342448,-98.556711,1790886588000,http://www.sanantonio.gov/sapd/Calls.aspx,Blue,a tbd link,26,10
10/01/26, 3:38:25,9900 Alexa Place,78251,Other Calls,Information,5350,WEST,SAPD-2026-1333339,29.48224,-98.68102,1790887105000,http://www.sanantonio.gov/sapd/Calls.aspx,Blue,a tbd link,26,10
10/01/26, 3:33:23,8700 Marbach Rd,78227,Property Crime Calls,Burglary,5340,WEST,SAPD-2026-1333319,29.417837,-98.658098,1790886803000,http://www.sanantonio.gov/sapd/Calls.aspx,Green,a tbd link,26,10
10/01/26, 3:34:55,3100 Comanche Crossing,78224,Other Calls,Patrol By,6160,SOUTH,SAPD-2026-1333327,29.313806,-98.556668,1790886895000,http://www.sanantonio.gov/sapd/Calls.aspx,Blue,a tbd link,26,10
10/01/26, 3:32:41,11200-11399 Wurzbach Rd,78230,Traffic Calls,Minor Accident,7220,PRUE,SAPD-2026-1333318,29.54395,-98.549034,1790886761000,http://www.sanantonio.gov/sapd/Calls.aspx,Yellow,a tbd link,26,10
10/01/26, 3:33:43,6100 Nw Loop 410,78238,Property Crime Calls,Burglary Vehicle,5310,WEST,SAPD-2026-1333321,29.471118,-98.615403,1790886823000,http://www.sanantonio.gov/sapd/Calls.aspx,Green,a tbd link,26,10
10/01/26, 3:34:38,2200 Cincinnati Ave,78228,Other Calls,Disturbance,5210,WEST,SAPD-2026-1333322,29.451672,-98.546954,1790886878000,http://www.sanantonio.gov/sapd/Calls.aspx,Blue,a tbd link,26,10
10/01/26, 3:35:13,2800 Ih 35 N,78208,Other Calls,Assist the Public,4130,EAST,SAPD-2026-1333324,29.438903,-98.444139,1790886913000,http://www.sanantonio.gov/sapd/Calls.aspx,Blue,a tbd link,26,10
10/01/26, 3:35:14,7300 Ih 35 N,78218,Traffic Calls,Minor Accident,4330,EAST,SAPD-2026-1333325,29.498095,-98.399705,1790886914000,http://www.sanantonio.gov/sapd/Calls.aspx,Yellow,a tbd link,26,10
10/01/26, 3:37:15,12700 Vista Del Norte,78216,Other Calls,Missing Person/Runaway,7240,PRUE,SAPD-2026-1333338,29.558799,-98.513383,1790887035000,http://www.sanantonio.gov/sapd/Calls.aspx,Blue,a tbd link,26,10
10/01/26, 3:35:12,5000 Prue Rd,78240,Property Crime Calls,Theft,7310,PRUE,SAPD-2026-1333323,29.543157,-98.583584,1790886912000,http://www.sanantonio.gov/sapd/Calls.aspx,Green,a tbd link,26,10
10/01/26, 3:39:15,300 Micklejohn Walk,78207,Traffic Calls,Accident Private Property,2320,CENTRAL,SAPD-2026-1333347,29.442577,-98.526624,1790887155000,http://www.sanantonio.gov/sapd/Calls.aspx,Yellow,a tbd link,26,10
10/01/26, 3:37:56,Nacogdoches Rd / O'connor Rd,78247,Traffic Calls,Minor Accident,3240,NORTH,SAPD-2026-1333335,29.568369,-98.384814,1790887076000,http://www.sanantonio.gov/sapd/Calls.aspx,Yellow,a tbd link,26,10
10/01/26, 3:37:47,700 Knotty Oak,78220,Property Crime Calls,Theft,4240,EAST,SAPD-2026-1333336,29.417411,-98.399674,1790887067000,http://www.sanantonio.gov/sapd/Calls.aspx,Green,a tbd link,26,10
10/01/26, 3:37:24,12000-12198 Se Loop 410,78221,Traffic Calls,Major Accident,6260,SOUTH,SAPD-2026-1333331,29.321447,-98.491533,1790887044000,http://www.sanantonio.gov/sapd/Calls.aspx,Yellow,a tbd link,26,10
10/01/26, 3:35:56,1100 CINCINNATI AVE,78201,Other Calls,Patrol By,5210,WEST,SAPD-2026-1333326,29.450165,-98.528378,1790886956000,http://www.sanantonio.gov/sapd/Calls.aspx,Blue,a tbd link,26,10
10/01/26, 3:36:40,900 H St,78220,Other Calls,Patrol By,4230,EAST,SAPD-2026-1333328,29.406675,-98.432213,1790887000000,http://www.sanantonio.gov/sapd/Calls.aspx,Blue,a tbd link,26,10
10/01/26, 3:39:13,Wurzbach Pkwy / Starcrest Dr,78247,Traffic Calls,Minor Accident,3130,NORTH,SAPD-2026-1333343,29.545921,-98.45458,1790887153000,http://www.sanantonio.gov/sapd/Calls.aspx,Yellow,a tbd link,26,10
10/01/26, 3:37:10,Ih 35 S Nb / Sw Loop 410 Wb,78211,Other Calls,SAPD Emergency Call,6140,SOUTH,SAPD-2026-1333330,29.316805,-98.608199,1790887030000,http://www.sanantonio.gov/sapd/Calls.aspx,Blue,a tbd link,26,10
10/01/26, 3:40:43,8600 Fairhaven St,78229,Crimes Against Person Calls,Assault In Progress,7120,PRUE,SAPD-2026-1333349,29.518167,-98.565014,1790887243000,http://www.sanantonio.gov/sapd/Calls.aspx,Red,a tbd link,26,10
10/01/26, 3:39:07,2300 Sw Military Dr,78224,Property Crime Calls,Shoplifting,6130,SOUTH,SAPD-2026-1333344,29.354808,-98.532751,1790887147000,http://www.sanantonio.gov/sapd/Calls.aspx,Green,a tbd link,26,10
10/01/26, 3:39:43,1300 S Ww White Rd,78220,Crimes Against Person Calls,Fight,4240,EAST,SAPD-2026-1333345,29.410052,-98.405502,1790887183000,http://www.sanantonio.gov/sapd/Calls.aspx,Red,a tbd link,26,10
10/01/26, 3:38:13,14901-15199 US HWY 281 N SB,78232,Traffic Calls,Traffic Related,3130,NORTH,SAPD-2026-1333337,29.58002,-98.477078,1790887093000,http://www.sanantonio.gov/sapd/Calls.aspx,Yellow,a tbd link,26,10
10/01/26, 3:38:48,3000 SAN LUIS ST,78207,Other Calls,Patrol By,2330,CENTRAL,SAPD-2026-1333340,29.423616,-98.533487,1790887128000,http://www.sanantonio.gov/sapd/Calls.aspx,Blue,a tbd link,26,10
10/01/26, 3:39:05,8400 NW MILITARY HWY,78231,Other Calls,Patrol By,7220,PRUE,SAPD-2026-1333341,29.551598,-98.532431,1790887145000,http://www.sanantonio.gov/sapd/Calls.aspx,Blue,a tbd link,26,10
10/01/26, 3:39:13,2300 S CALAVERAS,78207,Other Calls,Patrol By,2340,CENTRAL,SAPD-2026-1333342,29.403464,-98.528067,1790887153000,http://www.sanantonio.gov/sapd/Calls.aspx,Blue,a tbd link,26,10
10/01/26, 3:41:17,2100 West Ave,78201,Other Calls,Welfare Check,5240,WEST,SAPD-2026-1333354,29.480661,-98.526528,1790887277000,http://www.sanantonio.gov/sapd/Calls.aspx,Blue,a tbd link,26,10
10/01/26, 3:45:38,50 Briggs Ave,78224,Other Calls,Assist the Public,6330,SOUTH,SAPD-2026-1333364,29.354499,-98.548281,1790887538000,http://www.sanantonio.gov/sapd/Calls.aspx,Blue,a tbd link,26,10
10/01/26, 3:42:37,200 Gorman St,78202,Crimes Against Person Calls,Assault In Progress,4110,EAST,SAPD-2026-1333356,29.426856,-98.468624,1790887357000,http://www.sanantonio.gov/sapd/Calls.aspx,Red,a tbd link,26,10
10/01/26, 3:41:00,900 RIGSBY AVE,78210,Other Calls,Patrol By,4150,EAST,SAPD-2026-1333350,29.398574,-98.456624,1790887260000,http://www.sanantonio.gov/sapd/Calls.aspx,Blue,a tbd link,26,10
10/01/26, 3:41:07,2900 E COMMERCE ST,78202,Other Calls,Patrol By,4140,EAST,SAPD-2026-1333351,29.419696,-98.444447,1790887267000,http://www.sanantonio.gov/sapd/Calls.aspx,Blue,a tbd link,26,10
10/01/26, 3:41:44,3700 N ST MARY'S ST,78209,Other Calls,Patrol By,1230,DOWNTOWN,SAPD-2026-1333353,29.459012,-98.475369,1790887304000,http://www.sanantonio.gov/sapd/Calls.aspx,Blue,a tbd link,26,10
10/01/26, 3:47:46,3700 Harper Ct,78259,Other Calls,Disturbance,3150,NORTH,SAPD-2026-1333371,29.629386,-98.421425,1790887666000,http://www.sanantonio.gov/sapd/Calls.aspx,Blue,a tbd link,26,10
10/01/26, 3:43:21,200 Gorman St,78202,Crimes Against Person Calls,Assault In Progress,4110,EAST,SAPD-2026-1333358,29.426856,-98.468624,1790887401000,http://www.sanantonio.gov/sapd/Calls.aspx,Red,a tbd link,26,10
10/01/26, 3:42:26,5200 HILLJE ST,78223,Other Calls,Patrol By,4220,EAST,SAPD-2026-1333355,29.373464,-98.454644,1790887346000,http://www.sanantonio.gov/sapd/Calls.aspx,Blue,a tbd link,26,10
10/01/26, 3:44:56,10900 W Loop 1604 N,78254,Traffic Calls,Minor Accident,7360,PRUE,SAPD-2026-1333362,29.545063,-98.676019,1790887496000,http://www.sanantonio.gov/sapd/Calls.aspx,Yellow,a tbd link,26,10
10/01/26, 3:45:54,W Loop 1604 N / Braun Rd,78254,Traffic Calls,Traffic Related,7360,PRUE,SAPD-2026-1333363,29.536477,-98.682791,1790887554000,http://www.sanantonio.gov/sapd/Calls.aspx,Yellow,a tbd link,26,10
10/01/26, 3:46:10,Thousand Oaks Dr / Tavern Oaks,78247,Traffic Calls,Traffic Related,3220,NORTH,SAPD-2026-1333365,29.566733,-98.428638,1790887570000,http://www.sanantonio.gov/sapd/Calls.aspx,Yellow,a tbd link,26,10
10/01/26, 3:46:51,2100 Sunview Post,78224,Other Calls,Property Lost,6140,SOUTH,SAPD-2026-1333368,29.336327,-98.541592,1790887611000,http://www.sanantonio.gov/sapd/Calls.aspx,Blue,a tbd link,26,10
10/01/26, 3:46:19,11101-11499 W Loop 1604 N Sb,78254,Traffic Calls,Minor Accident,7360,PRUE,SAPD-2026-1333367,29.546163,-98.674488,1790887579000,http://www.sanantonio.gov/sapd/Calls.aspx,Yellow,a tbd link,26,10
10/01/26, 3:48:14,6700 S New Braunfels Ave,78223,Other Calls,Welfare Check,6240,SOUTH,SAPD-2026-1333374,29.361731,-98.45666,1790887694000,http://www.sanantonio.gov/sapd/Calls.aspx,Blue,a tbd link,26,10
10/01/26, 3:49:01,14128-14199 Fm 1560 N,78023,Traffic Calls,Minor Accident,7350,PRUE,SAPD-2026-1333380,29.569926,-98.652717,1790887741000,http://www.sanantonio.gov/sapd/Calls.aspx,Yellow,a tbd link,26,10
10/01/26, 3:48:35,14100 Blk Sw Loop 410 Wb,78224,Traffic Calls,Minor Accident,6140,SOUTH,SAPD-2026-1333377,29.320261,-98.526976,1790887715000,http://www.sanantonio.gov/sapd/Calls.aspx,Yellow,a tbd link,26,10
10/01/26, 3:47:30,3500 AVENUE B,78209,Other Calls,Patrol By,1230,DOWNTOWN,SAPD-2026-1333369,29.458868,-98.469432,1790887650000,http://www.sanantonio.gov/sapd/Calls.aspx,Blue,a tbd link,26,10
10/01/26, 3:48:04,6000 Culebra Rd,78238,Traffic Calls,Traffic Related,5160,WEST,SAPD-2026-1333372,29.449833,-98.605563,1790887684000,http://www.sanantonio.gov/sapd/Calls.aspx,Yellow,a tbd link,26,10
10/01/26, 3:49:10,4100 Harry Wurzbach,78209,Other Calls,Disturbance,3340,NORTH,SAPD-2026-1333381,29.510625,-98.433783,1790887750000,http://www.sanantonio.gov/sapd/Calls.aspx,Blue,a tbd link,26,10
10/01/26, 3:49:05,5300 Randolph Blvd,78239,Crimes Against Person Calls,Assault In Progress,3230,NORTH,SAPD-2026-1333379,29.527859,-98.385215,1790887745000,http://www.sanantonio.gov/sapd/Calls.aspx,Red,a tbd link,26,10
10/01/26, 3:48:25,5100 WURZBACH PKWY EB,78233,Other Calls,Patrol By,3230,NORTH,SAPD-2026-1333376,29.541379,-98.388644,1790887705000,http://www.sanantonio.gov/sapd/Calls.aspx,Blue,a tbd link,26,10
10/01/26, 3:52:11,200 Dwyer Ave,78204,Other Calls,Disturbance Family,1120,DOWNTOWN,SAPD-2026-1333387,29.420905,-98.493145,1790887931000,http://www.sanantonio.gov/sapd/Calls.aspx,Blue,a tbd link,26,10
10/01/26, 3:50:12,200 Dwyer Ave,78204,Other Calls,Disturbance Family,1120,DOWNTOWN,SAPD-2026-1333383,29.420905,-98.493145,1790887812000,http://www.sanantonio.gov/sapd/Calls.aspx,Blue,a tbd link,26,10
10/01/26, 3:57:11,8300 Fredericksburg Rd,78229,Other Calls,Missing Person/Runaway,7130,PRUE,SAPD-2026-1333421,29.517379,-98.572848,1790888231000,http://www.sanantonio.gov/sapd/Calls.aspx,Blue,a tbd link,26,10
10/01/26, 3:51:47,Ih 35 S / Stonewall Ave,78214,Traffic Calls,Traffic Related,6210,SOUTH,SAPD-2026-1333388,29.373495,-98.514894,1790887907000,http://www.sanantonio.gov/sapd/Calls.aspx,Yellow,a tbd link,26,10
10/01/26, 3:56:57,3100 W Commerce St,78207,Other Calls,Miscellaneous,2330,CENTRAL,SAPD-2026-1333419,29.42848,-98.530671,1790888217000,http://www.sanantonio.gov/sapd/Calls.aspx,Blue,a tbd link,26,10
10/01/26, 3:52:43,W0 Ne Loop 410 Ofrp Us Hwy 281 N,78216,Traffic Calls,Minor Accident,3350,NORTH,SAPD-2026-1333390,29.519058,-98.469755,1790887963000,http://www.sanantonio.gov/sapd/Calls.aspx,Yellow,a tbd link,26,10
10/01/26, 4:00:14,7300 Beaver Elm,78244,Other Calls,SAPD Emergency Call,NOT SAPD BEX,SAPD OUTSIDE AREA,SAPD-2026-1333446,29.498063,-98.343041,1790888414000,http://www.sanantonio.gov/sapd/Calls.aspx,Blue,a tbd link,26,10
10/01/26, 3:50:44,5500 Northwest Pkwy,78249,Other Calls,Miscellaneous,7340,PRUE,SAPD-2026-1333385,29.55417,-98.589561,1790887844000,http://www.sanantonio.gov/sapd/Calls.aspx,Blue,a tbd link,26,10
10/01/26, 3:50:53,9700 Airport Blvd,78216,Other Calls,Assist the Public,SAT1,AIRPORT,SAPD-2026-1333384,29.527705,-98.472816,1790887853000,http://www.sanantonio.gov/sapd/Calls.aspx,Blue,a tbd link,26,10
10/01/26, 3:52:10,1400 Mira Vista,78228,Other Calls,Assist the Public,5250,WEST,SAPD-2026-1333393,29.454167,-98.600556,1790887930000,http://www.sanantonio.gov/sapd/Calls.aspx,Blue,a tbd link,26,10
10/01/26, 3:55:20,100 Gazelle Ct,78259,Property Crime Calls,Criminal Mischief,3150,NORTH,SAPD-2026-1333407,29.651434,-98.436137,1790888120000,http://www.sanantonio.gov/sapd/Calls.aspx,Green,a tbd link,26,10
10/01/26, 3:53:45,100 Barton Ct,78225,Other Calls,Ordinance Violation,6110,SOUTH,SAPD-2026-1333398,29.383872,-98.539508,1790888025000,http://www.sanantonio.gov/sapd/Calls.aspx,Blue,a tbd link,26,10
10/01/26, 3:52:59,900 Chihuahua St,78207,Traffic Calls,Abandoned Vehicle,2330,CENTRAL,SAPD-2026-1333392,29.415288,-98.514948,1790887979000,http://www.sanantonio.gov/sapd/Calls.aspx,Yellow,a tbd link,26,10
10/01/26, 3:53:59,Wurzbach Pkwy / Starcrest Dr,78247,Traffic Calls,DWI,3130,NORTH,SAPD-2026-1333403,29.545475,-98.454413,1790888039000,http://www.sanantonio.gov/sapd/Calls.aspx,Yellow,a tbd link,26,10
10/01/26, 3:52:53,S0 Loop 410 Access Rd,78227,Traffic Calls,Major Accident,5330,WEST,SAPD-2026-1333391,29.432145,-98.648038,1790887973000,http://www.sanantonio.gov/sapd/Calls.aspx,Yellow,a tbd link,26,10
10/01/26, 3:53:11,Blanco Rd / West Ave,78216,Traffic Calls,Minor Accident,3120,NORTH,SAPD-2026-1333395,29.546387,-98.508798,1790887991000,http://www.sanantonio.gov/sapd/Calls.aspx,Yellow,a tbd link,26,10
10/01/26, 3:55:58,7200 HARDESTY,78250,Traffic Calls,Minor Accident,7370,PRUE,SAPD-2026-1333414,29.504949,-98.686288,1790888158000,http://www.sanantonio.gov/sapd/Calls.aspx,Yellow,a tbd link,26,10
10/01/26, 3:53:16,6600 Topper Run,78233,Crimes Against Person Calls,Assault In Progress,3250,NORTH,SAPD-2026-1333396,29.563761,-98.356709,1790887996000,http://www.sanantonio.gov/sapd/Calls.aspx,Red,a tbd link,26,10
10/01/26, 3:54:43,W Loop 1604 N / Culebra Rd,78253,Other Calls,Injured/Sick Person,5350,WEST,SAPD-2026-1333404,29.494266,-98.705377,1790888083000,http://www.sanantonio.gov/sapd/Calls.aspx,Blue,a tbd link,26,10
10/01/26, 3:55:30,3300 Se Military Dr,78235,Property Crime Calls,Shoplifting In Progress,6270,SOUTH,SAPD-2026-1333408,29.348258,-98.433573,1790888130000,http://www.sanantonio.gov/sapd/Calls.aspx,Green,a tbd link,26,10
10/01/26, 3:57:54,5400 De Zavala Rd,78249,Traffic Calls,Minor Accident,7340,PRUE,SAPD-2026-1333428,29.563523,-98.592906,1790888274000,http://www.sanantonio.gov/sapd/Calls.aspx,Yellow,a tbd link,26,10
10/01/26, 3:54:20,1000-1099 E Contour Dr,78212,Other Calls,High Water Rescue,1240,DOWNTOWN,SAPD-2026-1333401,29.484295,-98.4901,1790888060000,http://www.sanantonio.gov/sapd/Calls.aspx,Blue,a tbd link,26,10
10/01/26, 3:53:21,2500 E COMMERCE ST,78203,Other Calls,Patrol By,4140,EAST,SAPD-2026-1333397,29.419226,-98.453531,1790888001000,http://www.sanantonio.gov/sapd/Calls.aspx,Blue,a tbd link,26,10
10/01/26, 4:00:34,5900 Campus Park,78242,Property Crime Calls,Theft,6350,SOUTH,SAPD-2026-1333432,29.355501,-98.614229,1790888434000,http://www.sanantonio.gov/sapd/Calls.aspx,Green,a tbd link,26,10
10/01/26, 3:55:35,1100 Alexander Hamilton,78228,Crimes Against Person Calls,Threats,5220,WEST,SAPD-2026-1333411,29.468575,-98.559641,1790888135000,http://www.sanantonio.gov/sapd/Calls.aspx,Red,a tbd link,26,10
10/01/26, 3:55:23,4900 Gus Eckert Rd,78240,Other Calls,Disturbance Neighbor,7150,PRUE,SAPD-2026-1333416,29.5315,-98.580278,1790888123000,http://www.sanantonio.gov/sapd/Calls.aspx,Blue,a tbd link,26,10
10/01/26, 4:03:19,700 Se Loop 410,78220,Property Crime Calls,Theft,4240,EAST,SAPD-2026-1333447,29.417626,-98.393367,1790888599000,http://www.sanantonio.gov/sapd/Calls.aspx,Green,a tbd link,26,10
10/01/26, 3:55:43,Stahl Rd / Jung Rd,78217,Traffic Calls,Traffic Related,3240,NORTH,SAPD-2026-1333412,29.574325,-98.405235,1790888143000,http://www.sanantonio.gov/sapd/Calls.aspx,Yellow,a tbd link,26,10
10/01/26, 3:55:13,Hunt Ln / Sugarloaf Dr,78245,Traffic Calls,Traffic Related,5330,WEST,SAPD-2026-1333406,29.431695,-98.668919,1790888113000,http://www.sanantonio.gov/sapd/Calls.aspx,Yellow,a tbd link,26,10
10/01/26, 3:54:38,2000 PICKWELL DR,78223,Other Calls,Patrol By,4260,EAST,SAPD-2026-1333402,29.358307,-98.426944,1790888078000,http://www.sanantonio.gov/sapd/Calls.aspx,Blue,a tbd link,26,10
10/01/26, 3:56:06,2100 W Poplar St,78207,Other Calls,Welfare Check,2320,CENTRAL,SAPD-2026-1333415,29.440524,-98.525732,1790888166000,http://www.sanantonio.gov/sapd/Calls.aspx,Blue,a tbd link,26,10
10/01/26, 3:54:48,Starcrest Dr / Wurzbach Pkwy,78247,Traffic Calls,Minor Accident,3130,NORTH,SAPD-2026-1333405,29.545921,-98.45458,1790888088000,http://www.sanantonio.gov/sapd/Calls.aspx,Yellow,a tbd link,26,10
10/01/26, 3:55:35,1000 Locke St,78208,Other Calls,Disturbance,4130,EAST,SAPD-2026-1333409,29.437353,-98.447702,1790888135000,http://www.sanantonio.gov/sapd/Calls.aspx,Blue,a tbd link,26,10
10/01/26, 3:56:22,10201-11099 W Loop 1604 N,78254,Traffic Calls,Major Accident,7360,PRUE,SAPD-2026-1333420,29.542496,-98.678362,1790888182000,http://www.sanantonio.gov/sapd/Calls.aspx,Yellow,a tbd link,26,10
10/01/26, 3:59:09,5200 De Zavala Rd,78249,Traffic Calls,Major Accident,7230,PRUE,SAPD-2026-1333424,29.563452,-98.590031,1790888349000,http://www.sanantonio.gov/sapd/Calls.aspx,Yellow,a tbd link,26,10
10/01/26, 3:58:38,5225-5240 De Zavala Rd,78249,Traffic Calls,Major Accident,7230,PRUE,SAPD-2026-1333422,29.563754,-98.589106,1790888318000,http://www.sanantonio.gov/sapd/Calls.aspx,Yellow,a tbd link,26,10
10/01/26, 4:00:07,2000 Bandera Rd,78228,Other Calls,Disturbance,5260,WEST,SAPD-2026-1333430,29.472489,-98.579239,1790888407000,http://www.sanantonio.gov/sapd/Calls.aspx,Blue,a tbd link,26,10
10/01/26, 3:59:26,5200 De Zavala Rd,78230,Traffic Calls,Major Accident,7230,PRUE,SAPD-2026-1333425,29.563294,-98.589344,1790888366000,http://www.sanantonio.gov/sapd/Calls.aspx,Yellow,a tbd link,26,10
10/01/26, 4:00:36,5200 De Zavala Rd,78230,Traffic Calls,Major Accident,7230,PRUE,SAPD-2026-1333438,29.563294,-98.589344,1790888436000,http://www.sanantonio.gov/sapd/Calls.aspx,Yellow,a tbd link,26,10
10/01/26, 4:00:27,200 W Dickson Ave,78214,Other Calls,Suspicious Person,6230,SOUTH,SAPD-2026-1333431,29.359172,-98.49807,1790888427000,http://www.sanantonio.gov/sapd/Calls.aspx,Blue,a tbd link,26,10
10/01/26, 4:01:09,3400 San Pedro Ave,78212,Other Calls,Injured/Sick Person,1240,DOWNTOWN,SAPD-2026-1333434,29.466938,-98.499741,1790888469000,http://www.sanantonio.gov/sapd/Calls.aspx,Blue,a tbd link,26,10
10/01/26, 3:59:49,5200 Blk De Zavala Rd,78249,Traffic Calls,Major Accident,7230,PRUE,SAPD-2026-1333427,29.563872,-98.589072,1790888389000,http://www.sanantonio.gov/sapd/Calls.aspx,Yellow,a tbd link,26,10
10/01/26, 4:02:15,100 Devonshire Dr,78209,Property Crime Calls,Theft,3340,NORTH,SAPD-2026-1333440,29.492809,-98.453339,1790888535000,http://www.sanantonio.gov/sapd/Calls.aspx,Green,a tbd link,26,10
10/01/26, 4:01:28,300 S Santa Rosa,78207,Other Calls,Miscellaneous,1120,DOWNTOWN,SAPD-2026-1333437,29.422478,-98.498873,1790888488000,http://www.sanantonio.gov/sapd/Calls.aspx,Blue,a tbd link,26,10
10/01/26, 4:02:13,500 N General Mcmullen,78228,Other Calls,Disturbance,5130,WEST,SAPD-2026-1333439,29.440108,-98.553089,1790888533000,http://www.sanantonio.gov/sapd/Calls.aspx,Blue,a tbd link,26,10
10/01/26, 4:02:47,23100 Cardigan Chase,78260,Property Crime Calls,Forgery,3170,NORTH,SAPD-2026-1333448,29.656928,-98.514385,1790888567000,http://www.sanantonio.gov/sapd/Calls.aspx,Green,a tbd link,26,10
10/01/26, 4:01:01,N0 W Loop 1604 N Ofrp Bandera Rd,78254,Traffic Calls,Major Accident,7360,PRUE,SAPD-2026-1333433,29.5459,-98.675182,1790888461000,http://www.sanantonio.gov/sapd/Calls.aspx,Yellow,a tbd link,26,10
10/01/26, 4:01:28,700 Ruiz St,78207,Traffic Calls,Abandoned Vehicle,2310,CENTRAL,SAPD-2026-1333436,29.435193,-98.512921,1790888488000,http://www.sanantonio.gov/sapd/Calls.aspx,Yellow,a tbd link,26,10
10/01/26, 4:01:33,500 N General Mcmullen,78228,Traffic Calls,Traffic Violation,5130,WEST,SAPD-2026-1333441,29.440108,-98.553089,1790888493000,http://www.sanantonio.gov/sapd/Calls.aspx,Yellow,a tbd link,26,10
10/01/26, 4:07:01,W Commerce St / N San Joaquin Ave,78237,Other Calls,Miscellaneous,5130,WEST,SAPD-2026-1333456,29.431619,-98.562432,1790888821000,http://www.sanantonio.gov/sapd/Calls.aspx,Blue,a tbd link,26,10
10/01/26, 4:03:05,10600 Culebra Rd,78251,Traffic Calls,Minor Accident,5350,WEST,SAPD-2026-1333445,29.493184,-98.702476,1790888585000,http://www.sanantonio.gov/sapd/Calls.aspx,Yellow,a tbd link,26,10
10/01/26, 4:02:38,2000 N Flores St,78212,Crimes Against Person Calls,Threats,1220,DOWNTOWN,SAPD-2026-1333444,29.446786,-98.504001,1790888558000,http://www.sanantonio.gov/sapd/Calls.aspx,Red,a tbd link,26,10
10/01/26, 4:01:26,12800 IH 10 W,78249,Traffic Calls,Major Accident,7230,PRUE,SAPD-2026-1333435,29.564143,-98.58829,1790888486000,http://www.sanantonio.gov/sapd/Calls.aspx,Yellow,a tbd link,26,10
10/01/26, 4:03:52,7000 S Zarzamora St,78224,Property Crime Calls,Shoplifting In Progress,6130,SOUTH,SAPD-2026-1333450,29.35741,-98.534655,1790888632000,http://www.sanantonio.gov/sapd/Calls.aspx,Green,a tbd link,26,10
10/01/26, 4:04:38,9700 AIRPORT BLVD,78216,Other Calls,Property Found,SAT1,AIRPORT,SAPD-2026-1333451,29.527705,-98.472816,1790888678000,http://www.sanantonio.gov/sapd/Calls.aspx,Blue,a tbd link,26,10
10/01/26, 4:05:30,600 E Market St,78205-2600,Other Calls,Disturbance,1110,DOWNTOWN,SAPD-2026-1333457,29.42183,-98.483756,1790888730000,http://www.sanantonio.gov/sapd/Calls.aspx,Blue,a tbd link,26,10
10/01/26, 4:05:13,1500 NOGALITOS ST,78404,Other Calls,Patrol By,2340,CENTRAL,SAPD-2026-1333452,29.398314,-98.514175,1790888713000,http://www.sanantonio.gov/sapd/Calls.aspx,Blue,a tbd link,26,10
10/01/26, 4:05:17,4200 W COMMERCE ST,78237,Other Calls,Patrol By,2360,CENTRAL,SAPD-2026-1333453,29.429967,-98.546253,1790888717000,http://www.sanantonio.gov/sapd/Calls.aspx,Blue,a tbd link,26,10
10/01/26, 4:05:42,Sherri Ann Rd / Carelin,78233,Traffic Calls,Traffic Related,3230,NORTH,SAPD-2026-1333455,29.527522,-98.388423,1790888742000,http://www.sanantonio.gov/sapd/Calls.aspx,Yellow,a tbd link,26,10
10/01/26, 4:07:39,10000 W Loop 1604 N,78254,Traffic Calls,Major Accident,7360,PRUE,SAPD-2026-1333461,29.537059,-98.682558,1790888859000,http://www.sanantonio.gov/sapd/Calls.aspx,Yellow,a tbd link,26,10
10/01/26, 4:13:24,1200 Asherton Way,78258,Other Calls,Welfare Check,3170,NORTH,SAPD-2026-1333473,29.632863,-98.51431,1790889204000,http://www.sanantonio.gov/sapd/Calls.aspx,Blue,a tbd link,26,10
10/01/26, 4:09:45,700 W MALONE,78225,Other Calls,Disturbance,6110,SOUTH,SAPD-2026-1333464,29.387319,-98.513673,1790888985000,http://www.sanantonio.gov/sapd/Calls.aspx,Blue,a tbd link,26,10
10/01/26, 4:09:41,6200 San Pedro Ave,78216-7207,Property Crime Calls,Theft of Vehicle,3310,NORTH,SAPD-2026-1333462,29.494198,-98.499806,1790888981000,http://www.sanantonio.gov/sapd/Calls.aspx,Green,a tbd link,26,10
10/01/26, 4:15:38,11300 Expo Blvd,78230,Other Calls,Welfare Check,7220,PRUE,SAPD-2026-1333487,29.545025,-98.572648,1790889338000,http://www.sanantonio.gov/sapd/Calls.aspx,Blue,a tbd link,26,10
10/01/26, 4:09:40,200-299 E Harding Blvd,78214,Other Calls,Welfare Check,6260,SOUTH,SAPD-2026-1333463,29.351729,-98.484687,1790888980000,http://www.sanantonio.gov/sapd/Calls.aspx,Blue,a tbd link,26,10
10/01/26, 4:11:39,5000 PRUE RD,78240,Traffic Calls,Minor Accident,7310,PRUE,SAPD-2026-1333470,29.543157,-98.583584,1790889099000,http://www.sanantonio.gov/sapd/Calls.aspx,Yellow,a tbd link,26,10
10/01/26, 4:11:29,2800 W Hutchins Place,78224,Other Calls,Suspicious Person,6330,SOUTH,SAPD-2026-1333468,29.345108,-98.548911,1790889089000,http://www.sanantonio.gov/sapd/Calls.aspx,Blue,a tbd link,26,10
10/01/26, 4:09:59,11721-12199 Se Loop 410 Wb,78221,Traffic Calls,Minor Accident,6250,SOUTH,SAPD-2026-1333467,29.321984,-98.490407,1790888999000,http://www.sanantonio.gov/sapd/Calls.aspx,Yellow,a tbd link,26,10
10/01/26, 4:09:46,1300 W Cesar Chavez Blvd,78207,Other Calls,Patrol By,2370,CENTRAL,SAPD-2026-1333466,29.42287,-98.511935,1790888986000,http://www.sanantonio.gov/sapd/Calls.aspx,Blue,a tbd link,26,10
10/01/26, 4:12:13,7600 Alverstone Way,78250,Other Calls,Disturbance Family,7370,PRUE,SAPD-2026-1333479,29.514923,-98.690653,1790889133000,http://www.sanantonio.gov/sapd/Calls.aspx,Blue,a tbd link,26,10
10/01/26, 4:11:46,7000 Culebra Rd,78238,Other Calls,Miscellaneous,5160,WEST,SAPD-2026-1333471,29.45009,-98.626662,1790889106000,http://www.sanantonio.gov/sapd/Calls.aspx,Blue,a tbd link,26,10
10/01/26, 4:21:30,20900 Us Hwy 281 N,78258,Crimes Against Person Calls,Threats,3160,NORTH,SAPD-2026-1333511,29.640369,-98.456289,1790889690000,http://www.sanantonio.gov/sapd/Calls.aspx,Red,a tbd link,26,10
10/01/26, 4:12:20,7000 Culebra Rd,78238,Other Calls,Visitation Violation,5160,WEST,SAPD-2026-1333478,29.45009,-98.626662,1790889140000,http://www.sanantonio.gov/sapd/Calls.aspx,Blue,a tbd link,26,10
10/01/26, 4:14:46,Spring Branch Dr / Spring Shadow Dr,78249,Traffic Calls,Abandoned Vehicle,7340,PRUE,SAPD-2026-1333476,29.553687,-98.618733,1790889286000,http://www.sanantonio.gov/sapd/Calls.aspx,Yellow,a tbd link,26,10
10/01/26, 4:13:56,Pleasanton Rd / W Southcross Blvd,78221,Traffic Calls,Minor Accident,6210,SOUTH,SAPD-2026-1333475,29.368385,-98.504125,1790889236000,http://www.sanantonio.gov/sapd/Calls.aspx,Yellow,a tbd link,26,10
10/01/26, 4:15:27,2500 Ne Loop 410,,Other Calls,Disturbance,3370,NORTH,SAPD-2026-1333482,29.517103,-98.414505,1790889327000,http://www.sanantonio.gov/sapd/Calls.aspx,Blue,a tbd link,26,10
10/01/26, 4:18:57,2300 Sw Military Dr,78224,Other Calls,Suspicious Person,6130,SOUTH,SAPD-2026-1333497,29.356011,-98.531054,1790889537000,http://www.sanantonio.gov/sapd/Calls.aspx,Blue,a tbd link,26,10
10/01/26, 4:15:31,1500 Pleasanton Rd,78221,Traffic Calls,Accident Private Property,6230,SOUTH,SAPD-2026-1333485,29.368385,-98.504125,1790889331000,http://www.sanantonio.gov/sapd/Calls.aspx,Yellow,a tbd link,26,10
10/01/26, 4:14:48,Nw Loop 410 Wb / Ingram Rd,78238,Traffic Calls,Traffic Related,5310,WEST,SAPD-2026-1333477,29.46605,-98.619117,1790889288000,http://www.sanantonio.gov/sapd/Calls.aspx,Yellow,a tbd link,26,10
10/01/26, 4:14:00,13100 JONES MALTSBERGER RD,78247,Other Calls,Patrol By,3220,NORTH,SAPD-2026-1333474,29.562231,-98.458083,1790889240000,http://www.sanantonio.gov/sapd/Calls.aspx,Blue,a tbd link,26,10
10/01/26, 4:15:28,5800 Moores Crk,78233,Other Calls,Missing Person - Endangered,3250,NORTH,SAPD-2026-1333484,29.551462,-98.375196,1790889328000,http://www.sanantonio.gov/sapd/Calls.aspx,Blue,a tbd link,26,10
10/01/26, 4:17:20,6200 Nw Loop 410,78238,Property Crime Calls,Burglary Vehicle,5310,WEST,SAPD-2026-1333489,29.470799,-98.617261,1790889440000,http://www.sanantonio.gov/sapd/Calls.aspx,Green,a tbd link,26,10
10/01/26, 4:15:32,8400 Sageline,78251,Other Calls,Disturbance Loud Music,5320,WEST,SAPD-2026-1333483,29.468634,-98.655086,1790889332000,http://www.sanantonio.gov/sapd/Calls.aspx,Blue,a tbd link,26,10
10/01/26, 4:16:31,900 Se Military Dr,78214,Other Calls,Disturbance,6260,SOUTH,SAPD-2026-1333488,29.354428,-98.485005,1790889391000,http://www.sanantonio.gov/sapd/Calls.aspx,Blue,a tbd link,26,10
10/01/26, 4:18:50,400 S San Horacio Ave,78237,Other Calls,Disturbance Family,5110,WEST,SAPD-2026-1333495,29.427102,-98.561711,1790889530000,http://www.sanantonio.gov/sapd/Calls.aspx,Blue,a tbd link,26,10
10/01/26, 4:18:11,Wordsworth / Nacogdoches Rd,78217,Other Calls,Disturbance Family,3240,NORTH,SAPD-2026-1333493,29.560867,-98.394146,1790889491000,http://www.sanantonio.gov/sapd/Calls.aspx,Blue,a tbd link,26,10
10/01/26, 4:15:27,3200 NORTHWESTERN DR,78238,Other Calls,Patrol By,5310,WEST,SAPD-2026-1333481,29.465062,-98.625172,1790889327000,http://www.sanantonio.gov/sapd/Calls.aspx,Blue,a tbd link,26,10
10/01/26, 4:20:07,7000 N Loop 1604 W,78256,Property Crime Calls,Theft,7250,PRUE,SAPD-2026-1333502,29.588419,-98.62827,1790889607000,http://www.sanantonio.gov/sapd/Calls.aspx,Green,a tbd link,26,10
10/01/26, 4:18:08,Nogalitos St / W Baylor,78204,Other Calls,Welfare Check,2340,CENTRAL,SAPD-2026-1333492,29.398109,-98.513746,1790889488000,http://www.sanantonio.gov/sapd/Calls.aspx,Blue,a tbd link,26,10
10/01/26, 4:19:01,1400 W Lynwood,78201,Property Crime Calls,Theft of Vehicle,5240,WEST,SAPD-2026-1333500,29.463269,-98.519593,1790889541000,http://www.sanantonio.gov/sapd/Calls.aspx,Green,a tbd link,26,10
10/01/26, 4:19:34,200 Grosvenor Blvd,78221,Other Calls,Disturbance,6150,SOUTH,SAPD-2026-1333501,29.354613,-98.506341,1790889574000,http://www.sanantonio.gov/sapd/Calls.aspx,Blue,a tbd link,26,10
10/01/26, 4:18:47,700 W Mayfield Blvd,78211,Other Calls,Visitation Violation,6130,SOUTH,SAPD-2026-1333496,29.362151,-98.535356,1790889527000,http://www.sanantonio.gov/sapd/Calls.aspx,Blue,a tbd link,26,10
10/01/26, 4:19:27,S0 Loop 410 Sb,78222,Traffic Calls,Minor Accident,4260,EAST,SAPD-2026-1333505,29.354317,-98.400638,1790889567000,http://www.sanantonio.gov/sapd/Calls.aspx,Yellow,a tbd link,26,10
10/01/26, 4:21:16,I0 37 S Nb,78215,Other Calls,Welfare Check,1130,DOWNTOWN,SAPD-2026-1333509,29.435437,-98.477404,1790889676000,http://www.sanantonio.gov/sapd/Calls.aspx,Blue,a tbd link,26,10
10/01/26, 4:22:19,11422-11500 Ih 10 W,78230,Traffic Calls,Minor Accident,7340,PRUE,SAPD-2026-1333514,29.547796,-98.584985,1790889739000,http://www.sanantonio.gov/sapd/Calls.aspx,Yellow,a tbd link,26,10
10/01/26, 4:19:25,10400 Pecne Path,78023,Other Calls,Welfare Check,7360,PRUE,SAPD-2026-1333499,29.540172,-98.685986,1790889565000,http://www.sanantonio.gov/sapd/Calls.aspx,Blue,a tbd link,26,10
10/01/26, 4:17:53,500 S San Bernardo,78237,Other Calls,DOA,5110,WEST,SAPD-2026-1333490,29.425095,-98.556558,1790889473000,http://www.sanantonio.gov/sapd/Calls.aspx,Blue,a tbd link,26,10
10/01/26, 4:20:24,1900 Perlita Dr,78224,Other Calls,Disturbance Neighbor,6140,SOUTH,SAPD-2026-1333503,29.32966,-98.538898,1790889624000,http://www.sanantonio.gov/sapd/Calls.aspx,Blue,a tbd link,26,10
10/01/26, 4:20:52,100 Blk Ih 37 S Nb,78215,Traffic Calls,Traffic Related,1130,DOWNTOWN,SAPD-2026-1333508,29.427123,-98.481486,1790889652000,http://www.sanantonio.gov/sapd/Calls.aspx,Yellow,a tbd link,26,10
10/01/26, 4:23:05,14800 Vance Jackson,78249,Property Crime Calls,Theft,7230,PRUE,SAPD-2026-1333517,29.583193,-98.587292,1790889785000,http://www.sanantonio.gov/sapd/Calls.aspx,Green,a tbd link,26,10
10/01/26, 4:25:10,300 San Juan Rd,78223,Traffic Calls,Traffic Related,6270,SOUTH,SAPD-2026-1333527,29.326934,-98.426131,1790889910000,http://www.sanantonio.gov/sapd/Calls.aspx,Yellow,a tbd link,26,10
10/01/26, 4:25:02,7300 San Pedro Ave,78216,Other Calls,Disturbance,3320,NORTH,SAPD-2026-1333530,29.515935,-98.500053,1790889902000,http://www.sanantonio.gov/sapd/Calls.aspx,Blue,a tbd link,26,10
10/01/26, 4:24:43,S Zarzamora St / W Malone,78225,Other Calls,Welfare Check,6110,SOUTH,SAPD-2026-1333522,29.388016,-98.532889,1790889883000,http://www.sanantonio.gov/sapd/Calls.aspx,Blue,a tbd link,26,10
10/01/26, 4:23:45,200 E Hart Ave,78214,Other Calls,Narcotic Laws,6210,SOUTH,SAPD-2026-1333519,29.378301,-98.496371,1790889825000,http://www.sanantonio.gov/sapd/Calls.aspx,Blue,a tbd link,26,10
10/01/26, 4:22:34,11721-12199 Se Loop 410 Wb,78221,Traffic Calls,Minor Accident,6250,SOUTH,SAPD-2026-1333515,29.32196,-98.491072,1790889754000,http://www.sanantonio.gov/sapd/Calls.aspx,Yellow,a tbd link,26,10
10/01/26, 4:25:14,4000 Ih 10 E,78219,Traffic Calls,Accident Private Property,4160,EAST,SAPD-2026-1333529,29.428488,-98.417118,1790889914000,http://www.sanantonio.gov/sapd/Calls.aspx,Yellow,a tbd link,26,10
10/01/26, 4:24:59,5500 University Hts,78249,Other Calls,Disturbance,7340,PRUE,SAPD-2026-1333528,29.568061,-98.59612,1790889899000,http://www.sanantonio.gov/sapd/Calls.aspx,Blue,a tbd link,26,10
10/01/26, 4:22:36,300 ROOSEVELT AVE,78210,Other Calls,Patrol By,1140,DOWNTOWN,SAPD-2026-1333516,29.400997,-98.488233,1790889756000,http://www.sanantonio.gov/sapd/Calls.aspx,Blue,a tbd link,26,10
10/01/26, 4:27:38,900 Waverly Ave,78201,Other Calls,Welfare Check,5210,WEST,SAPD-2026-1333540,29.447377,-98.524954,1790890058000,http://www.sanantonio.gov/sapd/Calls.aspx,Blue,a tbd link,26,10
10/01/26, 4:24:38,300 Topeka Blvd,78210,Traffic Calls,Traffic Violation,6220,SOUTH,SAPD-2026-1333520,29.387026,-98.474656,1790889878000,http://www.sanantonio.gov/sapd/Calls.aspx,Yellow,a tbd link,26,10
10/01/26, 4:25:56,Nw Loop 410 Eb / Babcock Rd,78229,Traffic Calls,Minor Accident,5260,WEST,SAPD-2026-1333533,29.48927,-98.567486,1790889956000,http://www.sanantonio.gov/sapd/Calls.aspx,Yellow,a tbd link,26,10
10/01/26, 4:29:46,5500 University Hts,78249,Other Calls,Disturbance,7340,PRUE,SAPD-2026-1333548,29.568061,-98.59612,1790890186000,http://www.sanantonio.gov/sapd/Calls.aspx,Blue,a tbd link,26,10
10/01/26, 4:30:48,11100 Bel Air Dr,78213,Other Calls,Miscellaneous,3110,NORTH,SAPD-2026-1333553,29.541041,-98.525601,1790890248000,http://www.sanantonio.gov/sapd/Calls.aspx,Blue,a tbd link,26,10
10/01/26, 4:24:47,4400 W Commerce St,78237,Other Calls,Disturbance,5110,WEST,SAPD-2026-1333523,29.430191,-98.549292,1790889887000,http://www.sanantonio.gov/sapd/Calls.aspx,Blue,a tbd link,26,10
10/01/26, 4:25:05,8500 Perrin Beitel,78217,Crimes Against Person Calls,Suspicious Person with Gun,3370,NORTH,SAPD-2026-1333526,29.517386,-98.410572,1790889905000,http://www.sanantonio.gov/sapd/Calls.aspx,Red,a tbd link,26,10
10/01/26, 4:26:08,4400 W Commerce St,78237,Other Calls,Disturbance,5110,WEST,SAPD-2026-1333536,29.430191,-98.549292,1790889968000,http://www.sanantonio.gov/sapd/Calls.aspx,Blue,a tbd link,26,10
10/01/26, 4:27:47,8927-9299 Poteet Jourdanton Fwy Sb,78224,Traffic Calls,Traffic Related,6140,SOUTH,SAPD-2026-1333539,29.334022,-98.550904,1790890067000,http://www.sanantonio.gov/sapd/Calls.aspx,Yellow,a tbd link,26,10
10/01/26, 4:25:42,100 De Chantle,78201,Other Calls,Disturbance,5230,WEST,SAPD-2026-1333535,29.478355,-98.543313,1790889942000,http://www.sanantonio.gov/sapd/Calls.aspx,Blue,a tbd link,26,10
10/01/26, 4:27:00,5782-5798 W Loop 1604 N,78251,Traffic Calls,Minor Accident,5350,WEST,SAPD-2026-1333537,29.493561,-98.704283,1790890020000,http://www.sanantonio.gov/sapd/Calls.aspx,Yellow,a tbd link,26,10
10/01/26, 4:24:44,200 ALEXANDER RD,78201,Other Calls,Patrol By,5210,WEST,SAPD-2026-1333521,29.450801,-98.527742,1790889884000,http://www.sanantonio.gov/sapd/Calls.aspx,Blue,a tbd link,26,10
10/01/26, 4:28:56,W Loop 1604 N / Tausch Dr,78254,Traffic Calls,Traffic Related,7360,PRUE,SAPD-2026-1333544,29.52193,-98.691644,1790890136000,http://www.sanantonio.gov/sapd/Calls.aspx,Yellow,a tbd link,26,10
10/01/26, 4:28:18,Silent Sunrise / Tezel Rd,78250,Traffic Calls,Minor Accident,7330,PRUE,SAPD-2026-1333541,29.501989,-98.662284,1790890098000,http://www.sanantonio.gov/sapd/Calls.aspx,Yellow,a tbd link,26,10
10/01/26, 4:29:35,W Loop 1604 N / Culebra Rd,78253,Traffic Calls,Minor Accident,5350,WEST,SAPD-2026-1333547,29.494266,-98.705377,1790890175000,http://www.sanantonio.gov/sapd/Calls.aspx,Yellow,a tbd link,26,10
10/01/26, 4:30:16,200 Tampico St,78207,Other Calls,High Water Rescue,2370,CENTRAL,SAPD-2026-1333551,29.412275,-98.5081,1790890216000,http://www.sanantonio.gov/sapd/Calls.aspx,Blue,a tbd link,26,10
10/01/26, 4:29:29,5500 Ih 10 E,78219-4505,Crimes Against Person Calls,Assault In Progress,4240,EAST,SAPD-2026-1333545,29.43715,-98.381055,1790890169000,http://www.sanantonio.gov/sapd/Calls.aspx,Red,a tbd link,26,10
10/01/26, 4:28:49,1600 S Laredo St,78207,Traffic Calls,Minor Accident,2340,CENTRAL,SAPD-2026-1333543,29.411434,-98.510018,1790890129000,http://www.sanantonio.gov/sapd/Calls.aspx,Yellow,a tbd link,26,10
10/01/26, 4:27:38,1400 MIRA VISTA,78228,Other Calls,Patrol By,5250,WEST,SAPD-2026-1333538,29.454167,-98.600556,1790890058000,http://www.sanantonio.gov/sapd/Calls.aspx,Blue,a tbd link,26,10
10/01/26, 4:28:43,7500 South Sea,78216,Other Calls,Suspicious Person,3310,NORTH,SAPD-2026-1333542,29.503164,-98.50626,1790890123000,http://www.sanantonio.gov/sapd/Calls.aspx,Blue,a tbd link,26,10
10/01/26, 4:32:04,9500 Rhoda Ave,78224,Other Calls,Welfare Check,6140,SOUTH,SAPD-2026-1333561,29.324554,-98.537679,1790890324000,http://www.sanantonio.gov/sapd/Calls.aspx,Blue,a tbd link,26,10
10/01/26, 4:32:11,8000 Vega Horizon,78252,Other Calls,Disturbance Child Protect Serv,6360,SOUTH,SAPD-2026-1333563,29.350558,-98.638608,1790890331000,http://www.sanantonio.gov/sapd/Calls.aspx,Blue,a tbd link,26,10
10/01/26, 4:31:25,500 Soledad St,78205,Traffic Calls,Minor Accident,1130,DOWNTOWN,SAPD-2026-1333557,29.43069,-98.493307,1790890285000,http://www.sanantonio.gov/sapd/Calls.aspx,Yellow,a tbd link,26,10
10/01/26, 4:31:36,2000 N Flores St,78212,Other Calls,Welfare Check,1220,DOWNTOWN,SAPD-2026-1333558,29.446786,-98.504001,1790890296000,http://www.sanantonio.gov/sapd/Calls.aspx,Blue,a tbd link,26,10
10/01/26, 4:32:40,E Hildebrand Ave / Us Hwy 281 N Sb,78212,Traffic Calls,Traffic Related,1230,DOWNTOWN,SAPD-2026-1333562,29.46553,-98.4739,1790890360000,http://www.sanantonio.gov/sapd/Calls.aspx,Yellow,a tbd link,26,10
10/01/26, 4:33:43,5600 W Loop 1604 N,78253,Traffic Calls,Minor Accident,5350,WEST,SAPD-2026-1333568,29.493512,-98.706222,1790890423000,http://www.sanantonio.gov/sapd/Calls.aspx,Yellow,a tbd link,26,10
10/01/26, 4:31:12,GRANT AVE / W MAGNOLIA AVE,78201,Other Calls,Suspicious Person,2210,CENTRAL,SAPD-2026-1333555,29.454811,-98.50994,1790890272000,http://www.sanantonio.gov/sapd/Calls.aspx,Blue,a tbd link,26,10
10/01/26, 4:29:37,3200 NORTHWESTERN DR,78238,Other Calls,Patrol By,5310,WEST,SAPD-2026-1333546,29.465062,-98.625172,1790890177000,http://www.sanantonio.gov/sapd/Calls.aspx,Blue,a tbd link,26,10
10/01/26, 4:32:02,6700 S New Braunfels Ave,78223,Other Calls,Welfare Check,6240,SOUTH,SAPD-2026-1333560,29.361731,-98.45666,1790890322000,http://www.sanantonio.gov/sapd/Calls.aspx,Blue,a tbd link,26,10
10/01/26, 4:31:36,1601-1699 HILLCREST DR,78228,Traffic Calls,Traffic Related,5220,WEST,SAPD-2026-1333559,29.47245,-98.567645,1790890296000,http://www.sanantonio.gov/sapd/Calls.aspx,Yellow,a tbd link,26,10
10/01/26, 4:34:06,10100 State Hwy 16 S,78224,Property Crime Calls,Theft of Vehicle In Progress,6160,SOUTH,SAPD-2026-1333570,29.317556,-98.554244,1790890446000,http://www.sanantonio.gov/sapd/Calls.aspx,Green,a tbd link,26,10
10/01/26, 4:35:14,14300 Briarlake,78247,Property Crime Calls,Theft,3240,NORTH,SAPD-2026-1333576,29.572276,-98.414686,1790890514000,http://www.sanantonio.gov/sapd/Calls.aspx,Green,a tbd link,26,10
10/01/26, 4:34:52,Us Hwy 281 N Sb / E Hildebrand Ave,78212,Traffic Calls,Traffic Related,1230,DOWNTOWN,SAPD-2026-1333571,29.46553,-98.4739,1790890492000,http://www.sanantonio.gov/sapd/Calls.aspx,Yellow,a tbd link,26,10
10/01/26, 4:34:47,3901-4499 Us Hwy 281 N Sb,78212,Traffic Calls,Minor Accident,1230,DOWNTOWN,SAPD-2026-1333573,29.466458,-98.473904,1790890487000,http://www.sanantonio.gov/sapd/Calls.aspx,Yellow,a tbd link,26,10
10/01/26, 4:34:06,3600 E Houston St,78219,Other Calls,Miscellaneous,4160,EAST,SAPD-2026-1333569,29.42532,-98.426945,1790890446000,http://www.sanantonio.gov/sapd/Calls.aspx,Blue,a tbd link,26,10
10/01/26, 4:33:16,200 ALEXANDER RD,78201,Other Calls,Patrol By,5210,WEST,SAPD-2026-1333566,29.450773,-98.527757,1790890396000,http://www.sanantonio.gov/sapd/Calls.aspx,Blue,a tbd link,26,10
10/01/26, 4:35:30,Potranco Rd / State Hwy 151,78251,Traffic Calls,Minor Accident,5350,WEST,SAPD-2026-1333574,29.443371,-98.663012,1790890530000,http://www.sanantonio.gov/sapd/Calls.aspx,Yellow,a tbd link,26,10
10/01/26, 4:37:28,2000 S Zarzamora St,78207,Property Crime Calls,Theft,2340,CENTRAL,SAPD-2026-1333583,29.404439,-98.527889,1790890648000,http://www.sanantonio.gov/sapd/Calls.aspx,Green,a tbd link,26,10
10/01/26, 4:36:04,I0 35 N Access Rd,78218,Traffic Calls,Minor Accident,4350,EAST,SAPD-2026-1333578,29.484064,-98.404376,1790890564000,http://www.sanantonio.gov/sapd/Calls.aspx,Yellow,a tbd link,26,10
10/01/26, 4:36:03,8700 State Hwy 151,78245,Traffic Calls,Minor Accident,5160,WEST,SAPD-2026-1333581,29.443078,-98.662168,1790890563000,http://www.sanantonio.gov/sapd/Calls.aspx,Yellow,a tbd link,26,10
10/01/26, 4:38:43,9300 Vista West Dr,78245,Other Calls,Welfare Check,5330,WEST,SAPD-2026-1333585,29.438483,-98.666581,1790890723000,http://www.sanantonio.gov/sapd/Calls.aspx,Blue,a tbd link,26,10
10/01/26, 4:35:12,8800 Starcrest Dr,78217,Other Calls,Disturbance,3370,NORTH,SAPD-2026-1333582,29.520588,-98.421814,1790890512000,http://www.sanantonio.gov/sapd/Calls.aspx,Blue,a tbd link,26,10
10/01/26, 4:39:13,7700 Floyd Curl,78229,Other Calls,Welfare Check,7130,PRUE,SAPD-2026-1333586,29.506944,-98.57125,1790890753000,http://www.sanantonio.gov/sapd/Calls.aspx,Blue,a tbd link,26,10
10/01/26, 4:40:44,10400 Pine Glade,78245,Traffic Calls,Minor Accident,5360,WEST,SAPD-2026-1333592,29.433065,-98.691265,1790890844000,http://www.sanantonio.gov/sapd/Calls.aspx,Yellow,a tbd link,26,10
10/01/26, 4:40:04,8700 Broadway,78217,Traffic Calls,Minor Accident,3360,NORTH,SAPD-2026-1333591,29.519964,-98.461394,1790890804000,http://www.sanantonio.gov/sapd/Calls.aspx,Yellow,a tbd link,26,10
10/01/26, 4:36:25,5600 LAKEFRONT,78222,Other Calls,Patrol By,4250,EAST,SAPD-2026-1333580,29.395625,-98.381078,1790890585000,http://www.sanantonio.gov/sapd/Calls.aspx,Blue,a tbd link,26,10
10/01/26, 4:39:23,10600 Huebner Rd,78240,Other Calls,Disturbance,7310,PRUE,SAPD-2026-1333587,29.542681,-98.581764,1790890763000,http://www.sanantonio.gov/sapd/Calls.aspx,Blue,a tbd link,26,10
10/01/26, 4:47:06,100 E Rampart,78216,Other Calls,Welfare Check,3320,NORTH,SAPD-2026-1333614,29.514509,-98.493472,1790891226000,http://www.sanantonio.gov/sapd/Calls.aspx,Blue,a tbd link,26,10
10/01/26, 4:40:49,300 Ceralvo St,78207,Other Calls,Welfare Check,2340,CENTRAL,SAPD-2026-1333599,29.406132,-98.521857,1790890849000,http://www.sanantonio.gov/sapd/Calls.aspx,Blue,a tbd link,26,10
10/01/26, 4:40:18,9500 Perrin Beitel,78217,Other Calls,Welfare Check,3370,NORTH,SAPD-2026-1333589,29.526304,-98.411038,1790890818000,http://www.sanantonio.gov/sapd/Calls.aspx,Blue,a tbd link,26,10
10/01/26, 4:44:07,5800 Babcock Rd,78240,Property Crime Calls,Theft,7310,PRUE,SAPD-2026-1333604,29.524599,-98.600294,1790891047000,http://www.sanantonio.gov/sapd/Calls.aspx,Green,a tbd link,26,10
10/01/26, 4:41:31,Nw Loop 410 Eb / Jackson-keller Rd,78213,Traffic Calls,Traffic Related,2230,CENTRAL,SAPD-2026-1333594,29.516308,-98.527935,1790890891000,http://www.sanantonio.gov/sapd/Calls.aspx,Yellow,a tbd link,26,10
10/01/26, 4:43:06,700 Nw Loop 410,78216,Other Calls,Property Lost,3320,NORTH,SAPD-2026-1333601,29.5175,-98.505,1790890986000,http://www.sanantonio.gov/sapd/Calls.aspx,Blue,a tbd link,26,10
10/01/26, 4:42:05,N San Jacinto St / W Houston St,78207,Other Calls,Injured/Sick Person,2320,CENTRAL,SAPD-2026-1333596,29.427973,-98.515449,1790890925000,http://www.sanantonio.gov/sapd/Calls.aspx,Blue,a tbd link,26,10
10/01/26, 4:43:08,San Pedro Ave / W Rector Dr,78216,Traffic Calls,Traffic Related,3320,NORTH,SAPD-2026-1333600,29.516913,-98.499256,1790890988000,http://www.sanantonio.gov/sapd/Calls.aspx,Yellow,a tbd link,26,10
10/01/26, 4:44:05,700 W Mayfield Blvd,78211,Other Calls,Miscellaneous,6130,SOUTH,SAPD-2026-1333603,29.362151,-98.535356,1790891045000,http://www.sanantonio.gov/sapd/Calls.aspx,Blue,a tbd link,26,10
10/01/26, 4:41:41,3100 HIAWATHA,78210,Other Calls,Patrol By,4210,EAST,SAPD-2026-1333595,29.384037,-98.437081,1790890901000,http://www.sanantonio.gov/sapd/Calls.aspx,Blue,a tbd link,26,10
10/01/26, 4:42:28,1700 SE MILITARY DR,78214,Other Calls,Patrol By,6260,SOUTH,SAPD-2026-1333597,29.35156,-98.468787,1790890948000,http://www.sanantonio.gov/sapd/Calls.aspx,Blue,a tbd link,26,10
10/01/26, 4:42:47,100 ALEXANDER RD,78201,Other Calls,Patrol By,5210,WEST,SAPD-2026-1333598,29.448986,-98.528286,1790890967000,http://www.sanantonio.gov/sapd/Calls.aspx,Blue,a tbd link,26,10
10/01/26, 4:45:49,2800 N Loop 1604 E,78232,Traffic Calls,Minor Accident,3140,NORTH,SAPD-2026-1333609,29.602261,-98.444254,1790891149000,http://www.sanantonio.gov/sapd/Calls.aspx,Yellow,a tbd link,26,10
10/01/26, 4:44:52,7800 S New Braunfels Ave,78235,Other Calls,Disturbance,6270,SOUTH,SAPD-2026-1333605,29.347797,-98.447962,1790891092000,http://www.sanantonio.gov/sapd/Calls.aspx,Blue,a tbd link,26,10
10/01/26, 4:44:44,4700 Wurzbach Rd,78238,Other Calls,Disturbance,5310,WEST,SAPD-2026-1333606,29.47712,-98.614289,1790891084000,http://www.sanantonio.gov/sapd/Calls.aspx,Blue,a tbd link,26,10
10/01/26, 4:44:47,100 Pleasanton Rd,78214,Property Crime Calls,Burglary in Progress,6210,SOUTH,SAPD-2026-1333611,29.385267,-98.50373,1790891087000,http://www.sanantonio.gov/sapd/Calls.aspx,Green,a tbd link,26,10
10/01/26, 4:48:53,7700 Floyd Curl,78229,Other Calls,Welfare Check,7130,PRUE,SAPD-2026-1333619,29.506944,-98.57125,1790891333000,http://www.sanantonio.gov/sapd/Calls.aspx,Blue,a tbd link,26,10
10/01/26, 4:46:02,W Poplar St / N Zarzamora St,78207,Other Calls,Welfare Check,2320,CENTRAL,SAPD-2026-1333610,29.440723,-98.525431,1790891162000,http://www.sanantonio.gov/sapd/Calls.aspx,Blue,a tbd link,26,10
10/01/26, 4:45:21,1700 DIANE RD,78220,Other Calls,Patrol By,4240,EAST,SAPD-2026-1333607,29.405631,-98.398086,1790891121000,http://www.sanantonio.gov/sapd/Calls.aspx,Blue,a tbd link,26,10
10/01/26, 4:47:14,7100 Nw Loop 410,78238,Traffic Calls,Minor Accident,5310,WEST,SAPD-2026-1333615,29.455833,-98.628889,1790891234000,http://www.sanantonio.gov/sapd/Calls.aspx,Yellow,a tbd link,26,10
10/01/26, 4:50:45,5800 Worth Pkwy,78257,Property Crime Calls,Burglary,7260,PRUE,SAPD-2026-1333627,29.612717,-98.598606,1790891445000,http://www.sanantonio.gov/sapd/Calls.aspx,Green,a tbd link,26,10
10/01/26, 4:48:52,100 Dallas St,78205,Crimes Against Person Calls,Assault,1130,DOWNTOWN,SAPD-2026-1333617,29.433825,-98.492242,1790891332000,http://www.sanantonio.gov/sapd/Calls.aspx,Red,a tbd link,26,10
10/01/26, 4:47:17,11700 STARCREST DR,78247,Other Calls,Patrol By,3220,NORTH,SAPD-2026-1333613,29.547459,-98.445523,1790891237000,http://www.sanantonio.gov/sapd/Calls.aspx,Blue,a tbd link,26,10
10/01/26, 4:54:02,12200 Ridge Crown,78247,Other Calls,Miscellaneous,3220,NORTH,SAPD-2026-1333640,29.555292,-98.429883,1790891642000,http://www.sanantonio.gov/sapd/Calls.aspx,Blue,a tbd link,26,10
10/01/26, 4:49:42,Nacogdoches Rd / Wurzbach Pkwy Wb,78217,Traffic Calls,Major Accident,3210,NORTH,SAPD-2026-1333622,29.540756,-98.421218,1790891382000,http://www.sanantonio.gov/sapd/Calls.aspx,Yellow,a tbd link,26,10
10/01/26, 4:49:09,Wurzbach Pkwy Wb / Nacogdoches Rd,78217,Traffic Calls,Major Accident,3210,NORTH,SAPD-2026-1333618,29.540756,-98.421218,1790891349000,http://www.sanantonio.gov/sapd/Calls.aspx,Yellow,a tbd link,26,10
10/01/26, 4:48:54,1500 W Hildebrand Ave,78201,Other Calls,Disturbance,5240,WEST,SAPD-2026-1333621,29.466456,-98.519109,1790891334000,http://www.sanantonio.gov/sapd/Calls.aspx,Blue,a tbd link,26,10
10/01/26, 4:49:54,Wurzbach Pkwy Wb / Perrin Beitel,78217,Traffic Calls,Major Accident,3230,NORTH,SAPD-2026-1333624,29.535763,-98.411029,1790891394000,http://www.sanantonio.gov/sapd/Calls.aspx,Yellow,a tbd link,26,10
10/01/26, 4:50:08,Loop 1604 E Eb,78232,Traffic Calls,Major Accident,3160,NORTH,SAPD-2026-1333625,29.608738,-98.492423,1790891408000,http://www.sanantonio.gov/sapd/Calls.aspx,Yellow,a tbd link,26,10
10/01/26, 4:51:36,400 W Loop 1604 S,78245,Other Calls,Disturbance,5360,WEST,SAPD-2026-1333634,29.428774,-98.712928,1790891496000,http://www.sanantonio.gov/sapd/Calls.aspx,Blue,a tbd link,26,10
10/01/26, 4:51:59,17101-17399 Wurzbach Pkwy Wb,78217,Traffic Calls,Minor Accident,3210,NORTH,SAPD-2026-1333629,29.544913,-98.429106,1790891519000,http://www.sanantonio.gov/sapd/Calls.aspx,Yellow,a tbd link,26,10
10/01/26, 4:49:52,1000 VOELCKER,78231,Other Calls,Patrol By,7240,PRUE,SAPD-2026-1333623,29.563409,-98.527922,1790891392000,http://www.sanantonio.gov/sapd/Calls.aspx,Blue,a tbd link,26,10
10/01/26, 4:52:20,3700 Blanco Rd,78212,Other Calls,Disturbance,2220,CENTRAL,SAPD-2026-1333631,29.480638,-98.507849,1790891540000,http://www.sanantonio.gov/sapd/Calls.aspx,Blue,a tbd link,26,10
10/01/26, 4:52:10,9600 Arcadia Crk,78251,Traffic Calls,Abandoned Vehicle,5350,WEST,SAPD-2026-1333630,29.482034,-98.670404,1790891530000,http://www.sanantonio.gov/sapd/Calls.aspx,Yellow,a tbd link,26,10
10/01/26, 4:54:23,10300 State Hwy 16 S,78224,Crimes Against Person Calls,Assault In Progress,6160,SOUTH,SAPD-2026-1333641,29.31594,-98.554102,1790891663000,http://www.sanantonio.gov/sapd/Calls.aspx,Red,a tbd link,26,10
10/01/26, 4:51:44,8900 Callaghan Rd,78230,Traffic Calls,Traffic Related,7210,PRUE,SAPD-2026-1333628,29.522238,-98.541475,1790891504000,http://www.sanantonio.gov/sapd/Calls.aspx,Yellow,a tbd link,26,10
10/01/26, 4:53:53,4000 E Houston St,78220-1599,Other Calls,Disturbance,4230,EAST,SAPD-2026-1333638,29.425358,-98.419271,1790891633000,http://www.sanantonio.gov/sapd/Calls.aspx,Blue,a tbd link,26,10
10/01/26, 4:54:49,Us Hwy 281 N Sb / Winding Way,78232,Traffic Calls,Traffic Related,3130,NORTH,SAPD-2026-1333642,29.576419,-98.478328,1790891689000,http://www.sanantonio.gov/sapd/Calls.aspx,Yellow,a tbd link,26,10
10/01/26, 4:54:03,300 Lanark Dr,78218,Traffic Calls,Abandoned Vehicle,4360,EAST,SAPD-2026-1333639,29.503298,-98.411471,1790891643000,http://www.sanantonio.gov/sapd/Calls.aspx,Yellow,a tbd link,26,10
10/01/26, 4:55:02,Wurzbach Pkwy Wb / Thousand Oaks Dr,78233,Traffic Calls,Minor Accident,3230,NORTH,SAPD-2026-1333643,29.53605,-98.394127,1790891702000,http://www.sanantonio.gov/sapd/Calls.aspx,Yellow,a tbd link,26,10
10/01/26, 4:53:26,Nacogdoches Rd / Wurzbach Pkwy Wb,78217,Traffic Calls,Minor Accident,3210,NORTH,SAPD-2026-1333636,29.540756,-98.421218,1790891606000,http://www.sanantonio.gov/sapd/Calls.aspx,Yellow,a tbd link,26,10
10/01/26, 4:53:25,2100 Culebra Rd,78228,Other Calls,Disturbance,5210,WEST,SAPD-2026-1333635,29.446626,-98.54044,1790891605000,http://www.sanantonio.gov/sapd/Calls.aspx,Blue,a tbd link,26,10
10/01/26, 4:53:37,E Houston St / N New Braunfels Ave,78202,Other Calls,Disturbance,4110,EAST,SAPD-2026-1333637,29.425064,-98.461051,1790891617000,http://www.sanantonio.gov/sapd/Calls.aspx,Blue,a tbd link,26,10
10/01/26, 4:52:26,300 AURORA AVE,78228,Other Calls,Patrol By,5130,WEST,SAPD-2026-1333632,29.442702,-98.571936,1790891546000,http://www.sanantonio.gov/sapd/Calls.aspx,Blue,a tbd link,26,10
10/01/26, 4:52:29,600 S FLORES ST,78204,Other Calls,Patrol By,1140,DOWNTOWN,SAPD-2026-1333633,29.418444,-98.49656,1790891549000,http://www.sanantonio.gov/sapd/Calls.aspx,Blue,a tbd link,26,10
10/01/26, 4:55:32,200 W HERMOSA DR,78212,Other Calls,Disturbance,1240,DOWNTOWN,SAPD-2026-1333648,29.478535,-98.499213,1790891732000,http://www.sanantonio.gov/sapd/Calls.aspx,Blue,a tbd link,26,10
10/01/26, 4:54:51,200 W Hermosa Dr,78212,Other Calls,Disturbance Neighbor,1240,DOWNTOWN,SAPD-2026-1333644,29.478535,-98.499213,1790891691000,http://www.sanantonio.gov/sapd/Calls.aspx,Blue,a tbd link,26,10
10/01/26, 4:55:14,100 Main Plaza,78205,Traffic Calls,Traffic Violation,1120,DOWNTOWN,SAPD-2026-1333645,29.424053,-98.493189,1790891714000,http://www.sanantonio.gov/sapd/Calls.aspx,Yellow,a tbd link,26,10
10/01/26, 4:56:01,5900 Fairwood,78242,Other Calls,Disturbance,6350,SOUTH,SAPD-2026-1333649,29.354679,-98.614134,1790891761000,http://www.sanantonio.gov/sapd/Calls.aspx,Blue,a tbd link,26,10
10/01/26, 5:03:32,4900 Orchid Star,78218,Other Calls,Miscellaneous,4320,EAST,SAPD-2026-1333678,29.493048,-98.365119,1790892212000,http://www.sanantonio.gov/sapd/Calls.aspx,Blue,a tbd link,26,10
10/01/26, 4:56:43,100 Halliday Ave,78210,Other Calls,Welfare Check,6220,SOUTH,SAPD-2026-1333651,29.385066,-98.478213,1790891803000,http://www.sanantonio.gov/sapd/Calls.aspx,Blue,a tbd link,26,10
10/01/26, 4:55:29,300 S San Augustine,78237,Other Calls,Animal Related,5110,WEST,SAPD-2026-1333647,29.427695,-98.555327,1790891729000,http://www.sanantonio.gov/sapd/Calls.aspx,Blue,a tbd link,26,10
10/01/26, 5:04:24,7000 Culebra Rd,78238,Traffic Calls,Minor Accident,5160,WEST,SAPD-2026-1333689,29.45009,-98.626662,1790892264000,http://www.sanantonio.gov/sapd/Calls.aspx,Yellow,a tbd link,26,10
10/01/26, 4:59:17,8100 W Hausman Rd,78249,Property Crime Calls,Criminal Mischief,7350,PRUE,SAPD-2026-1333663,29.568819,-98.645397,1790891957000,http://www.sanantonio.gov/sapd/Calls.aspx,Green,a tbd link,26,10
10/01/26, 5:00:39,6200 Viva Max Dr,78238,Other Calls,Welfare Check,5270,WEST,SAPD-2026-1333667,29.457804,-98.608396,1790892039000,http://www.sanantonio.gov/sapd/Calls.aspx,Blue,a tbd link,26,10
10/01/26, 4:59:07,12700 Ih 10 W,78230,Traffic Calls,Minor Accident,7340,PRUE,SAPD-2026-1333658,29.562331,-98.591363,1790891947000,http://www.sanantonio.gov/sapd/Calls.aspx,Yellow,a tbd link,26,10
10/01/26, 4:56:18,15300 Judson Rd,78247,Other Calls,Injured/Sick Person,3260,NORTH,SAPD-2026-1333650,29.588377,-98.376878,1790891778000,http://www.sanantonio.gov/sapd/Calls.aspx,Blue,a tbd link,26,10
10/01/26, 5:00:35,6000 Thunder Dr,78238,Crimes Against Person Calls,Assault,5270,WEST,SAPD-2026-1333668,29.474578,-98.604841,1790892035000,http://www.sanantonio.gov/sapd/Calls.aspx,Red,a tbd link,26,10
10/01/26, 4:57:02,I0 10 W Access Rd,78249,Traffic Calls,Officer Traffic Stop,7230,PRUE,SAPD-2026-1333653,29.562936,-98.590325,1790891822000,http://www.sanantonio.gov/sapd/Calls.aspx,Yellow,a tbd link,26,10
10/01/26, 4:59:53,5800 Lake Champlain,78233,Other Calls,Miscellaneous,3250,NORTH,SAPD-2026-1333661,29.552341,-98.375118,1790891993000,http://www.sanantonio.gov/sapd/Calls.aspx,Blue,a tbd link,26,10
10/01/26, 4:58:19,17501-17651 Wurzbach Pkwy Wb,78217,Traffic Calls,Minor Accident,3210,NORTH,SAPD-2026-1333655,29.541774,-98.42328,1790891899000,http://www.sanantonio.gov/sapd/Calls.aspx,Yellow,a tbd link,26,10
10/01/26, 4:59:14,3800 Lockhill-selma Rd,78230,Other Calls,Disturbance Family,7230,PRUE,SAPD-2026-1333659,29.565094,-98.559591,1790891954000,http://www.sanantonio.gov/sapd/Calls.aspx,Blue,a tbd link,26,10
10/01/26, 5:02:25,3100 Roosevelt Ave,78214,Other Calls,Disturbance Family,6230,SOUTH,SAPD-2026-1333672,29.364806,-98.481939,1790892145000,http://www.sanantonio.gov/sapd/Calls.aspx,Blue,a tbd link,26,10
10/01/26, 5:00:57,17501-17651 Wurzbach Pkwy Wb,78217,Traffic Calls,Minor Accident,3210,NORTH,SAPD-2026-1333669,29.541631,-98.422782,1790892057000,http://www.sanantonio.gov/sapd/Calls.aspx,Yellow,a tbd link,26,10
10/01/26, 5:00:19,1800 Shoal Run,78232,Crimes Against Person Calls,Assault In Progress,3140,NORTH,SAPD-2026-1333666,29.567306,-98.453814,1790892019000,http://www.sanantonio.gov/sapd/Calls.aspx,Red,a tbd link,26,10
10/01/26, 5:04:25,1000 S San Joaquin Ave,78237,Other Calls,Information,5120,WEST,SAPD-2026-1333679,29.415021,-98.564852,1790892265000,http://www.sanantonio.gov/sapd/Calls.aspx,Blue,a tbd link,26,10
10/01/26, 5:03:54,4100 S Loop 1604 E,78221,Traffic Calls,Accident Private Property,6280,SOUTH,SAPD-2026-1333676,29.219705,-98.41505,1790892234000,http://www.sanantonio.gov/sapd/Calls.aspx,Yellow,a tbd link,26,10
10/01/26, 5:01:10,5000 LORD RD,78220,Other Calls,Patrol By,4240,EAST,SAPD-2026-1333670,29.414239,-98.393886,1790892070000,http://www.sanantonio.gov/sapd/Calls.aspx,Blue,a tbd link,26,10
10/01/26, 5:01:41,500 PHARIS ST,78237,Other Calls,Ordinance Violation,5140,WEST,SAPD-2026-1333671,29.429803,-98.581144,1790892101000,http://www.sanantonio.gov/sapd/Calls.aspx,Blue,a tbd link,26,10
10/01/26, 5:04:57,24100 Boerne Stage Rd,78255,Traffic Calls,Minor Accident,7260,PRUE,SAPD-2026-1333681,29.6664,-98.634507,1790892297000,http://www.sanantonio.gov/sapd/Calls.aspx,Yellow,a tbd link,26,10
10/01/26, 5:04:20,1400 Brighton Ave,78211,Crimes Against Person Calls,Assault In Progress,6120,SOUTH,SAPD-2026-1333680,29.375364,-98.529193,1790892260000,http://www.sanantonio.gov/sapd/Calls.aspx,Red,a tbd link,26,10
10/01/26, 5:06:58,Broadway / Brahan Blvd,78215,Traffic Calls,Traffic Related,1230,DOWNTOWN,SAPD-2026-1333688,29.44812,-98.474919,1790892418000,http://www.sanantonio.gov/sapd/Calls.aspx,Yellow,a tbd link,26,10
10/01/26, 5:08:59,2300 Elva Forest,78251,Other Calls,Assist the Public,5320,WEST,SAPD-2026-1333696,29.459556,-98.654527,1790892539000,http://www.sanantonio.gov/sapd/Calls.aspx,Blue,a tbd link,26,10
10/01/26, 5:07:01,2000 Morales,78207,Other Calls,Disturbance Family,2320,CENTRAL,SAPD-2026-1333687,29.432742,-98.521935,1790892421000,http://www.sanantonio.gov/sapd/Calls.aspx,Blue,a tbd link,26,10
10/01/26, 5:07:25,200 W Dickson Ave,78214,Other Calls,Disturbance,6230,SOUTH,SAPD-2026-1333690,29.359172,-98.49807,1790892445000,http://www.sanantonio.gov/sapd/Calls.aspx,Blue,a tbd link,26,10
10/01/26, 5:08:19,900 Hermine Blvd,78201,Other Calls,Suspicious Person,2220,CENTRAL,SAPD-2026-1333692,29.482912,-98.509843,1790892499000,http://www.sanantonio.gov/sapd/Calls.aspx,Blue,a tbd link,26,10
10/01/26, 5:06:52,W COMMERCE ST / S MEDINA,78207,Traffic Calls,Traffic Related,2370,CENTRAL,SAPD-2026-1333684,29.426124,-98.505098,1790892412000,http://www.sanantonio.gov/sapd/Calls.aspx,Yellow,a tbd link,26,10
10/01/26, 5:08:11,7000 Culebra Rd,78238,Other Calls,Property Lost,5160,WEST,SAPD-2026-1333691,29.45009,-98.626662,1790892491000,http://www.sanantonio.gov/sapd/Calls.aspx,Blue,a tbd link,26,10
10/01/26, 5:11:04,300 Canyon View Run,78258,Other Calls,Miscellaneous,3170,NORTH,SAPD-2026-1333701,29.646977,-98.490885,1790892664000,http://www.sanantonio.gov/sapd/Calls.aspx,Blue,a tbd link,26,10
10/01/26, 5:11:12,400 Pamela Dr,78223,Traffic Calls,Minor Accident,4220,EAST,SAPD-2026-1333702,29.379043,-98.462641,1790892672000,http://www.sanantonio.gov/sapd/Calls.aspx,Yellow,a tbd link,26,10
10/01/26, 5:12:27,Sw Military Dr / S Flores St,78221,Other Calls,Suspicious Person,6230,SOUTH,SAPD-2026-1333707,29.35671,-98.490966,1790892747000,http://www.sanantonio.gov/sapd/Calls.aspx,Blue,a tbd link,26,10
10/01/26, 5:11:37,Sw Loop 410 / Marbach Rd,78227,Traffic Calls,Major Accident,5170,WEST,SAPD-2026-1333704,29.417823,-98.649096,1790892697000,http://www.sanantonio.gov/sapd/Calls.aspx,Yellow,a tbd link,26,10
10/01/26, 5:11:32,Sw Loop 410 / Marbach Rd,78227,Traffic Calls,Major Accident,5170,WEST,SAPD-2026-1333703,29.417823,-98.649096,1790892692000,http://www.sanantonio.gov/sapd/Calls.aspx,Yellow,a tbd link,26,10
10/01/26, 5:13:27,13100 Los Espanada,78233,Traffic Calls,Abandoned Vehicle,3210,NORTH,SAPD-2026-1333709,29.558597,-98.394562,1790892807000,http://www.sanantonio.gov/sapd/Calls.aspx,Yellow,a tbd link,26,10
10/01/26, 5:15:16,Sw Loop 410 Nb / Marbach Rd,78227,Traffic Calls,Traffic Related,5330,WEST,SAPD-2026-1333712,29.417825,-98.649514,1790892916000,http://www.sanantonio.gov/sapd/Calls.aspx,Yellow,a tbd link,26,10
10/01/26, 8:45:57,6700 N Loop 1604 E,78247,Crimes Against Person Calls,Shooting In Progress,3260,NORTH,SAPD-2026-1334387,29.598406,-98.35732,1790905557000,http://www.sanantonio.gov/sapd/Calls.aspx,Red,a tbd link,26,10
10/01/26, 5:13:13,5800 Moores Crk,78233,Other Calls,Missing Person - Endangered,3250,NORTH,SAPD-2026-1333711,29.551462,-98.375196,1790892793000,http://www.sanantonio.gov/sapd/Calls.aspx,Blue,a tbd link,26,10
10/01/26, 8:48:44,3800 San Pedro Ave,78212,Property Crime Calls,Theft,1240,DOWNTOWN,SAPD-2026-1334399,29.469962,-98.499284,1790905724000,http://www.sanantonio.gov/sapd/Calls.aspx,Green,a tbd link,26,10
10/01/26, 8:45:37,Nw 36th St / Willard Dr,78228,Traffic Calls,Major Accident,5220,WEST,SAPD-2026-1334384,29.46392,-98.570699,1790905537000,http://www.sanantonio.gov/sapd/Calls.aspx,Yellow,a tbd link,26,10
10/01/26, 5:13:58,400 Warren St,78212,Other Calls,Disturbance,1220,DOWNTOWN,SAPD-2026-1333710,29.437086,-98.501288,1790892838000,http://www.sanantonio.gov/sapd/Calls.aspx,Blue,a tbd link,26,10
10/01/26, 8:47:23,300 Wolfe Rd,78216-4682,Crimes Against Person Calls,Threats,3350,NORTH,SAPD-2026-1334394,29.52933,-98.486795,1790905643000,http://www.sanantonio.gov/sapd/Calls.aspx,Red,a tbd link,26,10
10/01/26, 5:13:28,200 W Poplar St,78212,Other Calls,Disturbance Loud Music,1210,DOWNTOWN,SAPD-2026-1333708,29.439569,-98.495584,1790892808000,http://www.sanantonio.gov/sapd/Calls.aspx,Blue,a tbd link,26,10
10/01/26, 8:52:02,I0 10 W,78249,Traffic Calls,Traffic Related,7250,PRUE,SAPD-2026-1334408,29.591351,-98.600601,1790905922000,http://www.sanantonio.gov/sapd/Calls.aspx,Yellow,a tbd link,26,10
10/01/26, 5:20:16,20200 Grail Quest,78258,Traffic Calls,Minor Accident,3160,NORTH,SAPD-2026-1333728,29.629613,-98.49198,1790893216000,http://www.sanantonio.gov/sapd/Calls.aspx,Yellow,a tbd link,26,10
10/01/26, 8:46:15,Hillcrest Dr / Nw 36th St,78228,Traffic Calls,Major Accident,5220,WEST,SAPD-2026-1334386,29.46392,-98.570699,1790905575000,http://www.sanantonio.gov/sapd/Calls.aspx,Yellow,a tbd link,26,10
10/01/26, 5:15:29,500 Billy Mitchell Blvd,78226,Property Crime Calls,Theft,6310,SOUTH,SAPD-2026-1333713,29.384475,-98.564876,1790892929000,http://www.sanantonio.gov/sapd/Calls.aspx,Green,a tbd link,26,10
10/01/26, 8:46:50,Hillcrest Dr / Nw 36th St,78228,Traffic Calls,Minor Accident,5220,WEST,SAPD-2026-1334388,29.46392,-98.570699,1790905610000,http://www.sanantonio.gov/sapd/Calls.aspx,Yellow,a tbd link,26,10
10/01/26, 5:17:16,100 Rainbow Dr,78209,Other Calls,Missing Person/Runaway,3340,NORTH,SAPD-2026-1333715,29.492301,-98.439881,1790893036000,http://www.sanantonio.gov/sapd/Calls.aspx,Blue,a tbd link,26,10
10/01/26, 8:48:02,1400 Hillcrest Dr,78228,Other Calls,Welfare Check,5250,WEST,SAPD-2026-1334396,29.466113,-98.57119,1790905682000,http://www.sanantonio.gov/sapd/Calls.aspx,Blue,a tbd link,26,10
10/01/26, 5:25:06,6700 N Vandiver Rd,78209,Property Crime Calls,Theft,3340,NORTH,SAPD-2026-1333755,29.492009,-98.441289,1790893506000,http://www.sanantonio.gov/sapd/Calls.aspx,Green,a tbd link,26,10
10/01/26, 8:47:49,17500 La Cantera Pkwy,78257,Property Crime Calls,Theft In Progress,7260,PRUE,SAPD-2026-1334395,29.6062,-98.597057,1790905669000,http://www.sanantonio.gov/sapd/Calls.aspx,Green,a tbd link,26,10
10/01/26, 5:19:20,400 Demya,78227,Other Calls,Assist the Public,5340,WEST,SAPD-2026-1333724,29.40642,-98.657871,1790893160000,http://www.sanantonio.gov/sapd/Calls.aspx,Blue,a tbd link,26,10
10/01/26, 8:49:51,5600 Culebra Rd,78228,Other Calls,Welfare Check,5250,WEST,SAPD-2026-1334404,29.448802,-98.596644,1790905791000,http://www.sanantonio.gov/sapd/Calls.aspx,Blue,a tbd link,26,10
10/01/26, 5:17:11,2000 Babcock Rd,78229,Traffic Calls,Major Accident,7140,PRUE,SAPD-2026-1333716,29.500356,-98.578689,1790893031000,http://www.sanantonio.gov/sapd/Calls.aspx,Yellow,a tbd link,26,10
10/01/26, 8:48:07,Hillcrest Dr / Nw 36th St,78228,Traffic Calls,Major Accident,5220,WEST,SAPD-2026-1334397,29.46392,-98.570699,1790905687000,http://www.sanantonio.gov/sapd/Calls.aspx,Yellow,a tbd link,26,10
10/01/26, 5:18:13,100 Menlo Blvd,78223,Property Crime Calls,Burglary in Progress,4220,EAST,SAPD-2026-1333719,29.376254,-98.444805,1790893093000,http://www.sanantonio.gov/sapd/Calls.aspx,Green,a tbd link,26,10
10/01/26, 8:49:34,3300 Nantucket Dr,78230,Traffic Calls,Minor Accident,7210,PRUE,SAPD-2026-1334402,29.53194,-98.549311,1790905774000,http://www.sanantonio.gov/sapd/Calls.aspx,Yellow,a tbd link,26,10
10/01/26, 5:17:15,9900 W Military Dr,78251,Other Calls,Assist the Public,5350,WEST,SAPD-2026-1333714,29.451438,-98.682192,1790893035000,http://www.sanantonio.gov/sapd/Calls.aspx,Blue,a tbd link,26,10
10/01/26, 8:57:17,5400 W Loop 1604 N,78251,Property Crime Calls,Burglary Vehicle,5350,WEST,SAPD-2026-1334422,29.49031,-98.708153,1790906237000,http://www.sanantonio.gov/sapd/Calls.aspx,Green,a tbd link,26,10
10/01/26, 5:18:54,100 Nw Loop 410,78216,Other Calls,Disturbance,3350,NORTH,SAPD-2026-1333723,29.523434,-98.495058,1790893134000,http://www.sanantonio.gov/sapd/Calls.aspx,Blue,a tbd link,26,10
10/01/26, 8:50:23,1200 Colima St,78207,Other Calls,Disturbance,2330,CENTRAL,SAPD-2026-1334406,29.417621,-98.515929,1790905823000,http://www.sanantonio.gov/sapd/Calls.aspx,Blue,a tbd link,26,10
10/01/26, 5:17:42,9800 Airport Blvd,78216,Other Calls,Property Found,SAT1,AIRPORT,SAPD-2026-1333718,29.526619,-98.471844,1790893062000,http://www.sanantonio.gov/sapd/Calls.aspx,Blue,a tbd link,26,10
10/01/26, 8:49:20,100 Alamo Plaza,78205,Other Calls,Miscellaneous,1110,DOWNTOWN,SAPD-2026-1334403,29.42382,-98.487656,1790905760000,http://www.sanantonio.gov/sapd/Calls.aspx,Blue,a tbd link,26,10
10/01/26, 5:19:31,I0 10 W Nb,78212,Traffic Calls,Traffic Violation,1220,DOWNTOWN,SAPD-2026-1333725,29.434994,-98.503031,1790893171000,http://www.sanantonio.gov/sapd/Calls.aspx,Yellow,a tbd link,26,10
10/01/26, 8:51:09,14700 Bending Pt,78247,Property Crime Calls,Criminal Mischief,3220,NORTH,SAPD-2026-1334407,29.57339,-98.442174,1790905869000,http://www.sanantonio.gov/sapd/Calls.aspx,Green,a tbd link,26,10
10/01/26, 5:18:36,3200 NORTHWESTERN DR,78238,Other Calls,Patrol By,5310,WEST,SAPD-2026-1333721,29.465062,-98.625172,1790893116000,http://www.sanantonio.gov/sapd/Calls.aspx,Blue,a tbd link,26,10
10/01/26, 8:54:40,W Loop 1604 N Sb / Bandera Rd,78023,Crimes Against Person Calls,Shooting In Progress,7360,PRUE,SAPD-2026-1334418,29.553566,-98.667331,1790906080000,http://www.sanantonio.gov/sapd/Calls.aspx,Red,a tbd link,26,10
10/01/26, 5:22:14,4400 Callaghan Rd,78238,Property Crime Calls,Theft,5270,WEST,SAPD-2026-1333730,29.468744,-98.602991,1790893334000,http://www.sanantonio.gov/sapd/Calls.aspx,Green,a tbd link,26,10
10/01/26, 5:24:00,10200 S Zarzamora St,78224,Other Calls,Ordinance Violation,6160,SOUTH,SAPD-2026-1333740,29.314948,-98.532025,1790893440000,http://www.sanantonio.gov/sapd/Calls.aspx,Blue,a tbd link,26,10
10/01/26, 8:55:25,22200 Estate Hill Dr,78258,Other Calls,Miscellaneous,3160,NORTH,SAPD-2026-1334416,29.649148,-98.465433,1790906125000,http://www.sanantonio.gov/sapd/Calls.aspx,Blue,a tbd link,26,10
10/01/26, 8:57:22,100 Gazel Dr,78213,Other Calls,Patrol By,2230,CENTRAL,SAPD-2026-1334425,29.493967,-98.536343,1790906242000,http://www.sanantonio.gov/sapd/Calls.aspx,Blue,a tbd link,26,10
10/01/26, 8:53:16,500 COLUMBUS,78207,Other Calls,Ordinance Violation,1130,DOWNTOWN,SAPD-2026-1334411,29.429977,-98.498964,1790905996000,http://www.sanantonio.gov/sapd/Calls.aspx,Blue,a tbd link,26,10
10/01/26, 8:57:13,9800 Westover Hills Blvd,78251,Crimes Against Person Calls,Threats,5350,WEST,SAPD-2026-1334424,29.465056,-98.685331,1790906233000,http://www.sanantonio.gov/sapd/Calls.aspx,Red,a tbd link,26,10
10/01/26, 5:22:47,600 Devine Rd,78209,Property Crime Calls,Criminal Mischief,1240,DOWNTOWN,SAPD-2026-1333733,29.479612,-98.479853,1790893367000,http://www.sanantonio.gov/sapd/Calls.aspx,Green,a tbd link,26,10
10/01/26, 8:56:30,600 N San Ignacio Ave,78228,Property Crime Calls,Theft,5130,WEST,SAPD-2026-1334421,29.446442,-98.559617,1790906190000,http://www.sanantonio.gov/sapd/Calls.aspx,Green,a tbd link,26,10
10/01/26, 5:21:27,12600 WEST AVE,78216,Other Calls,Patrol By,3120,NORTH,SAPD-2026-1333729,29.555416,-98.499839,1790893287000,http://www.sanantonio.gov/sapd/Calls.aspx,Blue,a tbd link,26,10
10/01/26, 8:57:22,7800 Callaghan Rd,78229,Other Calls,Disturbance,7110,PRUE,SAPD-2026-1334423,29.509291,-98.554265,1790906242000,http://www.sanantonio.gov/sapd/Calls.aspx,Blue,a tbd link,26,10
10/01/26, 5:24:36,8600 Waters Edge Dr,78245,Property Crime Calls,Theft,5330,WEST,SAPD-2026-1333745,29.424505,-98.655069,1790893476000,http://www.sanantonio.gov/sapd/Calls.aspx,Green,a tbd link,26,10
10/01/26, 8:55:20,3600 Se Military Dr,78223,Other Calls,Disturbance,4260,EAST,SAPD-2026-1334415,29.353651,-98.424801,1790906120000,http://www.sanantonio.gov/sapd/Calls.aspx,Blue,a tbd link,26,10
10/01/26, 8:55:11,200 E TRAVIS ST,78205,Other Calls,Ordinance Violation,1130,DOWNTOWN,SAPD-2026-1334414,29.427547,-98.491333,1790906111000,http://www.sanantonio.gov/sapd/Calls.aspx,Blue,a tbd link,26,10
10/01/26, 8:58:27,7800 Ih 35 S,78224,Traffic Calls,Accident Private Property,6330,SOUTH,SAPD-2026-1334427,29.35249,-98.535319,1790906307000,http://www.sanantonio.gov/sapd/Calls.aspx,Yellow,a tbd link,26,10
10/01/26, 5:24:38,8200 Bandera Rd,78250,Other Calls,Suspicious Person,7320,PRUE,SAPD-2026-1333739,29.517911,-98.636307,1790893478000,http://www.sanantonio.gov/sapd/Calls.aspx,Blue,a tbd link,26,10
10/01/26, 8:56:18,15000 JUDSON RD,78247,Other Calls,Patrol By,3260,NORTH,SAPD-2026-1334417,29.579311,-98.372525,1790906178000,http://www.sanantonio.gov/sapd/Calls.aspx,Blue,a tbd link,26,10
10/01/26, 5:23:28,9100 Ozalid Ln,78224,Other Calls,Animal Related,6140,SOUTH,SAPD-2026-1333734,29.33298,-98.548655,1790893408000,http://www.sanantonio.gov/sapd/Calls.aspx,Blue,a tbd link,26,10
10/01/26, 9:04:21,2100 Sundrop Bay,78224,Traffic Calls,Minor Accident,6140,SOUTH,SAPD-2026-1334441,29.338602,-98.542347,1790906661000,http://www.sanantonio.gov/sapd/Calls.aspx,Yellow,a tbd link,26,10
10/01/26, 5:22:42,E Loop 1604 N / Walzem Rd,78109,Traffic Calls,Minor Accident,4310,EAST,SAPD-2026-1333731,29.475152,-98.295248,1790893362000,http://www.sanantonio.gov/sapd/Calls.aspx,Yellow,a tbd link,26,10
10/01/26, 9:05:11,N Loop 1604 W Eb / Sb Ih 10 W Onrp Eb N Loop 1604 W,78249,Traffic Calls,Traffic Related,7230,PRUE,SAPD-2026-1334442,29.590911,-98.59735,1790906711000,http://www.sanantonio.gov/sapd/Calls.aspx,Yellow,a tbd link,26,10
10/01/26, 5:26:20,2000 Dollarhide Ave,78223,Other Calls,Miscellaneous,4260,EAST,SAPD-2026-1333748,29.365653,-98.437533,1790893580000,http://www.sanantonio.gov/sapd/Calls.aspx,Blue,a tbd link,26,10
10/01/26, 8:59:30,100 Dallas St,78205,Other Calls,Miscellaneous,1130,DOWNTOWN,SAPD-2026-1334429,29.433825,-98.492242,1790906370000,http://www.sanantonio.gov/sapd/Calls.aspx,Blue,a tbd link,26,10
10/01/26, 5:25:50,E Loop 1604 N / Walzem Rd,78109,Traffic Calls,Minor Accident,4310,EAST,SAPD-2026-1333744,29.475152,-98.295248,1790893550000,http://www.sanantonio.gov/sapd/Calls.aspx,Yellow,a tbd link,26,10
10/01/26, 8:59:38,2700 NW LOOP 410,78230,Other Calls,Disturbance,7210,PRUE,SAPD-2026-1334430,29.511111,-98.538889,1790906378000,http://www.sanantonio.gov/sapd/Calls.aspx,Blue,a tbd link,26,10
10/01/26, 5:24:06,10700 Huebner Rd,78240,Other Calls,Disturbance,7340,PRUE,SAPD-2026-1333737,29.544144,-98.579741,1790893446000,http://www.sanantonio.gov/sapd/Calls.aspx,Blue,a tbd link,26,10
10/01/26, 9:02:04,2600 LAKEHILLS,78251,Traffic Calls,Minor Accident,5350,WEST,SAPD-2026-1334432,29.463285,-98.673156,1790906524000,http://www.sanantonio.gov/sapd/Calls.aspx,Yellow,a tbd link,26,10
10/01/26, 5:26:05,W Mulberry Ave / Howard St,78212,Traffic Calls,Minor Accident,1240,DOWNTOWN,SAPD-2026-1333747,29.456765,-98.495552,1790893565000,http://www.sanantonio.gov/sapd/Calls.aspx,Yellow,a tbd link,26,10
10/01/26, 9:06:44,3400 Magic Dr,78229,Crimes Against Person Calls,Threats,7110,PRUE,SAPD-2026-1334448,29.501189,-98.556342,1790906804000,http://www.sanantonio.gov/sapd/Calls.aspx,Red,a tbd link,26,10
10/01/26, 5:25:47,1-31 Ne Loop 410,78216,Traffic Calls,Traffic Related,3350,NORTH,SAPD-2026-1333743,29.52084,-98.493205,1790893547000,http://www.sanantonio.gov/sapd/Calls.aspx,Yellow,a tbd link,26,10
10/01/26, 9:02:52,5600 Dhaka Vw,78250,Other Calls,Disturbance Family,7330,PRUE,SAPD-2026-1334436,29.486104,-98.637954,1790906572000,http://www.sanantonio.gov/sapd/Calls.aspx,Blue,a tbd link,26,10
10/01/26, 5:23:18,1300 BLK N RIVER WALK,78215,Other Calls,Patrol By,1130,DOWNTOWN,SAPD-2026-1333732,29.434592,-98.483914,1790893398000,http://www.sanantonio.gov/sapd/Calls.aspx,Blue,a tbd link,26,10
10/01/26, 5:29:45,5300 W Loop 1604 N,78253,Traffic Calls,Minor Accident,5350,WEST,SAPD-2026-1333753,29.487,-98.712637,1790893785000,http://www.sanantonio.gov/sapd/Calls.aspx,Yellow,a tbd link,26,10
10/01/26, 9:02:38,100 Bailey Ave,78210,Other Calls,Narcotic Laws,4150,EAST,SAPD-2026-1334438,29.39393,-98.472357,1790906558000,http://www.sanantonio.gov/sapd/Calls.aspx,Blue,a tbd link,26,10
10/01/26, 5:26:00,100 Melrose Place,78212,Property Crime Calls,Theft of Vehicle,1240,DOWNTOWN,SAPD-2026-1333746,29.46921,-98.492802,1790893560000,http://www.sanantonio.gov/sapd/Calls.aspx,Green,a tbd link,26,10
10/01/26, 9:02:16,9000 Foxgrove Way,78251,Other Calls,Assist the Public,5350,WEST,SAPD-2026-1334434,29.457848,-98.662517,1790906536000,http://www.sanantonio.gov/sapd/Calls.aspx,Blue,a tbd link,26,10
10/01/26, 5:24:08,23600 Hartwick Ln,78259,Other Calls,DOA,3150,NORTH,SAPD-2026-1333736,29.659541,-98.445785,1790893448000,http://www.sanantonio.gov/sapd/Calls.aspx,Blue,a tbd link,26,10
10/01/26, 9:02:53,Bandera Rd / Huebner Rd,78238,Other Calls,SAPD Emergency Call,NOT SAPD BEX - 6,SAPD OUTSIDE AREA,SAPD-2026-1334437,29.499277,-98.624079,1790906573000,http://www.sanantonio.gov/sapd/Calls.aspx,Blue,a tbd link,26,10
10/01/26, 5:27:31,Grissom Rd / Timberhill Dr,78238,Other Calls,Welfare Check,7330,PRUE,SAPD-2026-1333749,29.483524,-98.629957,1790893651000,http://www.sanantonio.gov/sapd/Calls.aspx,Blue,a tbd link,26,10
10/01/26, 9:05:11,3400 Fredericksburg Rd,78201,Property Crime Calls,Burglary,5230,WEST,SAPD-2026-1334443,29.473625,-98.536742,1790906711000,http://www.sanantonio.gov/sapd/Calls.aspx,Green,a tbd link,26,10
10/01/26, 5:25:34,600 Hemisfair Blvd,78205,Other Calls,Disturbance,1110,DOWNTOWN,SAPD-2026-1333741,29.418595,-98.487046,1790893534000,http://www.sanantonio.gov/sapd/Calls.aspx,Blue,a tbd link,26,10
10/01/26, 9:02:34,100 Nw 34th St,78237,Crimes Against Person Calls,Assault In Progress,5130,WEST,SAPD-2026-1334435,29.435249,-98.566534,1790906554000,http://www.sanantonio.gov/sapd/Calls.aspx,Red,a tbd link,26,10
10/01/26, 5:33:50,1000 E Houston St,78205-2029,Crimes Against Person Calls,Suspicious Vehicle,1130,DOWNTOWN,SAPD-2026-1333767,29.42533,-98.481055,1790894030000,http://www.sanantonio.gov/sapd/Calls.aspx,Red,a tbd link,26,10
10/01/26, 9:06:37,4600 E Loop 1604 N,78109,Other Calls,Disturbance Loud Music,4310,EAST,SAPD-2026-1334447,29.469624,-98.295086,1790906797000,http://www.sanantonio.gov/sapd/Calls.aspx,Blue,a tbd link,26,10
10/01/26, 5:27:28,700 W Mayfield Blvd,78211,Other Calls,Miscellaneous,6130,SOUTH,SAPD-2026-1333750,29.362151,-98.535356,1790893648000,http://www.sanantonio.gov/sapd/Calls.aspx,Blue,a tbd link,26,10
10/01/26, 9:08:03,23900 Stately Oaks,78260,Other Calls,Miscellaneous,3170,NORTH,SAPD-2026-1334451,29.663934,-98.498587,1790906883000,http://www.sanantonio.gov/sapd/Calls.aspx,Blue,a tbd link,26,10
10/01/26, 5:29:50,11600 Vance Jackson,78230,Other Calls,Miscellaneous,7220,PRUE,SAPD-2026-1333756,29.549219,-98.565666,1790893790000,http://www.sanantonio.gov/sapd/Calls.aspx,Blue,a tbd link,26,10
10/01/26, 9:06:03,Huebner Rd / W Bitters Rd,78248,Traffic Calls,Major Accident,7240,PRUE,SAPD-2026-1334444,29.593282,-98.527894,1790906763000,http://www.sanantonio.gov/sapd/Calls.aspx,Yellow,a tbd link,26,10
10/01/26, 5:32:16,2400 W Magnolia Ave,78228,Crimes Against Person Calls,Threats,5210,WEST,SAPD-2026-1333761,29.457269,-98.540443,1790893936000,http://www.sanantonio.gov/sapd/Calls.aspx,Red,a tbd link,26,10
10/01/26, 9:09:15,13300 Blanco Rd,78216,Other Calls,Disturbance,7240,PRUE,SAPD-2026-1334453,29.568645,-98.518642,1790906955000,http://www.sanantonio.gov/sapd/Calls.aspx,Blue,a tbd link,26,10
10/01/26, 9:10:02,Runnels Ave / Locke St,78208,Traffic Calls,Minor Accident,4130,EAST,SAPD-2026-1334454,29.437597,-98.447875,1790907002000,http://www.sanantonio.gov/sapd/Calls.aspx,Yellow,a tbd link,26,10
10/01/26, 5:34:20,6100 Windy Forest,78239,Other Calls,SAPD Non-Emergency Call,NOT SAPD BEX,SAPD OUTSIDE AREA,SAPD-2026-1333771,29.509343,-98.367509,1790894060000,http://www.sanantonio.gov/sapd/Calls.aspx,Blue,a tbd link,26,10
10/01/26, 9:09:51,10500 Culebra Rd,78251,Traffic Calls,Minor Accident,5350,WEST,SAPD-2026-1334452,29.491807,-98.699013,1790906991000,http://www.sanantonio.gov/sapd/Calls.aspx,Yellow,a tbd link,26,10
10/01/26, 5:30:21,Vance Jackson Rd / Nw Loop 410,78230,Property Crime Calls,Panhandler,7210,PRUE,SAPD-2026-1333757,29.511957,-98.535117,1790893821000,http://www.sanantonio.gov/sapd/Calls.aspx,Green,a tbd link,26,10
10/01/26, 9:20:12,300 N Frio St,78207,Traffic Calls,Traffic Related,2310,CENTRAL,SAPD-2026-1334479,29.428311,-98.50399,1790907612000,http://www.sanantonio.gov/sapd/Calls.aspx,Yellow,a tbd link,26,10
10/01/26, 5:29:51,1400 MIRA VISTA,78228,Other Calls,Patrol By,5250,WEST,SAPD-2026-1333754,29.453772,-98.60077,1790893791000,http://www.sanantonio.gov/sapd/Calls.aspx,Blue,a tbd link,26,10
10/01/26, 9:11:33,18000 REDRIVER SONG,78259,Other Calls,Assist the Public,3150,NORTH,SAPD-2026-1334456,29.605627,-98.441177,1790907093000,http://www.sanantonio.gov/sapd/Calls.aspx,Blue,a tbd link,26,10
10/01/26, 5:33:10,6000 Thunder Dr,78238,Crimes Against Person Calls,Assault,5270,WEST,SAPD-2026-1333763,29.474578,-98.604841,1790893990000,http://www.sanantonio.gov/sapd/Calls.aspx,Red,a tbd link,26,10
10/01/26, 9:13:12,4400 Gardendale,78240,Other Calls,Disturbance,7150,PRUE,SAPD-2026-1334460,29.526672,-98.570895,1790907192000,http://www.sanantonio.gov/sapd/Calls.aspx,Blue,a tbd link,26,10
10/01/26, 5:33:00,300 Fair Ave,78223,Other Calls,Visitation Violation,6220,SOUTH,SAPD-2026-1333762,29.384172,-98.473251,1790893980000,http://www.sanantonio.gov/sapd/Calls.aspx,Blue,a tbd link,26,10
10/01/26, 9:16:04,15800 Marisa Place,78247,Crimes Against Person Calls,Suspicious Vehicle,3260,NORTH,SAPD-2026-1334467,29.591422,-98.396635,1790907364000,http://www.sanantonio.gov/sapd/Calls.aspx,Red,a tbd link,26,10
10/01/26, 5:34:10,7600 Us Hwy 90 W,78227,Other Calls,Disturbance Family,6360,SOUTH,SAPD-2026-1333769,29.398411,-98.643187,1790894050000,http://www.sanantonio.gov/sapd/Calls.aspx,Blue,a tbd link,26,10
10/01/26, 9:13:38,1800 Deer Rdg,78232,Other Calls,Disturbance,3140,NORTH,SAPD-2026-1334466,29.576397,-98.46627,1790907218000,http://www.sanantonio.gov/sapd/Calls.aspx,Blue,a tbd link,26,10
10/01/26, 5:36:22,200 Princeton,78201,Other Calls,Welfare Check,1220,DOWNTOWN,SAPD-2026-1333780,29.445749,-98.50938,1790894182000,http://www.sanantonio.gov/sapd/Calls.aspx,Blue,a tbd link,26,10
10/01/26, 9:19:29,7100 Us Hwy 90 W,78227,Other Calls,Disturbance,5150,WEST,SAPD-2026-1334477,29.402238,-98.631165,1790907569000,http://www.sanantonio.gov/sapd/Calls.aspx,Blue,a tbd link,26,10
10/01/26, 5:31:34,8800 MILITARY DR W,78238,Other Calls,Patrol By,5160,WEST,SAPD-2026-1333760,29.440863,-98.636033,1790893894000,http://www.sanantonio.gov/sapd/Calls.aspx,Blue,a tbd link,26,10
10/01/26, 9:15:45,Ih 10 W Nb / West Ave,78201,Traffic Calls,Traffic Related,2220,CENTRAL,SAPD-2026-1334465,29.481645,-98.525989,1790907345000,http://www.sanantonio.gov/sapd/Calls.aspx,Yellow,a tbd link,26,10
10/01/26, 5:33:52,2100 Fredericksburg Rd,78201,Property Crime Calls,Theft,5240,WEST,SAPD-2026-1333766,29.465301,-98.52577,1790894032000,http://www.sanantonio.gov/sapd/Calls.aspx,Green,a tbd link,26,10
10/01/26, 5:37:02,5200 Blanco Rd,78216,Property Crime Calls,Theft of Vehicle,3310,NORTH,SAPD-2026-1333785,29.496698,-98.505817,1790894222000,http://www.sanantonio.gov/sapd/Calls.aspx,Green,a tbd link,26,10
10/01/26, 9:14:17,300 E COMMERCE ST,78205,Other Calls,Ordinance Violation,1110,DOWNTOWN,SAPD-2026-1334461,29.42402,-98.489714,1790907257000,http://www.sanantonio.gov/sapd/Calls.aspx,Blue,a tbd link,26,10
10/01/26, 5:36:16,9900 State Hwy 16 S,78224,Other Calls,Disturbance,6160,SOUTH,SAPD-2026-1333779,29.319236,-98.549889,1790894176000,http://www.sanantonio.gov/sapd/Calls.aspx,Blue,a tbd link,26,10
10/01/26, 9:18:29,1800 Deer Rdg,78232,Other Calls,Disturbance,3140,NORTH,SAPD-2026-1334473,29.576397,-98.46627,1790907509000,http://www.sanantonio.gov/sapd/Calls.aspx,Blue,a tbd link,26,10
10/01/26, 5:33:29,Nacogdoches Rd / Toepperwein Rd,78247,Traffic Calls,Traffic Related,3260,NORTH,SAPD-2026-1333765,29.582797,-98.36652,1790894009000,http://www.sanantonio.gov/sapd/Calls.aspx,Yellow,a tbd link,26,10
10/01/26, 9:18:51,10900 Laureate Dr,78249-3311,Other Calls,Disturbance,7340,PRUE,SAPD-2026-1334474,29.545584,-98.585213,1790907531000,http://www.sanantonio.gov/sapd/Calls.aspx,Blue,a tbd link,26,10
10/01/26, 5:36:37,1200 N Loop 1604 E,78258,Other Calls,Assist the Public,3160,NORTH,SAPD-2026-1333782,29.612049,-98.475455,1790894197000,http://www.sanantonio.gov/sapd/Calls.aspx,Blue,a tbd link,26,10
10/01/26, 9:19:10,5000 Nw Loop 410,78229,Property Crime Calls,Burglary Vehicle,7140,PRUE,SAPD-2026-1334476,29.489167,-98.590556,1790907550000,http://www.sanantonio.gov/sapd/Calls.aspx,Green,a tbd link,26,10
10/01/26, 5:34:09,1100 Culebra Rd,78201,Other Calls,Disturbance,2320,CENTRAL,SAPD-2026-1333768,29.444799,-98.525577,1790894049000,http://www.sanantonio.gov/sapd/Calls.aspx,Blue,a tbd link,26,10
10/01/26, 9:19:01,Ih 10 W Nb / Fresno St,78201,Traffic Calls,Traffic Related,2210,CENTRAL,SAPD-2026-1334475,29.474429,-98.517146,1790907541000,http://www.sanantonio.gov/sapd/Calls.aspx,Yellow,a tbd link,26,10
10/01/26, 5:35:22,2600 Spring Canyon,78232,Other Calls,Welfare Check,3140,NORTH,SAPD-2026-1333773,29.587467,-98.443494,1790894122000,http://www.sanantonio.gov/sapd/Calls.aspx,Blue,a tbd link,26,10
10/01/26, 9:18:30,W Pyron Ave / S Zarzamora St,78211,Other Calls,Disturbance,6120,SOUTH,SAPD-2026-1334472,29.363157,-98.534033,1790907510000,http://www.sanantonio.gov/sapd/Calls.aspx,Blue,a tbd link,26,10
10/01/26, 5:38:12,19100 Us Hwy 281 N,78259,Property Crime Calls,Theft of Vehicle,3150,NORTH,SAPD-2026-1333788,29.619298,-98.464966,1790894292000,http://www.sanantonio.gov/sapd/Calls.aspx,Green,a tbd link,26,10
10/01/26, 9:19:52,Basse Rd / Allena Dr,78213,Traffic Calls,Minor Accident,2220,CENTRAL,SAPD-2026-1334478,29.488582,-98.513869,1790907592000,http://www.sanantonio.gov/sapd/Calls.aspx,Yellow,a tbd link,26,10
10/01/26, 5:34:16,12000 Culebra Rd,78253,Other Calls,Narcotic Laws,5350,WEST,SAPD-2026-1333770,29.505375,-98.730411,1790894056000,http://www.sanantonio.gov/sapd/Calls.aspx,Blue,a tbd link,26,10
10/01/26, 9:23:16,7200 Marbach Rd,78227,Other Calls,Information,5170,WEST,SAPD-2026-1334482,29.417615,-98.632409,1790907796000,http://www.sanantonio.gov/sapd/Calls.aspx,Blue,a tbd link,26,10
10/01/26, 5:36:56,11700 Wall St,78230,Other Calls,Disturbance Loud Music,7220,PRUE,SAPD-2026-1333783,29.550258,-98.562549,1790894216000,http://www.sanantonio.gov/sapd/Calls.aspx,Blue,a tbd link,26,10
10/01/26, 9:29:12,100 Bowdoin St,78237,Property Crime Calls,Theft,2360,CENTRAL,SAPD-2026-1334489,29.437225,-98.544168,1790908152000,http://www.sanantonio.gov/sapd/Calls.aspx,Green,a tbd link,26,10
10/01/26, 5:35:27,Adele St / Bailey Ave,78210,Crimes Against Person Calls,Fight,4150,EAST,SAPD-2026-1333775,29.394132,-98.450359,1790894127000,http://www.sanantonio.gov/sapd/Calls.aspx,Red,a tbd link,26,10
10/01/26, 9:29:20,1800 Deer Rdg,78232,Other Calls,Disturbance,3140,NORTH,SAPD-2026-1334491,29.576397,-98.46627,1790908160000,http://www.sanantonio.gov/sapd/Calls.aspx,Blue,a tbd link,26,10
10/01/26, 5:35:26,24100-24114 BOERNE STAGE RD,78257,Traffic Calls,Traffic Related,7260,PRUE,SAPD-2026-1333774,29.666524,-98.630488,1790894126000,http://www.sanantonio.gov/sapd/Calls.aspx,Yellow,a tbd link,26,10
10/01/26, 9:25:02,Hot Wells / S Presa St,78223,Other Calls,Drunk,6240,SOUTH,SAPD-2026-1334485,29.368641,-98.471036,1790907902000,http://www.sanantonio.gov/sapd/Calls.aspx,Blue,a tbd link,26,10
10/01/26, 5:35:47,9100 GRAF RD,78223,Other Calls,Patrol By,6270,SOUTH,SAPD-2026-1333777,29.334363,-98.455137,1790894147000,http://www.sanantonio.gov/sapd/Calls.aspx,Blue,a tbd link,26,10
10/01/26, 9:25:17,3100 Sw Military Dr,78224,Other Calls,Disturbance,6320,SOUTH,SAPD-2026-1334484,29.357611,-98.548525,1790907917000,http://www.sanantonio.gov/sapd/Calls.aspx,Blue,a tbd link,26,10
10/01/26, 5:36:31,Adele St / Bailey Ave,78210,Crimes Against Person Calls,Fight Gun Involved,4150,EAST,SAPD-2026-1333781,29.394132,-98.450359,1790894191000,http://www.sanantonio.gov/sapd/Calls.aspx,Red,a tbd link,26,10
10/01/26, 9:25:43,Goliad Rd / Se Military Dr,78223,Traffic Calls,Major Accident,6270,SOUTH,SAPD-2026-1334486,29.352001,-98.431165,1790907943000,http://www.sanantonio.gov/sapd/Calls.aspx,Yellow,a tbd link,26,10
10/01/26, 5:36:03,N0 IH 35 S ONRP ALAMO ST,78204,Traffic Calls,Traffic Related,1140,DOWNTOWN,SAPD-2026-1333778,29.414524,-98.503702,1790894163000,http://www.sanantonio.gov/sapd/Calls.aspx,Yellow,a tbd link,26,10
10/01/26, 9:26:21,5000 Prue Rd,78240,Property Crime Calls,Theft,7310,PRUE,SAPD-2026-1334487,29.543157,-98.583584,1790907981000,http://www.sanantonio.gov/sapd/Calls.aspx,Green,a tbd link,26,10
10/01/26, 5:37:13,5081-5335 NEW SULPHUR SPGS,78222,Traffic Calls,Minor Accident,4250,EAST,SAPD-2026-1333784,29.370658,-98.388421,1790894233000,http://www.sanantonio.gov/sapd/Calls.aspx,Yellow,a tbd link,26,10
10/01/26, 9:30:22,4000 Imogene Ivy,78211,Other Calls,Assist the Public,6140,SOUTH,SAPD-2026-1334494,29.332336,-98.576208,1790908222000,http://www.sanantonio.gov/sapd/Calls.aspx,Blue,a tbd link,26,10
10/01/26, 5:39:47,700 Nw Loop 410,78216,Traffic Calls,Minor Accident,3320,NORTH,SAPD-2026-1333790,29.519961,-98.50379,1790894387000,http://www.sanantonio.gov/sapd/Calls.aspx,Yellow,a tbd link,26,10
10/01/26, 9:28:45,700 W Broadview Dr,78228,Traffic Calls,Traffic Related,5250,WEST,SAPD-2026-1334490,29.452744,-98.581466,1790908125000,http://www.sanantonio.gov/sapd/Calls.aspx,Yellow,a tbd link,26,10
10/01/26, 5:41:22,900 S Gevers St,78210,Property Crime Calls,Theft,4140,EAST,SAPD-2026-1333794,29.410875,-98.456733,1790894482000,http://www.sanantonio.gov/sapd/Calls.aspx,Green,a tbd link,26,10
10/01/26, 9:29:49,1800 Cassandra Dr,78224,Other Calls,Narcotic Laws,6140,SOUTH,SAPD-2026-1334492,29.324481,-98.535964,1790908189000,http://www.sanantonio.gov/sapd/Calls.aspx,Blue,a tbd link,26,10
10/01/26, 5:38:02,100 S JOSEPHINE TOBIN,78201,Other Calls,Patrol By,5210,WEST,SAPD-2026-1333787,29.44945,-98.530416,1790894282000,http://www.sanantonio.gov/sapd/Calls.aspx,Blue,a tbd link,26,10
10/01/26, 9:29:38,10700 Ih 10 W,78230,Other Calls,Disturbance,7220,PRUE,SAPD-2026-1334493,29.542264,-98.572575,1790908178000,http://www.sanantonio.gov/sapd/Calls.aspx,Blue,a tbd link,26,10
10/01/26, 5:39:37,2500 Steves Ave,78210,Other Calls,Disturbance Family,4150,EAST,SAPD-2026-1333795,29.390679,-98.45033,1790894377000,http://www.sanantonio.gov/sapd/Calls.aspx,Blue,a tbd link,26,10
10/01/26, 9:36:04,4900 Pecan Grove Blvd,78222,Other Calls,Disturbance Family,4250,EAST,SAPD-2026-1334507,29.377072,-98.420534,1790908564000,http://www.sanantonio.gov/sapd/Calls.aspx,Blue,a tbd link,26,10
10/01/26, 9:34:36,1800 N Foster Rd,78244,Property Crime Calls,Burglary Vehicle,4310,EAST,SAPD-2026-1334504,29.446111,-98.361944,1790908476000,http://www.sanantonio.gov/sapd/Calls.aspx,Green,a tbd link,26,10
10/01/26, 5:42:19,8500 Laurens Ln,78218,Property Crime Calls,Burglary,3340,NORTH,SAPD-2026-1333800,29.51275,-98.429908,1790894539000,http://www.sanantonio.gov/sapd/Calls.aspx,Green,a tbd link,26,10
10/01/26, 9:32:56,1900 W Houston St,78207,Other Calls,Suspicious Person,2320,CENTRAL,SAPD-2026-1334500,29.427998,-98.515704,1790908376000,http://www.sanantonio.gov/sapd/Calls.aspx,Blue,a tbd link,26,10
10/01/26, 5:44:00,100-199 Hillcrest Dr,78228,Other Calls,Welfare Check,5250,WEST,SAPD-2026-1333809,29.449753,-98.572362,1790894640000,http://www.sanantonio.gov/sapd/Calls.aspx,Blue,a tbd link,26,10
10/01/26, 9:31:13,800-898 ESCALON AVE,78221,Traffic Calls,Traffic Related,6150,SOUTH,SAPD-2026-1334496,29.347829,-98.519663,1790908273000,http://www.sanantonio.gov/sapd/Calls.aspx,Yellow,a tbd link,26,10
10/01/26, 5:39:20,7200 BRIAR PLACE,78221,Other Calls,Patrol By,6250,SOUTH,SAPD-2026-1333789,29.355303,-98.49335,1790894360000,http://www.sanantonio.gov/sapd/Calls.aspx,Blue,a tbd link,26,10
10/01/26, 9:34:08,8800 Dugas Dr,78251,Other Calls,Disturbance,5360,WEST,SAPD-2026-1334503,29.44694,-98.686244,1790908448000,http://www.sanantonio.gov/sapd/Calls.aspx,Blue,a tbd link,26,10
10/01/26, 5:43:41,1600 Jackson-keller Rd,78213,Crimes Against Person Calls,Threats,3310,NORTH,SAPD-2026-1333813,29.510751,-98.519903,1790894621000,http://www.sanantonio.gov/sapd/Calls.aspx,Red,a tbd link,26,10
10/01/26, 9:33:42,S0 Ih 10 W Ofrp Eb Ih 35 N,78212,Traffic Calls,Minor Accident,1220,DOWNTOWN,SAPD-2026-1334502,29.43194,-98.500481,1790908422000,http://www.sanantonio.gov/sapd/Calls.aspx,Yellow,a tbd link,26,10
10/01/26, 5:40:04,E Loop 1604 N / Ih 10 E,78109,Traffic Calls,Minor Accident,4310,EAST,SAPD-2026-1333791,29.465835,-98.292439,1790894404000,http://www.sanantonio.gov/sapd/Calls.aspx,Yellow,a tbd link,26,10
10/01/26, 9:32:41,I0 10 W NB,78213,Traffic Calls,Traffic Related,NOT SAPD BEX - 5,SAPD OUTSIDE AREA,SAPD-2026-1334499,29.497557,-98.547891,1790908361000,http://www.sanantonio.gov/sapd/Calls.aspx,Yellow,a tbd link,26,10
10/01/26, 5:43:17,500 Cupples Rd,78237,Other Calls,Disturbance Family,2350,CENTRAL,SAPD-2026-1333803,29.410223,-98.547608,1790894597000,http://www.sanantonio.gov/sapd/Calls.aspx,Blue,a tbd link,26,10
10/01/26, 9:34:37,17800 Babcock Rd,78255,Other Calls,Disturbance,7260,PRUE,SAPD-2026-1334505,29.606526,-98.632492,1790908477000,http://www.sanantonio.gov/sapd/Calls.aspx,Blue,a tbd link,26,10
10/01/26, 5:40:58,9000 ESPADA RD,78214,Other Calls,Patrol By,6260,SOUTH,SAPD-2026-1333792,29.331591,-98.462108,1790894458000,http://www.sanantonio.gov/sapd/Calls.aspx,Blue,a tbd link,26,10
10/01/26, 9:36:42,11600 Us Hwy 181 S,78223,Other Calls,Welfare Check,6280,SOUTH,SAPD-2026-1334512,29.303293,-98.381413,1790908602000,http://www.sanantonio.gov/sapd/Calls.aspx,Blue,a tbd link,26,10
10/01/26, 5:41:12,13100 JONES MALTSBERGER RD,78247,Other Calls,Patrol By,3220,NORTH,SAPD-2026-1333793,29.562231,-98.458083,1790894472000,http://www.sanantonio.gov/sapd/Calls.aspx,Blue,a tbd link,26,10
10/01/26, 9:35:54,7200 Blanco Rd,78216,Traffic Calls,Traffic Related,3350,NORTH,SAPD-2026-1334506,29.524216,-98.504418,1790908554000,http://www.sanantonio.gov/sapd/Calls.aspx,Yellow,a tbd link,26,10
10/01/26, 5:42:56,500 Cupples Rd,78237,Other Calls,Disturbance Family,2350,CENTRAL,SAPD-2026-1333810,29.410223,-98.547608,1790894576000,http://www.sanantonio.gov/sapd/Calls.aspx,Blue,a tbd link,26,10
10/01/26, 9:36:58,500 Surrey Ave,78225,Other Calls,Disturbance Loud Music,6110,SOUTH,SAPD-2026-1334510,29.381364,-98.521427,1790908618000,http://www.sanantonio.gov/sapd/Calls.aspx,Blue,a tbd link,26,10
10/01/26, 9:37:54,Poteet Jourdanton Fwy / Patron,78224,Traffic Calls,Traffic Related,6140,SOUTH,SAPD-2026-1334515,29.338442,-98.550576,1790908674000,http://www.sanantonio.gov/sapd/Calls.aspx,Yellow,a tbd link,26,10
10/01/26, 5:43:04,100 Lillita Ct,78237,Other Calls,Disturbance Family,5110,WEST,SAPD-2026-1333802,29.420001,-98.549062,1790894584000,http://www.sanantonio.gov/sapd/Calls.aspx,Blue,a tbd link,26,10
10/01/26, 9:40:14,S0 Ih 35 N Ofrp Wb Ih 10 W,78212,Traffic Calls,Traffic Related,1220,DOWNTOWN,SAPD-2026-1334521,29.432388,-98.500526,1790908814000,http://www.sanantonio.gov/sapd/Calls.aspx,Yellow,a tbd link,26,10
10/01/26, 5:43:51,7100 Elusive Pass,78233,Other Calls,Animal Related,3250,NORTH,SAPD-2026-1333806,29.575107,-98.34854,1790894631000,http://www.sanantonio.gov/sapd/Calls.aspx,Blue,a tbd link,26,10
10/01/26, 9:36:49,Patron / Poteet Jourdanton Fwy,78224,Traffic Calls,Minor Accident,6140,SOUTH,SAPD-2026-1334513,29.338442,-98.550576,1790908609000,http://www.sanantonio.gov/sapd/Calls.aspx,Yellow,a tbd link,26,10
10/01/26, 5:44:45,15602-15999 Nacogdoches Rd,78247,Traffic Calls,Traffic Related,3250,NORTH,SAPD-2026-1333816,29.583623,-98.364894,1790894685000,http://www.sanantonio.gov/sapd/Calls.aspx,Yellow,a tbd link,26,10
10/01/26, 9:39:06,100 Talavera Pkwy,78232,Other Calls,Disturbance Family,7240,PRUE,SAPD-2026-1334518,29.603546,-98.50195,1790908746000,http://www.sanantonio.gov/sapd/Calls.aspx,Blue,a tbd link,26,10
10/01/26, 5:44:07,14600 Hillside Rdg,78233,Crimes Against Person Calls,Assault In Progress,3250,NORTH,SAPD-2026-1333811,29.574599,-98.355839,1790894647000,http://www.sanantonio.gov/sapd/Calls.aspx,Red,a tbd link,26,10
10/01/26, 9:38:28,1000 S San Eduardo,78237,Crimes Against Person Calls,Assault In Progress,5110,WEST,SAPD-2026-1334516,29.415978,-98.560442,1790908708000,http://www.sanantonio.gov/sapd/Calls.aspx,Red,a tbd link,26,10
10/01/26, 5:42:54,9800 Airport Blvd,78216,Other Calls,Assist the Public,SAT1,AIRPORT,SAPD-2026-1333801,29.526619,-98.471844,1790894574000,http://www.sanantonio.gov/sapd/Calls.aspx,Blue,a tbd link,26,10
10/01/26, 9:40:11,5300 Medical Dr,78240,Other Calls,Assist the Public,7160,PRUE,SAPD-2026-1334522,29.505483,-98.590456,1790908811000,http://www.sanantonio.gov/sapd/Calls.aspx,Blue,a tbd link,26,10
10/01/26, 5:44:32,Culebra Rd / Hillcrest Dr,78228,Other Calls,Injured/Sick Person,5250,WEST,SAPD-2026-1333815,29.449705,-98.572363,1790894672000,http://www.sanantonio.gov/sapd/Calls.aspx,Blue,a tbd link,26,10
10/01/26, 9:39:40,4028-4099 Vance Jackson Rd,78213,Crimes Against Person Calls,Assault In Progress,2230,CENTRAL,SAPD-2026-1334520,29.510997,-98.535124,1790908780000,http://www.sanantonio.gov/sapd/Calls.aspx,Red,a tbd link,26,10
10/01/26, 5:45:13,9500 Culebra Rd,78251,Traffic Calls,Traffic Related,7370,PRUE,SAPD-2026-1333818,29.487503,-98.672191,1790894713000,http://www.sanantonio.gov/sapd/Calls.aspx,Yellow,a tbd link,26,10
10/01/26, 9:38:47,4601-4621 FREDERICKSBURG RD,78201,Traffic Calls,DWI,NOT SAPD BEX - 5,SAPD OUTSIDE AREA,SAPD-2026-1334517,29.492733,-98.553904,1790908727000,http://www.sanantonio.gov/sapd/Calls.aspx,Yellow,a tbd link,26,10
10/01/26, 5:44:57,500 Humble Ave,78225,Property Crime Calls,Burglary,6110,SOUTH,SAPD-2026-1333817,29.387823,-98.538483,1790894697000,http://www.sanantonio.gov/sapd/Calls.aspx,Green,a tbd link,26,10
10/01/26, 9:39:26,11750-11998 US HWY 281 N NB,78216,Traffic Calls,Traffic Related,3350,NORTH,SAPD-2026-1334519,29.547931,-98.488758,1790908766000,http://www.sanantonio.gov/sapd/Calls.aspx,Yellow,a tbd link,26,10
10/01/26, 5:44:20,8400 OLD GRISSOM RD,78251,Other Calls,Patrol By,7330,PRUE,SAPD-2026-1333812,29.475165,-98.65415,1790894660000,http://www.sanantonio.gov/sapd/Calls.aspx,Blue,a tbd link,26,10
10/01/26, 9:42:25,Club Dr / Vollum Ave,78201,Other Calls,Welfare Check,5230,WEST,SAPD-2026-1334525,29.466019,-98.529075,1790908945000,http://www.sanantonio.gov/sapd/Calls.aspx,Blue,a tbd link,26,10
10/01/26, 9:50:46,6700 Utsa Blvd,78249,Crimes Against Person Calls,Lewd Conduct,7250,PRUE,SAPD-2026-1334555,29.577856,-98.627278,1790909446000,http://www.sanantonio.gov/sapd/Calls.aspx,Red,a tbd link,26,10
10/01/26, 5:47:32,4800 Goldfield Dr,78218,Other Calls,Welfare Check,4340,EAST,SAPD-2026-1333822,29.482792,-98.397425,1790894852000,http://www.sanantonio.gov/sapd/Calls.aspx,Blue,a tbd link,26,10
10/01/26, 9:42:02,E Southcross Blvd / Se Loop 410,78222,Traffic Calls,Traffic Related,4250,EAST,SAPD-2026-1334524,29.372573,-98.395249,1790908922000,http://www.sanantonio.gov/sapd/Calls.aspx,Yellow,a tbd link,26,10
10/01/26, 5:46:40,5900 Danny Kaye Dr,78240,Property Crime Calls,Theft In Progress,7160,PRUE,SAPD-2026-1333819,29.509297,-98.597841,1790894800000,http://www.sanantonio.gov/sapd/Calls.aspx,Green,a tbd link,26,10
10/01/26, 9:50:10,6800 Maple Spg,78249,Other Calls,Disturbance,7340,PRUE,SAPD-2026-1334538,29.556215,-98.626384,1790909410000,http://www.sanantonio.gov/sapd/Calls.aspx,Blue,a tbd link,26,10
10/01/26, 5:48:29,Blanco Rd / Basse Rd,78212,Traffic Calls,Traffic Related,2210,CENTRAL,SAPD-2026-1333824,29.488424,-98.507831,1790894909000,http://www.sanantonio.gov/sapd/Calls.aspx,Yellow,a tbd link,26,10
10/01/26, 9:42:12,VANCE JACKSON RD,78230,Traffic Calls,Traffic Related,7210,PRUE,SAPD-2026-1334523,29.511811,-98.535114,1790908932000,http://www.sanantonio.gov/sapd/Calls.aspx,Yellow,a tbd link,26,10
10/01/26, 5:53:56,300 Carlota,78228,Other Calls,Welfare Check,5130,WEST,SAPD-2026-1333837,29.446975,-98.584096,1790895236000,http://www.sanantonio.gov/sapd/Calls.aspx,Blue,a tbd link,26,10
10/01/26, 9:45:14,2200 Flora Vista,78224,Other Calls,Welfare Check,6140,SOUTH,SAPD-2026-1334529,29.336983,-98.544383,1790909114000,http://www.sanantonio.gov/sapd/Calls.aspx,Blue,a tbd link,26,10
10/01/26, 5:47:44,3200 Bolmore,78223,Crimes Against Person Calls,Assault In Progress,4260,EAST,SAPD-2026-1333823,29.364603,-98.438236,1790894864000,http://www.sanantonio.gov/sapd/Calls.aspx,Red,a tbd link,26,10
10/01/26, 5:53:33,12700 Vista Del Norte,78216,Crimes Against Person Calls,Threats,7240,PRUE,SAPD-2026-1333839,29.558799,-98.513383,1790895213000,http://www.sanantonio.gov/sapd/Calls.aspx,Red,a tbd link,26,10
10/01/26, 9:43:48,8000-8898 IH 10 W SB,78230,Traffic Calls,Traffic Related,7120,PRUE,SAPD-2026-1334526,29.515902,-98.553826,1790909028000,http://www.sanantonio.gov/sapd/Calls.aspx,Yellow,a tbd link,26,10
10/01/26, 5:49:07,7200 San Pedro Ave,78216,Other Calls,Disturbance,3320,NORTH,SAPD-2026-1333825,29.513966,-98.499869,1790894947000,http://www.sanantonio.gov/sapd/Calls.aspx,Blue,a tbd link,26,10
10/01/26, 9:48:22,11100 Christus Hills,78251,Crimes Against Person Calls,Assault,5360,WEST,SAPD-2026-1334536,29.465,-98.69748,1790909302000,http://www.sanantonio.gov/sapd/Calls.aspx,Red,a tbd link,26,10
10/01/26, 5:56:53,7100 W Loop 1604 N,78254,Property Crime Calls,Theft of Vehicle,7360,PRUE,SAPD-2026-1333848,29.50586,-98.700094,1790895413000,http://www.sanantonio.gov/sapd/Calls.aspx,Green,a tbd link,26,10
10/01/26, 9:48:53,9700 Hidden Falls,78250,Other Calls,Disturbance Family,7370,PRUE,SAPD-2026-1334537,29.494484,-98.692523,1790909333000,http://www.sanantonio.gov/sapd/Calls.aspx,Blue,a tbd link,26,10
10/01/26, 5:48:03,8000 GRISSOM RD,78251,Other Calls,Patrol By,7330,PRUE,SAPD-2026-1333821,29.47708,-98.645583,1790894883000,http://www.sanantonio.gov/sapd/Calls.aspx,Blue,a tbd link,26,10
10/01/26, 9:50:50,Nw 36th St / Willard Dr,78228,Other Calls,Assist the Public,5220,WEST,SAPD-2026-1334543,29.46392,-98.570699,1790909450000,http://www.sanantonio.gov/sapd/Calls.aspx,Blue,a tbd link,26,10
10/01/26, 5:51:42,500 Alta Sita,78237,Other Calls,Welfare Check,5110,WEST,SAPD-2026-1333832,29.429822,-98.551467,1790895102000,http://www.sanantonio.gov/sapd/Calls.aspx,Blue,a tbd link,26,10
10/01/26, 5:49:17,4201-4335 EISENHAUER RD,78218,Traffic Calls,Traffic Related,4350,EAST,SAPD-2026-1333826,29.49655,-98.412054,1790894957000,http://www.sanantonio.gov/sapd/Calls.aspx,Yellow,a tbd link,26,10
10/01/26, 9:50:26,1000 Sunglo Dr,78221,Other Calls,Assist the Public,6150,SOUTH,SAPD-2026-1334541,29.352608,-98.520146,1790909426000,http://www.sanantonio.gov/sapd/Calls.aspx,Blue,a tbd link,26,10
10/01/26, 5:53:03,16901-16999 Wurzbach Pkwy Wb,78247,Traffic Calls,Traffic Related,3220,NORTH,SAPD-2026-1333835,29.546875,-98.440583,1790895183000,http://www.sanantonio.gov/sapd/Calls.aspx,Yellow,a tbd link,26,10
10/01/26, 9:50:24,17900 La Cantera Pkwy,78257,Property Crime Calls,Burglary Vehicle,7260,PRUE,SAPD-2026-1334542,29.611852,-98.594553,1790909424000,http://www.sanantonio.gov/sapd/Calls.aspx,Green,a tbd link,26,10
10/01/26, 5:49:23,100 GRANTHAM,78218,Other Calls,Patrol By,4350,EAST,SAPD-2026-1333827,29.485499,-98.418507,1790894963000,http://www.sanantonio.gov/sapd/Calls.aspx,Blue,a tbd link,26,10
10/01/26, 9:52:06,Simple Way / E Sandalwood Ln,78209,Other Calls,Welfare Check,3330,NORTH,SAPD-2026-1334548,29.508978,-98.47319,1790909526000,http://www.sanantonio.gov/sapd/Calls.aspx,Blue,a tbd link,26,10
10/01/26, 5:49:45,7000 Fm 78,78244,Other Calls,SAPD Non-Emergency Call,NOT SAPD BEX,SAPD OUTSIDE AREA,SAPD-2026-1333829,29.48482,-98.349894,1790894985000,http://www.sanantonio.gov/sapd/Calls.aspx,Blue,a tbd link,26,10
10/01/26, 9:50:23,9700 Hidden Falls,78250,Other Calls,Disturbance Family,7370,PRUE,SAPD-2026-1334539,29.494484,-98.692523,1790909423000,http://www.sanantonio.gov/sapd/Calls.aspx,Blue,a tbd link,26,10
10/01/26, 5:55:34,400 Hoover Ave,78225,Other Calls,Disturbance Family,6110,SOUTH,SAPD-2026-1333845,29.384855,-98.526416,1790895334000,http://www.sanantonio.gov/sapd/Calls.aspx,Blue,a tbd link,26,10
10/01/26, 9:57:44,300 Dresden Dr,78213,Traffic Calls,Traffic Related,2220,CENTRAL,SAPD-2026-1334562,29.498955,-98.518334,1790909864000,http://www.sanantonio.gov/sapd/Calls.aspx,Yellow,a tbd link,26,10
10/01/26, 5:52:13,800 Babcock Rd,78201,Crimes Against Person Calls,Assault In Progress,5230,WEST,SAPD-2026-1333834,29.478252,-98.55244,1790895133000,http://www.sanantonio.gov/sapd/Calls.aspx,Red,a tbd link,26,10
10/01/26, 9:52:43,6000 Old Pearsall Rd,78242,Other Calls,Suspicious Person,6340,SOUTH,SAPD-2026-1334554,29.344319,-98.616771,1790909563000,http://www.sanantonio.gov/sapd/Calls.aspx,Blue,a tbd link,26,10
10/01/26, 5:53:39,Wurzbach Pkwy Wb / Wetmore Rd,78247,Traffic Calls,Traffic Related,3220,NORTH,SAPD-2026-1333836,29.546219,-98.435804,1790895219000,http://www.sanantonio.gov/sapd/Calls.aspx,Yellow,a tbd link,26,10
10/01/26, 9:51:10,5500 Culebra Rd,78228,Property Crime Calls,Theft,5140,WEST,SAPD-2026-1334547,29.44727,-98.596419,1790909470000,http://www.sanantonio.gov/sapd/Calls.aspx,Green,a tbd link,26,10
10/01/26, 5:55:27,22700 Us Hwy 281 N,78258,Property Crime Calls,Theft,3150,NORTH,SAPD-2026-1333850,29.652364,-98.447328,1790895327000,http://www.sanantonio.gov/sapd/Calls.aspx,Green,a tbd link,26,10
10/01/26, 9:51:53,8500 Adams Hill Dr,78227,Other Calls,Wanted Person,5340,WEST,SAPD-2026-1334550,29.410246,-98.655705,1790909513000,http://www.sanantonio.gov/sapd/Calls.aspx,Blue,a tbd link,26,10
10/01/26, 5:55:10,4100 Ih 10 E,78219,Other Calls,Missing Person/Runaway,4160,EAST,SAPD-2026-1333842,29.430917,-98.415325,1790895310000,http://www.sanantonio.gov/sapd/Calls.aspx,Blue,a tbd link,26,10
10/01/26, 9:51:33,13100 Watson Rd,78073,Crimes Against Person Calls,Assault In Progress,6160,SOUTH,SAPD-2026-1334546,29.293756,-98.600861,1790909493000,http://www.sanantonio.gov/sapd/Calls.aspx,Red,a tbd link,26,10
10/01/26, 5:52:04,3100 N LOOP 1604 W,78231,Other Calls,Patrol By,7240,PRUE,SAPD-2026-1333833,29.600967,-98.540292,1790895124000,http://www.sanantonio.gov/sapd/Calls.aspx,Blue,a tbd link,26,10
10/01/26, 5:55:34,7300 GRISSOM RD,78251,Other Calls,Patrol By,7330,PRUE,SAPD-2026-1333843,29.482331,-98.633136,1790895334000,http://www.sanantonio.gov/sapd/Calls.aspx,Blue,a tbd link,26,10
10/01/26, 9:52:22,Wurzbach Pkwy Eb / Nacogdoches Rd,78217,Traffic Calls,Traffic Related,3360,NORTH,SAPD-2026-1334551,29.54068,-98.421292,1790909542000,http://www.sanantonio.gov/sapd/Calls.aspx,Yellow,a tbd link,26,10
10/01/26, 5:56:52,Wurzbach Pkwy Wb / Starcrest Dr,78247,Traffic Calls,Traffic Related,3130,NORTH,SAPD-2026-1333849,29.545762,-98.45453,1790895412000,http://www.sanantonio.gov/sapd/Calls.aspx,Yellow,a tbd link,26,10
10/01/26, 9:52:26,100 Dallas St,78205,Other Calls,Miscellaneous,1130,DOWNTOWN,SAPD-2026-1334552,29.433825,-98.492242,1790909546000,http://www.sanantonio.gov/sapd/Calls.aspx,Blue,a tbd link,26,10
10/01/26, 5:56:04,9800 Airport Blvd,78216,Other Calls,Injured/Sick Person,SAT1,AIRPORT,SAPD-2026-1333846,29.526619,-98.471844,1790895364000,http://www.sanantonio.gov/sapd/Calls.aspx,Blue,a tbd link,26,10
10/01/26, 9:52:39,6901-7099 S ZARZAMORA ST,78224,Traffic Calls,Traffic Related,6130,SOUTH,SAPD-2026-1334553,29.356685,-98.534133,1790909559000,http://www.sanantonio.gov/sapd/Calls.aspx,Yellow,a tbd link,26,10
10/01/26, 6:00:59,100 Beatrice Ave,78214,Crimes Against Person Calls,Assault,6210,SOUTH,SAPD-2026-1333873,29.376747,-98.499969,1790895659000,http://www.sanantonio.gov/sapd/Calls.aspx,Red,a tbd link,26,10
10/01/26, 9:55:43,13100 Watson Rd,78073,Crimes Against Person Calls,Assault In Progress,6160,SOUTH,SAPD-2026-1334556,29.293756,-98.600861,1790909743000,http://www.sanantonio.gov/sapd/Calls.aspx,Red,a tbd link,26,10
10/01/26, 5:57:58,2700 Monterey St,78207,Property Crime Calls,Burglary,2330,CENTRAL,SAPD-2026-1333851,29.426128,-98.528513,1790895478000,http://www.sanantonio.gov/sapd/Calls.aspx,Green,a tbd link,26,10
10/01/26, 9:57:07,2800 Ih 35 N,78208,Other Calls,Disturbance,4130,EAST,SAPD-2026-1334560,29.438903,-98.444139,1790909827000,http://www.sanantonio.gov/sapd/Calls.aspx,Blue,a tbd link,26,10
10/01/26, 5:56:32,I0 10 W SB,78201,Traffic Calls,Traffic Related,5240,WEST,SAPD-2026-1333847,29.482516,-98.527532,1790895392000,http://www.sanantonio.gov/sapd/Calls.aspx,Yellow,a tbd link,26,10
10/01/26, 9:55:50,100 Bailey Ave,78210,Other Calls,Narcotic Laws,4150,EAST,SAPD-2026-1334557,29.39393,-98.472357,1790909750000,http://www.sanantonio.gov/sapd/Calls.aspx,Blue,a tbd link,26,10
10/01/26, 6:00:37,4000 Christinas Brook,78245,Other Calls,SAPD Non-Emergency Call,NOT SAPD BEX,SAPD OUTSIDE AREA,SAPD-2026-1333859,29.391228,-98.789084,1790895637000,http://www.sanantonio.gov/sapd/Calls.aspx,Blue,a tbd link,26,10
10/01/26, 9:56:10,5500 Culebra Rd,78228,Other Calls,Narcotic Laws,5140,WEST,SAPD-2026-1334561,29.44727,-98.596419,1790909770000,http://www.sanantonio.gov/sapd/Calls.aspx,Blue,a tbd link,26,10
10/01/26, 5:59:37,900 Gardina St,78201,Crimes Against Person Calls,Suspicious Vehicle,5240,WEST,SAPD-2026-1333855,29.480073,-98.529366,1790895577000,http://www.sanantonio.gov/sapd/Calls.aspx,Red,a tbd link,26,10
10/01/26, 9:59:29,200 E Basse Rd,78209,Property Crime Calls,Burglary Vehicle,3330,NORTH,SAPD-2026-1334572,29.494433,-98.482175,1790909969000,http://www.sanantonio.gov/sapd/Calls.aspx,Green,a tbd link,26,10
10/01/26, 6:02:19,6600 S Flores St,78214,Other Calls,Assist the Public,6230,SOUTH,SAPD-2026-1333870,29.357757,-98.491419,1790895739000,http://www.sanantonio.gov/sapd/Calls.aspx,Blue,a tbd link,26,10
10/01/26, 9:57:07,Patron / Poteet Jourdanton Fwy,78224,Traffic Calls,Major Accident,6140,SOUTH,SAPD-2026-1334558,29.338442,-98.550576,1790909827000,http://www.sanantonio.gov/sapd/Calls.aspx,Yellow,a tbd link,26,10
10/01/26, 6:02:04,11400 Perrin Beitel,78217,Other Calls,Narcotic Laws,3210,NORTH,SAPD-2026-1333869,29.543417,-98.412294,1790895724000,http://www.sanantonio.gov/sapd/Calls.aspx,Blue,a tbd link,26,10
10/01/26, 9:58:41,100 Talavera Pkwy,78232,Other Calls,Disturbance Neighbor,7240,PRUE,SAPD-2026-1334564,29.606138,-98.506581,1790909921000,http://www.sanantonio.gov/sapd/Calls.aspx,Blue,a tbd link,26,10
10/01/26, 5:59:42,3500 El Paso St,78207,Other Calls,Disturbance,2350,CENTRAL,SAPD-2026-1333856,29.421775,-98.539796,1790895582000,http://www.sanantonio.gov/sapd/Calls.aspx,Blue,a tbd link,26,10
10/01/26, 9:59:18,200 Woodlake Dr,78229,Crimes Against Person Calls,Suspicious Vehicle,7110,PRUE,SAPD-2026-1334565,29.496219,-98.558733,1790909958000,http://www.sanantonio.gov/sapd/Calls.aspx,Red,a tbd link,26,10
10/01/26, 6:00:40,6700 W Loop 1604 N,78254,Other Calls,Disturbance,5350,WEST,SAPD-2026-1333860,29.499569,-98.70311,1790895640000,http://www.sanantonio.gov/sapd/Calls.aspx,Blue,a tbd link,26,10
10/01/26, 9:59:38,9700 Airport Blvd,78216,Traffic Calls,Abandoned Vehicle,SAT1,AIRPORT,SAPD-2026-1334569,29.527705,-98.472816,1790909978000,http://www.sanantonio.gov/sapd/Calls.aspx,Yellow,a tbd link,26,10
10/01/26, 6:02:13,2800 N Loop 1604 E,78232,Traffic Calls,Minor Accident,3140,NORTH,SAPD-2026-1333871,29.602261,-98.444254,1790895733000,http://www.sanantonio.gov/sapd/Calls.aspx,Yellow,a tbd link,26,10
10/01/26, 9:59:26,2601-2719 Nw Loop 410,78230,Traffic Calls,Major Accident,7210,PRUE,SAPD-2026-1334566,29.511583,-98.536154,1790909966000,http://www.sanantonio.gov/sapd/Calls.aspx,Yellow,a tbd link,26,10
10/01/26, 6:01:56,6700 W Loop 1604 N,78254,Property Crime Calls,Theft,5350,WEST,SAPD-2026-1333875,29.500973,-98.704094,1790895716000,http://www.sanantonio.gov/sapd/Calls.aspx,Green,a tbd link,26,10
10/01/26,10:00:11 PM,4100 Vance Jackson Rd,78230,Traffic Calls,Major Accident,7210,PRUE,SAPD-2026-1334570,29.512125,-98.53512,1790910011000,http://www.sanantonio.gov/sapd/Calls.aspx,Yellow,a tbd link,26,10
10/01/26, 6:07:11,2700 Se Military Dr,78223,Property Crime Calls,Theft,6240,SOUTH,SAPD-2026-1333890,29.352831,-98.448833,1790896031000,http://www.sanantonio.gov/sapd/Calls.aspx,Green,a tbd link,26,10
10/01/26,10:03:34 PM,6000 Randolph Blvd,78239,Other Calls,Suspicious Person,3230,NORTH,SAPD-2026-1334578,29.539694,-98.369299,1790910214000,http://www.sanantonio.gov/sapd/Calls.aspx,Blue,a tbd link,26,10
10/01/26, 6:01:09,1600 Saltillo St,78207,Other Calls,Disturbance,2350,CENTRAL,SAPD-2026-1333864,29.411689,-98.538928,1790895669000,http://www.sanantonio.gov/sapd/Calls.aspx,Blue,a tbd link,26,10
10/01/26,10:03:11 PM,1600 Cable Ranch Rd,78245,Other Calls,Disturbance,5330,WEST,SAPD-2026-1334576,29.433459,-98.654139,1790910191000,http://www.sanantonio.gov/sapd/Calls.aspx,Blue,a tbd link,26,10
10/01/26, 5:59:53,100 CAMARON,78205,Other Calls,Patrol By,1120,DOWNTOWN,SAPD-2026-1333857,29.425464,-98.495853,1790895593000,http://www.sanantonio.gov/sapd/Calls.aspx,Blue,a tbd link,26,10
10/01/26,10:05:43 PM,Nacogdoches Rd / Thousand Oaks Dr,78217,Other Calls,Welfare Check,3240,NORTH,SAPD-2026-1334586,29.55077,-98.407894,1790910343000,http://www.sanantonio.gov/sapd/Calls.aspx,Blue,a tbd link,26,10
10/01/26, 6:01:35,7000 Culebra Rd,78238,Other Calls,Visitation Violation,5160,WEST,SAPD-2026-1333866,29.45009,-98.626662,1790895695000,http://www.sanantonio.gov/sapd/Calls.aspx,Blue,a tbd link,26,10
10/01/26,10:02:42 PM,9900 State Hwy 16 S,78224,Crimes Against Person Calls,Fight,6160,SOUTH,SAPD-2026-1334575,29.318156,-98.552883,1790910162000,http://www.sanantonio.gov/sapd/Calls.aspx,Red,a tbd link,26,10
10/01/26, 6:00:54,4200 BRIARGLEN,78218,Other Calls,Patrol By,4360,EAST,SAPD-2026-1333861,29.510802,-98.411012,1790895654000,http://www.sanantonio.gov/sapd/Calls.aspx,Blue,a tbd link,26,10
10/01/26,10:04:35 PM,18700 Stone Oak Pkwy,78258,Other Calls,Disturbance,3160,NORTH,SAPD-2026-1334581,29.610306,-98.492328,1790910275000,http://www.sanantonio.gov/sapd/Calls.aspx,Blue,a tbd link,26,10
10/01/26,10:03:23 PM,3501-3599 Nw Loop 410 Wb,78229,Traffic Calls,Traffic Related,7110,PRUE,SAPD-2026-1334577,29.499164,-98.550403,1790910203000,http://www.sanantonio.gov/sapd/Calls.aspx,Yellow,a tbd link,26,10
10/01/26, 6:01:35,Sw Loop 410 / State Hwy 151,78227,Traffic Calls,Major Accident,5160,WEST,SAPD-2026-1333867,29.434415,-98.642988,1790895695000,http://www.sanantonio.gov/sapd/Calls.aspx,Yellow,a tbd link,26,10
10/01/26,10:04:05 PM,11700 Ih 35 N,78233,Other Calls,Disturbance,3230,NORTH,SAPD-2026-1334580,29.544983,-98.365906,1790910245000,http://www.sanantonio.gov/sapd/Calls.aspx,Blue,a tbd link,26,10
10/01/26, 6:02:31,S0 Loop 410 Access Rd,78227,Traffic Calls,Major Accident,5170,WEST,SAPD-2026-1333872,29.432047,-98.646658,1790895751000,http://www.sanantonio.gov/sapd/Calls.aspx,Yellow,a tbd link,26,10
10/01/26,10:06:15 PM,Ih 10 W Nb / Nw Loop 410 Wb,78213,Traffic Calls,Traffic Related,7210,PRUE,SAPD-2026-1334588,29.502034,-98.548828,1790910375000,http://www.sanantonio.gov/sapd/Calls.aspx,Yellow,a tbd link,26,10
10/01/26, 6:04:31,1200 Agora Palms Dr,78258,Other Calls,Disturbance,3160,NORTH,SAPD-2026-1333881,29.619495,-98.474475,1790895871000,http://www.sanantonio.gov/sapd/Calls.aspx,Blue,a tbd link,26,10
10/01/26,10:06:35 PM,100 Illg,78211,Other Calls,Patrol By,6120,SOUTH,SAPD-2026-1334590,29.380168,-98.52967,1790910395000,http://www.sanantonio.gov/sapd/Calls.aspx,Blue,a tbd link,26,10
10/01/26, 6:02:50,5500 Evers Rd,78238,Traffic Calls,Traffic Related,7140,PRUE,SAPD-2026-1333874,29.487311,-98.595918,1790895770000,http://www.sanantonio.gov/sapd/Calls.aspx,Yellow,a tbd link,26,10
10/01/26,10:05:16 PM,1400 Schley Ave,78210,Other Calls,Disturbance Family,4150,EAST,SAPD-2026-1334584,29.393581,-98.462685,1790910316000,http://www.sanantonio.gov/sapd/Calls.aspx,Blue,a tbd link,26,10
10/01/26, 6:04:29,5600 W Loop 1604 N,78251,Property Crime Calls,Theft,5350,WEST,SAPD-2026-1333882,29.488383,-98.70463,1790895869000,http://www.sanantonio.gov/sapd/Calls.aspx,Green,a tbd link,26,10
10/01/26,10:06:38 PM,9700 Hidden Falls,78250,Other Calls,Disturbance Family,7370,PRUE,SAPD-2026-1334589,29.494484,-98.692523,1790910398000,http://www.sanantonio.gov/sapd/Calls.aspx,Blue,a tbd link,26,10
10/01/26, 6:06:59,100 Exeter Place Dr,78253,Property Crime Calls,Theft,NOT SAPD BEX,SAPD OUTSIDE AREA,SAPD-2026-1333891,29.433538,-98.731761,1790896019000,http://www.sanantonio.gov/sapd/Calls.aspx,Green,a tbd link,26,10
10/01/26,10:06:18 PM,2800 W Hutchins Place,78224,Other Calls,Disturbance,6330,SOUTH,SAPD-2026-1334591,29.34491,-98.549581,1790910378000,http://www.sanantonio.gov/sapd/Calls.aspx,Blue,a tbd link,26,10
10/01/26, 6:06:17,Rittiman Rd / Austin Hwy,78209,Traffic Calls,Traffic Related,3340,NORTH,SAPD-2026-1333886,29.484816,-98.452974,1790895977000,http://www.sanantonio.gov/sapd/Calls.aspx,Yellow,a tbd link,26,10
10/01/26,10:04:49 PM,7300-7399 New Laredo Hwy,78211,Crimes Against Person Calls,Robbery of Individual,6320,SOUTH,SAPD-2026-1334583,29.355475,-98.563234,1790910289000,http://www.sanantonio.gov/sapd/Calls.aspx,Red,a tbd link,26,10
10/01/26, 6:06:17,4200 Greystone Dr,78233,Other Calls,Assist the Public,3210,NORTH,SAPD-2026-1333887,29.538876,-98.410102,1790895977000,http://www.sanantonio.gov/sapd/Calls.aspx,Blue,a tbd link,26,10
10/01/26,10:06:26 PM,5500 Culebra Rd,78228,Other Calls,Disturbance,5140,WEST,SAPD-2026-1334592,29.44727,-98.596419,1790910386000,http://www.sanantonio.gov/sapd/Calls.aspx,Blue,a tbd link,26,10
10/01/26, 6:05:35,13000 Jones Maltsberger Rd,78247,Other Calls,Assist the Public,3220,NORTH,SAPD-2026-1333895,29.559728,-98.459693,1790895935000,http://www.sanantonio.gov/sapd/Calls.aspx,Blue,a tbd link,26,10
10/01/26,10:12:20 PM,5700 Gillis Dr,78240,Other Calls,Miscellaneous,7140,PRUE,SAPD-2026-1334605,29.495264,-98.598475,1790910740000,http://www.sanantonio.gov/sapd/Calls.aspx,Blue,a tbd link,26,10
10/01/26, 6:05:27,500 Alta Sita,78237,Other Calls,Welfare Check,5110,WEST,SAPD-2026-1333885,29.429822,-98.551467,1790895927000,http://www.sanantonio.gov/sapd/Calls.aspx,Blue,a tbd link,26,10
10/01/26,10:08:06 PM,S0 IH 10 W ONRP HILDEBRAND AVE,78201,Traffic Calls,Traffic Related,5240,WEST,SAPD-2026-1334594,29.463932,-98.516123,1790910486000,http://www.sanantonio.gov/sapd/Calls.aspx,Yellow,a tbd link,26,10
10/01/26, 6:03:57,3200 KAISER DR,78222,Other Calls,Patrol By,4250,EAST,SAPD-2026-1333877,29.388039,-98.396944,1790895837000,http://www.sanantonio.gov/sapd/Calls.aspx,Blue,a tbd link,26,10
10/01/26,10:10:04 PM,5200 Fredericksburg Rd,78229,Other Calls,Disturbance,7130,PRUE,SAPD-2026-1334601,29.503957,-98.561764,1790910604000,http://www.sanantonio.gov/sapd/Calls.aspx,Blue,a tbd link,26,10
10/01/26, 6:07:57,700 N San Marcos,78207,Other Calls,Disturbance Family,2310,CENTRAL,SAPD-2026-1333893,29.432654,-98.508037,1790896077000,http://www.sanantonio.gov/sapd/Calls.aspx,Blue,a tbd link,26,10
10/01/26,10:09:40 PM,Nw Loop 410 Wb / Fredericksburg Rd,78229,Traffic Calls,Traffic Related,7110,PRUE,SAPD-2026-1334600,29.49418,-98.554699,1790910580000,http://www.sanantonio.gov/sapd/Calls.aspx,Yellow,a tbd link,26,10
10/01/26, 6:07:05,400 Westmoreland,78213,Other Calls,Disturbance Family,2220,CENTRAL,SAPD-2026-1333888,29.494757,-98.517359,1790896025000,http://www.sanantonio.gov/sapd/Calls.aspx,Blue,a tbd link,26,10
10/01/26,10:12:03 PM,N0 Loop 410 Wb,78229,Traffic Calls,Traffic Related,7110,PRUE,SAPD-2026-1334604,29.500034,-98.550008,1790910723000,http://www.sanantonio.gov/sapd/Calls.aspx,Yellow,a tbd link,26,10
10/01/26, 6:08:45,8500 Tom Slick,78229,Other Calls,Missing Person - Endangered,7150,PRUE,SAPD-2026-1333897,29.520076,-98.576195,1790896125000,http://www.sanantonio.gov/sapd/Calls.aspx,Blue,a tbd link,26,10
10/01/26,10:13:33 PM,7800 Ih 35 S,78224,Other Calls,Disturbance,6330,SOUTH,SAPD-2026-1334608,29.35249,-98.535319,1790910813000,http://www.sanantonio.gov/sapd/Calls.aspx,Blue,a tbd link,26,10
10/01/26, 6:04:57,300 AURORA AVE,78228,Other Calls,Patrol By,5130,WEST,SAPD-2026-1333883,29.442702,-98.571936,1790895897000,http://www.sanantonio.gov/sapd/Calls.aspx,Blue,a tbd link,26,10
10/01/26,10:14:14 PM,1800 Deer Rdg,78232,Other Calls,Disturbance,3140,NORTH,SAPD-2026-1334617,29.576397,-98.46627,1790910854000,http://www.sanantonio.gov/sapd/Calls.aspx,Blue,a tbd link,26,10
10/01/26, 6:08:00,1500 Alametos St,78201,Crimes Against Person Calls,Suspicious Vehicle,5240,WEST,SAPD-2026-1333898,29.47685,-98.521185,1790896080000,http://www.sanantonio.gov/sapd/Calls.aspx,Red,a tbd link,26,10
10/01/26,10:11:16 PM,100 E Houston St,78205,Other Calls,Disturbance,1120,DOWNTOWN,SAPD-2026-1334602,29.426358,-98.493306,1790910676000,http://www.sanantonio.gov/sapd/Calls.aspx,Blue,a tbd link,26,10
10/01/26, 6:07:16,4100 N Loop 1604 E,78247,Other Calls,Visitation Violation,3240,NORTH,SAPD-2026-1333889,29.600605,-98.41075,1790896036000,http://www.sanantonio.gov/sapd/Calls.aspx,Blue,a tbd link,26,10
10/01/26,10:14:15 PM,3900 Balentine,78257,Other Calls,Welfare Check,7260,PRUE,SAPD-2026-1334612,29.610246,-98.56136,1790910855000,http://www.sanantonio.gov/sapd/Calls.aspx,Blue,a tbd link,26,10
10/01/26, 6:09:11,200 Beam,78221,Crimes Against Person Calls,Threats,6250,SOUTH,SAPD-2026-1333901,29.329508,-98.500881,1790896151000,http://www.sanantonio.gov/sapd/Calls.aspx,Red,a tbd link,26,10
10/01/26,10:15:46 PM,2900 Sw Military Dr,78224,Other Calls,Information,6330,SOUTH,SAPD-2026-1334619,29.356923,-98.54492,1790910946000,http://www.sanantonio.gov/sapd/Calls.aspx,Blue,a tbd link,26,10
10/01/26, 6:09:12,Sendero Falls / Sonora Crk,78232,Traffic Calls,Minor Accident,3140,NORTH,SAPD-2026-1333902,29.599505,-98.44541,1790896152000,http://www.sanantonio.gov/sapd/Calls.aspx,Yellow,a tbd link,26,10
10/01/26,10:12:24 PM,5300 Blk Nw Loop 410 Wb,78229,Traffic Calls,Traffic Related,7140,PRUE,SAPD-2026-1334606,29.485667,-98.591641,1790910744000,http://www.sanantonio.gov/sapd/Calls.aspx,Yellow,a tbd link,26,10
10/01/26, 6:09:38,800 S San Augustine,78237,Other Calls,Disturbance,5110,WEST,SAPD-2026-1333903,29.419335,-98.556261,1790896178000,http://www.sanantonio.gov/sapd/Calls.aspx,Blue,a tbd link,26,10
10/01/26,10:14:03 PM,4100 Parkdale Dr,78229,Other Calls,Disturbance,7120,PRUE,SAPD-2026-1334611,29.525675,-98.563939,1790910843000,http://www.sanantonio.gov/sapd/Calls.aspx,Blue,a tbd link,26,10
10/01/26, 6:10:29,700 W Mayfield Blvd,78211,Other Calls,Visitation Violation,6130,SOUTH,SAPD-2026-1333906,29.362151,-98.535356,1790896229000,http://www.sanantonio.gov/sapd/Calls.aspx,Blue,a tbd link,26,10
10/01/26,10:15:23 PM,70 Pecan Valley Cir,78223,Other Calls,Disturbance Family,4210,EAST,SAPD-2026-1334616,29.379194,-98.43104,1790910923000,http://www.sanantonio.gov/sapd/Calls.aspx,Blue,a tbd link,26,10
10/01/26, 6:08:20,10700 NACOGDOCHES RD,78217,Other Calls,Patrol By,3360,NORTH,SAPD-2026-1333894,29.535464,-98.42296,1790896100000,http://www.sanantonio.gov/sapd/Calls.aspx,Blue,a tbd link,26,10
10/01/26,10:14:02 PM,9900 State Hwy 16 S,78224,Crimes Against Person Calls,Fight,6160,SOUTH,SAPD-2026-1334610,29.318416,-98.552353,1790910842000,http://www.sanantonio.gov/sapd/Calls.aspx,Red,a tbd link,26,10
10/01/26, 6:09:10,9700 Airport Blvd,78216,Other Calls,Property Lost,SAT1,AIRPORT,SAPD-2026-1333899,29.527705,-98.472816,1790896150000,http://www.sanantonio.gov/sapd/Calls.aspx,Blue,a tbd link,26,10
10/01/26,10:14:49 PM,8900 Seacliff,78242,Crimes Against Person Calls,Suspicious Vehicle,6340,SOUTH,SAPD-2026-1334615,29.337636,-98.605601,1790910889000,http://www.sanantonio.gov/sapd/Calls.aspx,Red,a tbd link,26,10
10/01/26, 6:13:08,400 Savannah Dr,78213,Other Calls,Welfare Check,2230,CENTRAL,SAPD-2026-1333914,29.499717,-98.53899,1790896388000,http://www.sanantonio.gov/sapd/Calls.aspx,Blue,a tbd link,26,10
10/01/26,10:14:14 PM,Ne Loop 410 Wb / Us Hwy 281 N Nb,78216,Traffic Calls,Traffic Related,3330,NORTH,SAPD-2026-1334613,29.520383,-98.479771,1790910854000,http://www.sanantonio.gov/sapd/Calls.aspx,Yellow,a tbd link,26,10
10/01/26, 6:13:10,Wurzbach Pkwy Wb / Starcrest Dr,78247,Traffic Calls,Traffic Related,3130,NORTH,SAPD-2026-1333915,29.545762,-98.45453,1790896390000,http://www.sanantonio.gov/sapd/Calls.aspx,Yellow,a tbd link,26,10
10/01/26,10:16:13 PM,11600 WOOD HARBOR,78249,Property Crime Calls,Burglary Vehicle,7340,PRUE,SAPD-2026-1334621,29.550106,-98.605533,1790910973000,http://www.sanantonio.gov/sapd/Calls.aspx,Green,a tbd link,26,10
10/01/26, 6:14:09,100 Bandera Rd,78228,Property Crime Calls,Theft In Progress,5220,WEST,SAPD-2026-1333917,29.447257,-98.542411,1790896449000,http://www.sanantonio.gov/sapd/Calls.aspx,Green,a tbd link,26,10
10/01/26,10:19:09 PM,700 S Chupaderas,78207,Crimes Against Person Calls,Suspicious Vehicle,2330,CENTRAL,SAPD-2026-1334624,29.421038,-98.524386,1790911149000,http://www.sanantonio.gov/sapd/Calls.aspx,Red,a tbd link,26,10
10/01/26, 6:10:35,S Hackberry St / E Drexel Ave,78210,Traffic Calls,Officer Traffic Stop,4120,EAST,SAPD-2026-1333905,29.400751,-98.473479,1790896235000,http://www.sanantonio.gov/sapd/Calls.aspx,Yellow,a tbd link,26,10
10/01/26,10:18:22 PM,Wiseman Blvd,78253,Other Calls,Welfare Check,5360,WEST,SAPD-2026-1334622,29.465527,-98.713297,1790911102000,http://www.sanantonio.gov/sapd/Calls.aspx,Blue,a tbd link,26,10
10/01/26, 6:14:36,Sw Loop 410 / State Hwy 151,78227,Traffic Calls,Major Accident,5170,WEST,SAPD-2026-1333919,29.43268,-98.643536,1790896476000,http://www.sanantonio.gov/sapd/Calls.aspx,Yellow,a tbd link,26,10
10/01/26,10:20:03 PM,100 Collins Ct,78228,Other Calls,Missing Person - Endangered,2360,CENTRAL,SAPD-2026-1334629,29.440515,-98.541291,1790911203000,http://www.sanantonio.gov/sapd/Calls.aspx,Blue,a tbd link,26,10
10/01/26,10:19:18 PM,7000 Culebra Rd,78238,Other Calls,Disturbance Neighbor,5160,WEST,SAPD-2026-1334625,29.45009,-98.626662,1790911158000,http://www.sanantonio.gov/sapd/Calls.aspx,Blue,a tbd link,26,10
10/01/26, 6:11:06,8200 MAINLAND DR,78240,Other Calls,Patrol By,7320,PRUE,SAPD-2026-1333907,29.517677,-98.632239,1790896266000,http://www.sanantonio.gov/sapd/Calls.aspx,Blue,a tbd link,26,10
10/01/26,10:20:44 PM,S Loop 1604 E / Pleasanton Rd,78221,Other Calls,SAPD Non-Emergency Call,NOT SAPD BEX,SAPD OUTSIDE AREA,SAPD-2026-1334628,29.21398,-98.501494,1790911244000,http://www.sanantonio.gov/sapd/Calls.aspx,Blue,a tbd link,26,10
10/01/26, 6:11:59,1600 Culebra Rd,78201,Crimes Against Person Calls,Holdup Alarm In Progress,5210,WEST,SAPD-2026-1333909,29.446172,-98.535731,1790896319000,http://www.sanantonio.gov/sapd/Calls.aspx,Red,a tbd link,26,10
10/01/26,10:24:33 PM,900 Merida St,78207,Other Calls,Information,2350,CENTRAL,SAPD-2026-1334643,29.409644,-98.53442,1790911473000,http://www.sanantonio.gov/sapd/Calls.aspx,Blue,a tbd link,26,10
10/01/26, 6:12:36,700-798 CAMARON,78207,Other Calls,Patrol By,1130,DOWNTOWN,SAPD-2026-1333911,29.431578,-98.497763,1790896356000,http://www.sanantonio.gov/sapd/Calls.aspx,Blue,a tbd link,26,10
10/01/26,10:22:32 PM,9200 Cinnamon Hill,78240,Other Calls,Disturbance Neighbor,7150,PRUE,SAPD-2026-1334636,29.5288,-98.582653,1790911352000,http://www.sanantonio.gov/sapd/Calls.aspx,Blue,a tbd link,26,10
10/01/26, 6:13:58,8000-8180 State Hwy 151,78227,Traffic Calls,Major Accident,5170,WEST,SAPD-2026-1333927,29.432645,-98.643992,1790896438000,http://www.sanantonio.gov/sapd/Calls.aspx,Yellow,a tbd link,26,10
10/01/26,10:21:24 PM,Stonewall Ave / Huron St,78211,Crimes Against Person Calls,Assault In Progress,6120,SOUTH,SAPD-2026-1334634,29.373416,-98.526317,1790911284000,http://www.sanantonio.gov/sapd/Calls.aspx,Red,a tbd link,26,10
10/01/26, 6:12:45,2800 CAMINO COAHUILTECA,78214,Other Calls,Patrol By,6260,SOUTH,SAPD-2026-1333912,29.319217,-98.448943,1790896365000,http://www.sanantonio.gov/sapd/Calls.aspx,Blue,a tbd link,26,10
10/01/26,10:21:40 PM,3300 Ih 35 N,78219-2300,Crimes Against Person Calls,Fight Gun Involved,4160,EAST,SAPD-2026-1334635,29.44509,-98.431008,1790911300000,http://www.sanantonio.gov/sapd/Calls.aspx,Red,a tbd link,26,10
10/01/26, 6:13:04,10 10TH ST,78215,Other Calls,Patrol By,1130,DOWNTOWN,SAPD-2026-1333913,29.435417,-98.482083,1790896384000,http://www.sanantonio.gov/sapd/Calls.aspx,Blue,a tbd link,26,10
10/01/26,10:23:01 PM,1700 Basse Rd,78213,Traffic Calls,Minor Accident,2220,CENTRAL,SAPD-2026-1334638,29.488712,-98.513518,1790911381000,http://www.sanantonio.gov/sapd/Calls.aspx,Yellow,a tbd link,26,10
10/01/26, 6:15:59,15200 Eaglebrook,78232,Other Calls,Welfare Check,3140,NORTH,SAPD-2026-1333924,29.577251,-98.448862,1790896559000,http://www.sanantonio.gov/sapd/Calls.aspx,Blue,a tbd link,26,10
10/01/26,10:22:59 PM,9900 State Hwy 16 S,78224,Other Calls,Disturbance,6160,SOUTH,SAPD-2026-1334639,29.318842,-98.551341,1790911379000,http://www.sanantonio.gov/sapd/Calls.aspx,Blue,a tbd link,26,10
10/01/26, 6:15:57,6200 San Pedro Ave,78216-7207,Property Crime Calls,Theft of Vehicle,3310,NORTH,SAPD-2026-1333921,29.494198,-98.499806,1790896557000,http://www.sanantonio.gov/sapd/Calls.aspx,Green,a tbd link,26,10
10/01/26,10:25:50 PM,6200 Pecan Valley Dr,78223,Crimes Against Person Calls,Suspicious Vehicle,4260,EAST,SAPD-2026-1334651,29.365863,-98.439635,1790911550000,http://www.sanantonio.gov/sapd/Calls.aspx,Red,a tbd link,26,10
10/01/26, 6:13:31,3900 PECAN VALLEY DR,78210,Other Calls,Patrol By,4210,EAST,SAPD-2026-1333916,29.386139,-98.429205,1790896411000,http://www.sanantonio.gov/sapd/Calls.aspx,Blue,a tbd link,26,10
10/01/26,10:26:43 PM,200 S Alamo St,78205,Other Calls,Disturbance,1110,DOWNTOWN,SAPD-2026-1334652,29.422331,-98.4871,1790911603000,http://www.sanantonio.gov/sapd/Calls.aspx,Blue,a tbd link,26,10
10/01/26,10:27:22 PM,2100 Gold Canyon Rd,78232-1701,Other Calls,Welfare Check,3140,NORTH,SAPD-2026-1334669,29.604849,-98.458863,1790911642000,http://www.sanantonio.gov/sapd/Calls.aspx,Blue,a tbd link,26,10
10/01/26, 6:16:34,11600 Tech Com,78233,Traffic Calls,Accident Private Property,3230,NORTH,SAPD-2026-1333925,29.543818,-98.375431,1790896594000,http://www.sanantonio.gov/sapd/Calls.aspx,Yellow,a tbd link,26,10
10/01/26,10:24:37 PM,12500 Sw Loop 410,78224,Crimes Against Person Calls,Assault In Progress,6160,SOUTH,SAPD-2026-1334642,29.318272,-98.554801,1790911477000,http://www.sanantonio.gov/sapd/Calls.aspx,Red,a tbd link,26,10
10/01/26, 6:17:54,100 Brady Blvd,78207,Other Calls,Animal Related,2340,CENTRAL,SAPD-2026-1333933,29.401991,-98.523729,1790896674000,http://www.sanantonio.gov/sapd/Calls.aspx,Blue,a tbd link,26,10
10/01/26,10:24:58 PM,1000 Sunglo Dr,78221,Other Calls,Prowler,6150,SOUTH,SAPD-2026-1334644,29.352608,-98.520146,1790911498000,http://www.sanantonio.gov/sapd/Calls.aspx,Blue,a tbd link,26,10
10/01/26, 6:18:32,400 W Loop 1604 S,78245,Property Crime Calls,Theft,5360,WEST,SAPD-2026-1333935,29.428774,-98.712928,1790896712000,http://www.sanantonio.gov/sapd/Calls.aspx,Green,a tbd link,26,10
10/01/26,10:25:42 PM,3300 Research Plaza,78235,Crimes Against Person Calls,Assault,6270,SOUTH,SAPD-2026-1334647,29.345328,-98.438158,1790911542000,http://www.sanantonio.gov/sapd/Calls.aspx,Red,a tbd link,26,10
10/01/26, 6:16:28,3800 E LOOP 1604 N,78109,Other Calls,Wanted Person,4310,EAST,SAPD-2026-1333923,29.464511,-98.289341,1790896588000,http://www.sanantonio.gov/sapd/Calls.aspx,Blue,a tbd link,26,10
10/01/26,10:25:21 PM,12100 Water Valley,78249,Other Calls,Suspicious Person,7350,PRUE,SAPD-2026-1334645,29.557715,-98.646568,1790911521000,http://www.sanantonio.gov/sapd/Calls.aspx,Blue,a tbd link,26,10
10/01/26, 6:16:28,9700 Airport Blvd,78216,Traffic Calls,Traffic Related,SAT1,AIRPORT,SAPD-2026-1333928,29.527705,-98.472816,1790896588000,http://www.sanantonio.gov/sapd/Calls.aspx,Yellow,a tbd link,26,10
10/01/26,10:26:50 PM,1100 Kentucky Ave,78201,Crimes Against Person Calls,Suspicious Vehicle,5210,WEST,SAPD-2026-1334654,29.446794,-98.530104,1790911610000,http://www.sanantonio.gov/sapd/Calls.aspx,Red,a tbd link,26,10
10/01/26, 6:18:14,22001-22299 Us Hwy 281 N Sb,78258,Traffic Calls,Traffic Related,3160,NORTH,SAPD-2026-1333931,29.647849,-98.451292,1790896694000,http://www.sanantonio.gov/sapd/Calls.aspx,Yellow,a tbd link,26,10
10/01/26,10:26:05 PM,Ih 10 W Nb / W Hildebrand Ave,78201,Traffic Calls,Officer Traffic Stop,2210,CENTRAL,SAPD-2026-1334650,29.466444,-98.515732,1790911565000,http://www.sanantonio.gov/sapd/Calls.aspx,Yellow,a tbd link,26,10
10/01/26, 6:16:01,UNNAMED TRAIL IN MILAM WESLEY TEALER PARK,78222,Other Calls,Patrol By,4250,EAST,SAPD-2026-1333922,29.395288,-98.38109,1790896561000,http://www.sanantonio.gov/sapd/Calls.aspx,Blue,a tbd link,26,10
10/01/26,10:28:17 PM,5400 Elm Valley Dr,78242,Other Calls,Welfare Check,6350,SOUTH,SAPD-2026-1334661,29.356804,-98.606121,1790911697000,http://www.sanantonio.gov/sapd/Calls.aspx,Blue,a tbd link,26,10
10/01/26, 6:19:39,3000 Thousand Oaks Dr,78247,Crimes Against Person Calls,Suspicious Vehicle,3220,NORTH,SAPD-2026-1333938,29.575246,-98.439122,1790896779000,http://www.sanantonio.gov/sapd/Calls.aspx,Red,a tbd link,26,10
10/01/26,10:27:30 PM,4800 Callaghan Rd,78228,Other Calls,Disturbance,5260,WEST,SAPD-2026-1334656,29.474405,-98.595294,1790911650000,http://www.sanantonio.gov/sapd/Calls.aspx,Blue,a tbd link,26,10
10/01/26, 6:16:41,100 IRA LEE RD,78218,Other Calls,Patrol By,4360,EAST,SAPD-2026-1333926,29.501387,-98.421396,1790896601000,http://www.sanantonio.gov/sapd/Calls.aspx,Blue,a tbd link,26,10
10/01/26,10:31:10 PM,500 Koehler Ct,78223,Other Calls,Disturbance Neighbor,6240,SOUTH,SAPD-2026-1334680,29.366409,-98.458124,1790911870000,http://www.sanantonio.gov/sapd/Calls.aspx,Blue,a tbd link,26,10
10/01/26, 6:18:22,8400 Broadway,78209,Traffic Calls,Minor Accident,3330,NORTH,SAPD-2026-1333932,29.515982,-98.464758,1790896702000,http://www.sanantonio.gov/sapd/Calls.aspx,Yellow,a tbd link,26,10
10/01/26,10:30:15 PM,4700 Military Dr W,78242,Other Calls,Disturbance,6350,SOUTH,SAPD-2026-1334671,29.36565,-98.591445,1790911815000,http://www.sanantonio.gov/sapd/Calls.aspx,Blue,a tbd link,26,10
10/01/26, 6:18:29,700 Blk Ih 37 S Nb,78210,Traffic Calls,Wrong Way Driver,1110,DOWNTOWN,SAPD-2026-1333934,29.412784,-98.480155,1790896709000,http://www.sanantonio.gov/sapd/Calls.aspx,Yellow,a tbd link,26,10
10/01/26, 6:18:55,Ih 10 W / Vantage Way,78230,Traffic Calls,Minor Accident,7340,PRUE,SAPD-2026-1333936,29.549303,-98.58611,1790896735000,http://www.sanantonio.gov/sapd/Calls.aspx,Yellow,a tbd link,26,10
10/01/26,10:28:49 PM,400 N Frio St,78207,Other Calls,Disturbance,2310,CENTRAL,SAPD-2026-1334665,29.429044,-98.50325,1790911729000,http://www.sanantonio.gov/sapd/Calls.aspx,Blue,a tbd link,26,10
10/01/26, 6:17:56,5600 SAN FERNANDO ST,78237,Other Calls,Patrol By,5140,WEST,SAPD-2026-1333929,29.426393,-98.571296,1790896676000,http://www.sanantonio.gov/sapd/Calls.aspx,Blue,a tbd link,26,10
10/01/26,10:29:29 PM,3500 Wurzbach Rd,78238,Other Calls,Disturbance,5310,WEST,SAPD-2026-1334664,29.471167,-98.623799,1790911769000,http://www.sanantonio.gov/sapd/Calls.aspx,Blue,a tbd link,26,10
10/01/26, 6:22:11,600 Mc Dougal Ave,78223,Other Calls,Welfare Check,4210,EAST,SAPD-2026-1333945,29.38132,-98.442874,1790896931000,http://www.sanantonio.gov/sapd/Calls.aspx,Blue,a tbd link,26,10
10/01/26,10:33:08 PM,Meadow Hill / Joe Newton,78251,Other Calls,Patrol By,5320,WEST,SAPD-2026-1334686,29.46316,-98.638002,1790911988000,http://www.sanantonio.gov/sapd/Calls.aspx,Blue,a tbd link,26,10
10/01/26,10:30:00 PM,1200 Jewett St,78237,Crimes Against Person Calls,Suspicious Vehicle,5140,WEST,SAPD-2026-1334668,29.423908,-98.567201,1790911800000,http://www.sanantonio.gov/sapd/Calls.aspx,Red,a tbd link,26,10
10/01/26,10:31:41 PM,5100 Eisenhauer Rd,78218,Property Crime Calls,Criminal Mischief In Progress,4340,EAST,SAPD-2026-1334682,29.495837,-98.386497,1790911901000,http://www.sanantonio.gov/sapd/Calls.aspx,Green,a tbd link,26,10
10/01/26, 6:19:32,700 W Mayfield Blvd,78211,Other Calls,Visitation Violation,6130,SOUTH,SAPD-2026-1333937,29.362151,-98.535356,1790896772000,http://www.sanantonio.gov/sapd/Calls.aspx,Blue,a tbd link,26,10
10/01/26,10:31:37 PM,17300 Vance Jackson Rd,78257,Property Crime Calls,Burglary Vehicle,7260,PRUE,SAPD-2026-1334681,29.603686,-98.596275,1790911897000,http://www.sanantonio.gov/sapd/Calls.aspx,Green,a tbd link,26,10
10/01/26, 6:23:33,5300 Linda Colonia,78233,Traffic Calls,Traffic Related,3210,NORTH,SAPD-2026-1333954,29.549296,-98.385274,1790897013000,http://www.sanantonio.gov/sapd/Calls.aspx,Yellow,a tbd link,26,10
10/01/26,10:33:06 PM,1500 Santa Rita St,78214,Other Calls,Animal Related,6260,SOUTH,SAPD-2026-1334685,29.320157,-98.473742,1790911986000,http://www.sanantonio.gov/sapd/Calls.aspx,Blue,a tbd link,26,10
10/01/26, 6:22:36,8300 Ih 10 W,78230-3800,Property Crime Calls,Theft,7120,PRUE,SAPD-2026-1333958,29.517496,-98.555087,1790896956000,http://www.sanantonio.gov/sapd/Calls.aspx,Green,a tbd link,26,10
10/01/26,10:31:17 PM,4600 Briley Elm,78247,Crimes Against Person Calls,Assault In Progress,3260,NORTH,SAPD-2026-1334676,29.59765,-98.398755,1790911877000,http://www.sanantonio.gov/sapd/Calls.aspx,Red,a tbd link,26,10
10/01/26, 6:20:44,1500 W Sunshine,78228,Other Calls,Welfare Check,5250,WEST,SAPD-2026-1333943,29.469246,-98.574939,1790896844000,http://www.sanantonio.gov/sapd/Calls.aspx,Blue,a tbd link,26,10
10/01/26,10:31:21 PM,1800 S General Mcmullen,78226,Traffic Calls,Major Accident,6310,SOUTH,SAPD-2026-1334677,29.397561,-98.5576,1790911881000,http://www.sanantonio.gov/sapd/Calls.aspx,Yellow,a tbd link,26,10
10/01/26,10:31:22 PM,1800-1899 S General Mcmullen,78226,Traffic Calls,Major Accident,6310,SOUTH,SAPD-2026-1334678,29.397475,-98.557939,1790911882000,http://www.sanantonio.gov/sapd/Calls.aspx,Yellow,a tbd link,26,10
10/01/26, 6:20:08,700 W Mayfield Blvd,78211,Other Calls,Visitation Violation,6130,SOUTH,SAPD-2026-1333948,29.362151,-98.535356,1790896808000,http://www.sanantonio.gov/sapd/Calls.aspx,Blue,a tbd link,26,10
10/01/26,10:31:06 PM,1800 Blk S General Mcmullen,78226,Traffic Calls,Major Accident,6310,SOUTH,SAPD-2026-1334674,29.396787,-98.55816,1790911866000,http://www.sanantonio.gov/sapd/Calls.aspx,Yellow,a tbd link,26,10
10/01/26, 6:20:25,900 S Alamo St,78210,Other Calls,Disturbance,1110,DOWNTOWN,SAPD-2026-1333940,29.414096,-98.490892,1790896825000,http://www.sanantonio.gov/sapd/Calls.aspx,Blue,a tbd link,26,10
10/01/26,10:31:17 PM,1800-1899 S General Mcmullen,78226,Traffic Calls,Major Accident,6310,SOUTH,SAPD-2026-1334675,29.397475,-98.557939,1790911877000,http://www.sanantonio.gov/sapd/Calls.aspx,Yellow,a tbd link,26,10
10/01/26, 6:27:43,5600 Sherry,78242,Traffic Calls,Traffic Related,6340,SOUTH,SAPD-2026-1333971,29.350433,-98.608406,1790897263000,http://www.sanantonio.gov/sapd/Calls.aspx,Yellow,a tbd link,26,10
10/01/26,10:36:45 PM,Ih 35 N / Seguin Rd,78219,Other Calls,Miscellaneous,4160,EAST,SAPD-2026-1334697,29.450241,-98.423703,1790912205000,http://www.sanantonio.gov/sapd/Calls.aspx,Blue,a tbd link,26,10
10/01/26, 6:21:40,Wurzbach Pkwy Wb / Starcrest Dr,78247,Traffic Calls,Traffic Related,3130,NORTH,SAPD-2026-1333944,29.545762,-98.45453,1790896900000,http://www.sanantonio.gov/sapd/Calls.aspx,Yellow,a tbd link,26,10
10/01/26,10:31:37 PM,200 W NUEVA,78207,Other Calls,Patrol By,1120,DOWNTOWN,SAPD-2026-1334679,29.422956,-98.497522,1790911897000,http://www.sanantonio.gov/sapd/Calls.aspx,Blue,a tbd link,26,10
10/01/26, 6:22:57,4400 W Commerce St,78237,Other Calls,Patrol By,5110,WEST,SAPD-2026-1333946,29.430312,-98.549256,1790896977000,http://www.sanantonio.gov/sapd/Calls.aspx,Blue,a tbd link,26,10
10/01/26,10:32:37 PM,9800 Airport Blvd,78216,Other Calls,Assist the Public,SAT1,AIRPORT,SAPD-2026-1334683,29.526619,-98.471844,1790911957000,http://www.sanantonio.gov/sapd/Calls.aspx,Blue,a tbd link,26,10
10/01/26, 6:20:39,1400 Cable Ranch Rd,78245,Other Calls,Property Lost,5330,WEST,SAPD-2026-1333941,29.423215,-98.657997,1790896839000,http://www.sanantonio.gov/sapd/Calls.aspx,Blue,a tbd link,26,10
10/01/26,10:42:39 PM,8800 Redbud Woods,78250,Other Calls,Missing Person/Runaway,7320,PRUE,SAPD-2026-1334751,29.514856,-98.658333,1790912559000,http://www.sanantonio.gov/sapd/Calls.aspx,Blue,a tbd link,26,10
10/01/26, 6:23:30,300 Betty Jean,78223,Other Calls,Disturbance,6240,SOUTH,SAPD-2026-1333953,29.372622,-98.459619,1790897010000,http://www.sanantonio.gov/sapd/Calls.aspx,Blue,a tbd link,26,10
10/01/26,10:33:58 PM,1800 S General Mcmullen,78226,Crimes Against Person Calls,Holdup Alarm In Progress,6310,SOUTH,SAPD-2026-1334688,29.397561,-98.5576,1790912038000,http://www.sanantonio.gov/sapd/Calls.aspx,Red,a tbd link,26,10
10/01/26, 6:22:48,14200 Cross Canyon,78232,Other Calls,Visitation Violation,3130,NORTH,SAPD-2026-1333947,29.569014,-98.472138,1790896968000,http://www.sanantonio.gov/sapd/Calls.aspx,Blue,a tbd link,26,10
10/01/26,10:35:00 PM,W Thompson Place / S General Mcmullen,78226,Other Calls,Welfare Check,6310,SOUTH,SAPD-2026-1334693,29.396583,-98.558053,1790912100000,http://www.sanantonio.gov/sapd/Calls.aspx,Blue,a tbd link,26,10
10/01/26, 6:24:28,3600 E Houston St,78219,Other Calls,Visitation Violation,4160,EAST,SAPD-2026-1333960,29.42532,-98.426945,1790897068000,http://www.sanantonio.gov/sapd/Calls.aspx,Blue,a tbd link,26,10
10/01/26,10:33:57 PM,9900 State Hwy 16 S,78224,Crimes Against Person Calls,Fight,6160,SOUTH,SAPD-2026-1334691,29.318416,-98.552353,1790912037000,http://www.sanantonio.gov/sapd/Calls.aspx,Red,a tbd link,26,10
10/01/26, 6:23:02,1300 Sw Loop 410,78227,Property Crime Calls,Burglary Vehicle In Progress,5330,WEST,SAPD-2026-1333950,29.422013,-98.649952,1790896982000,http://www.sanantonio.gov/sapd/Calls.aspx,Green,a tbd link,26,10
10/01/26, 6:25:28,IH 10 W NB / HUEBNER RD,78230,Other Calls,Welfare Check,7230,PRUE,SAPD-2026-1333964,29.544665,-98.578693,1790897128000,http://www.sanantonio.gov/sapd/Calls.aspx,Blue,a tbd link,26,10
10/01/26,10:35:06 PM,5100 Elk Crk,78251,Other Calls,Suspicious Person,5350,WEST,SAPD-2026-1334692,29.481812,-98.674923,1790912106000,http://www.sanantonio.gov/sapd/Calls.aspx,Blue,a tbd link,26,10
10/01/26, 6:23:30,Wurzbach Pkwy Wb / Starcrest Dr,78247,Traffic Calls,Traffic Related,3130,NORTH,SAPD-2026-1333952,29.545762,-98.45453,1790897010000,http://www.sanantonio.gov/sapd/Calls.aspx,Yellow,a tbd link,26,10
10/01/26,10:37:49 PM,Nw Loop 410 Eb / Culebra Rd,78245,Other Calls,Welfare Check,5310,WEST,SAPD-2026-1334703,29.452997,-98.629918,1790912269000,http://www.sanantonio.gov/sapd/Calls.aspx,Blue,a tbd link,26,10
10/01/26, 6:23:57,300 Betty Jean,78223,Other Calls,Disturbance,6240,SOUTH,SAPD-2026-1333955,29.372622,-98.459619,1790897037000,http://www.sanantonio.gov/sapd/Calls.aspx,Blue,a tbd link,26,10
10/01/26,10:36:57 PM,5300 Blk Nw Loop 410 Wb,78229,Traffic Calls,Traffic Related,7140,PRUE,SAPD-2026-1334700,29.485667,-98.591641,1790912217000,http://www.sanantonio.gov/sapd/Calls.aspx,Yellow,a tbd link,26,10
10/01/26, 6:23:56,9000 Floyd Curl Dr,78240,Other Calls,Welfare Check,7150,PRUE,SAPD-2026-1333957,29.527746,-98.591006,1790897036000,http://www.sanantonio.gov/sapd/Calls.aspx,Blue,a tbd link,26,10
10/01/26,10:37:26 PM,500 E Ansley Blvd,78221,Other Calls,Disturbance,6250,SOUTH,SAPD-2026-1334702,29.337251,-98.49321,1790912246000,http://www.sanantonio.gov/sapd/Calls.aspx,Blue,a tbd link,26,10
10/01/26, 6:30:07,1400 Division,78225,Property Crime Calls,Theft In Progress,6120,SOUTH,SAPD-2026-1333982,29.379427,-98.528311,1790897407000,http://www.sanantonio.gov/sapd/Calls.aspx,Green,a tbd link,26,10
10/01/26,10:39:40 PM,4100 Parkdale Dr,78229,Other Calls,Disturbance Family,7120,PRUE,SAPD-2026-1334708,29.525675,-98.563939,1790912380000,http://www.sanantonio.gov/sapd/Calls.aspx,Blue,a tbd link,26,10
10/01/26, 6:30:28,100 Blk Ih 35 N Sb,78207,Traffic Calls,Traffic Related,2310,CENTRAL,SAPD-2026-1333983,29.426269,-98.501261,1790897428000,http://www.sanantonio.gov/sapd/Calls.aspx,Yellow,a tbd link,26,10
10/01/26,10:37:08 PM,7400 US HWY 90 W,78227,Other Calls,Miscellaneous,6360,SOUTH,SAPD-2026-1334701,29.398408,-98.634513,1790912228000,http://www.sanantonio.gov/sapd/Calls.aspx,Blue,a tbd link,26,10
10/01/26, 6:24:36,300 Betty Jean,78223,Crimes Against Person Calls,Assault In Progress,6240,SOUTH,SAPD-2026-1333961,29.372622,-98.459619,1790897076000,http://www.sanantonio.gov/sapd/Calls.aspx,Red,a tbd link,26,10
10/01/26,10:37:55 PM,1100 IOWA ST,78203,Other Calls,Patrol By,4120,EAST,SAPD-2026-1334704,29.412004,-98.465375,1790912275000,http://www.sanantonio.gov/sapd/Calls.aspx,Blue,a tbd link,26,10
10/01/26, 6:26:37,8900 Sw Loop 410 Sb,78242,Traffic Calls,DWI,6340,SOUTH,SAPD-2026-1333967,29.337395,-98.623554,1790897197000,http://www.sanantonio.gov/sapd/Calls.aspx,Yellow,a tbd link,26,10
10/01/26,10:41:21 PM,8800 Flint Valley,78227,Other Calls,Suspicious Person,5340,WEST,SAPD-2026-1334712,29.411236,-98.65986,1790912481000,http://www.sanantonio.gov/sapd/Calls.aspx,Blue,a tbd link,26,10
10/01/26, 6:30:05,10400 Northampton Dr,78230,Other Calls,Welfare Check,7210,PRUE,SAPD-2026-1333981,29.536428,-98.552516,1790897405000,http://www.sanantonio.gov/sapd/Calls.aspx,Blue,a tbd link,26,10
10/01/26,10:39:12 PM,4701-4799 ROOSEVELT AVE,78214,Traffic Calls,Traffic Related,6250,SOUTH,SAPD-2026-1334707,29.333979,-98.481172,1790912352000,http://www.sanantonio.gov/sapd/Calls.aspx,Yellow,a tbd link,26,10
10/01/26,10:40:29 PM,Gibbs-sprawl Rd / Castle Cross Dr,78218,Traffic Calls,Traffic Related,4320,EAST,SAPD-2026-1334709,29.484078,-98.371821,1790912429000,http://www.sanantonio.gov/sapd/Calls.aspx,Yellow,a tbd link,26,10
10/01/26, 6:25:46,213-229 NEWELL,78215,Other Calls,Patrol By,1230,DOWNTOWN,SAPD-2026-1333965,29.440641,-98.481362,1790897146000,http://www.sanantonio.gov/sapd/Calls.aspx,Blue,a tbd link,26,10
10/01/26,10:42:38 PM,5600 Babcock Rd,78240,Other Calls,Welfare Check,7160,PRUE,SAPD-2026-1334714,29.520248,-98.597883,1790912558000,http://www.sanantonio.gov/sapd/Calls.aspx,Blue,a tbd link,26,10
10/01/26, 6:36:13,4500 Gardendale,78240,Other Calls,Assist the Public,7150,PRUE,SAPD-2026-1334007,29.525857,-98.571131,1790897773000,http://www.sanantonio.gov/sapd/Calls.aspx,Blue,a tbd link,26,10
10/01/26,10:45:56 PM,1700 Ceralvo St,78237,Crimes Against Person Calls,Threats,5120,WEST,SAPD-2026-1334725,29.408967,-98.552771,1790912756000,http://www.sanantonio.gov/sapd/Calls.aspx,Red,a tbd link,26,10
10/01/26, 6:29:33,4300 Silver Lake Dr,78219,Property Crime Calls,Theft of Vehicle,4310,EAST,SAPD-2026-1333979,29.434388,-98.409469,1790897373000,http://www.sanantonio.gov/sapd/Calls.aspx,Green,a tbd link,26,10
10/01/26,10:45:09 PM,2200 Blanco Rd,78212,Other Calls,Suspicious Person,2210,CENTRAL,SAPD-2026-1334718,29.467249,-98.507869,1790912709000,http://www.sanantonio.gov/sapd/Calls.aspx,Blue,a tbd link,26,10
10/01/26, 6:27:38,4100 Rogers Rd,78251,Other Calls,Disturbance Family,5350,WEST,SAPD-2026-1333970,29.473987,-98.693198,1790897258000,http://www.sanantonio.gov/sapd/Calls.aspx,Blue,a tbd link,26,10
10/01/26,10:42:18 PM,1100 Jennings Ave,78225,Other Calls,Welfare Check,6110,SOUTH,SAPD-2026-1334713,29.385853,-98.537833,1790912538000,http://www.sanantonio.gov/sapd/Calls.aspx,Blue,a tbd link,26,10
10/01/26, 6:28:42,6700 Babcock Rd,78249,Property Crime Calls,Theft,7340,PRUE,SAPD-2026-1333974,29.556901,-98.617442,1790897322000,http://www.sanantonio.gov/sapd/Calls.aspx,Green,a tbd link,26,10
10/01/26,10:42:08 PM,400 S Frio St,78207,Other Calls,Miscellaneous,2370,CENTRAL,SAPD-2026-1334717,29.422234,-98.505906,1790912528000,http://www.sanantonio.gov/sapd/Calls.aspx,Blue,a tbd link,26,10
10/01/26, 6:27:43,8000 Aeromedical Rd,78235,Property Crime Calls,Theft,6270,SOUTH,SAPD-2026-1333969,29.343357,-98.447494,1790897263000,http://www.sanantonio.gov/sapd/Calls.aspx,Green,a tbd link,26,10
10/01/26,10:50:47 PM,1800 Saunders,78207,Property Crime Calls,Theft of Vehicle,2330,CENTRAL,SAPD-2026-1334744,29.424131,-98.51852,1790913047000,http://www.sanantonio.gov/sapd/Calls.aspx,Green,a tbd link,26,10
10/01/26, 6:27:49,2800 Burnt Oak,78232,Crimes Against Person Calls,Cutting In Progress,3140,NORTH,SAPD-2026-1333972,29.592109,-98.447204,1790897269000,http://www.sanantonio.gov/sapd/Calls.aspx,Red,a tbd link,26,10
10/01/26,10:46:16 PM,5600 Culebra Rd,78228,Other Calls,Miscellaneous,5250,WEST,SAPD-2026-1334724,29.448802,-98.596644,1790912776000,http://www.sanantonio.gov/sapd/Calls.aspx,Blue,a tbd link,26,10
10/01/26, 6:29:21,1300 Fair Ave,78223,Other Calls,Disturbance,4220,EAST,SAPD-2026-1333977,29.383623,-98.458468,1790897361000,http://www.sanantonio.gov/sapd/Calls.aspx,Blue,a tbd link,26,10
10/01/26,10:45:39 PM,7500 Bandera Rd,78238,Property Crime Calls,Theft of Vehicle,7320,PRUE,SAPD-2026-1334722,29.508043,-98.62954,1790912739000,http://www.sanantonio.gov/sapd/Calls.aspx,Green,a tbd link,26,10
10/01/26, 6:29:11,16400 Henderson Pass,78232,Other Calls,Disturbance,3140,NORTH,SAPD-2026-1333976,29.590285,-98.446792,1790897351000,http://www.sanantonio.gov/sapd/Calls.aspx,Blue,a tbd link,26,10
10/01/26,10:43:42 PM,100-198 VALERO ST,78212,Traffic Calls,Traffic Related,1210,DOWNTOWN,SAPD-2026-1334716,29.448345,-98.483881,1790912622000,http://www.sanantonio.gov/sapd/Calls.aspx,Yellow,a tbd link,26,10
10/01/26, 6:32:42,17900 Ih 10 W,78257,Property Crime Calls,Theft,7260,PRUE,SAPD-2026-1333990,29.610833,-98.600556,1790897562000,http://www.sanantonio.gov/sapd/Calls.aspx,Green,a tbd link,26,10
10/01/26,10:45:33 PM,7400 Blk Ih 37 S Nb,78223,Traffic Calls,Traffic Related,4260,EAST,SAPD-2026-1334721,29.347415,-98.42462,1790912733000,http://www.sanantonio.gov/sapd/Calls.aspx,Yellow,a tbd link,26,10
10/01/26, 6:29:29,2800 Burnt Oak,78232,Other Calls,SAPD Emergency Call,3140,NORTH,SAPD-2026-1333978,29.592109,-98.447204,1790897369000,http://www.sanantonio.gov/sapd/Calls.aspx,Blue,a tbd link,26,10
10/01/26,10:46:00 PM,1900 Ne Loop 410,78218,Other Calls,Assist the Public,3340,NORTH,SAPD-2026-1334737,29.515246,-98.431428,1790912760000,http://www.sanantonio.gov/sapd/Calls.aspx,Blue,a tbd link,26,10
10/01/26, 6:31:42,6200 Sunset Haven Dr,78249,Other Calls,Disturbance,7340,PRUE,SAPD-2026-1333987,29.556785,-98.608776,1790897502000,http://www.sanantonio.gov/sapd/Calls.aspx,Blue,a tbd link,26,10
10/01/26,10:48:16 PM,8800 Flint Valley,78227,Other Calls,Suspicious Person,5340,WEST,SAPD-2026-1334731,29.411234,-98.659873,1790912896000,http://www.sanantonio.gov/sapd/Calls.aspx,Blue,a tbd link,26,10
10/01/26, 6:32:33,Us Hwy 87 E / E Loop 1604 S,78101,Other Calls,SAPD Non-Emergency Call,NOT SAPD BEX,SAPD OUTSIDE AREA,SAPD-2026-1333989,29.366031,-98.241733,1790897553000,http://www.sanantonio.gov/sapd/Calls.aspx,Blue,a tbd link,26,10
10/01/26,10:48:19 PM,11800 Braesview,78213,Other Calls,Disturbance Loud Music,3110,NORTH,SAPD-2026-1334732,29.546391,-98.525411,1790912899000,http://www.sanantonio.gov/sapd/Calls.aspx,Blue,a tbd link,26,10
10/01/26, 6:32:47,5700 Nw Loop 410,78238,Property Crime Calls,Theft,5270,WEST,SAPD-2026-1333991,29.481989,-98.601141,1790897567000,http://www.sanantonio.gov/sapd/Calls.aspx,Green,a tbd link,26,10
10/01/26,10:46:31 PM,6501-6649 US HWY 281 N SB,78212,Traffic Calls,Traffic Related,1240,DOWNTOWN,SAPD-2026-1334727,29.48421,-98.482332,1790912791000,http://www.sanantonio.gov/sapd/Calls.aspx,Yellow,a tbd link,26,10
10/01/26, 6:33:47,Huebner Rd / Ih 10 W,78230,Other Calls,Suspicious Person,7230,PRUE,SAPD-2026-1333994,29.544834,-98.578517,1790897627000,http://www.sanantonio.gov/sapd/Calls.aspx,Blue,a tbd link,26,10
10/01/26,10:49:52 PM,IH 37 S SB / E SOUTHCROSS BLVD,78223,Other Calls,Welfare Check,6220,SOUTH,SAPD-2026-1334740,29.375369,-98.45965,1790912992000,http://www.sanantonio.gov/sapd/Calls.aspx,Blue,a tbd link,26,10
10/01/26, 6:34:28,4100 E Loop 1604 N,78154,Crimes Against Person Calls,Suspicious Vehicle,4310,EAST,SAPD-2026-1333997,29.466945,-98.292598,1790897668000,http://www.sanantonio.gov/sapd/Calls.aspx,Red,a tbd link,26,10
10/01/26,10:49:18 PM,400 Briggs Ave,78211,Other Calls,Disturbance,6320,SOUTH,SAPD-2026-1334734,29.35603,-98.56299,1790912958000,http://www.sanantonio.gov/sapd/Calls.aspx,Blue,a tbd link,26,10
10/01/26, 6:34:57,4900 Woodstone,78230,Other Calls,Information,7230,PRUE,SAPD-2026-1333998,29.554495,-98.579176,1790897697000,http://www.sanantonio.gov/sapd/Calls.aspx,Blue,a tbd link,26,10
10/01/26,10:51:27 PM,4000 E Southcross Blvd,78222,Other Calls,Patrol By,4250,EAST,SAPD-2026-1334749,29.374749,-98.414791,1790913087000,http://www.sanantonio.gov/sapd/Calls.aspx,Blue,a tbd link,26,10
10/01/26, 6:31:09,6500 PADRE DR,78214,Other Calls,Patrol By,6260,SOUTH,SAPD-2026-1333986,29.360475,-98.473164,1790897469000,http://www.sanantonio.gov/sapd/Calls.aspx,Blue,a tbd link,26,10
10/01/26,10:51:03 PM,5700 North Knoll,78240,Other Calls,Disturbance,7160,PRUE,SAPD-2026-1334746,29.510798,-98.599392,1790913063000,http://www.sanantonio.gov/sapd/Calls.aspx,Blue,a tbd link,26,10
10/01/26, 6:36:43,800 W Bitters Rd,78232,Other Calls,Assist the Public,7240,PRUE,SAPD-2026-1334002,29.5817,-98.505183,1790897803000,http://www.sanantonio.gov/sapd/Calls.aspx,Blue,a tbd link,26,10
10/01/26,10:49:24 PM,200 NOLAN ST,78205,Other Calls,Patrol By,1130,DOWNTOWN,SAPD-2026-1334735,29.427376,-98.479958,1790912964000,http://www.sanantonio.gov/sapd/Calls.aspx,Blue,a tbd link,26,10
10/01/26, 6:32:26,300 Pool Dr,78223,Crimes Against Person Calls,Assault In Progress,4220,EAST,SAPD-2026-1333988,29.370756,-98.438114,1790897546000,http://www.sanantonio.gov/sapd/Calls.aspx,Red,a tbd link,26,10
10/01/26,10:51:32 PM,5900 Fairgreen,78242,Other Calls,Animal Related,6350,SOUTH,SAPD-2026-1334754,29.353952,-98.614016,1790913092000,http://www.sanantonio.gov/sapd/Calls.aspx,Blue,a tbd link,26,10
10/01/26, 6:35:40,5300 Medical Dr,78240,Other Calls,Disturbance,7160,PRUE,SAPD-2026-1333999,29.508014,-98.589494,1790897740000,http://www.sanantonio.gov/sapd/Calls.aspx,Blue,a tbd link,26,10
10/01/26,10:50:36 PM,4800 W Commerce St,78237,Other Calls,Suspicious Person,5110,WEST,SAPD-2026-1334743,29.432322,-98.555056,1790913036000,http://www.sanantonio.gov/sapd/Calls.aspx,Blue,a tbd link,26,10
10/01/26, 6:32:48,9800 Airport Blvd,78216,Traffic Calls,Traffic Related,SAT1,AIRPORT,SAPD-2026-1333992,29.526619,-98.471844,1790897568000,http://www.sanantonio.gov/sapd/Calls.aspx,Yellow,a tbd link,26,10
10/01/26,10:52:40 PM,5300 Crestway Rd,78239,Other Calls,Animal Related,3230,NORTH,SAPD-2026-1334759,29.523128,-98.384178,1790913160000,http://www.sanantonio.gov/sapd/Calls.aspx,Blue,a tbd link,26,10
10/01/26, 6:33:46,700 W Mayfield Blvd,78211,Other Calls,Visitation Violation,6130,SOUTH,SAPD-2026-1333995,29.362151,-98.535356,1790897626000,http://www.sanantonio.gov/sapd/Calls.aspx,Blue,a tbd link,26,10
10/01/26,10:51:05 PM,8800 Flint Valley,78227,Other Calls,Suspicious Person,5340,WEST,SAPD-2026-1334745,29.411234,-98.659873,1790913065000,http://www.sanantonio.gov/sapd/Calls.aspx,Blue,a tbd link,26,10
10/01/26, 6:37:18,7200 Hickory Grove Dr,78227,Crimes Against Person Calls,Violation of Protective Order,5170,WEST,SAPD-2026-1334006,29.422197,-98.637871,1790897838000,http://www.sanantonio.gov/sapd/Calls.aspx,Red,a tbd link,26,10
10/01/26,10:50:27 PM,2000 QUINTANA RD,78211,Other Calls,Patrol By,6320,SOUTH,SAPD-2026-1334741,29.369761,-98.558869,1790913027000,http://www.sanantonio.gov/sapd/Calls.aspx,Blue,a tbd link,26,10
10/01/26, 6:36:09,Sw Military Dr / S Zarzamora St,78224,Traffic Calls,Minor Accident,6130,SOUTH,SAPD-2026-1334000,29.356638,-98.534134,1790897769000,http://www.sanantonio.gov/sapd/Calls.aspx,Yellow,a tbd link,26,10
10/01/26,10:52:44 PM,200 N General Mcmullen,78237,Other Calls,Disturbance,5110,WEST,SAPD-2026-1334762,29.432664,-98.5549,1790913164000,http://www.sanantonio.gov/sapd/Calls.aspx,Blue,a tbd link,26,10
10/01/26, 6:34:29,9600 BANDERA RD,78250,Other Calls,Patrol By,7320,PRUE,SAPD-2026-1333996,29.533079,-98.645785,1790897669000,http://www.sanantonio.gov/sapd/Calls.aspx,Blue,a tbd link,26,10
10/01/26,10:52:35 PM,200 W Commerce St,78205,Property Crime Calls,Criminal Mischief In Progress,1120,DOWNTOWN,SAPD-2026-1334758,29.4253,-98.494762,1790913155000,http://www.sanantonio.gov/sapd/Calls.aspx,Green,a tbd link,26,10
10/01/26, 6:36:49,1700 San Patricio,78207,Other Calls,Disturbance,2350,CENTRAL,SAPD-2026-1334009,29.418521,-98.533007,1790897809000,http://www.sanantonio.gov/sapd/Calls.aspx,Blue,a tbd link,26,10
10/01/26,10:52:21 PM,400 Solar Dr,78227,Other Calls,DOA,5340,WEST,SAPD-2026-1334757,29.399691,-98.659154,1790913141000,http://www.sanantonio.gov/sapd/Calls.aspx,Blue,a tbd link,26,10
10/01/26, 6:38:25,9200 Beowulf,78254,Crimes Against Person Calls,Threats,7360,PRUE,SAPD-2026-1334010,29.529085,-98.66176,1790897905000,http://www.sanantonio.gov/sapd/Calls.aspx,Red,a tbd link,26,10
10/01/26,10:51:43 PM,3500-3539 Medical Dr,78229,Traffic Calls,Major Accident,7120,PRUE,SAPD-2026-1334753,29.52294,-98.556406,1790913103000,http://www.sanantonio.gov/sapd/Calls.aspx,Yellow,a tbd link,26,10
10/01/26, 6:39:19,200 S Ww White Rd,78219-4222,Property Crime Calls,Theft,4240,EAST,SAPD-2026-1334013,29.42739,-98.405084,1790897959000,http://www.sanantonio.gov/sapd/Calls.aspx,Green,a tbd link,26,10
10/01/26, 6:39:00,14800 Vance Jackson,78249,Other Calls,Disturbance,7230,PRUE,SAPD-2026-1334012,29.583574,-98.587156,1790897940000,http://www.sanantonio.gov/sapd/Calls.aspx,Blue,a tbd link,26,10
10/01/26,10:51:17 PM,800 N CHERRY ST,78202,Other Calls,Patrol By,1130,DOWNTOWN,SAPD-2026-1334747,29.430628,-98.476804,1790913077000,http://www.sanantonio.gov/sapd/Calls.aspx,Blue,a tbd link,26,10
10/01/26, 6:37:44,500 Live Oak St,78202,Property Crime Calls,Recovered Stolen Property,1130,DOWNTOWN,SAPD-2026-1334008,29.426951,-98.480944,1790897864000,http://www.sanantonio.gov/sapd/Calls.aspx,Green,a tbd link,26,10
10/01/26,10:52:10 PM,9800 Airport Blvd,78216,Other Calls,Assist the Public,SAT1,AIRPORT,SAPD-2026-1334756,29.526619,-98.471844,1790913130000,http://www.sanantonio.gov/sapd/Calls.aspx,Blue,a tbd link,26,10
10/01/26, 6:40:07,800 E Ashby Place,78212,Traffic Calls,Abandoned Vehicle,1210,DOWNTOWN,SAPD-2026-1334015,29.447294,-98.483366,1790898007000,http://www.sanantonio.gov/sapd/Calls.aspx,Yellow,a tbd link,26,10
10/01/26,10:51:38 PM,400 Solar Dr,78227,Other Calls,DOA,5340,WEST,SAPD-2026-1334752,29.399691,-98.659154,1790913098000,http://www.sanantonio.gov/sapd/Calls.aspx,Blue,a tbd link,26,10
10/01/26, 6:38:39,3500 Se Military Dr,78223,Property Crime Calls,Criminal Mischief In Progress,4260,EAST,SAPD-2026-1334011,29.353566,-98.425102,1790897919000,http://www.sanantonio.gov/sapd/Calls.aspx,Green,a tbd link,26,10
10/01/26,10:54:26 PM,8000 Maddie Ln,78255,Other Calls,Welfare Check,7260,PRUE,SAPD-2026-1334768,29.667707,-98.641934,1790913266000,http://www.sanantonio.gov/sapd/Calls.aspx,Blue,a tbd link,26,10
10/01/26, 6:37:11,7200 LUSKEY BLVD,78256,Other Calls,Patrol By,7260,PRUE,SAPD-2026-1334005,29.615504,-98.630264,1790897831000,http://www.sanantonio.gov/sapd/Calls.aspx,Blue,a tbd link,26,10
10/01/26,10:54:50 PM,100 Brookshire,78227,Crimes Against Person Calls,Threats,6360,SOUTH,SAPD-2026-1334767,29.37689,-98.638824,1790913290000,http://www.sanantonio.gov/sapd/Calls.aspx,Red,a tbd link,26,10
10/01/26, 6:41:10,700 Benrus Dr,78228,Other Calls,Information,5130,WEST,SAPD-2026-1334021,29.446582,-98.585201,1790898070000,http://www.sanantonio.gov/sapd/Calls.aspx,Blue,a tbd link,26,10
10/01/26,10:52:47 PM,7900 BLK S FLORES ST,78221,Traffic Calls,Traffic Related,6260,SOUTH,SAPD-2026-1334760,29.34727,-98.486808,1790913167000,http://www.sanantonio.gov/sapd/Calls.aspx,Yellow,a tbd link,26,10
10/01/26, 6:41:46,800 Eight Iron,78221,Other Calls,Disturbance,6260,SOUTH,SAPD-2026-1334020,29.304318,-98.488113,1790898106000,http://www.sanantonio.gov/sapd/Calls.aspx,Blue,a tbd link,26,10
10/01/26,10:55:40 PM,4000 Imogene Ivy,78211,Other Calls,Disturbance,6140,SOUTH,SAPD-2026-1334769,29.332336,-98.576208,1790913340000,http://www.sanantonio.gov/sapd/Calls.aspx,Blue,a tbd link,26,10
10/01/26, 6:43:37,300 Maryland St,78203,Other Calls,Welfare Check,4140,EAST,SAPD-2026-1334027,29.416733,-98.451947,1790898217000,http://www.sanantonio.gov/sapd/Calls.aspx,Blue,a tbd link,26,10
10/01/26,10:55:13 PM,300 Marshall St,78212,Other Calls,Disturbance,1220,DOWNTOWN,SAPD-2026-1334766,29.437562,-98.498922,1790913313000,http://www.sanantonio.gov/sapd/Calls.aspx,Blue,a tbd link,26,10
10/01/26, 6:43:40,Nw Loop 410 / Oak Royal Rd,78213,Other Calls,Missing Person - Endangered,NOT SAPD BEX - 00,SAPD OUTSIDE AREA,SAPD-2026-1334028,29.519963,-98.513007,1790898220000,http://www.sanantonio.gov/sapd/Calls.aspx,Blue,a tbd link,26,10
10/01/26,10:53:54 PM,15000 HEIMER RD,78232,Other Calls,Patrol By,3140,NORTH,SAPD-2026-1334763,29.579403,-98.4652,1790913234000,http://www.sanantonio.gov/sapd/Calls.aspx,Blue,a tbd link,26,10
10/01/26,10:56:04 PM,12100 Ih 35 N,78233,Crimes Against Person Calls,Suspicious Vehicle,3230,NORTH,SAPD-2026-1334771,29.548881,-98.362273,1790913364000,http://www.sanantonio.gov/sapd/Calls.aspx,Red,a tbd link,26,10
10/01/26, 6:40:45,300 N SAN FELIPE AVE,78237,Other Calls,Patrol By,5130,WEST,SAPD-2026-1334016,29.436971,-98.558186,1790898045000,http://www.sanantonio.gov/sapd/Calls.aspx,Blue,a tbd link,26,10
10/01/26,10:57:55 PM,100 Sw Loop 410,78245,Property Crime Calls,Burglary Vehicle,5160,WEST,SAPD-2026-1334777,29.436306,-98.647545,1790913475000,http://www.sanantonio.gov/sapd/Calls.aspx,Green,a tbd link,26,10
10/01/26, 6:48:50,400 W Bitters Rd,78216,Other Calls,Welfare Check,3120,NORTH,SAPD-2026-1334037,29.569167,-98.488889,1790898530000,http://www.sanantonio.gov/sapd/Calls.aspx,Blue,a tbd link,26,10
10/01/26, 6:42:10,8400 Broadway,78209,Traffic Calls,Minor Accident,3330,NORTH,SAPD-2026-1334024,29.515982,-98.464758,1790898130000,http://www.sanantonio.gov/sapd/Calls.aspx,Yellow,a tbd link,26,10
10/01/26,10:57:06 PM,Us Hwy 281 N Nb / E Hildebrand Ave,78212,Traffic Calls,Traffic Related,1230,DOWNTOWN,SAPD-2026-1334772,29.465533,-98.473717,1790913426000,http://www.sanantonio.gov/sapd/Calls.aspx,Yellow,a tbd link,26,10
10/01/26, 6:43:13,10300 Us Hwy 90 W,78245,Traffic Calls,Minor Accident,5340,WEST,SAPD-2026-1334025,29.382287,-98.696297,1790898193000,http://www.sanantonio.gov/sapd/Calls.aspx,Yellow,a tbd link,26,10
10/01/26,10:56:08 PM,1000 BROADWAY,78215,Other Calls,Patrol By,1130,DOWNTOWN,SAPD-2026-1334770,29.434308,-98.480418,1790913368000,http://www.sanantonio.gov/sapd/Calls.aspx,Blue,a tbd link,26,10
10/01/26, 6:48:09,5800 Joiner Dr,78238,Crimes Against Person Calls,Assault In Progress,7140,PRUE,SAPD-2026-1334035,29.485987,-98.597214,1790898489000,http://www.sanantonio.gov/sapd/Calls.aspx,Red,a tbd link,26,10
10/01/26,10:57:30 PM,3726-3898 Us Hwy 281 N Nb,78212,Traffic Calls,Traffic Related,1230,DOWNTOWN,SAPD-2026-1334775,29.464037,-98.474594,1790913450000,http://www.sanantonio.gov/sapd/Calls.aspx,Yellow,a tbd link,26,10
10/01/26, 6:46:11,229-233 W NUEVA,78207,Other Calls,Patrol By,1120,DOWNTOWN,SAPD-2026-1334031,29.422894,-98.496758,1790898371000,http://www.sanantonio.gov/sapd/Calls.aspx,Blue,a tbd link,26,10
10/01/26,10:57:29 PM,200 Whitewood Dr,78242,Property Crime Calls,Burglary in Progress,6350,SOUTH,SAPD-2026-1334774,29.366846,-98.600353,1790913449000,http://www.sanantonio.gov/sapd/Calls.aspx,Green,a tbd link,26,10
10/01/26, 6:50:45,7600 Blanco Rd,78216,Other Calls,Welfare Check,3110,NORTH,SAPD-2026-1334044,29.529701,-98.505223,1790898645000,http://www.sanantonio.gov/sapd/Calls.aspx,Blue,a tbd link,26,10
10/01/26,10:58:18 PM,N0 IH 10 W OFRP FALLEN LEAF,78230,Traffic Calls,Traffic Related,7210,PRUE,SAPD-2026-1334778,29.516484,-98.55344,1790913498000,http://www.sanantonio.gov/sapd/Calls.aspx,Yellow,a tbd link,26,10
10/01/26, 6:49:52,200 S Trinity St,78207,Other Calls,Disturbance,2330,CENTRAL,SAPD-2026-1334038,29.426217,-98.51797,1790898592000,http://www.sanantonio.gov/sapd/Calls.aspx,Blue,a tbd link,26,10
10/01/26,11:04:47 PM,15200 Fall Ridge Dr,78247,Other Calls,Missing Person - Endangered,3220,NORTH,SAPD-2026-1334800,29.581633,-98.437974,1790913887000,http://www.sanantonio.gov/sapd/Calls.aspx,Blue,a tbd link,26,10
10/01/26, 6:55:08,400 Carson Hill Dr,78251,Other Calls,Miscellaneous,5360,WEST,SAPD-2026-1334062,29.435687,-98.688669,1790898908000,http://www.sanantonio.gov/sapd/Calls.aspx,Blue,a tbd link,26,10
10/01/26,11:00:41 PM,2500 Babcock Rd,78229,Other Calls,Disturbance Neighbor,7140,PRUE,SAPD-2026-1334787,29.505662,-98.587953,1790913641000,http://www.sanantonio.gov/sapd/Calls.aspx,Blue,a tbd link,26,10
10/01/26,11:00:00 PM,Nogalitos St / Illg,78211,Other Calls,Patrol By,6120,SOUTH,SAPD-2026-1334783,29.38014,-98.529381,1790913600000,http://www.sanantonio.gov/sapd/Calls.aspx,Blue,a tbd link,26,10
10/01/26, 6:50:55,4000 W Commerce St,78207,Other Calls,Disturbance,2330,CENTRAL,SAPD-2026-1334046,29.42905,-98.543097,1790898655000,http://www.sanantonio.gov/sapd/Calls.aspx,Blue,a tbd link,26,10
10/01/26,11:00:38 PM,5800 Culebra Rd,78228,Crimes Against Person Calls,Assault In Progress,5140,WEST,SAPD-2026-1334788,29.448142,-98.602137,1790913638000,http://www.sanantonio.gov/sapd/Calls.aspx,Red,a tbd link,26,10
10/01/26, 6:48:30,300 N SAN IGNACIO AVE,78237,Other Calls,Patrol By,5130,WEST,SAPD-2026-1334036,29.438283,-98.560666,1790898510000,http://www.sanantonio.gov/sapd/Calls.aspx,Blue,a tbd link,26,10
10/01/26,10:59:40 PM,2200 REST HAVEN DR,78232,Other Calls,Patrol By,3140,NORTH,SAPD-2026-1334781,29.594148,-98.457922,1790913580000,http://www.sanantonio.gov/sapd/Calls.aspx,Blue,a tbd link,26,10
10/01/26,11:00:06 PM,3600 FREDERICKSBURG RD,78201,Other Calls,Patrol By,5230,WEST,SAPD-2026-1334782,29.479381,-98.540483,1790913606000,http://www.sanantonio.gov/sapd/Calls.aspx,Blue,a tbd link,26,10
10/01/26, 6:50:07,Ih 35 S / Yarrow Blvd,78224,Other Calls,Welfare Check,6330,SOUTH,SAPD-2026-1334041,29.348136,-98.540869,1790898607000,http://www.sanantonio.gov/sapd/Calls.aspx,Blue,a tbd link,26,10
10/01/26,11:00:42 PM,200 ALEXANDER RD,78201,Other Calls,Patrol By,5210,WEST,SAPD-2026-1334785,29.450767,-98.527758,1790913642000,http://www.sanantonio.gov/sapd/Calls.aspx,Blue,a tbd link,26,10
10/01/26, 6:51:12,4800 W Commerce St,78237,Property Crime Calls,Theft In Progress,5110,WEST,SAPD-2026-1334047,29.430917,-98.55578,1790898672000,http://www.sanantonio.gov/sapd/Calls.aspx,Green,a tbd link,26,10
10/01/26,11:03:01 PM,100 Waugh St,78223,Other Calls,Disturbance,4220,EAST,SAPD-2026-1334790,29.376755,-98.455762,1790913781000,http://www.sanantonio.gov/sapd/Calls.aspx,Blue,a tbd link,26,10
10/01/26, 6:50:32,7500 Potranco Rd,78251,Other Calls,Assist the Public,5160,WEST,SAPD-2026-1334042,29.452714,-98.637017,1790898632000,http://www.sanantonio.gov/sapd/Calls.aspx,Blue,a tbd link,26,10
10/01/26,11:03:12 PM,9700 Airport Blvd,78216,Other Calls,Property Found,SAT1,AIRPORT,SAPD-2026-1334795,29.527705,-98.472816,1790913792000,http://www.sanantonio.gov/sapd/Calls.aspx,Blue,a tbd link,26,10
10/01/26, 6:51:42,8900 Tintagel,78254,Crimes Against Person Calls,Threats,7360,PRUE,SAPD-2026-1334049,29.526087,-98.668402,1790898702000,http://www.sanantonio.gov/sapd/Calls.aspx,Red,a tbd link,26,10
10/01/26,11:03:07 PM,400 LEXINGTON AVE,78215,Other Calls,Patrol By,1130,DOWNTOWN,SAPD-2026-1334791,29.434246,-98.490671,1790913787000,http://www.sanantonio.gov/sapd/Calls.aspx,Blue,a tbd link,26,10
10/01/26, 6:52:44,400 N Hackberry St,78202,Other Calls,Missing Person/Runaway,4110,EAST,SAPD-2026-1334055,29.424302,-98.472887,1790898764000,http://www.sanantonio.gov/sapd/Calls.aspx,Blue,a tbd link,26,10
10/01/26,11:03:12 PM,3601-3699 COMMERCIAL AVE,78221,Traffic Calls,Traffic Related,6150,SOUTH,SAPD-2026-1334792,29.337933,-98.516214,1790913792000,http://www.sanantonio.gov/sapd/Calls.aspx,Yellow,a tbd link,26,10
10/01/26, 6:50:55,700 Linda Lou Dr,78223,Property Crime Calls,Criminal Mischief In Progress,6220,SOUTH,SAPD-2026-1334045,29.378407,-98.465048,1790898655000,http://www.sanantonio.gov/sapd/Calls.aspx,Green,a tbd link,26,10
10/01/26,11:05:28 PM,4600 E Loop 1604 N,78109,Other Calls,Disturbance Loud Music,4310,EAST,SAPD-2026-1334802,29.470902,-98.295703,1790913928000,http://www.sanantonio.gov/sapd/Calls.aspx,Blue,a tbd link,26,10
10/01/26, 6:52:15,100 Bailey Ave,78210,Other Calls,Patrol By,4150,EAST,SAPD-2026-1334053,29.39393,-98.472357,1790898735000,http://www.sanantonio.gov/sapd/Calls.aspx,Blue,a tbd link,26,10
10/01/26,11:06:37 PM,500 Koehler Ct,78223,Other Calls,Disturbance Family,6240,SOUTH,SAPD-2026-1334803,29.366409,-98.458124,1790913997000,http://www.sanantonio.gov/sapd/Calls.aspx,Blue,a tbd link,26,10
10/01/26, 6:52:03,19743-20059 Ih 10 W Sb,78257,Traffic Calls,Traffic Related,7260,PRUE,SAPD-2026-1334051,29.627306,-98.610844,1790898723000,http://www.sanantonio.gov/sapd/Calls.aspx,Yellow,a tbd link,26,10
10/01/26,11:03:54 PM,1300 SAN PEDRO AVE,78212,Other Calls,Patrol By,1220,DOWNTOWN,SAPD-2026-1334796,29.446836,-98.501425,1790913834000,http://www.sanantonio.gov/sapd/Calls.aspx,Blue,a tbd link,26,10
10/01/26, 6:53:07,2600 Robles St,78226,Property Crime Calls,Burglary Vehicle,6310,SOUTH,SAPD-2026-1334056,29.401421,-98.565038,1790898787000,http://www.sanantonio.gov/sapd/Calls.aspx,Green,a tbd link,26,10
10/01/26,11:06:48 PM,1501-2099 Us Hwy 90 W Wb,78207,Traffic Calls,Traffic Related,2350,CENTRAL,SAPD-2026-1334805,29.402565,-98.53991,1790914008000,http://www.sanantonio.gov/sapd/Calls.aspx,Yellow,a tbd link,26,10
10/01/26, 6:51:32,300 W MITCHELL ST,78204,Other Calls,Patrol By,6210,SOUTH,SAPD-2026-1334048,29.393294,-98.496914,1790898692000,http://www.sanantonio.gov/sapd/Calls.aspx,Blue,a tbd link,26,10
10/01/26,11:07:31 PM,State Hwy 151 Sb / Pinn Rd,78227,Traffic Calls,Traffic Related,5150,WEST,SAPD-2026-1334808,29.434362,-98.623681,1790914051000,http://www.sanantonio.gov/sapd/Calls.aspx,Yellow,a tbd link,26,10
10/01/26, 7:00:51,6000 Pleasant Lake,78222,Other Calls,Welfare Check,4250,EAST,SAPD-2026-1334084,29.382658,-98.373581,1790899251000,http://www.sanantonio.gov/sapd/Calls.aspx,Blue,a tbd link,26,10
10/01/26,11:06:52 PM,11600 Huebner Rd,78230,Other Calls,Welfare Check,7220,PRUE,SAPD-2026-1334806,29.547034,-98.571875,1790914012000,http://www.sanantonio.gov/sapd/Calls.aspx,Blue,a tbd link,26,10
10/01/26, 6:56:16,500 Alta Sita,78237,Other Calls,Welfare Check,5110,WEST,SAPD-2026-1334068,29.429822,-98.551467,1790898976000,http://www.sanantonio.gov/sapd/Calls.aspx,Blue,a tbd link,26,10
10/01/26,11:10:08 PM,800 Ne Loop 410,78209,Other Calls,Disturbance,3330,NORTH,SAPD-2026-1334818,29.516606,-98.465633,1790914208000,http://www.sanantonio.gov/sapd/Calls.aspx,Blue,a tbd link,26,10
10/01/26, 6:55:59,3918-3971 Fredericksburg Rd,78201,Other Calls,Suspicious Person,5230,WEST,SAPD-2026-1334066,29.48398,-98.545475,1790898959000,http://www.sanantonio.gov/sapd/Calls.aspx,Blue,a tbd link,26,10
10/01/26,11:16:56 PM,1400 Rilling Rd,78214,Crimes Against Person Calls,Threats,6260,SOUTH,SAPD-2026-1334861,29.327553,-98.47551,1790914616000,http://www.sanantonio.gov/sapd/Calls.aspx,Red,a tbd link,26,10
10/01/26, 6:52:19,13200 BLANCO RD,78231,Other Calls,Patrol By,7240,PRUE,SAPD-2026-1334052,29.56161,-98.521675,1790898739000,http://www.sanantonio.gov/sapd/Calls.aspx,Blue,a tbd link,26,10
10/01/26,11:11:03 PM,800 Ne Loop 410,78209,Other Calls,Disturbance,3330,NORTH,SAPD-2026-1334821,29.516606,-98.465633,1790914263000,http://www.sanantonio.gov/sapd/Calls.aspx,Blue,a tbd link,26,10
10/01/26, 6:52:37,4600-4698 SW MILITARY DR,78242,Traffic Calls,Traffic Related,6340,SOUTH,SAPD-2026-1334054,29.365593,-98.588032,1790898757000,http://www.sanantonio.gov/sapd/Calls.aspx,Yellow,a tbd link,26,10
10/01/26,11:08:51 PM,100 De Chantle,78201,Property Crime Calls,Burglary in Progress,5230,WEST,SAPD-2026-1334814,29.479418,-98.542841,1790914131000,http://www.sanantonio.gov/sapd/Calls.aspx,Green,a tbd link,26,10
10/01/26, 6:53:41,300 Army Blvd,78215,Other Calls,Information,1230,DOWNTOWN,SAPD-2026-1334058,29.449371,-98.47166,1790898821000,http://www.sanantonio.gov/sapd/Calls.aspx,Blue,a tbd link,26,10
10/01/26,11:11:10 PM,2300 Sw Military Dr,78224,Property Crime Calls,Burglary Vehicle,6130,SOUTH,SAPD-2026-1334823,29.354808,-98.532751,1790914270000,http://www.sanantonio.gov/sapd/Calls.aspx,Green,a tbd link,26,10
10/01/26,11:07:52 PM,6952-6998 BLANCO RD,78216,Traffic Calls,Traffic Related,3320,NORTH,SAPD-2026-1334809,29.519113,-98.506787,1790914072000,http://www.sanantonio.gov/sapd/Calls.aspx,Yellow,a tbd link,26,10
10/01/26, 6:54:13,5900 Flynn Dr,78228,Crimes Against Person Calls,Lewd Conduct,5270,WEST,SAPD-2026-1334061,29.468538,-98.60032,1790898853000,http://www.sanantonio.gov/sapd/Calls.aspx,Red,a tbd link,26,10
10/01/26,11:08:48 PM,7500 Cartwheel Ln,78227,Other Calls,Disturbance Loud Music,5170,WEST,SAPD-2026-1334813,29.406434,-98.637802,1790914128000,http://www.sanantonio.gov/sapd/Calls.aspx,Blue,a tbd link,26,10
10/01/26, 6:56:53,9300 Mimosa Manor,78245,Other Calls,Disturbance,5330,WEST,SAPD-2026-1334069,29.437417,-98.664342,1790899013000,http://www.sanantonio.gov/sapd/Calls.aspx,Blue,a tbd link,26,10
10/01/26,11:10:11 PM,300 Spriggsdale,78220,Other Calls,Suspicious Person,4160,EAST,SAPD-2026-1334819,29.417825,-98.439728,1790914211000,http://www.sanantonio.gov/sapd/Calls.aspx,Blue,a tbd link,26,10
10/01/26, 6:53:51,9700 Airport Blvd,78216,Other Calls,Property Found,SAT1,AIRPORT,SAPD-2026-1334059,29.527705,-98.472816,1790898831000,http://www.sanantonio.gov/sapd/Calls.aspx,Blue,a tbd link,26,10
10/01/26,11:12:11 PM,3400 E Southcross Blvd,78223,Other Calls,Disturbance Loud Music,4210,EAST,SAPD-2026-1334825,29.377476,-98.429453,1790914331000,http://www.sanantonio.gov/sapd/Calls.aspx,Blue,a tbd link,26,10
10/01/26, 6:59:09,900 Mcilvaine St,78201,Other Calls,Miscellaneous,2210,CENTRAL,SAPD-2026-1334076,29.473255,-98.50848,1790899149000,http://www.sanantonio.gov/sapd/Calls.aspx,Blue,a tbd link,26,10
10/01/26,11:08:58 PM,13100 JONES MALTSBERGER RD,78247,Other Calls,Patrol By,3220,NORTH,SAPD-2026-1334815,29.562231,-98.458083,1790914138000,http://www.sanantonio.gov/sapd/Calls.aspx,Blue,a tbd link,26,10
10/01/26, 7:00:36,2000 Bandera Rd,78228,Property Crime Calls,Theft,5260,WEST,SAPD-2026-1334083,29.473032,-98.578055,1790899236000,http://www.sanantonio.gov/sapd/Calls.aspx,Green,a tbd link,26,10
10/01/26,11:09:26 PM,100 CAMARON,78205,Other Calls,Patrol By,1120,DOWNTOWN,SAPD-2026-1334816,29.425464,-98.495853,1790914166000,http://www.sanantonio.gov/sapd/Calls.aspx,Blue,a tbd link,26,10
10/01/26, 6:57:42,2500 Castroville Rd,78237,Other Calls,Miscellaneous,5120,WEST,SAPD-2026-1334072,29.411736,-98.577915,1790899062000,http://www.sanantonio.gov/sapd/Calls.aspx,Blue,a tbd link,26,10
10/01/26,11:12:35 PM,4500 N Loop 1604 W,78257,Other Calls,Disturbance,7260,PRUE,SAPD-2026-1334827,29.595639,-98.57485,1790914355000,http://www.sanantonio.gov/sapd/Calls.aspx,Blue,a tbd link,26,10
10/01/26, 6:59:35,6700 Millrock Pass,78233,Other Calls,Disturbance Family,3250,NORTH,SAPD-2026-1334078,29.571589,-98.355472,1790899175000,http://www.sanantonio.gov/sapd/Calls.aspx,Blue,a tbd link,26,10
10/01/26,11:09:58 PM,1300 N MAIN AVE,78212,Other Calls,Patrol By,1210,DOWNTOWN,SAPD-2026-1334817,29.440747,-98.494328,1790914198000,http://www.sanantonio.gov/sapd/Calls.aspx,Blue,a tbd link,26,10
10/01/26, 6:55:45,6900 BABCOCK RD,78249,Other Calls,Patrol By,7340,PRUE,SAPD-2026-1334063,29.557212,-98.625243,1790898945000,http://www.sanantonio.gov/sapd/Calls.aspx,Blue,a tbd link,26,10
10/01/26,11:12:49 PM,1100 Culebra Rd,78201,Crimes Against Person Calls,Violation of Protective Order,2320,CENTRAL,SAPD-2026-1334829,29.445181,-98.526782,1790914369000,http://www.sanantonio.gov/sapd/Calls.aspx,Red,a tbd link,26,10
10/01/26, 6:55:52,3100 ROSELAWN,78226,Other Calls,Patrol By,6310,SOUTH,SAPD-2026-1334064,29.390792,-98.556839,1790898952000,http://www.sanantonio.gov/sapd/Calls.aspx,Blue,a tbd link,26,10
10/01/26,11:15:33 PM,3800 S Zarzamora St,78225-2118,Other Calls,Assist the Public,6110,SOUTH,SAPD-2026-1334833,29.386719,-98.532685,1790914533000,http://www.sanantonio.gov/sapd/Calls.aspx,Blue,a tbd link,26,10
10/01/26,11:14:03 PM,S0 Sthy 151 Ofrp Cr  Rd,78245,Traffic Calls,Traffic Related,5330,WEST,SAPD-2026-1334832,29.438325,-98.658002,1790914443000,http://www.sanantonio.gov/sapd/Calls.aspx,Yellow,a tbd link,26,10
10/01/26, 6:55:55,1900 Hormel Dr,78219,Other Calls,Fire,4160,EAST,SAPD-2026-1334065,29.449038,-98.433875,1790898955000,http://www.sanantonio.gov/sapd/Calls.aspx,Blue,a tbd link,26,10
10/01/26,11:12:27 PM,100 N San Felipe Ave,78237,Other Calls,Disturbance Loud Music,5130,WEST,SAPD-2026-1334826,29.432139,-98.558831,1790914347000,http://www.sanantonio.gov/sapd/Calls.aspx,Blue,a tbd link,26,10
10/01/26, 6:57:02,Culebra Rd / Fm 1560 N,78253,Traffic Calls,Traffic Related,5350,WEST,SAPD-2026-1334070,29.502963,-98.727941,1790899022000,http://www.sanantonio.gov/sapd/Calls.aspx,Yellow,a tbd link,26,10
10/01/26,11:12:09 PM,5100 OLD PEARSALL RD,78242,Other Calls,Patrol By,6340,SOUTH,SAPD-2026-1334824,29.359418,-98.596511,1790914329000,http://www.sanantonio.gov/sapd/Calls.aspx,Blue,a tbd link,26,10
10/01/26, 7:01:14,800 S San Manuel,78237,Other Calls,Disturbance Family,5110,WEST,SAPD-2026-1334085,29.420099,-98.55833,1790899274000,http://www.sanantonio.gov/sapd/Calls.aspx,Blue,a tbd link,26,10
10/01/26,11:13:57 PM,1800 Lamar St,78202,Other Calls,Disturbance Loud Music,4130,EAST,SAPD-2026-1334831,29.430985,-98.453212,1790914437000,http://www.sanantonio.gov/sapd/Calls.aspx,Blue,a tbd link,26,10
10/01/26, 7:00:38,400 San Pedro Ave,78212,Other Calls,Disturbance Family,1220,DOWNTOWN,SAPD-2026-1334082,29.437037,-98.4969,1790899238000,http://www.sanantonio.gov/sapd/Calls.aspx,Blue,a tbd link,26,10
10/01/26,11:20:48 PM,Thousand Oaks Dr / Nacogdoches Rd,78217,Other Calls,Welfare Check,3210,NORTH,SAPD-2026-1334847,29.55077,-98.407894,1790914848000,http://www.sanantonio.gov/sapd/Calls.aspx,Blue,a tbd link,26,10
10/01/26, 6:59:00,3800 Ih 35 N,78219-2200,Other Calls,Animal Related,4310,EAST,SAPD-2026-1334077,29.452313,-98.420181,1790899140000,http://www.sanantonio.gov/sapd/Calls.aspx,Blue,a tbd link,26,10
10/01/26,11:18:49 PM,Illg / Nogalitos St,78211,Other Calls,Patrol By,6120,SOUTH,SAPD-2026-1334844,29.38014,-98.529381,1790914729000,http://www.sanantonio.gov/sapd/Calls.aspx,Blue,a tbd link,26,10
10/01/26, 6:58:08,600 E THEO PKWY,,Other Calls,Patrol By,6220,SOUTH,SAPD-2026-1334071,29.38942,-98.497525,1790899088000,http://www.sanantonio.gov/sapd/Calls.aspx,Blue,a tbd link,26,10
10/01/26,11:22:13 PM,8700 State Hwy 151,78245,Crimes Against Person Calls,Assault,5330,WEST,SAPD-2026-1334851,29.441599,-98.662725,1790914933000,http://www.sanantonio.gov/sapd/Calls.aspx,Red,a tbd link,26,10
10/01/26, 7:00:59,17500 Fm 2252,78266,Other Calls,Welfare Check,3260,NORTH,SAPD-2026-1334089,29.599779,-98.336704,1790899259000,http://www.sanantonio.gov/sapd/Calls.aspx,Blue,a tbd link,26,10
10/01/26,11:22:16 PM,2400 W Houston St,78207,Crimes Against Person Calls,Assault In Progress,2320,CENTRAL,SAPD-2026-1334852,29.428486,-98.521067,1790914936000,http://www.sanantonio.gov/sapd/Calls.aspx,Red,a tbd link,26,10
10/01/26, 6:59:36,5900 Timberrock,78242,Other Calls,Suspicious Person,6350,SOUTH,SAPD-2026-1334079,29.367263,-98.611075,1790899176000,http://www.sanantonio.gov/sapd/Calls.aspx,Blue,a tbd link,26,10
10/01/26,11:16:44 PM,1300 SAN PEDRO AVE,78212,Other Calls,Patrol By,1220,DOWNTOWN,SAPD-2026-1334836,29.446836,-98.501425,1790914604000,http://www.sanantonio.gov/sapd/Calls.aspx,Blue,a tbd link,26,10
10/01/26, 7:01:26,800 W Commerce St,78207,Other Calls,Disturbance,2310,CENTRAL,SAPD-2026-1334086,29.42621,-98.503392,1790899286000,http://www.sanantonio.gov/sapd/Calls.aspx,Blue,a tbd link,26,10
10/01/26,11:19:27 PM,1600 Sacramento St,78201,Other Calls,Patrol By,5240,WEST,SAPD-2026-1334843,29.472799,-98.521315,1790914767000,http://www.sanantonio.gov/sapd/Calls.aspx,Blue,a tbd link,26,10
10/01/26,11:18:35 PM,5500 Research Dr,78240,Crimes Against Person Calls,Assault In Progress,7310,PRUE,SAPD-2026-1334841,29.541056,-98.585772,1790914715000,http://www.sanantonio.gov/sapd/Calls.aspx,Red,a tbd link,26,10
10/01/26, 7:01:22,Fm 2252 / E Evans Rd,78266,Traffic Calls,Traffic Related,3260,NORTH,SAPD-2026-1334087,29.604382,-98.327602,1790899282000,http://www.sanantonio.gov/sapd/Calls.aspx,Yellow,a tbd link,26,10
10/01/26,11:19:24 PM,900 E Rector Dr,78216,Property Crime Calls,Burglary Vehicle,3320,NORTH,SAPD-2026-1334842,29.517039,-98.479023,1790914764000,http://www.sanantonio.gov/sapd/Calls.aspx,Green,a tbd link,26,10
10/01/26, 7:02:54,Buena Vista St Eb,78207,Other Calls,Welfare Check,2370,CENTRAL,SAPD-2026-1334090,29.425042,-98.504084,1790899374000,http://www.sanantonio.gov/sapd/Calls.aspx,Blue,a tbd link,26,10
10/01/26,11:25:24 PM,4100 Medical Dr,78229,Other Calls,Missing Person - Endangered,7120,PRUE,SAPD-2026-1334858,29.514902,-98.563931,1790915124000,http://www.sanantonio.gov/sapd/Calls.aspx,Blue,a tbd link,26,10
10/01/26, 7:07:57,400 Cosgrove St,78210,Other Calls,Information,4150,EAST,SAPD-2026-1334106,29.388126,-98.451852,1790899677000,http://www.sanantonio.gov/sapd/Calls.aspx,Blue,a tbd link,26,10
10/01/26,11:20:28 PM,3800 Grosenbacher Rd,78245,Other Calls,SAPD Non-Emergency Call,NOT SAPD BEX,SAPD OUTSIDE AREA,SAPD-2026-1334845,29.393062,-98.726558,1790914828000,http://www.sanantonio.gov/sapd/Calls.aspx,Blue,a tbd link,26,10
10/01/26, 7:02:58,400 Cliff Ave,78214,Other Calls,Suspicious Person,6230,SOUTH,SAPD-2026-1334091,29.366544,-98.501025,1790899378000,http://www.sanantonio.gov/sapd/Calls.aspx,Blue,a tbd link,26,10
10/01/26,11:23:09 PM,4600 Lone Eagle Dr,78238,Other Calls,Animal Related,5270,WEST,SAPD-2026-1334853,29.476739,-98.604802,1790914989000,http://www.sanantonio.gov/sapd/Calls.aspx,Blue,a tbd link,26,10
10/01/26, 7:03:18,400 W Rosewood Ave,78212,Other Calls,Welfare Check,1240,DOWNTOWN,SAPD-2026-1334093,29.464836,-98.499729,1790899398000,http://www.sanantonio.gov/sapd/Calls.aspx,Blue,a tbd link,26,10
10/01/26,11:22:04 PM,100 Illg,78211,Other Calls,Disturbance,6120,SOUTH,SAPD-2026-1334850,29.380173,-98.52973,1790914924000,http://www.sanantonio.gov/sapd/Calls.aspx,Blue,a tbd link,26,10
10/01/26, 7:00:03,1500 SALTILLO ST,78207,Other Calls,Patrol By,2350,CENTRAL,SAPD-2026-1334080,29.411794,-98.536283,1790899203000,http://www.sanantonio.gov/sapd/Calls.aspx,Blue,a tbd link,26,10
10/01/26,11:21:53 PM,1200 E CROCKETT ST,78202,Other Calls,Patrol By,4120,EAST,SAPD-2026-1334849,29.423648,-98.469614,1790914913000,http://www.sanantonio.gov/sapd/Calls.aspx,Blue,a tbd link,26,10
10/01/26, 7:11:37,17400 O'connor Rd,78247,Other Calls,Miscellaneous,3260,NORTH,SAPD-2026-1334120,29.599511,-98.40477,1790899897000,http://www.sanantonio.gov/sapd/Calls.aspx,Blue,a tbd link,26,10
10/01/26,11:23:10 PM,1700-1898 Us Hwy 281 N Nb,78215,Traffic Calls,Major Accident,1230,DOWNTOWN,SAPD-2026-1334854,29.44335,-98.477959,1790914990000,http://www.sanantonio.gov/sapd/Calls.aspx,Yellow,a tbd link,26,10
10/01/26, 7:02:33,2000 NE LOOP 410,78217,Other Calls,Patrol By,4360,EAST,SAPD-2026-1334088,29.515698,-98.42949,1790899353000,http://www.sanantonio.gov/sapd/Calls.aspx,Blue,a tbd link,26,10
10/01/26,11:26:53 PM,1700-1898 Us Hwy 281 N Nb,78215,Traffic Calls,Minor Accident,1230,DOWNTOWN,SAPD-2026-1334864,29.442241,-98.478329,1790915213000,http://www.sanantonio.gov/sapd/Calls.aspx,Yellow,a tbd link,26,10
10/01/26, 7:04:15,1800 Plaza Del Sol,78207,Other Calls,Disturbance Loud Music,2350,CENTRAL,SAPD-2026-1334095,29.409782,-98.540484,1790899455000,http://www.sanantonio.gov/sapd/Calls.aspx,Blue,a tbd link,26,10
10/01/26,11:24:39 PM,S Gevers St / S Walters St,78223,Traffic Calls,Minor Accident,4220,EAST,SAPD-2026-1334857,29.38023,-98.45675,1790915079000,http://www.sanantonio.gov/sapd/Calls.aspx,Yellow,a tbd link,26,10
10/01/26,11:26:59 PM,90 Ne Loop 410,78216,Property Crime Calls,Burglary Vehicle,3320,NORTH,SAPD-2026-1334865,29.519444,-98.485,1790915219000,http://www.sanantonio.gov/sapd/Calls.aspx,Green,a tbd link,26,10
10/01/26, 7:03:59,3700 Invicta Dr,78218,Crimes Against Person Calls,Assault In Progress,4350,EAST,SAPD-2026-1334098,29.492708,-98.423032,1790899439000,http://www.sanantonio.gov/sapd/Calls.aspx,Red,a tbd link,26,10
10/01/26,11:28:27 PM,4700 Military Dr W,78242,Other Calls,Disturbance Loud Music,6350,SOUTH,SAPD-2026-1334870,29.36565,-98.591445,1790915307000,http://www.sanantonio.gov/sapd/Calls.aspx,Blue,a tbd link,26,10
10/01/26, 7:06:28,5900 Way View Dr,78220,Traffic Calls,Minor Accident,4240,EAST,SAPD-2026-1334102,29.42074,-98.37388,1790899588000,http://www.sanantonio.gov/sapd/Calls.aspx,Yellow,a tbd link,26,10
10/01/26,11:31:23 PM,8000 Landing Ave,78227,Other Calls,Disturbance,5170,WEST,SAPD-2026-1334881,29.401485,-98.645571,1790915483000,http://www.sanantonio.gov/sapd/Calls.aspx,Blue,a tbd link,26,10
10/01/26, 7:05:26,1500 W Bitters Rd,78248,Property Crime Calls,Theft of Vehicle,7240,PRUE,SAPD-2026-1334100,29.583989,-98.520669,1790899526000,http://www.sanantonio.gov/sapd/Calls.aspx,Green,a tbd link,26,10
10/01/26,11:33:13 PM,5900 Royalgate Dr,78242,Other Calls,Welfare Check,6350,SOUTH,SAPD-2026-1334888,29.374048,-98.610683,1790915593000,http://www.sanantonio.gov/sapd/Calls.aspx,Blue,a tbd link,26,10
10/01/26, 7:05:50,US HWY 281 N SB / E HILDEBRAND AVE,78212,Traffic Calls,Major Accident,1230,DOWNTOWN,SAPD-2026-1334101,29.46553,-98.4739,1790899550000,http://www.sanantonio.gov/sapd/Calls.aspx,Yellow,a tbd link,26,10
10/01/26,11:32:09 PM,2300-2498 Us Hwy 281 N Nb,78212,Traffic Calls,Minor Accident,1230,DOWNTOWN,SAPD-2026-1334882,29.4476,-98.480833,1790915529000,http://www.sanantonio.gov/sapd/Calls.aspx,Yellow,a tbd link,26,10
10/01/26, 7:04:27,2200 REST HAVEN DR,78232,Other Calls,Patrol By,3140,NORTH,SAPD-2026-1334096,29.594311,-98.458294,1790899467000,http://www.sanantonio.gov/sapd/Calls.aspx,Blue,a tbd link,26,10
10/01/26,11:30:07 PM,7600 Callaghan Rd,78229,Crimes Against Person Calls,Assault In Progress,7110,PRUE,SAPD-2026-1334876,29.505155,-98.554539,1790915407000,http://www.sanantonio.gov/sapd/Calls.aspx,Red,a tbd link,26,10
10/01/26, 7:04:36,1100 Se Military Dr,78214-2802,Crimes Against Person Calls,Cutting In Progress,6260,SOUTH,SAPD-2026-1334097,29.354766,-98.479976,1790899476000,http://www.sanantonio.gov/sapd/Calls.aspx,Red,a tbd link,26,10
10/01/26,11:29:52 PM,500 Overhill,78228,Other Calls,Disturbance,5250,WEST,SAPD-2026-1334875,29.457225,-98.570932,1790915392000,http://www.sanantonio.gov/sapd/Calls.aspx,Blue,a tbd link,26,10
10/01/26, 7:05:06,8600 Bravo Valley,78227,Crimes Against Person Calls,Assault In Progress,5340,WEST,SAPD-2026-1334099,29.415217,-98.655258,1790899506000,http://www.sanantonio.gov/sapd/Calls.aspx,Red,a tbd link,26,10
10/01/26,11:30:44 PM,400 Hazel St,78207,Crimes Against Person Calls,Suspicious Person with Gun,2340,CENTRAL,SAPD-2026-1334879,29.407298,-98.522741,1790915444000,http://www.sanantonio.gov/sapd/Calls.aspx,Red,a tbd link,26,10
10/01/26, 7:06:35,Us Hwy 281 N Sb / E Hildebrand Ave,78212,Traffic Calls,Minor Accident,1230,DOWNTOWN,SAPD-2026-1334103,29.46553,-98.4739,1790899595000,http://www.sanantonio.gov/sapd/Calls.aspx,Yellow,a tbd link,26,10
10/01/26,11:35:06 PM,2000 Barney Ave,78237,Other Calls,Disturbance Family,5120,WEST,SAPD-2026-1334893,29.409337,-98.568426,1790915706000,http://www.sanantonio.gov/sapd/Calls.aspx,Blue,a tbd link,26,10
10/01/26, 7:07:26,Us Hwy 281 N Sb / E Hildebrand Ave,78212,Traffic Calls,Traffic Related,1230,DOWNTOWN,SAPD-2026-1334108,29.46553,-98.4739,1790899646000,http://www.sanantonio.gov/sapd/Calls.aspx,Yellow,a tbd link,26,10
10/01/26,11:33:58 PM,2100 San Pedro Ave,78212,Crimes Against Person Calls,Assault In Progress,1220,DOWNTOWN,SAPD-2026-1334892,29.45401,-98.499406,1790915638000,http://www.sanantonio.gov/sapd/Calls.aspx,Red,a tbd link,26,10
10/01/26,11:34:10 PM,S Gevers St / Ada St,78223,Traffic Calls,Minor Accident,4220,EAST,SAPD-2026-1334891,29.381088,-98.456742,1790915650000,http://www.sanantonio.gov/sapd/Calls.aspx,Yellow,a tbd link,26,10
10/01/26, 7:06:58,3100 HIAWATHA,78210,Other Calls,Patrol By,4210,EAST,SAPD-2026-1334105,29.384037,-98.437081,1790899618000,http://www.sanantonio.gov/sapd/Calls.aspx,Blue,a tbd link,26,10
10/01/26,11:29:36 PM,2500 E COMMERCE ST,78203,Other Calls,Patrol By,4140,EAST,SAPD-2026-1334874,29.41945,-98.454512,1790915376000,http://www.sanantonio.gov/sapd/Calls.aspx,Blue,a tbd link,26,10
10/01/26, 7:09:42,5100 Gibbs-sprawl Rd,78219,Traffic Calls,Traffic Related,4340,EAST,SAPD-2026-1334109,29.476562,-98.379182,1790899782000,http://www.sanantonio.gov/sapd/Calls.aspx,Yellow,a tbd link,26,10
10/01/26,11:34:08 PM,11600 Huebner Rd,78230,Other Calls,Disturbance Family,7220,PRUE,SAPD-2026-1334890,29.547034,-98.571875,1790915648000,http://www.sanantonio.gov/sapd/Calls.aspx,Blue,a tbd link,26,10
10/01/26, 7:10:13,7200 Rosada Way,78218,Other Calls,Disturbance Family,4330,EAST,SAPD-2026-1334111,29.496588,-98.379579,1790899813000,http://www.sanantonio.gov/sapd/Calls.aspx,Blue,a tbd link,26,10
10/01/26,11:40:40 PM,Allensworth St / Broadway,78209,Other Calls,Welfare Check,1230,DOWNTOWN,SAPD-2026-1334925,29.464049,-98.464832,1790916040000,http://www.sanantonio.gov/sapd/Calls.aspx,Blue,a tbd link,26,10
10/01/26, 7:10:51,900 S Ww White Rd,78220,Traffic Calls,DWI,4230,EAST,SAPD-2026-1334115,29.415988,-98.405549,1790899851000,http://www.sanantonio.gov/sapd/Calls.aspx,Yellow,a tbd link,26,10
10/01/26,11:32:25 PM,211-221 S COLORADO ST,78207,Traffic Calls,Traffic Related,2370,CENTRAL,SAPD-2026-1334883,29.424861,-98.511287,1790915545000,http://www.sanantonio.gov/sapd/Calls.aspx,Yellow,a tbd link,26,10
10/01/26, 7:12:06,2600 E Commerce St,78203,Property Crime Calls,Theft of Vehicle,4140,EAST,SAPD-2026-1334116,29.419448,-98.452056,1790899926000,http://www.sanantonio.gov/sapd/Calls.aspx,Green,a tbd link,26,10
10/01/26,11:32:32 PM,1500 SALTILLO ST,78207,Other Calls,Patrol By,2350,CENTRAL,SAPD-2026-1334884,29.411794,-98.536283,1790915552000,http://www.sanantonio.gov/sapd/Calls.aspx,Blue,a tbd link,26,10
10/01/26, 7:10:48,5100 WURZBACH PKWY EB,78233,Other Calls,Patrol By,3230,NORTH,SAPD-2026-1334113,29.541379,-98.388644,1790899848000,http://www.sanantonio.gov/sapd/Calls.aspx,Blue,a tbd link,26,10
10/01/26,11:35:49 PM,5300 OLD PEARSALL RD,78242,Other Calls,Patrol By,6340,SOUTH,SAPD-2026-1334897,29.356266,-98.600131,1790915749000,http://www.sanantonio.gov/sapd/Calls.aspx,Blue,a tbd link,26,10
10/01/26, 7:14:08,17800 BABCOCK RD,78255,Crimes Against Person Calls,Suspicious Vehicle,7260,PRUE,SAPD-2026-1334123,29.606526,-98.632492,1790900048000,http://www.sanantonio.gov/sapd/Calls.aspx,Red,a tbd link,26,10
10/01/26,11:38:55 PM,E Evans Rd / Us Hwy 281 N Nb,78258,Traffic Calls,DWI,3150,NORTH,SAPD-2026-1334907,29.63699,-98.456282,1790915935000,http://www.sanantonio.gov/sapd/Calls.aspx,Yellow,a tbd link,26,10
10/01/26, 7:12:36,S Hackberry St / Nevada,78203,Crimes Against Person Calls,Disturbance (Gun Involved),4120,EAST,SAPD-2026-1334119,29.414609,-98.473252,1790899956000,http://www.sanantonio.gov/sapd/Calls.aspx,Red,a tbd link,26,10
10/01/26,11:38:39 PM,S Walters St / S Gevers St,78223,Traffic Calls,Minor Accident,4220,EAST,SAPD-2026-1334906,29.38023,-98.45675,1790915919000,http://www.sanantonio.gov/sapd/Calls.aspx,Yellow,a tbd link,26,10
10/01/26, 7:13:24,5300 Southcross Ranch Rd,78222,Other Calls,Disturbance Family,4250,EAST,SAPD-2026-1334121,29.378791,-98.386625,1790900004000,http://www.sanantonio.gov/sapd/Calls.aspx,Blue,a tbd link,26,10
10/01/26,11:41:16 PM,5900 Fairgreen,78242,Other Calls,Animal Related,6350,SOUTH,SAPD-2026-1334912,29.353952,-98.614016,1790916076000,http://www.sanantonio.gov/sapd/Calls.aspx,Blue,a tbd link,26,10
10/01/26,11:37:35 PM,2200-2299 E Houston St,78202,Traffic Calls,Officer Traffic Stop,4130,EAST,SAPD-2026-1334898,29.425064,-98.460865,1790915855000,http://www.sanantonio.gov/sapd/Calls.aspx,Yellow,a tbd link,26,10
10/01/26, 7:15:59,1300 Lockhill-selma Rd,78213,Other Calls,Miscellaneous,3110,NORTH,SAPD-2026-1334126,29.530081,-98.514055,1790900159000,http://www.sanantonio.gov/sapd/Calls.aspx,Blue,a tbd link,26,10
10/01/26,11:44:05 PM,700 E Southcross Blvd,78214,Other Calls,Welfare Check,6230,SOUTH,SAPD-2026-1334917,29.368775,-98.489343,1790916245000,http://www.sanantonio.gov/sapd/Calls.aspx,Blue,a tbd link,26,10
10/01/26, 7:16:50,Serenade Dr / West Ave,78213,Other Calls,Suspicious Person,3110,NORTH,SAPD-2026-1334127,29.543547,-98.511798,1790900210000,http://www.sanantonio.gov/sapd/Calls.aspx,Blue,a tbd link,26,10
10/01/26,11:37:47 PM,2900 E COMMERCE ST,78203,Other Calls,Patrol By,4140,EAST,SAPD-2026-1334899,29.419587,-98.444412,1790915867000,http://www.sanantonio.gov/sapd/Calls.aspx,Blue,a tbd link,26,10
10/01/26, 7:18:02,700 W Houston St,78207,Other Calls,Disturbance,2310,CENTRAL,SAPD-2026-1334131,29.426992,-98.501615,1790900282000,http://www.sanantonio.gov/sapd/Calls.aspx,Blue,a tbd link,26,10
10/01/26,11:38:08 PM,1200 N FRIO ST,78207,Other Calls,Patrol By,2310,CENTRAL,SAPD-2026-1334902,29.437855,-98.505994,1790915888000,http://www.sanantonio.gov/sapd/Calls.aspx,Blue,a tbd link,26,10
10/01/26, 7:20:50,1800 Bandera Rd,78228,Other Calls,Welfare Check,5260,WEST,SAPD-2026-1334139,29.472767,-98.573786,1790900450000,http://www.sanantonio.gov/sapd/Calls.aspx,Blue,a tbd link,26,10
10/01/26,11:41:04 PM,5000 Nw Loop 410,78229,Other Calls,Information,7140,PRUE,SAPD-2026-1334911,29.489167,-98.590556,1790916064000,http://www.sanantonio.gov/sapd/Calls.aspx,Blue,a tbd link,26,10
10/01/26, 7:18:10,8900 Heather Ct,78221,Traffic Calls,Traffic Related,6250,SOUTH,SAPD-2026-1334132,29.335851,-98.495228,1790900290000,http://www.sanantonio.gov/sapd/Calls.aspx,Yellow,a tbd link,26,10
10/01/26,11:38:29 PM,700 CAMARON,78207,Other Calls,Patrol By,1130,DOWNTOWN,SAPD-2026-1334903,29.431675,-98.49792,1790915909000,http://www.sanantonio.gov/sapd/Calls.aspx,Blue,a tbd link,26,10
10/01/26, 7:20:30,5600 Evers Rd,78238,Other Calls,SAPD Non-Emergency Call,NOT SAPD BEX - 6,SAPD OUTSIDE AREA,SAPD-2026-1334138,29.488274,-98.597942,1790900430000,http://www.sanantonio.gov/sapd/Calls.aspx,Blue,a tbd link,26,10
10/01/26,11:38:48 PM,6501-6649 US HWY 281 N SB,78212,Traffic Calls,Traffic Related,1240,DOWNTOWN,SAPD-2026-1334905,29.484813,-98.48244,1790915928000,http://www.sanantonio.gov/sapd/Calls.aspx,Yellow,a tbd link,26,10
10/01/26, 7:17:06,4300 S Gevers St,78223,Other Calls,Disturbance,4220,EAST,SAPD-2026-1334128,29.377619,-98.456768,1790900226000,http://www.sanantonio.gov/sapd/Calls.aspx,Blue,a tbd link,26,10
10/01/26,11:39:27 PM,500 COLUMBUS,78207,Other Calls,Patrol By,1130,DOWNTOWN,SAPD-2026-1334908,29.429977,-98.498964,1790915967000,http://www.sanantonio.gov/sapd/Calls.aspx,Blue,a tbd link,26,10
10/01/26, 7:18:17,2700 Nw Loop 410,78230,Crimes Against Person Calls,Suspicious Person with Gun,7210,PRUE,SAPD-2026-1334133,29.511111,-98.538889,1790900297000,http://www.sanantonio.gov/sapd/Calls.aspx,Red,a tbd link,26,10
10/01/26,11:46:54 PM,5800 Nw Loop 410,78238,Property Crime Calls,Burglary Vehicle,5310,WEST,SAPD-2026-1334927,29.480519,-98.60611,1790916414000,http://www.sanantonio.gov/sapd/Calls.aspx,Green,a tbd link,26,10
10/01/26, 7:21:08,4900 Elswood Mist,78251,Other Calls,Welfare Check,5350,WEST,SAPD-2026-1334141,29.480561,-98.667705,1790900468000,http://www.sanantonio.gov/sapd/Calls.aspx,Blue,a tbd link,26,10
10/01/26,11:40:36 PM,Castroville Rd / S San Eduardo Ave,78237,Traffic Calls,Officer Traffic Stop,5120,WEST,SAPD-2026-1334909,29.415135,-98.560309,1790916036000,http://www.sanantonio.gov/sapd/Calls.aspx,Yellow,a tbd link,26,10
10/01/26,11:45:25 PM,9100 Excellence Dr,78252,Other Calls,Disturbance,6360,SOUTH,SAPD-2026-1334924,29.337723,-98.629844,1790916325000,http://www.sanantonio.gov/sapd/Calls.aspx,Blue,a tbd link,26,10
10/01/26, 7:17:49,1700 POTOSI ST,78207,Other Calls,Patrol By,2330,CENTRAL,SAPD-2026-1334130,29.413989,-98.530022,1790900269000,http://www.sanantonio.gov/sapd/Calls.aspx,Blue,a tbd link,26,10
10/01/26,11:43:56 PM,Fredericksburg Rd / W Rosewood Ave,78201,Other Calls,Disturbance,5230,WEST,SAPD-2026-1334916,29.464108,-98.525565,1790916236000,http://www.sanantonio.gov/sapd/Calls.aspx,Blue,a tbd link,26,10
10/01/26, 7:22:36,2400 Culebra Rd,78228,Crimes Against Person Calls,Assault,2360,CENTRAL,SAPD-2026-1334150,29.447317,-98.547118,1790900556000,http://www.sanantonio.gov/sapd/Calls.aspx,Red,a tbd link,26,10
10/01/26,11:45:20 PM,5100 Eisenhauer Rd,78218,Other Calls,Disturbance,4340,EAST,SAPD-2026-1334923,29.495251,-98.385417,1790916320000,http://www.sanantonio.gov/sapd/Calls.aspx,Blue,a tbd link,26,10
10/01/26, 7:22:37,7300 N Loop 1604 E,78154,Property Crime Calls,Burglary Vehicle,3260,NORTH,SAPD-2026-1334151,29.582549,-98.342453,1790900557000,http://www.sanantonio.gov/sapd/Calls.aspx,Green,a tbd link,26,10
10/01/26,11:42:47 PM,1200 MERIDA ST,78207,Other Calls,Patrol By,2350,CENTRAL,SAPD-2026-1334915,29.410044,-98.540904,1790916167000,http://www.sanantonio.gov/sapd/Calls.aspx,Blue,a tbd link,26,10
10/01/26, 7:20:01,1100 Northern Blvd,78216,Other Calls,Property Found,SAT1,AIRPORT,SAPD-2026-1334136,29.521925,-98.478883,1790900401000,http://www.sanantonio.gov/sapd/Calls.aspx,Blue,a tbd link,26,10
10/01/26,11:51:57 PM,4100 CULEBRA RD,78228,Other Calls,Assist the Public,5130,WEST,SAPD-2026-1334937,29.448056,-98.586389,1790916717000,http://www.sanantonio.gov/sapd/Calls.aspx,Blue,a tbd link,26,10
10/01/26, 7:23:25,8300 Fredericksburg Rd,78229,Other Calls,Missing Person/Runaway,7130,PRUE,SAPD-2026-1334154,29.516807,-98.572201,1790900605000,http://www.sanantonio.gov/sapd/Calls.aspx,Blue,a tbd link,26,10
10/01/26,11:45:13 PM,6200 San Pedro Ave,78216,Other Calls,Animal Related,3310,NORTH,SAPD-2026-1334922,29.492997,-98.499554,1790916313000,http://www.sanantonio.gov/sapd/Calls.aspx,Blue,a tbd link,26,10
10/01/26, 7:22:48,300 St Francis Ave,78204,Other Calls,Welfare Check,1140,DOWNTOWN,SAPD-2026-1334152,29.402104,-98.497296,1790900568000,http://www.sanantonio.gov/sapd/Calls.aspx,Blue,a tbd link,26,10
10/01/26,11:44:29 PM,NACOGDOCHES RD / O'CONNOR RD,78247,Traffic Calls,Officer Traffic Stop,3240,NORTH,SAPD-2026-1334918,29.568369,-98.384814,1790916269000,http://www.sanantonio.gov/sapd/Calls.aspx,Yellow,a tbd link,26,10
10/01/26, 7:20:57,4300 Spectrum One,78230,Other Calls,Disturbance,7220,PRUE,SAPD-2026-1334149,29.538826,-98.565438,1790900457000,http://www.sanantonio.gov/sapd/Calls.aspx,Blue,a tbd link,26,10
10/01/26,11:44:41 PM,100 BLK RIVER WALK,78215,Other Calls,Patrol By,1110,DOWNTOWN,SAPD-2026-1334920,29.425133,-98.491672,1790916281000,http://www.sanantonio.gov/sapd/Calls.aspx,Blue,a tbd link,26,10
10/01/26, 7:22:11,9400 Rhoda Ave,78224,Other Calls,Suspicious Person,6140,SOUTH,SAPD-2026-1334146,29.327355,-98.537696,1790900531000,http://www.sanantonio.gov/sapd/Calls.aspx,Blue,a tbd link,26,10
10/01/26,11:50:29 PM,3300 Pleasanton Rd,78221,Other Calls,Suspicious Person,6250,SOUTH,SAPD-2026-1334933,29.345837,-98.503572,1790916629000,http://www.sanantonio.gov/sapd/Calls.aspx,Blue,a tbd link,26,10
10/01/26, 7:21:21,8900 W Military Dr,78245,Property Crime Calls,Shoplifting,5160,WEST,SAPD-2026-1334142,29.442615,-98.641544,1790900481000,http://www.sanantonio.gov/sapd/Calls.aspx,Green,a tbd link,26,10
10/01/26,11:51:01 PM,11600 Huebner Rd,78230,Other Calls,Disturbance,7220,PRUE,SAPD-2026-1334935,29.547034,-98.571875,1790916661000,http://www.sanantonio.gov/sapd/Calls.aspx,Blue,a tbd link,26,10
10/01/26, 7:22:25,3200 Stoney Grove,78247,Other Calls,Welfare Check,3220,NORTH,SAPD-2026-1334148,29.56178,-98.440389,1790900545000,http://www.sanantonio.gov/sapd/Calls.aspx,Blue,a tbd link,26,10
10/01/26,11:56:40 PM,2600 W Salinas,78207,Other Calls,Disturbance Family,2320,CENTRAL,SAPD-2026-1334945,29.4306,-98.522499,1790917000000,http://www.sanantonio.gov/sapd/Calls.aspx,Blue,a tbd link,26,10
10/01/26, 7:22:49,800 Flame Cir,78221,Crimes Against Person Calls,Assault,6250,SOUTH,SAPD-2026-1334156,29.347011,-98.488039,1790900569000,http://www.sanantonio.gov/sapd/Calls.aspx,Red,a tbd link,26,10
10/01/26,11:49:59 PM,5000 Topaz Bend,78222,Other Calls,Disturbance,4250,EAST,SAPD-2026-1334931,29.375687,-98.376127,1790916599000,http://www.sanantonio.gov/sapd/Calls.aspx,Blue,a tbd link,26,10
10/01/26, 7:21:26,20200 HARDY OAK BLVD,78258,Other Calls,Patrol By,3160,NORTH,SAPD-2026-1334143,29.629603,-98.478819,1790900486000,http://www.sanantonio.gov/sapd/Calls.aspx,Blue,a tbd link,26,10
10/01/26,11:48:43 PM,901-929 W LULLWOOD AVE,78201,Traffic Calls,Traffic Related,2210,CENTRAL,SAPD-2026-1334928,29.465454,-98.509038,1790916523000,http://www.sanantonio.gov/sapd/Calls.aspx,Yellow,a tbd link,26,10
10/01/26, 7:23:09,10200 Asta Trl,78224,Other Calls,Disturbance,6160,SOUTH,SAPD-2026-1334155,29.315698,-98.527027,1790900589000,http://www.sanantonio.gov/sapd/Calls.aspx,Blue,a tbd link,26,10
10/01/26,11:50:51 PM,500 E Evergreen St,78212,Other Calls,Disturbance,1210,DOWNTOWN,SAPD-2026-1334934,29.442792,-98.489218,1790916651000,http://www.sanantonio.gov/sapd/Calls.aspx,Blue,a tbd link,26,10
10/01/26, 7:24:57,2800 S Ww White Rd,78222,Other Calls,Miscellaneous,4250,EAST,SAPD-2026-1334161,29.380656,-98.404919,1790900697000,http://www.sanantonio.gov/sapd/Calls.aspx,Blue,a tbd link,26,10
10/01/26,11:49:05 PM,1700 POTOSI ST,78207,Other Calls,Patrol By,2330,CENTRAL,SAPD-2026-1334930,29.413989,-98.530022,1790916545000,http://www.sanantonio.gov/sapd/Calls.aspx,Blue,a tbd link,26,10
10/01/26, 7:27:36,12500 Loma Grande,78233,Traffic Calls,Minor Accident,3210,NORTH,SAPD-2026-1334166,29.554056,-98.398857,1790900856000,http://www.sanantonio.gov/sapd/Calls.aspx,Yellow,a tbd link,26,10
10/01/26,11:51:03 PM,200 N Loop 1604 E,78258,Other Calls,Disturbance,3160,NORTH,SAPD-2026-1334936,29.612629,-98.485806,1790916663000,http://www.sanantonio.gov/sapd/Calls.aspx,Blue,a tbd link,26,10
10/01/26,11:50:11 PM,Marbach Rd / Wrangler Dr,78227,Traffic Calls,Officer Traffic Stop,5170,WEST,SAPD-2026-1334932,29.417642,-98.642571,1790916611000,http://www.sanantonio.gov/sapd/Calls.aspx,Yellow,a tbd link,26,10
10/01/26, 7:24:12,1800 Plaza Del Sol,78207,Other Calls,Disturbance Loud Music,2350,CENTRAL,SAPD-2026-1334157,29.409782,-98.540484,1790900652000,http://www.sanantonio.gov/sapd/Calls.aspx,Blue,a tbd link,26,10
10/01/26,11:52:32 PM,7100 Oaklawn,78229,Other Calls,Disturbance,7110,PRUE,SAPD-2026-1334939,29.499938,-98.554431,1790916752000,http://www.sanantonio.gov/sapd/Calls.aspx,Blue,a tbd link,26,10
10/01/26, 7:24:33,Potranco Rd / W Loop 1604 N,78251,Property Crime Calls,Panhandler,5360,WEST,SAPD-2026-1334158,29.435616,-98.71062,1790900673000,http://www.sanantonio.gov/sapd/Calls.aspx,Green,a tbd link,26,10
10/01/26,11:53:38 PM,100 Meadowood Ln,78216,Other Calls,Disturbance,3320,NORTH,SAPD-2026-1334944,29.505199,-98.497895,1790916818000,http://www.sanantonio.gov/sapd/Calls.aspx,Blue,a tbd link,26,10
10/01/26, 7:24:09,1700 Texas Ave,78201,Other Calls,Disturbance Loud Music,5210,WEST,SAPD-2026-1334160,29.44978,-98.538809,1790900649000,http://www.sanantonio.gov/sapd/Calls.aspx,Blue,a tbd link,26,10
10/01/26,11:57:37 PM,9500 Perrin Beitel,78217,Other Calls,Disturbance,3370,NORTH,SAPD-2026-1334951,29.52648,-98.414178,1790917057000,http://www.sanantonio.gov/sapd/Calls.aspx,Blue,a tbd link,26,10
10/01/26, 7:26:52,9600 Sekula Dr,78250,Other Calls,Assist the Public,7370,PRUE,SAPD-2026-1334167,29.491817,-98.685484,1790900812000,http://www.sanantonio.gov/sapd/Calls.aspx,Blue,a tbd link,26,10
10/01/26, 7:24:51,15001-15099 JONES MALTSBERGER RD,78247,Other Calls,Assist the Public,3140,NORTH,SAPD-2026-1334159,29.578765,-98.441293,1790900691000,http://www.sanantonio.gov/sapd/Calls.aspx,Blue,a tbd link,26,10
10/01/26,11:56:39 PM,9800 Airport Blvd,78216,Traffic Calls,Traffic Related,SAT1,AIRPORT,SAPD-2026-1334946,29.526619,-98.471844,1790916999000,http://www.sanantonio.gov/sapd/Calls.aspx,Yellow,a tbd link,26,10
10/01/26, 7:28:40,8000 Laurel Bend,78250,Other Calls,Disturbance Family,7360,PRUE,SAPD-2026-1334169,29.517438,-98.684881,1790900920000,http://www.sanantonio.gov/sapd/Calls.aspx,Blue,a tbd link,26,10
10/01/26,11:57:52 PM,N Flores St / W Commerce St,78205,Crimes Against Person Calls,Assault In Progress,1120,DOWNTOWN,SAPD-2026-1334953,29.425183,-98.494598,1790917072000,http://www.sanantonio.gov/sapd/Calls.aspx,Red,a tbd link,26,10
10/01/26, 7:30:01,1300 Schley Ave,78210,Property Crime Calls,Theft,4150,EAST,SAPD-2026-1334173,29.393582,-98.465418,1790901001000,http://www.sanantonio.gov/sapd/Calls.aspx,Green,a tbd link,26,10
10/01/26,11:57:13 PM,1500 SALTILLO ST,78207,Other Calls,Patrol By,2350,CENTRAL,SAPD-2026-1334949,29.411714,-98.536347,1790917033000,http://www.sanantonio.gov/sapd/Calls.aspx,Blue,a tbd link,26,10
10/01/26, 7:25:44,400 E Commerce St,78205,Other Calls,Miscellaneous,1110,DOWNTOWN,SAPD-2026-1334162,29.423798,-98.488631,1790900744000,http://www.sanantonio.gov/sapd/Calls.aspx,Blue,a tbd link,26,10
10/01/26,11:57:20 PM,State Hwy 151 / Westover Hills Blvd,78251,Traffic Calls,Officer Traffic Stop,5360,WEST,SAPD-2026-1334950,29.462538,-98.692223,1790917040000,http://www.sanantonio.gov/sapd/Calls.aspx,Yellow,a tbd link,26,10
10/01/26, 7:26:49,1100 Culebra Rd,78201,Property Crime Calls,Shoplifting In Progress,2320,CENTRAL,SAPD-2026-1334163,29.444799,-98.525577,1790900809000,http://www.sanantonio.gov/sapd/Calls.aspx,Green,a tbd link,26,10
10/01/26,11:59:09 PM,700 E Ansley Blvd,78221,Other Calls,Disturbance,6250,SOUTH,SAPD-2026-1334955,29.337217,-98.490177,1790917149000,http://www.sanantonio.gov/sapd/Calls.aspx,Blue,a tbd link,26,10
10/01/26, 7:29:40,2800 Dason Ledge,78258,Other Calls,Disturbance Family,3170,NORTH,SAPD-2026-1334171,29.61681,-98.538907,1790900980000,http://www.sanantonio.gov/sapd/Calls.aspx,Blue,a tbd link,26,10
10/01/26,11:57:59 PM,1200 E SUNSHINE DR,78228,Other Calls,Patrol By,5220,WEST,SAPD-2026-1334954,29.47251,-98.565392,1790917079000,http://www.sanantonio.gov/sapd/Calls.aspx,Blue,a tbd link,26,10
10/01/26, 7:34:40,500 Blaze Ave,78218,Other Calls,Information,4360,EAST,SAPD-2026-1334179,29.501587,-98.40386,1790901280000,http://www.sanantonio.gov/sapd/Calls.aspx,Blue,a tbd link,26,10
10/01/26,11:59:20 PM,2100 Hicks Ave,78210,Other Calls,Animal Related,4210,EAST,SAPD-2026-1334956,29.391866,-98.447752,1790917160000,http://www.sanantonio.gov/sapd/Calls.aspx,Blue,a tbd link,26,10
10/01/26, 7:27:23,6100 OLD PEARSALL RD,78242,Other Calls,Patrol By,6350,SOUTH,SAPD-2026-1334165,29.343896,-98.617857,1790900843000,http://www.sanantonio.gov/sapd/Calls.aspx,Blue,a tbd link,26,10
10/01/26, 7:36:14,7100 Us Hwy 90 W,78227,Other Calls,Miscellaneous,5150,WEST,SAPD-2026-1334181,29.403486,-98.630906,1790901374000,http://www.sanantonio.gov/sapd/Calls.aspx,Blue,a tbd link,26,10
10/01/26, 7:29:51,7700 Floyd Curl,78229,Crimes Against Person Calls,Disturbance (Gun Involved),7130,PRUE,SAPD-2026-1334172,29.506944,-98.57125,1790900991000,http://www.sanantonio.gov/sapd/Calls.aspx,Red,a tbd link,26,10
10/01/26, 7:28:43,3600 E COMMERCE ST,78220,Other Calls,Patrol By,4160,EAST,SAPD-2026-1334168,29.422724,-98.429,1790900923000,http://www.sanantonio.gov/sapd/Calls.aspx,Blue,a tbd link,26,10
10/01/26, 7:30:47,6800 Brookvale Dr,78238,Other Calls,Suspicious Person,5310,WEST,SAPD-2026-1334175,29.479631,-98.623982,1790901047000,http://www.sanantonio.gov/sapd/Calls.aspx,Blue,a tbd link,26,10
10/01/26, 7:31:44,4700 Dietrich Rd,78219,Other Calls,Suspicious Person,4310,EAST,SAPD-2026-1334176,29.442483,-98.398536,1790901104000,http://www.sanantonio.gov/sapd/Calls.aspx,Blue,a tbd link,26,10
10/01/26, 7:32:11,3700 W COMMERCE ST,78207,Other Calls,Patrol By,2330,CENTRAL,SAPD-2026-1334177,29.429203,-98.538583,1790901131000,http://www.sanantonio.gov/sapd/Calls.aspx,Blue,a tbd link,26,10
10/01/26, 7:37:17,7200 Westfield Dr,78227,Property Crime Calls,Criminal Mischief,5170,WEST,SAPD-2026-1334182,29.407015,-98.633584,1790901437000,http://www.sanantonio.gov/sapd/Calls.aspx,Green,a tbd link,26,10
10/01/26, 7:39:59,100 Alamo Plaza,78205,Other Calls,Assist the Public,1110,DOWNTOWN,SAPD-2026-1334187,29.42382,-98.487656,1790901599000,http://www.sanantonio.gov/sapd/Calls.aspx,Blue,a tbd link,26,10
10/01/26, 7:35:29,E Amber Place / S Flores St,78221,Traffic Calls,Minor Accident,6250,SOUTH,SAPD-2026-1334180,29.345152,-98.485929,1790901329000,http://www.sanantonio.gov/sapd/Calls.aspx,Yellow,a tbd link,26,10
10/01/26, 7:40:07,100 Montpelier,78228,Other Calls,Welfare Check,5230,WEST,SAPD-2026-1334190,29.475019,-98.550857,1790901607000,http://www.sanantonio.gov/sapd/Calls.aspx,Blue,a tbd link,26,10
10/01/26, 7:40:01,4700 Crested Grove,78217,Other Calls,Disturbance,3240,NORTH,SAPD-2026-1334189,29.568349,-98.397946,1790901601000,http://www.sanantonio.gov/sapd/Calls.aspx,Blue,a tbd link,26,10
10/01/26, 7:39:39,Crestway Rd / Randolph Blvd,78233,Traffic Calls,Major Accident,3230,NORTH,SAPD-2026-1334186,29.524313,-98.390272,1790901579000,http://www.sanantonio.gov/sapd/Calls.aspx,Yellow,a tbd link,26,10
10/01/26, 7:48:57,8500 Huebner Rd,78240,Other Calls,Missing Person - Endangered,7160,PRUE,SAPD-2026-1334214,29.516682,-98.605417,1790902137000,http://www.sanantonio.gov/sapd/Calls.aspx,Blue,a tbd link,26,10
10/01/26, 7:41:25,8000 Owl Rdg,78250,Other Calls,Miscellaneous,7330,PRUE,SAPD-2026-1334194,29.480543,-98.646687,1790901685000,http://www.sanantonio.gov/sapd/Calls.aspx,Blue,a tbd link,26,10
10/01/26, 7:39:05,100 CAMARON,78205,Other Calls,Patrol By,1120,DOWNTOWN,SAPD-2026-1334184,29.425464,-98.495853,1790901545000,http://www.sanantonio.gov/sapd/Calls.aspx,Blue,a tbd link,26,10
10/01/26, 7:42:07,18700 Stone Oak Pkwy,78258,Other Calls,Disturbance,3160,NORTH,SAPD-2026-1334195,29.610306,-98.492328,1790901727000,http://www.sanantonio.gov/sapd/Calls.aspx,Blue,a tbd link,26,10
10/01/26, 7:43:49,6800 Brookvale Dr,78238,Other Calls,Suspicious Person,5310,WEST,SAPD-2026-1334198,29.479631,-98.623982,1790901829000,http://www.sanantonio.gov/sapd/Calls.aspx,Blue,a tbd link,26,10
10/01/26, 7:43:30,15300 Vance Jackson Rd,78249,Traffic Calls,Minor Accident,7230,PRUE,SAPD-2026-1334197,29.587856,-98.589239,1790901810000,http://www.sanantonio.gov/sapd/Calls.aspx,Yellow,a tbd link,26,10
10/01/26, 7:41:29,3700 W COMMERCE ST,78237,Other Calls,Patrol By,2330,CENTRAL,SAPD-2026-1334193,29.429258,-98.541586,1790901689000,http://www.sanantonio.gov/sapd/Calls.aspx,Blue,a tbd link,26,10
10/01/26, 7:46:40,1100 Chalmers Ave,78211,Other Calls,Suspicious Person,6120,SOUTH,SAPD-2026-1334203,29.377805,-98.521763,1790902000000,http://www.sanantonio.gov/sapd/Calls.aspx,Blue,a tbd link,26,10
10/01/26, 7:47:35,12100 Ih 35 N,78233,Property Crime Calls,Burglary Vehicle,3230,NORTH,SAPD-2026-1334206,29.551383,-98.360453,1790902055000,http://www.sanantonio.gov/sapd/Calls.aspx,Green,a tbd link,26,10
10/01/26, 7:46:04,3200 Bolmore,78223,Crimes Against Person Calls,Assault In Progress,4260,EAST,SAPD-2026-1334201,29.364878,-98.437275,1790901964000,http://www.sanantonio.gov/sapd/Calls.aspx,Red,a tbd link,26,10
10/01/26, 7:45:19,Sonoma Pkwy / Kyle Seale Pkwy,78023,Traffic Calls,Minor Accident,7350,PRUE,SAPD-2026-1334200,29.582463,-98.647578,1790901919000,http://www.sanantonio.gov/sapd/Calls.aspx,Yellow,a tbd link,26,10
10/01/26, 7:46:31,4900 Elswood Mist,78251,Other Calls,Information,5350,WEST,SAPD-2026-1334202,29.480561,-98.667705,1790901991000,http://www.sanantonio.gov/sapd/Calls.aspx,Blue,a tbd link,26,10
10/01/26, 7:53:57,7900 Donore Place,78229,Other Calls,Welfare Check,7110,PRUE,SAPD-2026-1334220,29.510888,-98.564588,1790902437000,http://www.sanantonio.gov/sapd/Calls.aspx,Blue,a tbd link,26,10
10/01/26, 7:53:15,100 Harwood Dr,78213,Property Crime Calls,Theft,2220,CENTRAL,SAPD-2026-1334218,29.489675,-98.52054,1790902395000,http://www.sanantonio.gov/sapd/Calls.aspx,Green,a tbd link,26,10
10/01/26, 7:48:53,Ih 10 W / Medical Dr,78230,Traffic Calls,Traffic Related,7210,PRUE,SAPD-2026-1334210,29.523199,-98.555245,1790902133000,http://www.sanantonio.gov/sapd/Calls.aspx,Yellow,a tbd link,26,10
10/01/26, 7:48:42,7800 Latigo Dr,78227,Other Calls,DOA,5170,WEST,SAPD-2026-1334209,29.415954,-98.642796,1790902122000,http://www.sanantonio.gov/sapd/Calls.aspx,Blue,a tbd link,26,10
10/01/26, 7:47:28,8400 NW MILITARY HWY,78231,Other Calls,Patrol By,7220,PRUE,SAPD-2026-1334204,29.551598,-98.532431,1790902048000,http://www.sanantonio.gov/sapd/Calls.aspx,Blue,a tbd link,26,10
10/01/26, 7:51:33,11300 Expo Blvd,78230,Crimes Against Person Calls,Disturbance (Gun Involved),7220,PRUE,SAPD-2026-1334213,29.545025,-98.572648,1790902293000,http://www.sanantonio.gov/sapd/Calls.aspx,Red,a tbd link,26,10
10/01/26, 7:48:01,200 FROST BANK CENTER DR,78219,Other Calls,Patrol By,4160,EAST,SAPD-2026-1334207,29.425813,-98.434708,1790902081000,http://www.sanantonio.gov/sapd/Calls.aspx,Blue,a tbd link,26,10
10/01/26, 7:48:15,21300 MILSA DR,78256,Other Calls,Patrol By,7260,PRUE,SAPD-2026-1334208,29.642723,-98.624924,1790902095000,http://www.sanantonio.gov/sapd/Calls.aspx,Blue,a tbd link,26,10
10/01/26, 7:50:11,17400 Classen Rd,78247,Crimes Against Person Calls,Holdup Alarm In Progress,3240,NORTH,SAPD-2026-1334212,29.597734,-98.416797,1790902211000,http://www.sanantonio.gov/sapd/Calls.aspx,Red,a tbd link,26,10
10/01/26, 7:52:40,100 Lively,78213,Other Calls,Information,2230,CENTRAL,SAPD-2026-1334215,29.505552,-98.527586,1790902360000,http://www.sanantonio.gov/sapd/Calls.aspx,Blue,a tbd link,26,10
10/01/26, 7:53:00,800 Bandera Rd,78228,Property Crime Calls,Theft In Progress,5220,WEST,SAPD-2026-1334217,29.456322,-98.553181,1790902380000,http://www.sanantonio.gov/sapd/Calls.aspx,Green,a tbd link,26,10
10/01/26, 7:52:44,3100 Sw Military Dr,78224,Other Calls,Disturbance,6320,SOUTH,SAPD-2026-1334216,29.357611,-98.548525,1790902364000,http://www.sanantonio.gov/sapd/Calls.aspx,Blue,a tbd link,26,10
10/01/26, 7:54:03,7600 Bandera Rd,78250,Other Calls,Welfare Check,7320,PRUE,SAPD-2026-1334221,29.508636,-98.633294,1790902443000,http://www.sanantonio.gov/sapd/Calls.aspx,Blue,a tbd link,26,10
10/01/26, 7:53:58,7600 Bandera Rd,78250,Other Calls,Disturbance,7320,PRUE,SAPD-2026-1334222,29.508636,-98.633294,1790902438000,http://www.sanantonio.gov/sapd/Calls.aspx,Blue,a tbd link,26,10
10/01/26, 7:55:28,6800 Brookvale Dr,78238,Other Calls,Disturbance,5310,WEST,SAPD-2026-1334224,29.479631,-98.623982,1790902528000,http://www.sanantonio.gov/sapd/Calls.aspx,Blue,a tbd link,26,10
10/01/26, 7:55:06,2100 Roosevelt Ave,78210-4917,Other Calls,Disturbance,6220,SOUTH,SAPD-2026-1334223,29.382384,-98.482806,1790902506000,http://www.sanantonio.gov/sapd/Calls.aspx,Blue,a tbd link,26,10
10/01/26, 7:55:40,3000 Tpc Pkwy,78259,Other Calls,Miscellaneous,3150,NORTH,SAPD-2026-1334225,29.657997,-98.438538,1790902540000,http://www.sanantonio.gov/sapd/Calls.aspx,Blue,a tbd link,26,10
10/01/26, 7:58:49,8500 Wakefield,78216,Other Calls,Suspicious Person,3320,NORTH,SAPD-2026-1334235,29.516174,-98.493951,1790902729000,http://www.sanantonio.gov/sapd/Calls.aspx,Blue,a tbd link,26,10
10/01/26, 7:56:55,4700 Bucknell,78249,Property Crime Calls,Burglary in Progress,7230,PRUE,SAPD-2026-1334228,29.570971,-98.580514,1790902615000,http://www.sanantonio.gov/sapd/Calls.aspx,Green,a tbd link,26,10
10/01/26, 7:57:06,11300 Expo Blvd,78230,Other Calls,Assist the Public,7220,PRUE,SAPD-2026-1334232,29.545025,-98.572648,1790902626000,http://www.sanantonio.gov/sapd/Calls.aspx,Blue,a tbd link,26,10
10/01/26, 7:57:47,7500 S NEW BRAUNFELS AVE,78235,Crimes Against Person Calls,Assault In Progress,6270,SOUTH,SAPD-2026-1334233,29.350473,-98.448972,1790902667000,http://www.sanantonio.gov/sapd/Calls.aspx,Red,a tbd link,26,10
10/01/26, 7:57:02,3500 J ST,78220,Other Calls,Patrol By,4210,EAST,SAPD-2026-1334230,29.404531,-98.430213,1790902622000,http://www.sanantonio.gov/sapd/Calls.aspx,Blue,a tbd link,26,10
10/01/26, 7:57:10,3600 FREDERICKSBURG RD,78201,Other Calls,Patrol By,5230,WEST,SAPD-2026-1334231,29.479381,-98.540483,1790902630000,http://www.sanantonio.gov/sapd/Calls.aspx,Blue,a tbd link,26,10
10/01/26, 8:07:28,10 Inwood Elms,78248,Other Calls,Missing Person/Runaway,7240,PRUE,SAPD-2026-1334283,29.59206,-98.533654,1790903248000,http://www.sanantonio.gov/sapd/Calls.aspx,Blue,a tbd link,26,10
10/01/26, 7:58:25,S Laredo St / Sw 19th St,78207,Other Calls,Disturbance Family,2350,CENTRAL,SAPD-2026-1334241,29.414114,-98.537967,1790902705000,http://www.sanantonio.gov/sapd/Calls.aspx,Blue,a tbd link,26,10
10/01/26, 7:59:33,Nw Loop 410 Eb / Babcock Rd,78229,Traffic Calls,Traffic Related,5260,WEST,SAPD-2026-1334240,29.48927,-98.567486,1790902773000,http://www.sanantonio.gov/sapd/Calls.aspx,Yellow,a tbd link,26,10
10/01/26, 7:59:44,800 Vista Valet Dr,78216,Property Crime Calls,Burglary,7240,PRUE,SAPD-2026-1334243,29.557579,-98.510553,1790902784000,http://www.sanantonio.gov/sapd/Calls.aspx,Green,a tbd link,26,10
10/01/26, 7:58:57,9700 Airport Blvd,78216,Traffic Calls,Traffic Related,SAT1,AIRPORT,SAPD-2026-1334236,29.527705,-98.472816,1790902737000,http://www.sanantonio.gov/sapd/Calls.aspx,Yellow,a tbd link,26,10
10/01/26, 8:09:15,10700 Wurzbach Rd,78230,Other Calls,Assist the Public,7220,PRUE,SAPD-2026-1334277,29.539336,-98.55466,1790903355000,http://www.sanantonio.gov/sapd/Calls.aspx,Blue,a tbd link,26,10
10/01/26, 8:02:47,200 Whitecliff,78227,Crimes Against Person Calls,Suspicious Vehicle,6360,SOUTH,SAPD-2026-1334250,29.386433,-98.648397,1790902967000,http://www.sanantonio.gov/sapd/Calls.aspx,Red,a tbd link,26,10
10/01/26, 8:02:11,1100 N Loop 1604 W,78248,Other Calls,Disturbance,7240,PRUE,SAPD-2026-1334249,29.60675,-98.510876,1790902931000,http://www.sanantonio.gov/sapd/Calls.aspx,Blue,a tbd link,26,10
10/01/26, 8:01:07,800 Vista Valet Dr,78216,Other Calls,Fire,7240,PRUE,SAPD-2026-1334246,29.556861,-98.509779,1790902867000,http://www.sanantonio.gov/sapd/Calls.aspx,Blue,a tbd link,26,10
10/01/26, 8:07:58,2200 Petseri Park,78251,Property Crime Calls,Theft,5320,WEST,SAPD-2026-1334271,29.457614,-98.655961,1790903278000,http://www.sanantonio.gov/sapd/Calls.aspx,Green,a tbd link,26,10
10/01/26, 8:03:38,5800 Branch Valley,78242,Other Calls,Disturbance Family,6350,SOUTH,SAPD-2026-1334253,29.363545,-98.61415,1790903018000,http://www.sanantonio.gov/sapd/Calls.aspx,Blue,a tbd link,26,10
10/01/26, 8:07:52,8600 Kardla Forest,78251,Traffic Calls,Minor Accident,5320,WEST,SAPD-2026-1334270,29.45944,-98.655521,1790903272000,http://www.sanantonio.gov/sapd/Calls.aspx,Yellow,a tbd link,26,10
10/01/26, 8:07:10,5500 Ih 10 E,78219-4505,Crimes Against Person Calls,Suspicious Vehicle,4240,EAST,SAPD-2026-1334263,29.43715,-98.381055,1790903230000,http://www.sanantonio.gov/sapd/Calls.aspx,Red,a tbd link,26,10
10/01/26, 8:04:12,1024-1068 CENTRAL PKWY SOUTH,78232,Other Calls,Property Found,3130,NORTH,SAPD-2026-1334251,29.567634,-98.478949,1790903052000,http://www.sanantonio.gov/sapd/Calls.aspx,Blue,a tbd link,26,10
10/01/26, 8:05:35,7400 Castle Trl,78218,Property Crime Calls,Burglary in Progress,4330,EAST,SAPD-2026-1334256,29.503288,-98.384838,1790903135000,http://www.sanantonio.gov/sapd/Calls.aspx,Green,a tbd link,26,10
10/01/26, 8:05:32,4900 Woodstone,78230,Other Calls,Disturbance Family,7230,PRUE,SAPD-2026-1334255,29.554495,-98.579176,1790903132000,http://www.sanantonio.gov/sapd/Calls.aspx,Blue,a tbd link,26,10
10/01/26, 8:06:22,500 Lexington Ave,78215,Other Calls,Suspicious Person,1130,DOWNTOWN,SAPD-2026-1334258,29.435405,-98.491731,1790903182000,http://www.sanantonio.gov/sapd/Calls.aspx,Blue,a tbd link,26,10
10/01/26, 8:07:17,5900 Kettering St,78228,Other Calls,Fire,5250,WEST,SAPD-2026-1334265,29.464849,-98.601523,1790903237000,http://www.sanantonio.gov/sapd/Calls.aspx,Blue,a tbd link,26,10
10/01/26, 8:07:13,6800 Brookvale Dr,78238,Other Calls,Suspicious Person,5310,WEST,SAPD-2026-1334264,29.479642,-98.623952,1790903233000,http://www.sanantonio.gov/sapd/Calls.aspx,Blue,a tbd link,26,10
10/01/26, 8:06:48,2600 Mossrock Dr,78230,Crimes Against Person Calls,Assault In Progress,7210,PRUE,SAPD-2026-1334260,29.513033,-98.535463,1790903208000,http://www.sanantonio.gov/sapd/Calls.aspx,Red,a tbd link,26,10
10/01/26, 8:08:40,5600 Utsa Blvd,78249,Other Calls,Disturbance Loud Music,7250,PRUE,SAPD-2026-1334274,29.578051,-98.598958,1790903320000,http://www.sanantonio.gov/sapd/Calls.aspx,Blue,a tbd link,26,10
10/01/26, 8:07:22,E0 Nw Lp 410 Onrp Summit Pkwy,78229,Traffic Calls,Traffic Related,5260,WEST,SAPD-2026-1334266,29.489193,-98.578926,1790903242000,http://www.sanantonio.gov/sapd/Calls.aspx,Yellow,a tbd link,26,10
10/01/26, 8:07:37,4100 Talavera Trl,78251,Other Calls,Disturbance Family,5320,WEST,SAPD-2026-1334269,29.473313,-98.656666,1790903257000,http://www.sanantonio.gov/sapd/Calls.aspx,Blue,a tbd link,26,10
10/01/26, 8:06:58,S0 Hy281 N Onrp Hildebrand Ave,78212,Traffic Calls,Major Accident,1230,DOWNTOWN,SAPD-2026-1334262,29.46387,-98.475229,1790903218000,http://www.sanantonio.gov/sapd/Calls.aspx,Yellow,a tbd link,26,10
10/01/26, 8:08:05,2400 Guadalupe St,78207,Other Calls,Disturbance,2330,CENTRAL,SAPD-2026-1334272,29.419542,-98.527172,1790903285000,http://www.sanantonio.gov/sapd/Calls.aspx,Blue,a tbd link,26,10
10/01/26, 8:11:20,2200 Ih 35 N,78208,Traffic Calls,Minor Accident,4130,EAST,SAPD-2026-1334280,29.438102,-98.458242,1790903480000,http://www.sanantonio.gov/sapd/Calls.aspx,Yellow,a tbd link,26,10
10/01/26, 8:09:20,4000 E Southcross Blvd,78222,Crimes Against Person Calls,Assault In Progress,4250,EAST,SAPD-2026-1334276,29.374755,-98.416342,1790903360000,http://www.sanantonio.gov/sapd/Calls.aspx,Red,a tbd link,26,10
10/01/26, 8:06:56,1500 SALTILLO ST,78207,Other Calls,Patrol By,2350,CENTRAL,SAPD-2026-1334261,29.411794,-98.536283,1790903216000,http://www.sanantonio.gov/sapd/Calls.aspx,Blue,a tbd link,26,10
10/01/26, 8:09:18,200 Ray Ave,78204,Other Calls,Disturbance,2340,CENTRAL,SAPD-2026-1334275,29.403224,-98.514248,1790903358000,http://www.sanantonio.gov/sapd/Calls.aspx,Blue,a tbd link,26,10
10/01/26, 8:13:37,2600 Babcock Rd,78229,Other Calls,Assist the Public,7160,PRUE,SAPD-2026-1334290,29.509189,-98.590864,1790903617000,http://www.sanantonio.gov/sapd/Calls.aspx,Blue,a tbd link,26,10
10/01/26, 8:10:13,4900 Celtic Corner,78244,Other Calls,Disturbance,4320,EAST,SAPD-2026-1334278,29.472424,-98.370488,1790903413000,http://www.sanantonio.gov/sapd/Calls.aspx,Blue,a tbd link,26,10
10/01/26, 8:13:06,7800 Oxbow Way,78254,Traffic Calls,Traffic Violation,5350,WEST,SAPD-2026-1334289,29.51155,-98.747649,1790903586000,http://www.sanantonio.gov/sapd/Calls.aspx,Yellow,a tbd link,26,10
10/01/26, 8:12:11,5400 Gwenda Lea,78242,Property Crime Calls,Theft,6340,SOUTH,SAPD-2026-1334284,29.348704,-98.604815,1790903531000,http://www.sanantonio.gov/sapd/Calls.aspx,Green,a tbd link,26,10
10/01/26, 8:11:32,3600 Magic Dr,78229,Other Calls,Welfare Check,7110,PRUE,SAPD-2026-1334279,29.504406,-98.553467,1790903492000,http://www.sanantonio.gov/sapd/Calls.aspx,Blue,a tbd link,26,10
10/01/26, 8:13:12,4900 Celtic Corner,78244,Other Calls,Disturbance Family,4320,EAST,SAPD-2026-1334288,29.472424,-98.370488,1790903592000,http://www.sanantonio.gov/sapd/Calls.aspx,Blue,a tbd link,26,10
10/01/26, 8:18:45,3600 E Houston St,78219,Other Calls,Miscellaneous,4160,EAST,SAPD-2026-1334309,29.42532,-98.426945,1790903925000,http://www.sanantonio.gov/sapd/Calls.aspx,Blue,a tbd link,26,10
10/01/26, 8:14:22,12700 Blanco Rd,78231,Other Calls,Missing Person - Endangered,3110,NORTH,SAPD-2026-1334294,29.55703,-98.516216,1790903662000,http://www.sanantonio.gov/sapd/Calls.aspx,Blue,a tbd link,26,10
10/01/26, 8:13:39,1700 Sw Military Dr,78221,Other Calls,Disturbance,6150,SOUTH,SAPD-2026-1334291,29.356653,-98.519923,1790903619000,http://www.sanantonio.gov/sapd/Calls.aspx,Blue,a tbd link,26,10
10/01/26, 8:17:21,1800 N Comal St,78212,Other Calls,Welfare Check,1220,DOWNTOWN,SAPD-2026-1334304,29.444961,-98.505362,1790903841000,http://www.sanantonio.gov/sapd/Calls.aspx,Blue,a tbd link,26,10
10/01/26, 8:14:06,13700 Us Hwy 281 N,78232,Other Calls,Visitation Violation,3130,NORTH,SAPD-2026-1334299,29.564631,-98.47972,1790903646000,http://www.sanantonio.gov/sapd/Calls.aspx,Blue,a tbd link,26,10
10/01/26, 8:12:06,2300 S CALAVERAS,78207,Other Calls,Patrol By,2340,CENTRAL,SAPD-2026-1334282,29.403464,-98.528067,1790903526000,http://www.sanantonio.gov/sapd/Calls.aspx,Blue,a tbd link,26,10
10/01/26, 8:15:21,5800 Old Pearsall Rd,78242,Property Crime Calls,Theft,6350,SOUTH,SAPD-2026-1334296,29.349119,-98.611572,1790903721000,http://www.sanantonio.gov/sapd/Calls.aspx,Green,a tbd link,26,10
10/01/26, 8:15:48,7600 Callaghan Rd,78229,Other Calls,Disturbance Neighbor,7110,PRUE,SAPD-2026-1334300,29.505744,-98.554911,1790903748000,http://www.sanantonio.gov/sapd/Calls.aspx,Blue,a tbd link,26,10
10/01/26, 8:14:48,Kyle Seale Pkwy / Sonoma Pkwy,78023,Traffic Calls,Minor Accident,7350,PRUE,SAPD-2026-1334295,29.582463,-98.647578,1790903688000,http://www.sanantonio.gov/sapd/Calls.aspx,Yellow,a tbd link,26,10
10/01/26, 8:13:06,3500 MARTIN LUTHER KING DR,78220,Other Calls,Patrol By,4230,EAST,SAPD-2026-1334286,29.413733,-98.418833,1790903586000,http://www.sanantonio.gov/sapd/Calls.aspx,Blue,a tbd link,26,10
10/01/26, 8:17:04,10500 Midsummer Meadow,78109,Crimes Against Person Calls,Threats,4310,EAST,SAPD-2026-1334302,29.484261,-98.280364,1790903824000,http://www.sanantonio.gov/sapd/Calls.aspx,Red,a tbd link,26,10
10/01/26, 8:18:52,2100 N Elmendorf St,78201,Property Crime Calls,Theft,5210,WEST,SAPD-2026-1334311,29.449952,-98.526631,1790903932000,http://www.sanantonio.gov/sapd/Calls.aspx,Green,a tbd link,26,10
10/01/26, 8:16:14,8800 Adams Hill Dr,78227,Other Calls,Patrol By,5340,WEST,SAPD-2026-1334301,29.410445,-98.659513,1790903774000,http://www.sanantonio.gov/sapd/Calls.aspx,Blue,a tbd link,26,10
10/01/26, 8:18:34,12200 La Charca Dr,78233,Property Crime Calls,Theft of Vehicle,3210,NORTH,SAPD-2026-1334314,29.551902,-98.38357,1790903914000,http://www.sanantonio.gov/sapd/Calls.aspx,Green,a tbd link,26,10
10/01/26, 8:17:21,500 S Flores St,78204,Property Crime Calls,Theft,1140,DOWNTOWN,SAPD-2026-1334306,29.419357,-98.496503,1790903841000,http://www.sanantonio.gov/sapd/Calls.aspx,Green,a tbd link,26,10
10/01/26, 8:15:33,2400 Culebra Rd,78228,Other Calls,Miscellaneous,2360,CENTRAL,SAPD-2026-1334297,29.447317,-98.547118,1790903733000,http://www.sanantonio.gov/sapd/Calls.aspx,Blue,a tbd link,26,10
10/01/26, 8:17:07,8000 Bentley Dr,78218,Other Calls,Injured/Sick Person,4330,EAST,SAPD-2026-1334303,29.508313,-98.378092,1790903827000,http://www.sanantonio.gov/sapd/Calls.aspx,Blue,a tbd link,26,10
10/01/26, 8:15:39,1500 NOGALITOS ST,78404,Other Calls,Patrol By,2340,CENTRAL,SAPD-2026-1334298,29.398314,-98.514175,1790903739000,http://www.sanantonio.gov/sapd/Calls.aspx,Blue,a tbd link,26,10
10/01/26, 8:23:14,9800 Airport Blvd,78216,Other Calls,Information,SAT1,AIRPORT,SAPD-2026-1334334,29.526619,-98.471844,1790904194000,http://www.sanantonio.gov/sapd/Calls.aspx,Blue,a tbd link,26,10
10/01/26, 8:19:15,10300 Renova St,78214,Traffic Calls,Accident Private Property,6260,SOUTH,SAPD-2026-1334313,29.314257,-98.472064,1790903955000,http://www.sanantonio.gov/sapd/Calls.aspx,Yellow,a tbd link,26,10
10/01/26, 8:18:22,4028-4099 Vance Jackson Rd,78213,Crimes Against Person Calls,Assault In Progress,2230,CENTRAL,SAPD-2026-1334308,29.51092,-98.535125,1790903902000,http://www.sanantonio.gov/sapd/Calls.aspx,Red,a tbd link,26,10
10/01/26, 8:18:20,11500 Huebner Rd,78230,Other Calls,Disturbance,7230,PRUE,SAPD-2026-1334307,29.552651,-98.575278,1790903900000,http://www.sanantonio.gov/sapd/Calls.aspx,Blue,a tbd link,26,10
10/01/26, 8:20:15,1000 Sw 40th St,78237,Other Calls,Miscellaneous,5120,WEST,SAPD-2026-1334317,29.411137,-98.58335,1790904015000,http://www.sanantonio.gov/sapd/Calls.aspx,Blue,a tbd link,26,10
10/01/26, 8:19:55,6000 Larimer Sq,78249,Other Calls,Missing Person - Endangered,7340,PRUE,SAPD-2026-1334315,29.554993,-98.603298,1790903995000,http://www.sanantonio.gov/sapd/Calls.aspx,Blue,a tbd link,26,10
10/01/26, 8:21:53,300 Valley Hi Dr,78227,Traffic Calls,Minor Accident,6360,SOUTH,SAPD-2026-1334327,29.381627,-98.638582,1790904113000,http://www.sanantonio.gov/sapd/Calls.aspx,Yellow,a tbd link,26,10
10/01/26, 8:17:44,8000 Bentley Dr,78218,Other Calls,SAPD Emergency Call,4330,EAST,SAPD-2026-1334305,29.508313,-98.378092,1790903864000,http://www.sanantonio.gov/sapd/Calls.aspx,Blue,a tbd link,26,10
10/01/26, 8:20:12,2500 Nw Loop 410,78230,Crimes Against Person Calls,Robbery of Individual,2230,CENTRAL,SAPD-2026-1334324,29.511494,-98.53433,1790904012000,http://www.sanantonio.gov/sapd/Calls.aspx,Red,a tbd link,26,10
10/01/26, 8:21:29,100 Talavera Pkwy,78232,Crimes Against Person Calls,Assault In Progress,7240,PRUE,SAPD-2026-1334326,29.603546,-98.50195,1790904089000,http://www.sanantonio.gov/sapd/Calls.aspx,Red,a tbd link,26,10
10/01/26, 8:20:10,2600 Babcock Rd,78229,Traffic Calls,Major Accident,7160,PRUE,SAPD-2026-1334316,29.508325,-98.591603,1790904010000,http://www.sanantonio.gov/sapd/Calls.aspx,Yellow,a tbd link,26,10
10/01/26, 8:20:53,Ih 35 N / Seguin Rd,78219,Other Calls,High Water Rescue,4160,EAST,SAPD-2026-1334322,29.4498,-98.424625,1790904053000,http://www.sanantonio.gov/sapd/Calls.aspx,Blue,a tbd link,26,10
10/01/26, 8:19:14,1000 CINCINNATI AVE,78201,Other Calls,Patrol By,5210,WEST,SAPD-2026-1334312,29.449756,-98.526834,1790903954000,http://www.sanantonio.gov/sapd/Calls.aspx,Blue,a tbd link,26,10
10/01/26, 8:20:48,7600 Callaghan Rd,78229,Other Calls,Disturbance Family,7110,PRUE,SAPD-2026-1334321,29.505744,-98.554911,1790904048000,http://www.sanantonio.gov/sapd/Calls.aspx,Blue,a tbd link,26,10
10/01/26, 8:21:40,13400 Us Hwy 281 N,78216,Other Calls,Disturbance,3120,NORTH,SAPD-2026-1334329,29.564703,-98.483654,1790904100000,http://www.sanantonio.gov/sapd/Calls.aspx,Blue,a tbd link,26,10
10/01/26, 8:23:33,2600 Babcock Rd,78229,Traffic Calls,Major Accident,7160,PRUE,SAPD-2026-1334333,29.509189,-98.590864,1790904213000,http://www.sanantonio.gov/sapd/Calls.aspx,Yellow,a tbd link,26,10
10/01/26, 8:20:33,Tioga Dr / Wurzbach Rd,78230,Traffic Calls,Major Accident,7210,PRUE,SAPD-2026-1334319,29.536685,-98.556555,1790904033000,http://www.sanantonio.gov/sapd/Calls.aspx,Yellow,a tbd link,26,10
10/01/26, 8:22:27,W Rector Dr / Ahern Dr,78216,Traffic Calls,Minor Accident,3320,NORTH,SAPD-2026-1334330,29.516908,-98.495925,1790904147000,http://www.sanantonio.gov/sapd/Calls.aspx,Yellow,a tbd link,26,10
10/01/26, 8:21:25,5300-5315 Medical Dr,78240,Traffic Calls,Major Accident,7160,PRUE,SAPD-2026-1334323,29.50812,-98.590549,1790904085000,http://www.sanantonio.gov/sapd/Calls.aspx,Yellow,a tbd link,26,10
10/01/26, 8:20:44,13100 JONES MALTSBERGER RD,78247,Other Calls,Patrol By,3220,NORTH,SAPD-2026-1334320,29.559223,-98.450814,1790904044000,http://www.sanantonio.gov/sapd/Calls.aspx,Blue,a tbd link,26,10
10/01/26, 8:21:28,2600 Babcock Rd,78229,Traffic Calls,Major Accident,7160,PRUE,SAPD-2026-1334325,29.509189,-98.590864,1790904088000,http://www.sanantonio.gov/sapd/Calls.aspx,Yellow,a tbd link,26,10
10/01/26, 8:23:28,5500 De Zavala Rd,78249,Traffic Calls,Minor Accident,7340,PRUE,SAPD-2026-1334332,29.566663,-98.596216,1790904208000,http://www.sanantonio.gov/sapd/Calls.aspx,Yellow,a tbd link,26,10
10/01/26, 8:24:50,400 N St Mary's St,78205,Other Calls,Suspicious Person,1130,DOWNTOWN,SAPD-2026-1334338,29.428089,-98.49152,1790904290000,http://www.sanantonio.gov/sapd/Calls.aspx,Blue,a tbd link,26,10
10/01/26, 8:25:15,900 E Market St,78205,Other Calls,Disturbance,1110,DOWNTOWN,SAPD-2026-1334336,29.421748,-98.485642,1790904315000,http://www.sanantonio.gov/sapd/Calls.aspx,Blue,a tbd link,26,10
10/01/26, 8:25:54,100 N St Mary's St,78205,Traffic Calls,Minor Accident,1110,DOWNTOWN,SAPD-2026-1334339,29.424819,-98.49155,1790904354000,http://www.sanantonio.gov/sapd/Calls.aspx,Yellow,a tbd link,26,10
10/01/26, 8:27:15,5500 De Zavala Rd,78249,Traffic Calls,Minor Accident,7340,PRUE,SAPD-2026-1334344,29.566663,-98.596216,1790904435000,http://www.sanantonio.gov/sapd/Calls.aspx,Yellow,a tbd link,26,10
10/01/26, 8:24:38,4700 CALLAGHAN RD,78238,Other Calls,Patrol By,5270,WEST,SAPD-2026-1334335,29.47541,-98.59874,1790904278000,http://www.sanantonio.gov/sapd/Calls.aspx,Blue,a tbd link,26,10
10/01/26, 8:26:38,5800 Culebra Rd,78228,Other Calls,Disturbance,5140,WEST,SAPD-2026-1334342,29.448498,-98.601061,1790904398000,http://www.sanantonio.gov/sapd/Calls.aspx,Blue,a tbd link,26,10
10/01/26, 8:29:02,4900 Woodstone,78230,Other Calls,Disturbance,7230,PRUE,SAPD-2026-1334346,29.554495,-98.579176,1790904542000,http://www.sanantonio.gov/sapd/Calls.aspx,Blue,a tbd link,26,10
10/01/26, 8:29:20,5500 Culebra Rd,78228,Property Crime Calls,Theft,5140,WEST,SAPD-2026-1334348,29.44727,-98.596419,1790904560000,http://www.sanantonio.gov/sapd/Calls.aspx,Green,a tbd link,26,10
10/01/26, 8:26:50,1400 MIRA VISTA,78228,Other Calls,Patrol By,5250,WEST,SAPD-2026-1334343,29.453772,-98.60077,1790904410000,http://www.sanantonio.gov/sapd/Calls.aspx,Blue,a tbd link,26,10
10/01/26, 8:28:53,400 E Houston St,78205,Other Calls,Disturbance,1130,DOWNTOWN,SAPD-2026-1334345,29.426699,-98.488378,1790904533000,http://www.sanantonio.gov/sapd/Calls.aspx,Blue,a tbd link,26,10
10/01/26, 8:29:51,3100 MAJESTIC DR,78228,Traffic Calls,Traffic Related,5260,WEST,SAPD-2026-1334349,29.466894,-98.594862,1790904591000,http://www.sanantonio.gov/sapd/Calls.aspx,Yellow,a tbd link,26,10
10/01/26, 8:31:38,1900 S Zarzamora St,78207,Other Calls,Information,2340,CENTRAL,SAPD-2026-1334353,29.40649,-98.528756,1790904698000,http://www.sanantonio.gov/sapd/Calls.aspx,Blue,a tbd link,26,10
10/01/26, 8:30:44,16200 Us Hwy 281 N,,Other Calls,Disturbance Loud Music,3140,NORTH,SAPD-2026-1334350,29.588125,-98.471619,1790904644000,http://www.sanantonio.gov/sapd/Calls.aspx,Blue,a tbd link,26,10
10/01/26, 8:32:45,1800 N Foster Rd,78244,Other Calls,Animal Related,4310,EAST,SAPD-2026-1334357,29.447374,-98.360056,1790904765000,http://www.sanantonio.gov/sapd/Calls.aspx,Blue,a tbd link,26,10
10/01/26, 8:32:36,600-699 E Crockett St,78202,Traffic Calls,High Water,1110,DOWNTOWN,SAPD-2026-1334355,29.423775,-98.478354,1790904756000,http://www.sanantonio.gov/sapd/Calls.aspx,Yellow,a tbd link,26,10
10/01/26, 8:33:59,500 W COMMERCE ST,78207,Other Calls,Ordinance Violation,1120,DOWNTOWN,SAPD-2026-1334358,29.426046,-98.499106,1790904839000,http://www.sanantonio.gov/sapd/Calls.aspx,Blue,a tbd link,26,10
10/01/26, 8:37:01,3600 W Poplar St,78228,Crimes Against Person Calls,Suspicious Vehicle,2360,CENTRAL,SAPD-2026-1334363,29.442846,-98.548707,1790905021000,http://www.sanantonio.gov/sapd/Calls.aspx,Red,a tbd link,26,10
10/01/26, 8:37:06,2100 W Poplar St,78207,Other Calls,Disturbance,2320,CENTRAL,SAPD-2026-1334364,29.440524,-98.525732,1790905026000,http://www.sanantonio.gov/sapd/Calls.aspx,Blue,a tbd link,26,10
10/01/26, 8:41:59,9100 Seafarer Dr,78242,Other Calls,Disturbance,6340,SOUTH,SAPD-2026-1334374,29.331752,-98.606619,1790905319000,http://www.sanantonio.gov/sapd/Calls.aspx,Blue,a tbd link,26,10
10/01/26, 8:39:51,W Travis St / N Pinto St,78207,Other Calls,Welfare Check,2320,CENTRAL,SAPD-2026-1334369,29.428964,-98.516483,1790905191000,http://www.sanantonio.gov/sapd/Calls.aspx,Blue,a tbd link,26,10
10/01/26, 8:39:07,Ridgeford / Ridge Path,78250,Crimes Against Person Calls,Assault In Progress,7370,PRUE,SAPD-2026-1334365,29.499164,-98.671425,1790905147000,http://www.sanantonio.gov/sapd/Calls.aspx,Red,a tbd link,26,10
10/01/26, 8:39:52,Goliad Rd / Hot Wells,78223,Crimes Against Person Calls,Assault In Progress,4220,EAST,SAPD-2026-1334368,29.36877,-98.443576,1790905192000,http://www.sanantonio.gov/sapd/Calls.aspx,Red,a tbd link,26,10
10/01/26, 8:47:34,700 W Baetz Blvd,78221,Other Calls,Welfare Check,6150,SOUTH,SAPD-2026-1334393,29.332376,-98.51476,1790905654000,http://www.sanantonio.gov/sapd/Calls.aspx,Blue,a tbd link,26,10
10/01/26, 8:40:59,3500 Wurzbach Rd,78238,Other Calls,Disturbance,5310,WEST,SAPD-2026-1334370,29.471167,-98.623799,1790905259000,http://www.sanantonio.gov/sapd/Calls.aspx,Blue,a tbd link,26,10
10/01/26, 8:49:43,7600 Bandera Rd,78250,Other Calls,Visitation Violation,7320,PRUE,SAPD-2026-1334409,29.51042,-98.631686,1790905783000,http://www.sanantonio.gov/sapd/Calls.aspx,Blue,a tbd link,26,10
10/01/26, 8:47:07,8500 Huebner Rd,78240,Other Calls,Missing Person - Endangered,7160,PRUE,SAPD-2026-1334392,29.516682,-98.605417,1790905627000,http://www.sanantonio.gov/sapd/Calls.aspx,Blue,a tbd link,26,10
10/01/26, 8:41:16,3200 Wurzbach Rd,78238,Other Calls,Disturbance,5310,WEST,SAPD-2026-1334372,29.467068,-98.623346,1790905276000,http://www.sanantonio.gov/sapd/Calls.aspx,Blue,a tbd link,26,10
10/01/26, 8:42:58,6700 Medina Base Rd,78227,Property Crime Calls,Theft,6360,SOUTH,SAPD-2026-1334373,29.372222,-98.638383,1790905378000,http://www.sanantonio.gov/sapd/Calls.aspx,Green,a tbd link,26,10
10/01/26, 8:45:32,15500 Knollmeadow,78247,Other Calls,Information,3240,NORTH,SAPD-2026-1334383,29.583667,-98.407448,1790905532000,http://www.sanantonio.gov/sapd/Calls.aspx,Blue,a tbd link,26,10
10/01/26, 8:41:15,FOX CRK / ROCKY CRK,78247,Other Calls,Patrol By,3260,NORTH,SAPD-2026-1334371,29.586277,-98.369574,1790905275000,http://www.sanantonio.gov/sapd/Calls.aspx,Blue,a tbd link,26,10
10/01/26, 8:43:10,2000 Barney Ave,78237,Other Calls,Disturbance Family,5120,WEST,SAPD-2026-1334375,29.409337,-98.568426,1790905390000,http://www.sanantonio.gov/sapd/Calls.aspx,Blue,a tbd link,26,10
10/01/26, 8:43:52,10500 Culebra Rd,78251,Traffic Calls,Minor Accident,5350,WEST,SAPD-2026-1334378,29.491807,-98.699013,1790905432000,http://www.sanantonio.gov/sapd/Calls.aspx,Yellow,a tbd link,26,10
10/01/26, 8:43:01,W Bitters Rd / Huebner Rd,78248,Traffic Calls,Minor Accident,7240,PRUE,SAPD-2026-1334376,29.593282,-98.527894,1790905381000,http://www.sanantonio.gov/sapd/Calls.aspx,Yellow,a tbd link,26,10
10/01/26, 8:45:12,W Bitters Rd / Huebner Rd,78248,Traffic Calls,Minor Accident,7240,PRUE,SAPD-2026-1334382,29.593282,-98.527894,1790905512000,http://www.sanantonio.gov/sapd/Calls.aspx,Yellow,a tbd link,26,10
