Date,Time,Address,Zipcode,Category,ProblemType,PatrolDistrict,Substation,IncidentNumber,LAT,LON,ResponseDate,URL,Color,About,Year,Month
08/01/26,12:00:49 AM,100 S Acme Rd,78237,Other Calls,Disturbance Loud Music,5140,WEST,SAPD-2026-1040345,29.433422,-98.587551,1785560449000,http://www.sanantonio.gov/sapd/Calls.aspx,Blue,a tbd link,26,8
08/01/26,12:03:33 AM,200 N Alamo St,78205,Other Calls,Disturbance,1130,DOWNTOWN,SAPD-2026-1040353,29.427975,-98.486592,1785560613000,http://www.sanantonio.gov/sapd/Calls.aspx,Blue,a tbd link,26,8
08/01/26,12:00:42 AM,900 Gembler Rd,78219,Other Calls,Disturbance,4310,EAST,SAPD-2026-1040344,29.432304,-98.416786,1785560442000,http://www.sanantonio.gov/sapd/Calls.aspx,Blue,a tbd link,26,8
08/01/26,12:01:53 AM,N Loop 1604 W Nb / Kyle Seale Pkwy,78255,Traffic Calls,Traffic Related,7350,PRUE,SAPD-2026-1040348,29.57738,-98.644817,1785560513000,http://www.sanantonio.gov/sapd/Calls.aspx,Yellow,a tbd link,26,8
08/01/26,12:05:18 AM,16500 Henderson Pass,78232,Other Calls,Welfare Check,3140,NORTH,SAPD-2026-1040357,29.591777,-98.448478,1785560718000,http://www.sanantonio.gov/sapd/Calls.aspx,Blue,a tbd link,26,8
08/01/26,12:02:58 AM,1200 Timber Bay,78232,Crimes Against Person Calls,Assault In Progress,7240,PRUE,SAPD-2026-1040351,29.584319,-98.512395,1785560578000,http://www.sanantonio.gov/sapd/Calls.aspx,Red,a tbd link,26,8
08/01/26,12:02:47 AM,6100 Eckhert Blvd,78240,Other Calls,Disturbance,7310,PRUE,SAPD-2026-1040350,29.520018,-98.608869,1785560567000,http://www.sanantonio.gov/sapd/Calls.aspx,Blue,a tbd link,26,8
08/01/26,12:03:17 AM,9800 Airport Blvd,78216,Other Calls,Welfare Check,SAT1,AIRPORT,SAPD-2026-1040352,29.526619,-98.471844,1785560597000,http://www.sanantonio.gov/sapd/Calls.aspx,Blue,a tbd link,26,8
08/01/26,12:06:36 AM,2600 Ne Loop 410,78218,Property Crime Calls,Burglary in Progress,4360,EAST,SAPD-2026-1040359,29.51363,-98.412083,1785560796000,http://www.sanantonio.gov/sapd/Calls.aspx,Green,a tbd link,26,8
08/01/26,12:07:00 AM,2600 Ih 35 N,78208,Other Calls,Disturbance,4130,EAST,SAPD-2026-1040360,29.438489,-98.44977,1785560820000,http://www.sanantonio.gov/sapd/Calls.aspx,Blue,a tbd link,26,8
08/01/26,12:10:33 AM,900 N Olive St,78202,Other Calls,Suspicious Person,4110,EAST,SAPD-2026-1040372,29.430885,-98.47178,1785561033000,http://www.sanantonio.gov/sapd/Calls.aspx,Blue,a tbd link,26,8
08/01/26,12:10:33 AM,5400 San Fernando St,78237,Crimes Against Person Calls,Threats,5140,WEST,SAPD-2026-1040371,29.425905,-98.566033,1785561033000,http://www.sanantonio.gov/sapd/Calls.aspx,Red,a tbd link,26,8
08/01/26,12:10:42 AM,1600 Drought Way,78207,Other Calls,Disturbance,2350,CENTRAL,SAPD-2026-1040373,29.411424,-98.535859,1785561042000,http://www.sanantonio.gov/sapd/Calls.aspx,Blue,a tbd link,26,8
08/01/26,12:09:34 AM,900 Rexford Dr,78216,Property Crime Calls,Burglary,3330,NORTH,SAPD-2026-1040367,29.513099,-98.474687,1785560974000,http://www.sanantonio.gov/sapd/Calls.aspx,Green,a tbd link,26,8
08/01/26,12:08:47 AM,100 MAIN PLAZA,78205,Other Calls,Patrol By,1120,DOWNTOWN,SAPD-2026-1040364,29.424641,-98.493456,1785560927000,http://www.sanantonio.gov/sapd/Calls.aspx,Blue,a tbd link,26,8
08/01/26,12:09:48 AM,N0 LOOP 410 ACCESS RD,78216,Traffic Calls,Traffic Related,3350,NORTH,SAPD-2026-1040368,29.520691,-98.48514,1785560988000,http://www.sanantonio.gov/sapd/Calls.aspx,Yellow,a tbd link,26,8
08/01/26,12:09:20 AM,201-299 JEFFERSON,78205,Other Calls,Patrol By,1130,DOWNTOWN,SAPD-2026-1040366,29.428273,-98.488504,1785560960000,http://www.sanantonio.gov/sapd/Calls.aspx,Blue,a tbd link,26,8
08/01/26,12:10:32 AM,Glacier Lake / Sinclair Rd,78222,Other Calls,Disturbance Loud Music,4250,EAST,SAPD-2026-1040370,29.385262,-98.370921,1785561032000,http://www.sanantonio.gov/sapd/Calls.aspx,Blue,a tbd link,26,8
08/01/26,12:12:29 AM,2600 Ne Loop 410,78218,Property Crime Calls,Theft,4360,EAST,SAPD-2026-1040378,29.514689,-98.412514,1785561149000,http://www.sanantonio.gov/sapd/Calls.aspx,Green,a tbd link,26,8
08/01/26,12:12:09 AM,Navarro St / W Market St,78205,Other Calls,Drunk,1110,DOWNTOWN,SAPD-2026-1040379,29.423488,-98.49007,1785561129000,http://www.sanantonio.gov/sapd/Calls.aspx,Blue,a tbd link,26,8
08/01/26,12:11:02 AM,U0 HWY 90 W ACCESS RD,78237,Traffic Calls,Traffic Related,6310,SOUTH,SAPD-2026-1040374,29.404588,-98.557523,1785561062000,http://www.sanantonio.gov/sapd/Calls.aspx,Yellow,a tbd link,26,8
08/01/26,12:11:51 AM,200-298 CAMARON,78205,Other Calls,Patrol By,1120,DOWNTOWN,SAPD-2026-1040375,29.427013,-98.496128,1785561111000,http://www.sanantonio.gov/sapd/Calls.aspx,Blue,a tbd link,26,8
08/01/26,12:14:06 AM,1700 Pinn Rd,78227,Traffic Calls,Major Accident,5150,WEST,SAPD-2026-1040383,29.415168,-98.624175,1785561246000,http://www.sanantonio.gov/sapd/Calls.aspx,Yellow,a tbd link,26,8
08/01/26,12:15:31 AM,5600 Walzem Rd,78218,Other Calls,Disturbance,4330,EAST,SAPD-2026-1040388,29.509538,-98.374703,1785561331000,http://www.sanantonio.gov/sapd/Calls.aspx,Blue,a tbd link,26,8
08/01/26,12:15:07 AM,2500 Babcock Rd,78229,Property Crime Calls,Theft In Progress,7140,PRUE,SAPD-2026-1040387,29.505662,-98.587953,1785561307000,http://www.sanantonio.gov/sapd/Calls.aspx,Green,a tbd link,26,8
08/01/26,12:13:32 AM,9500 AIRPORT BLVD,78216,Other Calls,Patrol By,3350,NORTH,SAPD-2026-1040381,29.524774,-98.473477,1785561212000,http://www.sanantonio.gov/sapd/Calls.aspx,Blue,a tbd link,26,8
08/01/26,12:14:29 AM,300 E Edmonds Ave,78214,Other Calls,Disturbance Loud Music,6210,SOUTH,SAPD-2026-1040385,29.376438,-98.495237,1785561269000,http://www.sanantonio.gov/sapd/Calls.aspx,Blue,a tbd link,26,8
08/01/26,12:17:39 AM,11700 Vance Jackson,78230,Other Calls,Disturbance,7220,PRUE,SAPD-2026-1040392,29.548921,-98.567672,1785561459000,http://www.sanantonio.gov/sapd/Calls.aspx,Blue,a tbd link,26,8
08/01/26,12:15:49 AM,700 CULBERSON AVE,78225,Other Calls,Patrol By,6120,SOUTH,SAPD-2026-1040389,29.382133,-98.539463,1785561349000,http://www.sanantonio.gov/sapd/Calls.aspx,Blue,a tbd link,26,8
08/01/26,12:17:52 AM,11900 Blanco Rd,78216,Other Calls,Drunk,3120,NORTH,SAPD-2026-1040393,29.549061,-98.5102,1785561472000,http://www.sanantonio.gov/sapd/Calls.aspx,Blue,a tbd link,26,8
08/01/26,12:17:47 AM,Nogalitos St / Illg,78211,Traffic Calls,Traffic Related,6120,SOUTH,SAPD-2026-1040395,29.38014,-98.529381,1785561467000,http://www.sanantonio.gov/sapd/Calls.aspx,Yellow,a tbd link,26,8
08/01/26,12:19:41 AM,11700 Vance Jackson,78230,Other Calls,Disturbance,7220,PRUE,SAPD-2026-1040403,29.548921,-98.567672,1785561581000,http://www.sanantonio.gov/sapd/Calls.aspx,Blue,a tbd link,26,8
08/01/26,12:16:29 AM,17200 N Green Mountain Rd,78247,Other Calls,SAPD Emergency Call,3260,NORTH,SAPD-2026-1040391,29.598839,-98.364,1785561389000,http://www.sanantonio.gov/sapd/Calls.aspx,Blue,a tbd link,26,8
08/01/26,12:18:53 AM,200 Rosebud Ln,78221,Other Calls,Disturbance,6230,SOUTH,SAPD-2026-1040401,29.364264,-98.507992,1785561533000,http://www.sanantonio.gov/sapd/Calls.aspx,Blue,a tbd link,26,8
08/01/26,12:17:53 AM,5600 Walzem Rd,78218,Crimes Against Person Calls,Assault In Progress,4330,EAST,SAPD-2026-1040394,29.509538,-98.374703,1785561473000,http://www.sanantonio.gov/sapd/Calls.aspx,Red,a tbd link,26,8
08/01/26,12:22:06 AM,12300 Vance Jackson,78230,Property Crime Calls,Theft,7230,PRUE,SAPD-2026-1040411,29.556552,-98.571242,1785561726000,http://www.sanantonio.gov/sapd/Calls.aspx,Green,a tbd link,26,8
08/01/26,12:19:19 AM,600 E Bonner Ave,78214,Other Calls,Disturbance,6230,SOUTH,SAPD-2026-1040402,29.360196,-98.482186,1785561559000,http://www.sanantonio.gov/sapd/Calls.aspx,Blue,a tbd link,26,8
08/01/26,12:20:38 AM,7400 Hanzi,78223,Other Calls,Suspicious Person,6270,SOUTH,SAPD-2026-1040405,29.352751,-98.445957,1785561638000,http://www.sanantonio.gov/sapd/Calls.aspx,Blue,a tbd link,26,8
08/01/26,12:23:20 AM,800 Vista Valet Dr,78216,Property Crime Calls,Criminal Mischief,7240,PRUE,SAPD-2026-1040414,29.557716,-98.51082,1785561800000,http://www.sanantonio.gov/sapd/Calls.aspx,Green,a tbd link,26,8
08/01/26,12:19:40 AM,1500 Chihuahua St,78207,Other Calls,Disturbance,2330,CENTRAL,SAPD-2026-1040404,29.41589,-98.521914,1785561580000,http://www.sanantonio.gov/sapd/Calls.aspx,Blue,a tbd link,26,8
08/01/26,12:18:29 AM,8500-8520 Ne Loop 410 Nb,78219,Traffic Calls,Traffic Related,4310,EAST,SAPD-2026-1040397,29.443385,-98.39533,1785561509000,http://www.sanantonio.gov/sapd/Calls.aspx,Yellow,a tbd link,26,8
08/01/26,12:18:29 AM,S ZARZAMORA ST,78225,Traffic Calls,Traffic Related,6110,SOUTH,SAPD-2026-1040398,29.396388,-98.531331,1785561509000,http://www.sanantonio.gov/sapd/Calls.aspx,Yellow,a tbd link,26,8
08/01/26,12:24:14 AM,9400 Valley Rdg,78250,Other Calls,Welfare Check,7370,PRUE,SAPD-2026-1040416,29.498863,-98.68873,1785561854000,http://www.sanantonio.gov/sapd/Calls.aspx,Blue,a tbd link,26,8
08/01/26,12:21:03 AM,4400 Grassland Pass,78222,Other Calls,Disturbance Loud Music,4260,EAST,SAPD-2026-1040407,29.361872,-98.40906,1785561663000,http://www.sanantonio.gov/sapd/Calls.aspx,Blue,a tbd link,26,8
08/01/26,12:22:38 AM,2700 S Presa St,78210,Property Crime Calls,Theft In Progress,1140,DOWNTOWN,SAPD-2026-1040412,29.395172,-98.482052,1785561758000,http://www.sanantonio.gov/sapd/Calls.aspx,Green,a tbd link,26,8
08/01/26,12:23:52 AM,4900 S FLORES ST,78214,Property Crime Calls,Burglary Vehicle,6210,SOUTH,SAPD-2026-1040415,29.377296,-98.499628,1785561832000,http://www.sanantonio.gov/sapd/Calls.aspx,Green,a tbd link,26,8
08/01/26,12:24:51 AM,1200 Alexander Hamilton,78228,Crimes Against Person Calls,Suspicious Vehicle,5220,WEST,SAPD-2026-1040417,29.468723,-98.561191,1785561891000,http://www.sanantonio.gov/sapd/Calls.aspx,Red,a tbd link,26,8
08/01/26,12:25:38 AM,400 San Pedro Ave,78212,Other Calls,Disturbance Family,1220,DOWNTOWN,SAPD-2026-1040418,29.437037,-98.4969,1785561938000,http://www.sanantonio.gov/sapd/Calls.aspx,Blue,a tbd link,26,8
08/01/26,12:34:09 AM,400 Belmont,78202,Other Calls,Disturbance,4140,EAST,SAPD-2026-1040479,29.420346,-98.454291,1785562449000,http://www.sanantonio.gov/sapd/Calls.aspx,Blue,a tbd link,26,8
08/01/26,12:29:27 AM,El Paso St / S Zarzamora St,78207,Other Calls,Welfare Check,2330,CENTRAL,SAPD-2026-1040433,29.420682,-98.527896,1785562167000,http://www.sanantonio.gov/sapd/Calls.aspx,Blue,a tbd link,26,8
08/01/26,12:29:01 AM,2500 El Jardin,78237,Crimes Against Person Calls,Threats,6310,SOUTH,SAPD-2026-1040426,29.403411,-98.574455,1785562141000,http://www.sanantonio.gov/sapd/Calls.aspx,Red,a tbd link,26,8
08/01/26,12:28:19 AM,2900 Olmos Creek Dr,78230,Other Calls,Disturbance,7220,PRUE,SAPD-2026-1040421,29.571237,-98.54545,1785562099000,http://www.sanantonio.gov/sapd/Calls.aspx,Blue,a tbd link,26,8
08/01/26,12:28:57 AM,400 Belmont,78202,Other Calls,Disturbance Family,4140,EAST,SAPD-2026-1040427,29.420346,-98.454291,1785562137000,http://www.sanantonio.gov/sapd/Calls.aspx,Blue,a tbd link,26,8
08/01/26,12:27:17 AM,3400 BROADWAY,78209,Other Calls,Patrol By,1230,DOWNTOWN,SAPD-2026-1040419,29.457764,-98.468847,1785562037000,http://www.sanantonio.gov/sapd/Calls.aspx,Blue,a tbd link,26,8
08/01/26,12:29:20 AM,9100 Ingram Rd,78245,Property Crime Calls,Criminal Mischief,5160,WEST,SAPD-2026-1040431,29.440242,-98.657843,1785562160000,http://www.sanantonio.gov/sapd/Calls.aspx,Green,a tbd link,26,8
08/01/26,12:30:30 AM,10400 Manor Crk,78245,Crimes Against Person Calls,Suspicious Vehicle,5360,WEST,SAPD-2026-1040437,29.427346,-98.697605,1785562230000,http://www.sanantonio.gov/sapd/Calls.aspx,Red,a tbd link,26,8
08/01/26,12:34:32 AM,3200 Howard St,78212,Crimes Against Person Calls,Suspicious Vehicle,1240,DOWNTOWN,SAPD-2026-1040452,29.468714,-98.495754,1785562472000,http://www.sanantonio.gov/sapd/Calls.aspx,Red,a tbd link,26,8
08/01/26,12:29:43 AM,2300 Nw Military Hwy,78230,Crimes Against Person Calls,Assault In Progress,7220,PRUE,SAPD-2026-1040432,29.543984,-98.530778,1785562183000,http://www.sanantonio.gov/sapd/Calls.aspx,Red,a tbd link,26,8
08/01/26,12:28:36 AM,6800 US HWY 90 W,78227,Traffic Calls,DWI,5150,WEST,SAPD-2026-1040423,29.403539,-98.62683,1785562116000,http://www.sanantonio.gov/sapd/Calls.aspx,Yellow,a tbd link,26,8
08/01/26,12:29:01 AM,500 FUNSTON PLACE,78209,Other Calls,Patrol By,1230,DOWNTOWN,SAPD-2026-1040425,29.457741,-98.459517,1785562141000,http://www.sanantonio.gov/sapd/Calls.aspx,Blue,a tbd link,26,8
08/01/26,12:30:20 AM,200 Drury Ln,78221,Other Calls,Disturbance Family,6150,SOUTH,SAPD-2026-1040434,29.347894,-98.506639,1785562220000,http://www.sanantonio.gov/sapd/Calls.aspx,Blue,a tbd link,26,8
08/01/26,12:29:08 AM,3700 W COMMERCE ST,78207,Other Calls,Patrol By,2330,CENTRAL,SAPD-2026-1040428,29.429203,-98.538583,1785562148000,http://www.sanantonio.gov/sapd/Calls.aspx,Blue,a tbd link,26,8
08/01/26,12:31:41 AM,100 N Main Ave,78205,Other Calls,Disturbance,1120,DOWNTOWN,SAPD-2026-1040441,29.425043,-98.493769,1785562301000,http://www.sanantonio.gov/sapd/Calls.aspx,Blue,a tbd link,26,8
08/01/26,12:29:23 AM,401-439 MISSION RD,78210,Traffic Calls,DWI,1140,DOWNTOWN,SAPD-2026-1040430,29.395408,-98.490257,1785562163000,http://www.sanantonio.gov/sapd/Calls.aspx,Yellow,a tbd link,26,8
08/01/26,12:31:26 AM,10800 State Hwy 151,78251,Other Calls,Disturbance Barking Dog,5360,WEST,SAPD-2026-1040439,29.459137,-98.690886,1785562286000,http://www.sanantonio.gov/sapd/Calls.aspx,Blue,a tbd link,26,8
08/01/26,12:31:20 AM,200 Drury Ln,78221,Other Calls,Disturbance Family,6150,SOUTH,SAPD-2026-1040438,29.347894,-98.506639,1785562280000,http://www.sanantonio.gov/sapd/Calls.aspx,Blue,a tbd link,26,8
08/01/26,12:32:19 AM,400 Belmont,78202,Crimes Against Person Calls,Violation of Protective Order,4140,EAST,SAPD-2026-1040445,29.420346,-98.454291,1785562339000,http://www.sanantonio.gov/sapd/Calls.aspx,Red,a tbd link,26,8
08/01/26,12:33:45 AM,Simon St / S Flores St,78204,Crimes Against Person Calls,Suspicious Vehicle,1140,DOWNTOWN,SAPD-2026-1040449,29.407282,-98.501928,1785562425000,http://www.sanantonio.gov/sapd/Calls.aspx,Red,a tbd link,26,8
08/01/26,12:34:27 AM,17600 Henderson Pass,78232,Property Crime Calls,Burglary Vehicle,3140,NORTH,SAPD-2026-1040458,29.604922,-98.464589,1785562467000,http://www.sanantonio.gov/sapd/Calls.aspx,Green,a tbd link,26,8
08/01/26,12:32:36 AM,Elvira St / S Zarzamora St,78207,Other Calls,Welfare Check,2330,CENTRAL,SAPD-2026-1040446,29.420178,-98.527963,1785562356000,http://www.sanantonio.gov/sapd/Calls.aspx,Blue,a tbd link,26,8
08/01/26,12:32:16 AM,5900 Danny Kaye Dr,78240,Other Calls,Disturbance,7160,PRUE,SAPD-2026-1040444,29.50792,-98.598256,1785562336000,http://www.sanantonio.gov/sapd/Calls.aspx,Blue,a tbd link,26,8
08/01/26,12:32:23 AM,900 Burton Ave,78221,Other Calls,Miscellaneous,6150,SOUTH,SAPD-2026-1040459,29.34945,-98.514355,1785562343000,http://www.sanantonio.gov/sapd/Calls.aspx,Blue,a tbd link,26,8
08/01/26,12:32:40 AM,6100 Blk Us Hwy 90 W Wb,78227,Traffic Calls,Major Accident,5150,WEST,SAPD-2026-1040447,29.406054,-98.60955,1785562360000,http://www.sanantonio.gov/sapd/Calls.aspx,Yellow,a tbd link,26,8
08/01/26,12:33:55 AM,200 Drury Ln,78221,Other Calls,Disturbance Family,6150,SOUTH,SAPD-2026-1040451,29.347894,-98.506639,1785562435000,http://www.sanantonio.gov/sapd/Calls.aspx,Blue,a tbd link,26,8
08/01/26,12:35:21 AM,7100 San Pedro Ave,78216,Other Calls,Drunk,3320,NORTH,SAPD-2026-1040454,29.512997,-98.499683,1785562521000,http://www.sanantonio.gov/sapd/Calls.aspx,Blue,a tbd link,26,8
08/01/26,12:33:10 AM,300 BLK RIVER WALK,78215,Other Calls,Patrol By,1110,DOWNTOWN,SAPD-2026-1040448,29.425333,-98.489452,1785562390000,http://www.sanantonio.gov/sapd/Calls.aspx,Blue,a tbd link,26,8
08/01/26,12:38:03 AM,21300 Blk Ih 10 W Nb,78257,Traffic Calls,Traffic Related,7260,PRUE,SAPD-2026-1040465,29.64181,-98.617927,1785562683000,http://www.sanantonio.gov/sapd/Calls.aspx,Yellow,a tbd link,26,8
08/01/26,12:42:09 AM,200 Whitman Ave,78211,Property Crime Calls,Criminal Mischief In Progress,6120,SOUTH,SAPD-2026-1040489,29.363986,-98.526493,1785562929000,http://www.sanantonio.gov/sapd/Calls.aspx,Green,a tbd link,26,8
08/01/26,12:35:28 AM,200 Drury Ln,78221,Property Crime Calls,Burglary in Progress,6150,SOUTH,SAPD-2026-1040455,29.347894,-98.506639,1785562528000,http://www.sanantonio.gov/sapd/Calls.aspx,Green,a tbd link,26,8
08/01/26,12:35:37 AM,100 Clock Ln,78207,Other Calls,Disturbance,2350,CENTRAL,SAPD-2026-1040456,29.410498,-98.539462,1785562537000,http://www.sanantonio.gov/sapd/Calls.aspx,Blue,a tbd link,26,8
08/01/26,12:40:20 AM,200 Betty Jean,78223,Other Calls,Information,6240,SOUTH,SAPD-2026-1040478,29.372487,-98.461338,1785562820000,http://www.sanantonio.gov/sapd/Calls.aspx,Blue,a tbd link,26,8
08/01/26,12:34:57 AM,10901-10999 NE ENTRANCE RD,78247,Traffic Calls,Traffic Related,SAT3,AIRPORT,SAPD-2026-1040453,29.545098,-98.451995,1785562497000,http://www.sanantonio.gov/sapd/Calls.aspx,Yellow,a tbd link,26,8
08/01/26,12:36:59 AM,16600 VANCE JACKSON,78257,Other Calls,Disturbance,7260,PRUE,SAPD-2026-1040462,29.598397,-98.595528,1785562619000,http://www.sanantonio.gov/sapd/Calls.aspx,Blue,a tbd link,26,8
08/01/26,12:36:48 AM,800 Rivas St,78207,Crimes Against Person Calls,Assault In Progress,2320,CENTRAL,SAPD-2026-1040460,29.439098,-98.519721,1785562608000,http://www.sanantonio.gov/sapd/Calls.aspx,Red,a tbd link,26,8
08/01/26,12:40:39 AM,1500 W Contour Dr,78212,Other Calls,Disturbance Family,1240,DOWNTOWN,SAPD-2026-1040476,29.486417,-98.496144,1785562839000,http://www.sanantonio.gov/sapd/Calls.aspx,Blue,a tbd link,26,8
08/01/26,12:38:40 AM,300 Labor St,78210,Crimes Against Person Calls,Disturbance Family Gun Involved,1110,DOWNTOWN,SAPD-2026-1040472,29.413552,-98.483126,1785562720000,http://www.sanantonio.gov/sapd/Calls.aspx,Red,a tbd link,26,8
08/01/26,12:36:51 AM,201-299 JEFFERSON,78205,Other Calls,Patrol By,1130,DOWNTOWN,SAPD-2026-1040461,29.428297,-98.488504,1785562611000,http://www.sanantonio.gov/sapd/Calls.aspx,Blue,a tbd link,26,8
08/01/26,12:40:00 AM,200 Springwood Ln,78216,Crimes Against Person Calls,Assault,3320,NORTH,SAPD-2026-1040477,29.508997,-98.495845,1785562800000,http://www.sanantonio.gov/sapd/Calls.aspx,Red,a tbd link,26,8
08/01/26,12:39:42 AM,200 Drury Ln,78221,Other Calls,Disturbance Family,6150,SOUTH,SAPD-2026-1040474,29.347894,-98.506639,1785562782000,http://www.sanantonio.gov/sapd/Calls.aspx,Blue,a tbd link,26,8
08/01/26,12:47:04 AM,1200 E Highland Blvd,78210,Other Calls,Miscellaneous,4150,EAST,SAPD-2026-1040501,29.396277,-98.457796,1785563224000,http://www.sanantonio.gov/sapd/Calls.aspx,Blue,a tbd link,26,8
08/01/26,12:38:55 AM,2246-2298 SE MILITARY DR,78223,Traffic Calls,Traffic Related,6240,SOUTH,SAPD-2026-1040469,29.351825,-98.458714,1785562735000,http://www.sanantonio.gov/sapd/Calls.aspx,Yellow,a tbd link,26,8
08/01/26,12:39:13 AM,300 DARTMOUTH ST,78237,Other Calls,Patrol By,2360,CENTRAL,SAPD-2026-1040470,29.436264,-98.552077,1785562753000,http://www.sanantonio.gov/sapd/Calls.aspx,Blue,a tbd link,26,8
08/01/26,12:40:55 AM,2100 Aransas Ave,78220,Other Calls,Disturbance,4160,EAST,SAPD-2026-1040490,29.414409,-98.440767,1785562855000,http://www.sanantonio.gov/sapd/Calls.aspx,Blue,a tbd link,26,8
08/01/26,12:41:24 AM,39-87 Ne Loop 410 Wb,78216,Traffic Calls,Traffic Related,3350,NORTH,SAPD-2026-1040481,29.520532,-98.488761,1785562884000,http://www.sanantonio.gov/sapd/Calls.aspx,Yellow,a tbd link,26,8
08/01/26,12:39:55 AM,6500-6620 BLANCO RD,78216,Traffic Calls,Officer Traffic Stop,3320,NORTH,SAPD-2026-1040475,29.515353,-98.506801,1785562795000,http://www.sanantonio.gov/sapd/Calls.aspx,Yellow,a tbd link,26,8
08/01/26,12:42:38 AM,2300 Sw 36th St,78237,Other Calls,Disturbance,6310,SOUTH,SAPD-2026-1040486,29.405553,-98.575421,1785562958000,http://www.sanantonio.gov/sapd/Calls.aspx,Blue,a tbd link,26,8
08/01/26,12:41:43 AM,5100 Usaa Blvd,78240,Other Calls,Suspicious Person,7150,PRUE,SAPD-2026-1040482,29.533994,-98.586956,1785562903000,http://www.sanantonio.gov/sapd/Calls.aspx,Blue,a tbd link,26,8
08/01/26,12:42:32 AM,200 Springwood Ln,78216,Crimes Against Person Calls,Assault,3320,NORTH,SAPD-2026-1040487,29.508997,-98.495845,1785562952000,http://www.sanantonio.gov/sapd/Calls.aspx,Red,a tbd link,26,8
08/01/26,12:42:05 AM,300 Vista Rd,78210,Other Calls,Disturbance Family,4210,EAST,SAPD-2026-1040483,29.391186,-98.43536,1785562925000,http://www.sanantonio.gov/sapd/Calls.aspx,Blue,a tbd link,26,8
08/01/26,12:44:21 AM,Kobort Canyon / Alyssum Field,78023,Other Calls,Disturbance,7360,PRUE,SAPD-2026-1040494,29.544089,-98.696986,1785563061000,http://www.sanantonio.gov/sapd/Calls.aspx,Blue,a tbd link,26,8
08/01/26,12:44:14 AM,8600 Big Creek Dr,78242,Other Calls,Disturbance,6340,SOUTH,SAPD-2026-1040495,29.341047,-98.60218,1785563054000,http://www.sanantonio.gov/sapd/Calls.aspx,Blue,a tbd link,26,8
08/01/26,12:42:42 AM,9000 WURZBACH RD,78240,Other Calls,Patrol By,7120,PRUE,SAPD-2026-1040488,29.526256,-98.567121,1785562962000,http://www.sanantonio.gov/sapd/Calls.aspx,Blue,a tbd link,26,8
08/01/26,12:44:21 AM,100 Jefferson,78205,Other Calls,Disturbance,1130,DOWNTOWN,SAPD-2026-1040493,29.427426,-98.488439,1785563061000,http://www.sanantonio.gov/sapd/Calls.aspx,Blue,a tbd link,26,8
08/01/26,12:45:48 AM,900 Nw 24th St,78207,Property Crime Calls,Theft,2360,CENTRAL,SAPD-2026-1040498,29.437827,-98.541554,1785563148000,http://www.sanantonio.gov/sapd/Calls.aspx,Green,a tbd link,26,8
08/01/26,12:46:50 AM,17800 La Cantera Terrace,78256,Crimes Against Person Calls,Assault In Progress,7250,PRUE,SAPD-2026-1040500,29.609621,-98.605949,1785563210000,http://www.sanantonio.gov/sapd/Calls.aspx,Red,a tbd link,26,8
08/01/26,12:45:06 AM,Mckay St / King Roger,78204,Other Calls,Disturbance,6210,SOUTH,SAPD-2026-1040497,29.394508,-98.49714,1785563106000,http://www.sanantonio.gov/sapd/Calls.aspx,Blue,a tbd link,26,8
08/01/26,12:44:16 AM,8091-10499 WETMORE RD,78216,Other Calls,Patrol By,SAT3,AIRPORT,SAPD-2026-1040492,29.534562,-98.453298,1785563056000,http://www.sanantonio.gov/sapd/Calls.aspx,Blue,a tbd link,26,8
08/01/26,12:46:01 AM,300 W Mitchell St,78204,Other Calls,Disturbance,6210,SOUTH,SAPD-2026-1040499,29.393842,-98.496844,1785563161000,http://www.sanantonio.gov/sapd/Calls.aspx,Blue,a tbd link,26,8
08/01/26,12:52:57 AM,7100 Culebra Commons,78250,Other Calls,Assist the Public,7360,PRUE,SAPD-2026-1040513,29.503261,-98.697944,1785563577000,http://www.sanantonio.gov/sapd/Calls.aspx,Blue,a tbd link,26,8
08/01/26,12:47:31 AM,2400-2448 N St Mary's St,78212,Traffic Calls,Minor Accident,1210,DOWNTOWN,SAPD-2026-1040503,29.448678,-98.487848,1785563251000,http://www.sanantonio.gov/sapd/Calls.aspx,Yellow,a tbd link,26,8
08/01/26,12:50:47 AM,4800 Ray Bon Dr,78218,Other Calls,Narcotic Laws,4340,EAST,SAPD-2026-1040508,29.489851,-98.383719,1785563447000,http://www.sanantonio.gov/sapd/Calls.aspx,Blue,a tbd link,26,8
08/01/26,12:51:17 AM,19800 Us Hwy 281 N,78259,Other Calls,Assist the Public,3150,NORTH,SAPD-2026-1040510,29.626936,-98.459432,1785563477000,http://www.sanantonio.gov/sapd/Calls.aspx,Blue,a tbd link,26,8
08/01/26,12:48:58 AM,10700 Potranco Rd,78251,Other Calls,SAPD Emergency Call,5360,WEST,SAPD-2026-1040504,29.435669,-98.705463,1785563338000,http://www.sanantonio.gov/sapd/Calls.aspx,Blue,a tbd link,26,8
08/01/26,12:50:38 AM,8800 State Hwy 151,78251,Crimes Against Person Calls,Assault In Progress,5350,WEST,SAPD-2026-1040506,29.444742,-98.662819,1785563438000,http://www.sanantonio.gov/sapd/Calls.aspx,Red,a tbd link,26,8
08/01/26,12:54:40 AM,100 Broadway,78205,Other Calls,Disturbance Loud Music,1130,DOWNTOWN,SAPD-2026-1040518,29.427234,-98.487535,1785563680000,http://www.sanantonio.gov/sapd/Calls.aspx,Blue,a tbd link,26,8
08/01/26,12:54:32 AM,2100 Bandera Rd,78228,Other Calls,Disturbance,5260,WEST,SAPD-2026-1040516,29.473501,-98.580872,1785563672000,http://www.sanantonio.gov/sapd/Calls.aspx,Blue,a tbd link,26,8
08/01/26,12:52:10 AM,700 S Brownleaf Dr,78227,Other Calls,Disturbance Loud Music,5150,WEST,SAPD-2026-1040512,29.428243,-98.617354,1785563530000,http://www.sanantonio.gov/sapd/Calls.aspx,Blue,a tbd link,26,8
08/01/26,12:50:47 AM,2500-2599 E Commerce St,78203,Other Calls,Disturbance,4140,EAST,SAPD-2026-1040507,29.419449,-98.453812,1785563447000,http://www.sanantonio.gov/sapd/Calls.aspx,Blue,a tbd link,26,8
08/01/26,12:54:21 AM,5000 Eisenhauer Rd,78218,Other Calls,Disturbance,4340,EAST,SAPD-2026-1040515,29.496538,-98.38811,1785563661000,http://www.sanantonio.gov/sapd/Calls.aspx,Blue,a tbd link,26,8
08/01/26,12:53:22 AM,9200 S Zarzamora St,78224,Property Crime Calls,Burglary in Progress,6140,SOUTH,SAPD-2026-1040514,29.331281,-98.53342,1785563602000,http://www.sanantonio.gov/sapd/Calls.aspx,Green,a tbd link,26,8
08/01/26, 1:01:23,17600 Henderson Pass,78232,Property Crime Calls,Burglary Vehicle,3140,NORTH,SAPD-2026-1040546,29.604922,-98.464589,1785564083000,http://www.sanantonio.gov/sapd/Calls.aspx,Green,a tbd link,26,8
08/01/26,12:54:24 AM,Gillette Blvd / S Zarzamora St,78224,Property Crime Calls,Criminal Mischief In Progress,6140,SOUTH,SAPD-2026-1040519,29.330214,-98.53317,1785563664000,http://www.sanantonio.gov/sapd/Calls.aspx,Green,a tbd link,26,8
08/01/26,12:55:23 AM,9050-9299 S Zarzamora St,78224,Property Crime Calls,Burglary in Progress,6140,SOUTH,SAPD-2026-1040521,29.330583,-98.533256,1785563723000,http://www.sanantonio.gov/sapd/Calls.aspx,Green,a tbd link,26,8
08/01/26,12:54:34 AM,Gillette Blvd / S Zarzamora St,78224,Property Crime Calls,Burglary in Progress,6140,SOUTH,SAPD-2026-1040517,29.330214,-98.53317,1785563674000,http://www.sanantonio.gov/sapd/Calls.aspx,Green,a tbd link,26,8
08/01/26,12:55:56 AM,6000 Pleasant Lake,78222,Crimes Against Person Calls,Assault In Progress,4250,EAST,SAPD-2026-1040524,29.382894,-98.374581,1785563756000,http://www.sanantonio.gov/sapd/Calls.aspx,Red,a tbd link,26,8
08/01/26,12:56:16 AM,2800 Depla St,78207,Other Calls,Drunk,6310,SOUTH,SAPD-2026-1040525,29.40081,-98.547,1785563776000,http://www.sanantonio.gov/sapd/Calls.aspx,Blue,a tbd link,26,8
08/01/26,12:57:00 AM,9100 Lytle Ave,78224,Crimes Against Person Calls,Suspicious Vehicle,6140,SOUTH,SAPD-2026-1040527,29.332273,-98.541647,1785563820000,http://www.sanantonio.gov/sapd/Calls.aspx,Red,a tbd link,26,8
08/01/26,12:56:50 AM,3800 Salty Marsh,78245,Other Calls,SAPD Non-Emergency Call,NOT SAPD BEX,SAPD OUTSIDE AREA,SAPD-2026-1040526,29.39345,-98.677341,1785563810000,http://www.sanantonio.gov/sapd/Calls.aspx,Blue,a tbd link,26,8
08/01/26,12:57:52 AM,600 Hot Wells,78223,Other Calls,Suspicious Person,6240,SOUTH,SAPD-2026-1040528,29.36868,-98.456994,1785563872000,http://www.sanantonio.gov/sapd/Calls.aspx,Blue,a tbd link,26,8
08/01/26,12:58:36 AM,Bulverde Rd / N Loop 1604 E Eb,78247,Traffic Calls,Traffic Related,3240,NORTH,SAPD-2026-1040532,29.600651,-98.41832,1785563916000,http://www.sanantonio.gov/sapd/Calls.aspx,Yellow,a tbd link,26,8
08/01/26, 1:00:17,1500 Castroville Rd,78237,Other Calls,Disturbance Loud Music,5120,WEST,SAPD-2026-1040540,29.414847,-98.56157,1785564017000,http://www.sanantonio.gov/sapd/Calls.aspx,Blue,a tbd link,26,8
08/01/26,12:58:28 AM,400 S Frio St,78207,Other Calls,Miscellaneous,2370,CENTRAL,SAPD-2026-1040533,29.422234,-98.505906,1785563908000,http://www.sanantonio.gov/sapd/Calls.aspx,Blue,a tbd link,26,8
08/01/26,12:58:39 AM,8100 Cross Crk,78218,Other Calls,Disturbance Family,4360,EAST,SAPD-2026-1040534,29.51219,-98.402556,1785563919000,http://www.sanantonio.gov/sapd/Calls.aspx,Blue,a tbd link,26,8
08/01/26,12:59:47 AM,Apple Valley Dr / Bark Valley,78242,Other Calls,Animal Related,6350,SOUTH,SAPD-2026-1040536,29.353211,-98.621958,1785563987000,http://www.sanantonio.gov/sapd/Calls.aspx,Blue,a tbd link,26,8
08/01/26, 1:00:26,Ferndale / Gladstone St,78225,Other Calls,Suspicious Person,6110,SOUTH,SAPD-2026-1040541,29.382298,-98.523219,1785564026000,http://www.sanantonio.gov/sapd/Calls.aspx,Blue,a tbd link,26,8
08/01/26,12:58:34 AM,300-398 CAMARON,78205,Other Calls,Patrol By,1120,DOWNTOWN,SAPD-2026-1040531,29.427965,-98.496188,1785563914000,http://www.sanantonio.gov/sapd/Calls.aspx,Blue,a tbd link,26,8
08/01/26,12:59:56 AM,600 Hemisfair Blvd,78205,Other Calls,Disturbance Loud Music,1110,DOWNTOWN,SAPD-2026-1040537,29.41906,-98.486658,1785563996000,http://www.sanantonio.gov/sapd/Calls.aspx,Blue,a tbd link,26,8
08/01/26,12:58:43 AM,400-498 KIRK PLACE,78225,Traffic Calls,DWI,6110,SOUTH,SAPD-2026-1040535,29.396553,-98.525189,1785563923000,http://www.sanantonio.gov/sapd/Calls.aspx,Yellow,a tbd link,26,8
08/01/26, 1:00:41,100 Clock Ln,78207,Other Calls,Disturbance,2350,CENTRAL,SAPD-2026-1040544,29.410459,-98.539466,1785564041000,http://www.sanantonio.gov/sapd/Calls.aspx,Blue,a tbd link,26,8
08/01/26, 1:00:19,201-299 JEFFERSON,78205,Other Calls,Patrol By,1130,DOWNTOWN,SAPD-2026-1040539,29.428427,-98.488503,1785564019000,http://www.sanantonio.gov/sapd/Calls.aspx,Blue,a tbd link,26,8
08/01/26, 1:03:26,3400 Northeast Pkwy,78218,Other Calls,Animal Related,4350,EAST,SAPD-2026-1040552,29.490361,-98.430596,1785564206000,http://www.sanantonio.gov/sapd/Calls.aspx,Blue,a tbd link,26,8
08/01/26, 1:03:00,De Soto St / Carroll Ave,78225,Crimes Against Person Calls,Fight,6110,SOUTH,SAPD-2026-1040549,29.392434,-98.526586,1785564180000,http://www.sanantonio.gov/sapd/Calls.aspx,Red,a tbd link,26,8
08/01/26, 1:08:39,10300 Cedarbend Dr,78245,Other Calls,Disturbance,5360,WEST,SAPD-2026-1040565,29.432355,-98.68643,1785564519000,http://www.sanantonio.gov/sapd/Calls.aspx,Blue,a tbd link,26,8
08/01/26, 1:03:23,9800 Airport Blvd,78216,Other Calls,Miscellaneous,SAT1,AIRPORT,SAPD-2026-1040550,29.526619,-98.471844,1785564203000,http://www.sanantonio.gov/sapd/Calls.aspx,Blue,a tbd link,26,8
08/01/26, 1:06:12,W Cypress St / San Pedro Ave,78212,Other Calls,Disturbance,1220,DOWNTOWN,SAPD-2026-1040557,29.440643,-98.498972,1785564372000,http://www.sanantonio.gov/sapd/Calls.aspx,Blue,a tbd link,26,8
08/01/26, 1:09:33,100 Clock Ln,78207,Other Calls,Disturbance,2350,CENTRAL,SAPD-2026-1040567,29.410459,-98.539466,1785564573000,http://www.sanantonio.gov/sapd/Calls.aspx,Blue,a tbd link,26,8
08/01/26, 1:08:38,Walzem Rd / Woodlake Pkwy,78239,Traffic Calls,Major Accident,4330,EAST,SAPD-2026-1040564,29.503338,-98.367926,1785564518000,http://www.sanantonio.gov/sapd/Calls.aspx,Yellow,a tbd link,26,8
08/01/26, 1:13:38,5900 Prentiss Dr,78240,Other Calls,Information,7140,PRUE,SAPD-2026-1040578,29.493689,-98.602663,1785564818000,http://www.sanantonio.gov/sapd/Calls.aspx,Blue,a tbd link,26,8
08/01/26, 1:10:14,9500 Ih 10 W,78230-2221,Other Calls,Disturbance,7120,PRUE,SAPD-2026-1040568,29.528569,-98.56117,1785564614000,http://www.sanantonio.gov/sapd/Calls.aspx,Blue,a tbd link,26,8
08/01/26, 1:10:29,6100 Pecan Valley Dr,78223,Crimes Against Person Calls,Assault In Progress,4260,EAST,SAPD-2026-1040569,29.36568,-98.438956,1785564629000,http://www.sanantonio.gov/sapd/Calls.aspx,Red,a tbd link,26,8
08/01/26, 1:11:57,7100 Oaklawn,78229,Other Calls,Information,7110,PRUE,SAPD-2026-1040572,29.499938,-98.554431,1785564717000,http://www.sanantonio.gov/sapd/Calls.aspx,Blue,a tbd link,26,8
08/01/26, 1:12:10,1300 Cupples Rd,78226,Other Calls,Disturbance,6310,SOUTH,SAPD-2026-1040573,29.394979,-98.549871,1785564730000,http://www.sanantonio.gov/sapd/Calls.aspx,Blue,a tbd link,26,8
08/01/26, 1:10:41,2400 MCCULLOUGH AVE,78212,Other Calls,Patrol By,1240,DOWNTOWN,SAPD-2026-1040571,29.452549,-98.491807,1785564641000,http://www.sanantonio.gov/sapd/Calls.aspx,Blue,a tbd link,26,8
08/01/26, 1:16:09,1100 Broadway,78215,Crimes Against Person Calls,Assault,1130,DOWNTOWN,SAPD-2026-1040588,29.435255,-98.479631,1785564969000,http://www.sanantonio.gov/sapd/Calls.aspx,Red,a tbd link,26,8
08/01/26, 1:12:52,12100 Valliant,78216,Crimes Against Person Calls,Disturbance (Gun Involved),3120,NORTH,SAPD-2026-1040576,29.552129,-98.497407,1785564772000,http://www.sanantonio.gov/sapd/Calls.aspx,Red,a tbd link,26,8
08/01/26, 1:13:22,500 E Travis St,78205,Other Calls,Disturbance Loud Music,1130,DOWNTOWN,SAPD-2026-1040577,29.427738,-98.487177,1785564802000,http://www.sanantonio.gov/sapd/Calls.aspx,Blue,a tbd link,26,8
08/01/26, 1:13:49,400 Storeywood,78213,Crimes Against Person Calls,Suspicious Vehicle,2230,CENTRAL,SAPD-2026-1040579,29.503095,-98.535584,1785564829000,http://www.sanantonio.gov/sapd/Calls.aspx,Red,a tbd link,26,8
08/01/26, 1:15:31,200 W Cheryl Dr,78228,Other Calls,Disturbance,5220,WEST,SAPD-2026-1040585,29.460989,-98.563097,1785564931000,http://www.sanantonio.gov/sapd/Calls.aspx,Blue,a tbd link,26,8
08/01/26, 1:15:33,9300 Cliff Way,78250,Other Calls,Disturbance Family,7370,PRUE,SAPD-2026-1040591,29.49666,-98.681639,1785564933000,http://www.sanantonio.gov/sapd/Calls.aspx,Blue,a tbd link,26,8
08/01/26, 1:14:34,600 Lockhill-selma Rd,78216,Property Crime Calls,Theft In Progress,3350,NORTH,SAPD-2026-1040580,29.522935,-98.50296,1785564874000,http://www.sanantonio.gov/sapd/Calls.aspx,Green,a tbd link,26,8
08/01/26, 1:16:58,8800 Meadow Trace,78250,Crimes Against Person Calls,Threats,7330,PRUE,SAPD-2026-1040592,29.480918,-98.653292,1785565018000,http://www.sanantonio.gov/sapd/Calls.aspx,Red,a tbd link,26,8
08/01/26, 1:21:46,200 W Hart Ave,78214,Other Calls,Suspicious Person,6210,SOUTH,SAPD-2026-1040603,29.378713,-98.504501,1785565306000,http://www.sanantonio.gov/sapd/Calls.aspx,Blue,a tbd link,26,8
08/01/26, 1:17:28,4900 Woodstone,78230,Other Calls,Disturbance Loud Music,7230,PRUE,SAPD-2026-1040593,29.554602,-98.576097,1785565048000,http://www.sanantonio.gov/sapd/Calls.aspx,Blue,a tbd link,26,8
08/01/26, 1:19:04,W Bitters Rd / Embassy Row,78216,Other Calls,Disturbance,3120,NORTH,SAPD-2026-1040597,29.566786,-98.484897,1785565144000,http://www.sanantonio.gov/sapd/Calls.aspx,Blue,a tbd link,26,8
08/01/26, 1:20:41,3400 Northeast Pkwy,78218,Other Calls,Animal Related,4350,EAST,SAPD-2026-1040600,29.490555,-98.430825,1785565241000,http://www.sanantonio.gov/sapd/Calls.aspx,Blue,a tbd link,26,8
08/01/26, 1:20:39,1400-1499 Saunders,78207,Crimes Against Person Calls,Disturbance (Gun Involved),2330,CENTRAL,SAPD-2026-1040601,29.423752,-98.514336,1785565239000,http://www.sanantonio.gov/sapd/Calls.aspx,Red,a tbd link,26,8
08/01/26, 1:20:03,2000 Bandera Rd,78228,Other Calls,Disturbance Family,5260,WEST,SAPD-2026-1040604,29.472489,-98.579239,1785565203000,http://www.sanantonio.gov/sapd/Calls.aspx,Blue,a tbd link,26,8
08/01/26, 1:21:04,200 ALEXANDER RD,78201,Other Calls,Patrol By,5210,WEST,SAPD-2026-1040602,29.450801,-98.527742,1785565264000,http://www.sanantonio.gov/sapd/Calls.aspx,Blue,a tbd link,26,8
08/01/26, 1:31:43,400 Sw 40th St,78237,Other Calls,Welfare Check,5140,WEST,SAPD-2026-1040644,29.426099,-98.581491,1785565903000,http://www.sanantonio.gov/sapd/Calls.aspx,Blue,a tbd link,26,8
08/01/26, 1:23:44,17600 Henderson Pass,78232,Property Crime Calls,Burglary Vehicle,3140,NORTH,SAPD-2026-1040608,29.604922,-98.464589,1785565424000,http://www.sanantonio.gov/sapd/Calls.aspx,Green,a tbd link,26,8
08/01/26, 1:23:38,11000 Culebra Rd,78253,Other Calls,Disturbance,5350,WEST,SAPD-2026-1040607,29.496752,-98.70975,1785565418000,http://www.sanantonio.gov/sapd/Calls.aspx,Blue,a tbd link,26,8
08/01/26, 1:23:26,Nw 24th St / W Commerce St,78207,Traffic Calls,Major Accident,2330,CENTRAL,SAPD-2026-1040606,29.42954,-98.542552,1785565406000,http://www.sanantonio.gov/sapd/Calls.aspx,Yellow,a tbd link,26,8
08/01/26, 1:24:03,Nw 24th St / W Commerce St,78207,Traffic Calls,Major Accident,2330,CENTRAL,SAPD-2026-1040612,29.42954,-98.542552,1785565443000,http://www.sanantonio.gov/sapd/Calls.aspx,Yellow,a tbd link,26,8
08/01/26, 1:24:49,10300 Us Hwy 181 S,78223,Other Calls,Welfare Check,6280,SOUTH,SAPD-2026-1040614,29.314573,-98.403795,1785565489000,http://www.sanantonio.gov/sapd/Calls.aspx,Blue,a tbd link,26,8
08/01/26, 1:23:54,W Commerce St / Sw 24th St,78207,Traffic Calls,Major Accident,2330,CENTRAL,SAPD-2026-1040609,29.42954,-98.542552,1785565434000,http://www.sanantonio.gov/sapd/Calls.aspx,Yellow,a tbd link,26,8
08/01/26, 1:25:24,1800 N Hackberry St,78208,Other Calls,Disturbance Loud Music,4110,EAST,SAPD-2026-1040615,29.442268,-98.473268,1785565524000,http://www.sanantonio.gov/sapd/Calls.aspx,Blue,a tbd link,26,8
08/01/26, 1:24:08,Nw 24th St / W Commerce St,78207,Traffic Calls,Major Accident,2330,CENTRAL,SAPD-2026-1040610,29.42954,-98.542552,1785565448000,http://www.sanantonio.gov/sapd/Calls.aspx,Yellow,a tbd link,26,8
08/01/26, 1:24:25,5100 OLD PEARSALL RD,78242,Other Calls,Patrol By,6340,SOUTH,SAPD-2026-1040611,29.359418,-98.596511,1785565465000,http://www.sanantonio.gov/sapd/Calls.aspx,Blue,a tbd link,26,8
08/01/26, 1:24:37,100 PLAZA DE ARMAS,78205,Other Calls,Patrol By,1120,DOWNTOWN,SAPD-2026-1040613,29.424509,-98.495577,1785565477000,http://www.sanantonio.gov/sapd/Calls.aspx,Blue,a tbd link,26,8
08/01/26, 1:27:44,10000 Broadway,78217,Other Calls,Welfare Check,3360,NORTH,SAPD-2026-1040624,29.531831,-98.448125,1785565664000,http://www.sanantonio.gov/sapd/Calls.aspx,Blue,a tbd link,26,8
08/01/26, 1:25:30,20700 WILDERNESS OAK,78258,Other Calls,Patrol By,3170,NORTH,SAPD-2026-1040616,29.636515,-98.514731,1785565530000,http://www.sanantonio.gov/sapd/Calls.aspx,Blue,a tbd link,26,8
08/01/26, 1:27:31,Bandera Rd / N Loop 1604 W Sb,78023,Other Calls,Disturbance Family,7350,PRUE,SAPD-2026-1040623,29.553687,-98.66721,1785565651000,http://www.sanantonio.gov/sapd/Calls.aspx,Blue,a tbd link,26,8
08/01/26, 1:28:01,1900 W Ashby Place,78201,Other Calls,Disturbance Loud Music,5210,WEST,SAPD-2026-1040625,29.450647,-98.525334,1785565681000,http://www.sanantonio.gov/sapd/Calls.aspx,Blue,a tbd link,26,8
08/01/26, 1:26:56,300-418 FAIR AVE,78223,Other Calls,SAPD Non-Emergency Call,6220,SOUTH,SAPD-2026-1040621,29.384178,-98.472422,1785565616000,http://www.sanantonio.gov/sapd/Calls.aspx,Blue,a tbd link,26,8
08/01/26, 1:27:18,17800 La Cantera Terrace,78256,Other Calls,Drunk,7250,PRUE,SAPD-2026-1040622,29.609621,-98.605949,1785565638000,http://www.sanantonio.gov/sapd/Calls.aspx,Blue,a tbd link,26,8
08/01/26, 1:29:12,1400 Bandera Rd,78228,Traffic Calls,Minor Accident,5220,WEST,SAPD-2026-1040630,29.465642,-98.566083,1785565752000,http://www.sanantonio.gov/sapd/Calls.aspx,Yellow,a tbd link,26,8
08/01/26, 1:32:49,16600 Vance Jackson,78257,Other Calls,Disturbance,7260,PRUE,SAPD-2026-1040637,29.598752,-98.595894,1785565969000,http://www.sanantonio.gov/sapd/Calls.aspx,Blue,a tbd link,26,8
08/01/26, 1:31:56,2500 S General Mcmullen,78226,Other Calls,Disturbance,6310,SOUTH,SAPD-2026-1040633,29.390157,-98.560436,1785565916000,http://www.sanantonio.gov/sapd/Calls.aspx,Blue,a tbd link,26,8
08/01/26, 1:33:59,3200 Bolmore,78223,Other Calls,Disturbance,4260,EAST,SAPD-2026-1040639,29.365561,-98.437156,1785566039000,http://www.sanantonio.gov/sapd/Calls.aspx,Blue,a tbd link,26,8
08/01/26, 1:32:33,500 Tomar Dr,78227,Property Crime Calls,Burglary in Progress,5340,WEST,SAPD-2026-1040634,29.401764,-98.652437,1785565953000,http://www.sanantonio.gov/sapd/Calls.aspx,Green,a tbd link,26,8
08/01/26, 1:32:50,9800 Airport Blvd,78216,Other Calls,Property Found,SAT1,AIRPORT,SAPD-2026-1040636,29.526619,-98.471844,1785565970000,http://www.sanantonio.gov/sapd/Calls.aspx,Blue,a tbd link,26,8
08/01/26, 1:36:06,1500 Paso Hondo St,78202,Other Calls,Disturbance Family,4140,EAST,SAPD-2026-1040643,29.421161,-98.449879,1785566166000,http://www.sanantonio.gov/sapd/Calls.aspx,Blue,a tbd link,26,8
08/01/26, 1:34:24,N Presa St / W Crockett St,78205,Crimes Against Person Calls,Assault In Progress,1110,DOWNTOWN,SAPD-2026-1040640,29.425052,-98.488783,1785566064000,http://www.sanantonio.gov/sapd/Calls.aspx,Red,a tbd link,26,8
08/01/26, 1:34:54,1400 Mc Kinley Ave,78210,Other Calls,Prowler,4150,EAST,SAPD-2026-1040641,29.3927,-98.462748,1785566094000,http://www.sanantonio.gov/sapd/Calls.aspx,Blue,a tbd link,26,8
08/01/26, 1:37:25,300 E Cevallos St,78204,Other Calls,Disturbance,1140,DOWNTOWN,SAPD-2026-1040648,29.408286,-98.497513,1785566245000,http://www.sanantonio.gov/sapd/Calls.aspx,Blue,a tbd link,26,8
08/01/26, 1:36:32,1000 S San Joaquin Ave,78237,Other Calls,Suspicious Person,5120,WEST,SAPD-2026-1040646,29.415843,-98.564745,1785566192000,http://www.sanantonio.gov/sapd/Calls.aspx,Blue,a tbd link,26,8
08/01/26, 1:38:24,16600 Vance Jackson,78257,Other Calls,Disturbance Family,7260,PRUE,SAPD-2026-1040666,29.598752,-98.595894,1785566304000,http://www.sanantonio.gov/sapd/Calls.aspx,Blue,a tbd link,26,8
08/01/26, 1:36:37,1400 N HAMILTON AVE,78207,Other Calls,Patrol By,2360,CENTRAL,SAPD-2026-1040647,29.443075,-98.53115,1785566197000,http://www.sanantonio.gov/sapd/Calls.aspx,Blue,a tbd link,26,8
08/01/26, 1:38:34,7700 Floyd Curl,78229,Other Calls,Miscellaneous,7130,PRUE,SAPD-2026-1040651,29.506944,-98.57125,1785566314000,http://www.sanantonio.gov/sapd/Calls.aspx,Blue,a tbd link,26,8
08/01/26, 1:39:54,4900 Woodstone Dr,78230,Other Calls,Disturbance,7230,PRUE,SAPD-2026-1040655,29.5537,-98.581118,1785566394000,http://www.sanantonio.gov/sapd/Calls.aspx,Blue,a tbd link,26,8
08/01/26, 1:39:05,7900 Dial Ike Dr,78218,Other Calls,Disturbance,4330,EAST,SAPD-2026-1040653,29.506801,-98.371847,1785566345000,http://www.sanantonio.gov/sapd/Calls.aspx,Blue,a tbd link,26,8
08/01/26, 1:39:53,6200 S New Braunfels Ave,78223,Other Calls,Disturbance,6240,SOUTH,SAPD-2026-1040654,29.36437,-98.456419,1785566393000,http://www.sanantonio.gov/sapd/Calls.aspx,Blue,a tbd link,26,8
08/01/26, 1:38:39,300 BLK RIVER WALK,78215,Other Calls,Patrol By,1110,DOWNTOWN,SAPD-2026-1040652,29.425333,-98.489452,1785566319000,http://www.sanantonio.gov/sapd/Calls.aspx,Blue,a tbd link,26,8
08/01/26, 1:41:43,3000 ARKANSAS OAK,78223,Other Calls,Welfare Check,6280,SOUTH,SAPD-2026-1040658,29.315704,-98.43889,1785566503000,http://www.sanantonio.gov/sapd/Calls.aspx,Blue,a tbd link,26,8
08/01/26, 1:43:33,1800-1919 Nacogdoches Rd,78209,Traffic Calls,Traffic Related,3330,NORTH,SAPD-2026-1040663,29.505696,-98.458665,1785566613000,http://www.sanantonio.gov/sapd/Calls.aspx,Yellow,a tbd link,26,8
08/01/26, 1:42:23,200 Vine St,78210,Property Crime Calls,Burglary in Progress,4140,EAST,SAPD-2026-1040660,29.408981,-98.456551,1785566543000,http://www.sanantonio.gov/sapd/Calls.aspx,Green,a tbd link,26,8
08/01/26, 1:40:26,6000 OLD PEARSALL RD,78242,Other Calls,Patrol By,6350,SOUTH,SAPD-2026-1040656,29.345195,-98.615828,1785566426000,http://www.sanantonio.gov/sapd/Calls.aspx,Blue,a tbd link,26,8
08/01/26, 1:43:51,6200 Roxbury Dr,78238,Other Calls,Disturbance Loud Music,5310,WEST,SAPD-2026-1040667,29.478194,-98.610714,1785566631000,http://www.sanantonio.gov/sapd/Calls.aspx,Blue,a tbd link,26,8
08/01/26, 1:44:58,Culebra Rd / Callaghan Rd,78228,Other Calls,Welfare Check,5140,WEST,SAPD-2026-1040672,29.448587,-98.602671,1785566698000,http://www.sanantonio.gov/sapd/Calls.aspx,Blue,a tbd link,26,8
08/01/26, 1:44:22,700 N Alamo St,78215,Other Calls,Disturbance,1130,DOWNTOWN,SAPD-2026-1040668,29.431169,-98.482611,1785566662000,http://www.sanantonio.gov/sapd/Calls.aspx,Blue,a tbd link,26,8
08/01/26, 1:46:41,11200 IH 35 S,78073,Other Calls,Disturbance,6160,SOUTH,SAPD-2026-1040676,29.310247,-98.614793,1785566801000,http://www.sanantonio.gov/sapd/Calls.aspx,Blue,a tbd link,26,8
08/01/26, 1:44:56,300 W Mitchell St,78204,Other Calls,Disturbance,6210,SOUTH,SAPD-2026-1040674,29.393842,-98.496844,1785566696000,http://www.sanantonio.gov/sapd/Calls.aspx,Blue,a tbd link,26,8
08/01/26, 1:46:29,10800 State Hwy 151,78251,Other Calls,Animal Related,5360,WEST,SAPD-2026-1040675,29.459137,-98.690886,1785566789000,http://www.sanantonio.gov/sapd/Calls.aspx,Blue,a tbd link,26,8
08/01/26, 1:44:50,Corian Park / Huntsman Rd,78249,Other Calls,Suspicious Person,7350,PRUE,SAPD-2026-1040671,29.563959,-98.638274,1785566690000,http://www.sanantonio.gov/sapd/Calls.aspx,Blue,a tbd link,26,8
08/01/26, 1:44:12,1300 BUENA VISTA ST,78207,Other Calls,Patrol By,2370,CENTRAL,SAPD-2026-1040669,29.425875,-98.512347,1785566652000,http://www.sanantonio.gov/sapd/Calls.aspx,Blue,a tbd link,26,8
08/01/26, 1:44:48,6100 OLD PEARSALL RD,78242,Other Calls,Patrol By,6350,SOUTH,SAPD-2026-1040670,29.343896,-98.617857,1785566688000,http://www.sanantonio.gov/sapd/Calls.aspx,Blue,a tbd link,26,8
08/01/26, 1:51:32,80 Briggs Ave,78224,Property Crime Calls,Burglary Vehicle,6330,SOUTH,SAPD-2026-1040684,29.354736,-98.549067,1785567092000,http://www.sanantonio.gov/sapd/Calls.aspx,Green,a tbd link,26,8
08/01/26, 1:45:19,201-299 JEFFERSON,78205,Other Calls,Patrol By,1130,DOWNTOWN,SAPD-2026-1040673,29.428319,-98.488504,1785566719000,http://www.sanantonio.gov/sapd/Calls.aspx,Blue,a tbd link,26,8
08/01/26, 1:46:06,500-524 CAMARON,78205,Other Calls,Patrol By,1130,DOWNTOWN,SAPD-2026-1040677,29.429751,-98.496307,1785566766000,http://www.sanantonio.gov/sapd/Calls.aspx,Blue,a tbd link,26,8
08/01/26, 1:49:35,12200 Vance Jackson,78230,Other Calls,Welfare Check,7230,PRUE,SAPD-2026-1040681,29.554568,-98.571909,1785566975000,http://www.sanantonio.gov/sapd/Calls.aspx,Blue,a tbd link,26,8
08/01/26, 1:52:48,12300 Ih 10 W,78249,Other Calls,Welfare Check,7340,PRUE,SAPD-2026-1040689,29.5587,-98.59129,1785567168000,http://www.sanantonio.gov/sapd/Calls.aspx,Blue,a tbd link,26,8
08/01/26, 1:53:43,200 Kings Ct,78212,Crimes Against Person Calls,Fight,1240,DOWNTOWN,SAPD-2026-1040688,29.454446,-98.484772,1785567223000,http://www.sanantonio.gov/sapd/Calls.aspx,Red,a tbd link,26,8
08/01/26, 1:53:32,6500 W MILITARY DR,78227,Other Calls,Patrol By,6360,SOUTH,SAPD-2026-1040686,29.401391,-98.626383,1785567212000,http://www.sanantonio.gov/sapd/Calls.aspx,Blue,a tbd link,26,8
08/01/26, 2:00:55,1000-1340 Sw Loop 410 Nb,78227,Other Calls,Welfare Check,5170,WEST,SAPD-2026-1040705,29.423568,-98.649478,1785567655000,http://www.sanantonio.gov/sapd/Calls.aspx,Blue,a tbd link,26,8
08/01/26, 1:57:43,Fredericksburg Rd / Hamilton Wolfe,78229,Traffic Calls,Traffic Related,7150,PRUE,SAPD-2026-1040697,29.521405,-98.57365,1785567463000,http://www.sanantonio.gov/sapd/Calls.aspx,Yellow,a tbd link,26,8
08/01/26, 1:54:47,200 Kings Ct,78212,Crimes Against Person Calls,Shooting In Progress,1240,DOWNTOWN,SAPD-2026-1040690,29.454446,-98.484772,1785567287000,http://www.sanantonio.gov/sapd/Calls.aspx,Red,a tbd link,26,8
08/01/26, 1:58:25,400 S San Augustine,78237,Other Calls,Disturbance Family,5110,WEST,SAPD-2026-1040699,29.426119,-98.555529,1785567505000,http://www.sanantonio.gov/sapd/Calls.aspx,Blue,a tbd link,26,8
08/01/26, 1:55:58,4900 Woodstone,78230,Other Calls,Disturbance,7230,PRUE,SAPD-2026-1040695,29.554063,-98.580443,1785567358000,http://www.sanantonio.gov/sapd/Calls.aspx,Blue,a tbd link,26,8
08/01/26, 1:56:10,6300 Us Hwy 90 W,78227,Traffic Calls,Officer Traffic Stop,5150,WEST,SAPD-2026-1040692,29.406585,-98.613678,1785567370000,http://www.sanantonio.gov/sapd/Calls.aspx,Yellow,a tbd link,26,8
08/01/26, 1:58:44,11100 Ih 35 N,78233,Traffic Calls,Minor Accident,3230,NORTH,SAPD-2026-1040701,29.539711,-98.378801,1785567524000,http://www.sanantonio.gov/sapd/Calls.aspx,Yellow,a tbd link,26,8
08/01/26, 1:56:20,2400-2698 US HWY 90 W EB,78207,Traffic Calls,DWI,6310,SOUTH,SAPD-2026-1040696,29.403316,-98.543867,1785567380000,http://www.sanantonio.gov/sapd/Calls.aspx,Yellow,a tbd link,26,8
08/01/26, 1:59:05,6400 Babcock Rd,78249,Crimes Against Person Calls,Fight,7340,PRUE,SAPD-2026-1040702,29.545083,-98.614556,1785567545000,http://www.sanantonio.gov/sapd/Calls.aspx,Red,a tbd link,26,8
08/01/26,11:13:42 AM,N0 LOOP 410,78217,Traffic Calls,Traffic Related,3370,NORTH,SAPD-2026-1042068,29.516344,-98.410115,1785600822000,http://www.sanantonio.gov/sapd/Calls.aspx,Yellow,a tbd link,26,8
08/01/26, 2:03:27,600 E Evergreen St,78212,Other Calls,Disturbance,1210,DOWNTOWN,SAPD-2026-1040711,29.442794,-98.488058,1785567807000,http://www.sanantonio.gov/sapd/Calls.aspx,Blue,a tbd link,26,8
08/01/26, 1:59:00,3400 AVENUE B,78209,Other Calls,Patrol By,1230,DOWNTOWN,SAPD-2026-1040703,29.460556,-98.468611,1785567540000,http://www.sanantonio.gov/sapd/Calls.aspx,Blue,a tbd link,26,8
08/01/26, 2:01:22,18300 Blanco Rd,78258,Other Calls,Miscellaneous,3170,NORTH,SAPD-2026-1040707,29.611022,-98.506857,1785567682000,http://www.sanantonio.gov/sapd/Calls.aspx,Blue,a tbd link,26,8
08/01/26, 2:00:59,11200 Ih 35 S,78073,Other Calls,Disturbance,6160,SOUTH,SAPD-2026-1040704,29.310247,-98.614793,1785567659000,http://www.sanantonio.gov/sapd/Calls.aspx,Blue,a tbd link,26,8
08/01/26, 2:00:53,1500 SALTILLO ST,78207,Other Calls,Patrol By,2350,CENTRAL,SAPD-2026-1040706,29.411714,-98.536347,1785567653000,http://www.sanantonio.gov/sapd/Calls.aspx,Blue,a tbd link,26,8
08/01/26, 2:02:30,300 Babcock Rd,78201,Other Calls,Disturbance,5230,WEST,SAPD-2026-1040708,29.472593,-98.539812,1785567750000,http://www.sanantonio.gov/sapd/Calls.aspx,Blue,a tbd link,26,8
08/01/26, 2:06:19,300 Gabriel,78202,Other Calls,Disturbance,4130,EAST,SAPD-2026-1040716,29.431895,-98.457781,1785567979000,http://www.sanantonio.gov/sapd/Calls.aspx,Blue,a tbd link,26,8
08/01/26, 2:03:27,S0 Ih 37 S Ofrp Nb Se Loop 410,78223,Traffic Calls,Major Accident,6280,SOUTH,SAPD-2026-1040712,29.329396,-98.415584,1785567807000,http://www.sanantonio.gov/sapd/Calls.aspx,Yellow,a tbd link,26,8
08/01/26, 2:05:01,600 E Dewey Place,78212,Crimes Against Person Calls,Assault,1210,DOWNTOWN,SAPD-2026-1040715,29.447222,-98.486944,1785567901000,http://www.sanantonio.gov/sapd/Calls.aspx,Red,a tbd link,26,8
08/01/26, 2:04:48,7700 Bent Branch,78250,Crimes Against Person Calls,Suspicious Vehicle,7360,PRUE,SAPD-2026-1040714,29.513124,-98.664926,1785567888000,http://www.sanantonio.gov/sapd/Calls.aspx,Red,a tbd link,26,8
08/01/26, 2:03:16,5700 US HWY 90 W,78236,Other Calls,Patrol By,6310,SOUTH,SAPD-2026-1040713,29.404898,-98.603861,1785567796000,http://www.sanantonio.gov/sapd/Calls.aspx,Blue,a tbd link,26,8
08/01/26, 2:11:44,4900 Woodstone,78230,Other Calls,Information,7230,PRUE,SAPD-2026-1040740,29.553567,-98.582025,1785568304000,http://www.sanantonio.gov/sapd/Calls.aspx,Blue,a tbd link,26,8
08/01/26, 2:08:58,16600 Vance Jackson,78257,Other Calls,Disturbance,7260,PRUE,SAPD-2026-1040724,29.598752,-98.595894,1785568138000,http://www.sanantonio.gov/sapd/Calls.aspx,Blue,a tbd link,26,8
08/01/26, 2:07:58,Fair Ave / Clark Ave,78223,Traffic Calls,Minor Accident,4210,EAST,SAPD-2026-1040721,29.384118,-98.448331,1785568078000,http://www.sanantonio.gov/sapd/Calls.aspx,Yellow,a tbd link,26,8
08/01/26, 2:07:18,Clark Ave / Fair Ave,78223,Traffic Calls,Major Accident,4210,EAST,SAPD-2026-1040720,29.384118,-98.448331,1785568038000,http://www.sanantonio.gov/sapd/Calls.aspx,Yellow,a tbd link,26,8
08/01/26, 2:06:32,17800 La Cantera Terrace,78256,Crimes Against Person Calls,Disturbance (Gun Involved),7250,PRUE,SAPD-2026-1040718,29.609621,-98.605949,1785567992000,http://www.sanantonio.gov/sapd/Calls.aspx,Red,a tbd link,26,8
08/01/26, 2:09:15,Clark Ave / Glover,78210,Traffic Calls,Minor Accident,4210,EAST,SAPD-2026-1040730,29.384475,-98.448328,1785568155000,http://www.sanantonio.gov/sapd/Calls.aspx,Yellow,a tbd link,26,8
08/01/26, 2:09:03,Fair Ave / Clark Ave,78223,Traffic Calls,Major Accident,4210,EAST,SAPD-2026-1040726,29.384118,-98.448331,1785568143000,http://www.sanantonio.gov/sapd/Calls.aspx,Yellow,a tbd link,26,8
08/01/26, 2:08:57,7200 Blanco Rd,78216,Other Calls,Disturbance Family,3350,NORTH,SAPD-2026-1040725,29.523805,-98.503114,1785568137000,http://www.sanantonio.gov/sapd/Calls.aspx,Blue,a tbd link,26,8
08/01/26, 2:15:51,Columbia Sq / Marbach Rd,78227,Traffic Calls,Traffic Violation,5330,WEST,SAPD-2026-1040755,29.417837,-98.653079,1785568551000,http://www.sanantonio.gov/sapd/Calls.aspx,Yellow,a tbd link,26,8
08/01/26, 2:09:53,17600 Henderson Pass,78232,Property Crime Calls,Burglary Vehicle,3140,NORTH,SAPD-2026-1040732,29.604922,-98.464589,1785568193000,http://www.sanantonio.gov/sapd/Calls.aspx,Green,a tbd link,26,8
08/01/26, 2:09:25,8400 State Hwy 151,78245,Crimes Against Person Calls,Fight,5160,WEST,SAPD-2026-1040728,29.437179,-98.653221,1785568165000,http://www.sanantonio.gov/sapd/Calls.aspx,Red,a tbd link,26,8
08/01/26, 2:12:18,9000 Blk Se Loop 410 Sb,78223,Traffic Calls,Traffic Related,4260,EAST,SAPD-2026-1040741,29.330801,-98.413451,1785568338000,http://www.sanantonio.gov/sapd/Calls.aspx,Yellow,a tbd link,26,8
08/01/26, 2:10:07,N General Mcmullen / Ruiz St,78228,Crimes Against Person Calls,Assault In Progress,5130,WEST,SAPD-2026-1040733,29.438933,-98.553007,1785568207000,http://www.sanantonio.gov/sapd/Calls.aspx,Red,a tbd link,26,8
08/01/26, 2:10:50,700 N Alamo St,78215,Other Calls,Disturbance,1130,DOWNTOWN,SAPD-2026-1040737,29.431169,-98.482611,1785568250000,http://www.sanantonio.gov/sapd/Calls.aspx,Blue,a tbd link,26,8
08/01/26, 2:10:54,3400 E Southcross Blvd,78223,Other Calls,Disturbance,4210,EAST,SAPD-2026-1040736,29.378329,-98.430356,1785568254000,http://www.sanantonio.gov/sapd/Calls.aspx,Blue,a tbd link,26,8
08/01/26, 2:10:23,1100 Fresno St,78201,Property Crime Calls,Theft of Vehicle In Progress,2210,CENTRAL,SAPD-2026-1040735,29.474163,-98.511549,1785568223000,http://www.sanantonio.gov/sapd/Calls.aspx,Green,a tbd link,26,8
08/01/26, 2:12:25,1000 Nw 36th St,78228,Traffic Calls,Minor Accident,5130,WEST,SAPD-2026-1040742,29.442647,-98.570933,1785568345000,http://www.sanantonio.gov/sapd/Calls.aspx,Yellow,a tbd link,26,8
08/01/26, 2:09:58,Braesview / Nw Military Hwy,78213,Traffic Calls,Officer Traffic Stop,3110,NORTH,SAPD-2026-1040731,29.544977,-98.529444,1785568198000,http://www.sanantonio.gov/sapd/Calls.aspx,Yellow,a tbd link,26,8
08/01/26, 2:12:35,8700 Seven Seas,78242,Other Calls,Suspicious Person,6340,SOUTH,SAPD-2026-1040743,29.339264,-98.616884,1785568355000,http://www.sanantonio.gov/sapd/Calls.aspx,Blue,a tbd link,26,8
08/01/26, 2:13:04,4600 E Loop 1604 N,78109,Other Calls,Disturbance,4310,EAST,SAPD-2026-1040749,29.470327,-98.294925,1785568384000,http://www.sanantonio.gov/sapd/Calls.aspx,Blue,a tbd link,26,8
08/01/26, 2:13:35,1300 Burnet St,78202,Other Calls,Welfare Check,4110,EAST,SAPD-2026-1040747,29.428974,-98.463127,1785568415000,http://www.sanantonio.gov/sapd/Calls.aspx,Blue,a tbd link,26,8
08/01/26, 2:14:19,E Commerce St / Chestnut St,78205,Other Calls,Disturbance,1110,DOWNTOWN,SAPD-2026-1040748,29.422042,-98.480164,1785568459000,http://www.sanantonio.gov/sapd/Calls.aspx,Blue,a tbd link,26,8
08/01/26, 2:16:30,1600 N Ellison Dr,78251,Other Calls,Welfare Check,5360,WEST,SAPD-2026-1040751,29.449845,-98.689497,1785568590000,http://www.sanantonio.gov/sapd/Calls.aspx,Blue,a tbd link,26,8
08/01/26, 2:13:14,1100 Fresno St,78201,Property Crime Calls,Theft of Vehicle In Progress,2210,CENTRAL,SAPD-2026-1040745,29.474163,-98.511549,1785568394000,http://www.sanantonio.gov/sapd/Calls.aspx,Green,a tbd link,26,8
08/01/26, 2:12:43,200 ALEXANDER RD,78201,Other Calls,Patrol By,5210,WEST,SAPD-2026-1040744,29.450801,-98.527742,1785568363000,http://www.sanantonio.gov/sapd/Calls.aspx,Blue,a tbd link,26,8
08/01/26, 2:13:20,9800 Airport Blvd,78216,Other Calls,Assist the Public,SAT1,AIRPORT,SAPD-2026-1040746,29.526619,-98.471844,1785568400000,http://www.sanantonio.gov/sapd/Calls.aspx,Blue,a tbd link,26,8
08/01/26, 2:17:21,Culebra Rd / Roft Rd,78253,Other Calls,SAPD Non-Emergency Call,5350,WEST,SAPD-2026-1040757,29.505851,-98.735299,1785568641000,http://www.sanantonio.gov/sapd/Calls.aspx,Blue,a tbd link,26,8
08/01/26, 2:18:24,5300 Nw Loop 410,78229,Property Crime Calls,Burglary Vehicle In Progress,7140,PRUE,SAPD-2026-1040761,29.486749,-98.591731,1785568704000,http://www.sanantonio.gov/sapd/Calls.aspx,Green,a tbd link,26,8
08/01/26, 2:15:38,7500 Holm Rd,78242,Other Calls,Animal Related,6350,SOUTH,SAPD-2026-1040750,29.3563,-98.603068,1785568538000,http://www.sanantonio.gov/sapd/Calls.aspx,Blue,a tbd link,26,8
08/01/26, 2:17:02,1900 E Sonterra Blvd,78259,Other Calls,Disturbance Family,3150,NORTH,SAPD-2026-1040756,29.611183,-98.463794,1785568622000,http://www.sanantonio.gov/sapd/Calls.aspx,Blue,a tbd link,26,8
08/01/26, 2:17:37,100 Dumont Dr,78227,Other Calls,Disturbance,6360,SOUTH,SAPD-2026-1040758,29.387223,-98.638942,1785568657000,http://www.sanantonio.gov/sapd/Calls.aspx,Blue,a tbd link,26,8
08/01/26, 2:16:48,2900 Oak Sprawl,78231,Crimes Against Person Calls,Suspicious Vehicle,7240,PRUE,SAPD-2026-1040752,29.575236,-98.538626,1785568608000,http://www.sanantonio.gov/sapd/Calls.aspx,Red,a tbd link,26,8
08/01/26, 2:18:10,700 S Brownleaf Dr,78227,Other Calls,Disturbance Loud Music,5150,WEST,SAPD-2026-1040760,29.42825,-98.617377,1785568690000,http://www.sanantonio.gov/sapd/Calls.aspx,Blue,a tbd link,26,8
08/01/26, 2:17:45,12200 Vance Jackson,78230,Other Calls,Property Found,7230,PRUE,SAPD-2026-1040759,29.55413,-98.572758,1785568665000,http://www.sanantonio.gov/sapd/Calls.aspx,Blue,a tbd link,26,8
08/01/26, 2:19:10,700 N San Marcos,78207,Other Calls,Disturbance,2310,CENTRAL,SAPD-2026-1040765,29.432588,-98.508045,1785568750000,http://www.sanantonio.gov/sapd/Calls.aspx,Blue,a tbd link,26,8
08/01/26, 2:21:55,2100 Bronte,78207,Other Calls,Disturbance,2350,CENTRAL,SAPD-2026-1040769,29.40582,-98.536804,1785568915000,http://www.sanantonio.gov/sapd/Calls.aspx,Blue,a tbd link,26,8
08/01/26, 2:26:45,5300 W Commerce St,78237,Other Calls,Miscellaneous,5130,WEST,SAPD-2026-1040787,29.431896,-98.565459,1785569205000,http://www.sanantonio.gov/sapd/Calls.aspx,Blue,a tbd link,26,8
08/01/26, 2:21:13,600 Hemisfair Blvd,78205,Other Calls,Assist the Public,1110,DOWNTOWN,SAPD-2026-1040771,29.41906,-98.486658,1785568873000,http://www.sanantonio.gov/sapd/Calls.aspx,Blue,a tbd link,26,8
08/01/26, 2:26:24,600 Indianola St,78210,Other Calls,Disturbance,1110,DOWNTOWN,SAPD-2026-1040784,29.416777,-98.484612,1785569184000,http://www.sanantonio.gov/sapd/Calls.aspx,Blue,a tbd link,26,8
08/01/26, 2:19:00,200 ALEXANDER RD,78201,Other Calls,Patrol By,5210,WEST,SAPD-2026-1040764,29.450801,-98.527742,1785568740000,http://www.sanantonio.gov/sapd/Calls.aspx,Blue,a tbd link,26,8
08/01/26, 2:20:22,500 S JOSEPHINE TOBIN,78201,Other Calls,Patrol By,5210,WEST,SAPD-2026-1040766,29.451774,-98.535913,1785568822000,http://www.sanantonio.gov/sapd/Calls.aspx,Blue,a tbd link,26,8
08/01/26, 2:22:03,2900 Roosevelt Ave,78214,Crimes Against Person Calls,Fight,6220,SOUTH,SAPD-2026-1040770,29.369891,-98.481259,1785568923000,http://www.sanantonio.gov/sapd/Calls.aspx,Red,a tbd link,26,8
08/01/26, 2:22:43,W0 Nw Lp 410 Ofrp Ingram Rd,78238,Traffic Calls,Major Accident,5310,WEST,SAPD-2026-1040788,29.471715,-98.61388,1785568963000,http://www.sanantonio.gov/sapd/Calls.aspx,Yellow,a tbd link,26,8
08/01/26, 2:23:26,Indianola St / Garfield Alley,78210,Other Calls,Disturbance Loud Music,1110,DOWNTOWN,SAPD-2026-1040773,29.416292,-98.48513,1785569006000,http://www.sanantonio.gov/sapd/Calls.aspx,Blue,a tbd link,26,8
08/01/26, 2:24:45,9700 Airport Blvd,78216,Other Calls,Miscellaneous,SAT1,AIRPORT,SAPD-2026-1040775,29.527705,-98.472816,1785569085000,http://www.sanantonio.gov/sapd/Calls.aspx,Blue,a tbd link,26,8
08/01/26, 2:25:54,Aurora Ave / Nw 36th St,78228,Traffic Calls,Minor Accident,5130,WEST,SAPD-2026-1040779,29.442563,-98.570538,1785569154000,http://www.sanantonio.gov/sapd/Calls.aspx,Yellow,a tbd link,26,8
08/01/26, 2:26:21,500 S Acme Rd,78237,Other Calls,Disturbance,5140,WEST,SAPD-2026-1040782,29.426881,-98.588436,1785569181000,http://www.sanantonio.gov/sapd/Calls.aspx,Blue,a tbd link,26,8
08/01/26, 2:25:36,6200 Blk Nw Loop 410 Wb,78238,Traffic Calls,Major Accident,5310,WEST,SAPD-2026-1040778,29.468771,-98.616589,1785569136000,http://www.sanantonio.gov/sapd/Calls.aspx,Yellow,a tbd link,26,8
08/01/26, 2:25:58,700 N Alamo St,78215,Other Calls,Disturbance,1130,DOWNTOWN,SAPD-2026-1040781,29.431169,-98.482611,1785569158000,http://www.sanantonio.gov/sapd/Calls.aspx,Blue,a tbd link,26,8
08/01/26, 2:25:59,E Ashby Place / N St Mary's St,78212,Crimes Against Person Calls,Assault In Progress,1210,DOWNTOWN,SAPD-2026-1040780,29.449136,-98.487845,1785569159000,http://www.sanantonio.gov/sapd/Calls.aspx,Red,a tbd link,26,8
08/01/26, 2:27:57,8100 Broadway,78209,Crimes Against Person Calls,Assault In Progress,3330,NORTH,SAPD-2026-1040795,29.510829,-98.466188,1785569277000,http://www.sanantonio.gov/sapd/Calls.aspx,Red,a tbd link,26,8
08/01/26, 2:26:42,1900 S San Marcos,78204,Crimes Against Person Calls,Assault In Progress,2340,CENTRAL,SAPD-2026-1040785,29.40498,-98.511481,1785569202000,http://www.sanantonio.gov/sapd/Calls.aspx,Red,a tbd link,26,8
08/01/26, 2:26:20,Nw Loop 410 / Culebra Rd,78238,Traffic Calls,Minor Accident,5310,WEST,SAPD-2026-1040789,29.453278,-98.630359,1785569180000,http://www.sanantonio.gov/sapd/Calls.aspx,Yellow,a tbd link,26,8
08/01/26, 2:26:44,8100 Broadway,78209,Property Crime Calls,Criminal Mischief In Progress,3330,NORTH,SAPD-2026-1040786,29.510829,-98.466188,1785569204000,http://www.sanantonio.gov/sapd/Calls.aspx,Green,a tbd link,26,8
08/01/26, 2:27:45,600 S Frio St,78207,Other Calls,Disturbance,2370,CENTRAL,SAPD-2026-1040792,29.420026,-98.504587,1785569265000,http://www.sanantonio.gov/sapd/Calls.aspx,Blue,a tbd link,26,8
08/01/26, 2:29:37,8100 Broadway,78209,Crimes Against Person Calls,Assault In Progress,3330,NORTH,SAPD-2026-1040801,29.510829,-98.466188,1785569377000,http://www.sanantonio.gov/sapd/Calls.aspx,Red,a tbd link,26,8
08/01/26, 2:27:20,300 S San Dario,78237,Crimes Against Person Calls,Assault,5110,WEST,SAPD-2026-1040822,29.427948,-98.55799,1785569240000,http://www.sanantonio.gov/sapd/Calls.aspx,Red,a tbd link,26,8
08/01/26, 2:27:34,W0 Nw Lp 410 Ofrp Ingram Rd,78238,Traffic Calls,Minor Accident,5310,WEST,SAPD-2026-1040791,29.471097,-98.614589,1785569254000,http://www.sanantonio.gov/sapd/Calls.aspx,Yellow,a tbd link,26,8
08/01/26, 2:26:26,8100 Broadway,78209,Crimes Against Person Calls,Assault In Progress,3330,NORTH,SAPD-2026-1040783,29.510829,-98.466188,1785569186000,http://www.sanantonio.gov/sapd/Calls.aspx,Red,a tbd link,26,8
08/01/26, 2:30:33,Old O'connor Rd / Lookout Rd,78233,Other Calls,Welfare Check,3250,NORTH,SAPD-2026-1040803,29.555529,-98.379747,1785569433000,http://www.sanantonio.gov/sapd/Calls.aspx,Blue,a tbd link,26,8
08/01/26, 2:27:50,1500-1632 Ne Loop 410,78209,Traffic Calls,Major Accident,3330,NORTH,SAPD-2026-1040793,29.515426,-98.441285,1785569270000,http://www.sanantonio.gov/sapd/Calls.aspx,Yellow,a tbd link,26,8
08/01/26, 2:31:16,6200 Blk Nw Loop 410 Wb,78238,Traffic Calls,Minor Accident,5310,WEST,SAPD-2026-1040810,29.468771,-98.616589,1785569476000,http://www.sanantonio.gov/sapd/Calls.aspx,Yellow,a tbd link,26,8
08/01/26, 2:27:59,Ne Loop 410 Eb / Starcrest Dr,78217,Traffic Calls,Major Accident,3370,NORTH,SAPD-2026-1040794,29.515925,-98.422845,1785569279000,http://www.sanantonio.gov/sapd/Calls.aspx,Yellow,a tbd link,26,8
08/01/26, 2:28:48,1400 Blk Ne Loop 410 Eb,78209,Traffic Calls,Minor Accident,3330,NORTH,SAPD-2026-1040798,29.515943,-98.444625,1785569328000,http://www.sanantonio.gov/sapd/Calls.aspx,Yellow,a tbd link,26,8
08/01/26, 7:11:06,15800 Ih 10 W,78249,Crimes Against Person Calls,Assault In Progress,7250,PRUE,SAPD-2026-1041298,29.589033,-98.600163,1785586266000,http://www.sanantonio.gov/sapd/Calls.aspx,Red,a tbd link,26,8
08/01/26, 2:29:02,9200 Echo Port Dr,78242,Other Calls,Disturbance,6340,SOUTH,SAPD-2026-1040799,29.332925,-98.608628,1785569342000,http://www.sanantonio.gov/sapd/Calls.aspx,Blue,a tbd link,26,8
08/01/26, 2:31:32,Howard St / W Magnolia Ave,78212,Traffic Calls,Traffic Violation,1240,DOWNTOWN,SAPD-2026-1040808,29.454827,-98.495542,1785569492000,http://www.sanantonio.gov/sapd/Calls.aspx,Yellow,a tbd link,26,8
08/01/26, 2:31:21,Garfield Alley / Indianola St,78210,Traffic Calls,Traffic Violation,1110,DOWNTOWN,SAPD-2026-1040809,29.416292,-98.48513,1785569481000,http://www.sanantonio.gov/sapd/Calls.aspx,Yellow,a tbd link,26,8
08/01/26, 2:35:03,1100 Mccullough Ave,78212,Traffic Calls,Minor Accident,1210,DOWNTOWN,SAPD-2026-1040819,29.438056,-98.491389,1785569703000,http://www.sanantonio.gov/sapd/Calls.aspx,Yellow,a tbd link,26,8
08/01/26, 2:34:43,1600 Jackson-keller Rd,78213,Other Calls,Narcotic Laws,3310,NORTH,SAPD-2026-1040815,29.51006,-98.520063,1785569683000,http://www.sanantonio.gov/sapd/Calls.aspx,Blue,a tbd link,26,8
08/01/26, 2:33:02,8600 N Loop 1604 W,78023,Other Calls,Disturbance Family,7350,PRUE,SAPD-2026-1040811,29.560791,-98.660329,1785569582000,http://www.sanantonio.gov/sapd/Calls.aspx,Blue,a tbd link,26,8
08/01/26, 2:30:46,E0 HY90 W OFRP GM,78237,Traffic Calls,DWI,6310,SOUTH,SAPD-2026-1040804,29.404174,-98.556008,1785569446000,http://www.sanantonio.gov/sapd/Calls.aspx,Yellow,a tbd link,26,8
08/01/26, 2:34:30,Ih 35 S Sb / Nogalitos St,78204,Other Calls,Disturbance Family,2340,CENTRAL,SAPD-2026-1040814,29.40045,-98.511737,1785569670000,http://www.sanantonio.gov/sapd/Calls.aspx,Blue,a tbd link,26,8
08/01/26, 2:33:37,5400 Military Dr W,78236,Other Calls,Assist the Public,6350,SOUTH,SAPD-2026-1040812,29.374635,-98.609584,1785569617000,http://www.sanantonio.gov/sapd/Calls.aspx,Blue,a tbd link,26,8
08/01/26, 2:39:07,Nw 19th St / Delgado St,78207,Crimes Against Person Calls,Fight,2360,CENTRAL,SAPD-2026-1040829,29.439383,-98.534826,1785569947000,http://www.sanantonio.gov/sapd/Calls.aspx,Red,a tbd link,26,8
08/01/26, 2:37:32,700 S Brownleaf Dr,78227,Crimes Against Person Calls,Suspicious Vehicle,5150,WEST,SAPD-2026-1040825,29.427907,-98.617028,1785569852000,http://www.sanantonio.gov/sapd/Calls.aspx,Red,a tbd link,26,8
08/01/26, 2:35:57,600 Beryl Dr,78213,Crimes Against Person Calls,Assault In Progress,2230,CENTRAL,SAPD-2026-1040821,29.497251,-98.542613,1785569757000,http://www.sanantonio.gov/sapd/Calls.aspx,Red,a tbd link,26,8
08/01/26, 2:38:43,200 E Houston St,78205,Property Crime Calls,Burglary Vehicle,1110,DOWNTOWN,SAPD-2026-1040828,29.426111,-98.49,1785569923000,http://www.sanantonio.gov/sapd/Calls.aspx,Green,a tbd link,26,8
08/01/26, 2:37:07,300 S San Dario,78237,Other Calls,Narcotic Laws,5110,WEST,SAPD-2026-1040827,29.427948,-98.55799,1785569827000,http://www.sanantonio.gov/sapd/Calls.aspx,Blue,a tbd link,26,8
08/01/26, 2:38:35,E Euclid Ave / Brooklyn Ave,78212,Traffic Calls,Minor Accident,1210,DOWNTOWN,SAPD-2026-1042794,29.43945,-98.490405,1785613115000,http://www.sanantonio.gov/sapd/Calls.aspx,Yellow,a tbd link,26,8
08/01/26, 2:43:08,300 Roslyn Ave,78204,Other Calls,Disturbance Barking Dog,2340,CENTRAL,SAPD-2026-1040841,29.397699,-98.519053,1785570188000,http://www.sanantonio.gov/sapd/Calls.aspx,Blue,a tbd link,26,8
08/01/26, 2:39:27,Vance Jackson Rd / Newcastle Ln,78249,Traffic Calls,Major Accident,7230,PRUE,SAPD-2026-1040830,29.567625,-98.586317,1785569967000,http://www.sanantonio.gov/sapd/Calls.aspx,Yellow,a tbd link,26,8
08/01/26, 2:37:54,9900 Fredericksburg Rd,78240,Other Calls,Disturbance Loud Music,7150,PRUE,SAPD-2026-1040826,29.535139,-98.5775,1785569874000,http://www.sanantonio.gov/sapd/Calls.aspx,Blue,a tbd link,26,8
08/01/26, 2:44:11,2100 Bronte,78207,Other Calls,Suspicious Person,2350,CENTRAL,SAPD-2026-1040844,29.40582,-98.536804,1785570251000,http://www.sanantonio.gov/sapd/Calls.aspx,Blue,a tbd link,26,8
08/01/26, 2:39:16,5000 Kenton Trace,78240,Other Calls,Missing Person - Endangered,7150,PRUE,SAPD-2026-1040831,29.523783,-98.587033,1785569956000,http://www.sanantonio.gov/sapd/Calls.aspx,Blue,a tbd link,26,8
08/01/26, 2:39:37,Vance Jackson Rd / Newcastle Ln,78249,Traffic Calls,Minor Accident,7230,PRUE,SAPD-2026-1040832,29.567625,-98.586317,1785569977000,http://www.sanantonio.gov/sapd/Calls.aspx,Yellow,a tbd link,26,8
08/01/26, 2:37:33,700 N Alamo St,78215,Traffic Calls,Officer Traffic Stop,1130,DOWNTOWN,SAPD-2026-1040824,29.431169,-98.482611,1785569853000,http://www.sanantonio.gov/sapd/Calls.aspx,Yellow,a tbd link,26,8
08/01/26, 2:42:04,1400 N Pine St,78208,Traffic Calls,Minor Accident,4110,EAST,SAPD-2026-1040839,29.437589,-98.470417,1785570124000,http://www.sanantonio.gov/sapd/Calls.aspx,Yellow,a tbd link,26,8
08/01/26, 2:40:30,Sw 36th St / Sam Houston Blvd,78226,Other Calls,Suspicious Person,6310,SOUTH,SAPD-2026-1040837,29.392744,-98.568228,1785570030000,http://www.sanantonio.gov/sapd/Calls.aspx,Blue,a tbd link,26,8
08/01/26, 2:43:23,11800 Braesview,78213,Other Calls,Miscellaneous,3110,NORTH,SAPD-2026-1040840,29.546529,-98.525325,1785570203000,http://www.sanantonio.gov/sapd/Calls.aspx,Blue,a tbd link,26,8
08/01/26, 2:44:27,Ih 10 E / Woodlake Pkwy,78109,Traffic Calls,Abandoned Vehicle,4310,EAST,SAPD-2026-1040847,29.45045,-98.345254,1785570267000,http://www.sanantonio.gov/sapd/Calls.aspx,Yellow,a tbd link,26,8
08/01/26, 2:43:47,6800 Walnut Valley Dr,78242,Other Calls,Disturbance Loud Music,6360,SOUTH,SAPD-2026-1040843,29.365587,-98.626069,1785570227000,http://www.sanantonio.gov/sapd/Calls.aspx,Blue,a tbd link,26,8
08/01/26, 2:44:38,9200 N Loop 1604 W,78249,Other Calls,Welfare Check,7350,PRUE,SAPD-2026-1040848,29.554891,-98.662378,1785570278000,http://www.sanantonio.gov/sapd/Calls.aspx,Blue,a tbd link,26,8
08/01/26, 2:52:29,1200 Logwood Ave,78221,Other Calls,Missing Person - Endangered,6150,SOUTH,SAPD-2026-1040871,29.344513,-98.523111,1785570749000,http://www.sanantonio.gov/sapd/Calls.aspx,Blue,a tbd link,26,8
08/01/26, 2:44:28,Quiver Dr / Peace Pipe Dr,78238,Other Calls,Suspicious Person,5270,WEST,SAPD-2026-1040846,29.468147,-98.608257,1785570268000,http://www.sanantonio.gov/sapd/Calls.aspx,Blue,a tbd link,26,8
08/01/26, 2:42:04,101-199 CAMARON,78205,Other Calls,Patrol By,1120,DOWNTOWN,SAPD-2026-1040842,29.425346,-98.495834,1785570124000,http://www.sanantonio.gov/sapd/Calls.aspx,Blue,a tbd link,26,8
08/01/26, 2:45:12,2900 Roosevelt Ave,78214,Crimes Against Person Calls,Fight,6220,SOUTH,SAPD-2026-1040851,29.369891,-98.481259,1785570312000,http://www.sanantonio.gov/sapd/Calls.aspx,Red,a tbd link,26,8
08/01/26, 2:48:36,1300 Nw 22nd St,78207,Crimes Against Person Calls,Assault,2360,CENTRAL,SAPD-2026-1040854,29.442137,-98.538376,1785570516000,http://www.sanantonio.gov/sapd/Calls.aspx,Red,a tbd link,26,8
08/01/26, 2:47:29,1500 N Main Ave,78212,Crimes Against Person Calls,Assault,1210,DOWNTOWN,SAPD-2026-1040853,29.442942,-98.494012,1785570449000,http://www.sanantonio.gov/sapd/Calls.aspx,Red,a tbd link,26,8
08/01/26, 2:49:00,500 Ne Loop 410,78216,Crimes Against Person Calls,Suspicious Vehicle,3330,NORTH,SAPD-2026-1040856,29.518333,-98.473889,1785570540000,http://www.sanantonio.gov/sapd/Calls.aspx,Red,a tbd link,26,8
08/01/26, 2:52:43,800 W Magnolia Ave,78212,Traffic Calls,Minor Accident,1220,DOWNTOWN,SAPD-2026-1040868,29.454807,-98.506356,1785570763000,http://www.sanantonio.gov/sapd/Calls.aspx,Yellow,a tbd link,26,8
08/01/26, 2:49:46,4800 Lord Rd,78220,Crimes Against Person Calls,Assault,4240,EAST,SAPD-2026-1040858,29.415126,-98.398731,1785570586000,http://www.sanantonio.gov/sapd/Calls.aspx,Red,a tbd link,26,8
08/01/26, 2:48:45,500 S Acme Rd,78227,Other Calls,Patrol By,5140,WEST,SAPD-2026-1040855,29.425069,-98.58859,1785570525000,http://www.sanantonio.gov/sapd/Calls.aspx,Blue,a tbd link,26,8
08/01/26, 2:49:33,Babcock Rd / Wurzbach Rd,78229,Other Calls,Disturbance,7140,PRUE,SAPD-2026-1040857,29.504444,-98.584069,1785570573000,http://www.sanantonio.gov/sapd/Calls.aspx,Blue,a tbd link,26,8
08/01/26, 2:52:19,300 Brandywine Ave,78228,Crimes Against Person Calls,Suspicious Vehicle,5250,WEST,SAPD-2026-1040866,29.451278,-98.576581,1785570739000,http://www.sanantonio.gov/sapd/Calls.aspx,Red,a tbd link,26,8
08/01/26, 2:50:15,1000 Nw 36th St,78228,Traffic Calls,Minor Accident,5130,WEST,SAPD-2026-1040860,29.442647,-98.570933,1785570615000,http://www.sanantonio.gov/sapd/Calls.aspx,Yellow,a tbd link,26,8
08/01/26, 2:50:20,5700 Pine Country,78247,Property Crime Calls,Burglary Vehicle In Progress,3260,NORTH,SAPD-2026-1040861,29.584146,-98.376407,1785570620000,http://www.sanantonio.gov/sapd/Calls.aspx,Green,a tbd link,26,8
08/01/26, 2:51:56,8000 Sw Loop 410 Sb,78242,Traffic Calls,Traffic Related,6360,SOUTH,SAPD-2026-1040865,29.342398,-98.62555,1785570716000,http://www.sanantonio.gov/sapd/Calls.aspx,Yellow,a tbd link,26,8
08/01/26, 2:50:56,400 Surrey Ave,78225,Crimes Against Person Calls,Assault In Progress,6110,SOUTH,SAPD-2026-1040862,29.381359,-98.522613,1785570656000,http://www.sanantonio.gov/sapd/Calls.aspx,Red,a tbd link,26,8
08/01/26, 2:47:48,10700 NACOGDOCHES RD,78217,Other Calls,Patrol By,3360,NORTH,SAPD-2026-1040859,29.535464,-98.42296,1785570468000,http://www.sanantonio.gov/sapd/Calls.aspx,Blue,a tbd link,26,8
08/01/26, 2:52:49,200 Loma Park Dr,78228,Other Calls,Suspicious Person,5130,WEST,SAPD-2026-1040869,29.445145,-98.571644,1785570769000,http://www.sanantonio.gov/sapd/Calls.aspx,Blue,a tbd link,26,8
08/01/26, 2:59:42,300 Bristol Ave,78214,Other Calls,Assist the Public,6210,SOUTH,SAPD-2026-1040892,29.371501,-98.4915,1785571182000,http://www.sanantonio.gov/sapd/Calls.aspx,Blue,a tbd link,26,8
08/01/26, 2:55:09,1700 Jackson-keller Rd,78213,Other Calls,Disturbance Loud Music,3310,NORTH,SAPD-2026-1040873,29.509157,-98.521778,1785570909000,http://www.sanantonio.gov/sapd/Calls.aspx,Blue,a tbd link,26,8
08/01/26, 2:55:39,Indianola St / Garfield Alley,78210,Traffic Calls,Traffic Violation,1110,DOWNTOWN,SAPD-2026-1040876,29.416292,-98.48513,1785570939000,http://www.sanantonio.gov/sapd/Calls.aspx,Yellow,a tbd link,26,8
08/01/26, 2:54:22,1500 NOGALITOS ST,78404,Other Calls,Patrol By,2340,CENTRAL,SAPD-2026-1040870,29.398314,-98.514175,1785570862000,http://www.sanantonio.gov/sapd/Calls.aspx,Blue,a tbd link,26,8
08/01/26, 2:55:36,Indiana St / E Cesar Chavez Blvd,78210,Other Calls,Disturbance,4120,EAST,SAPD-2026-1040875,29.409386,-98.473251,1785570936000,http://www.sanantonio.gov/sapd/Calls.aspx,Blue,a tbd link,26,8
08/01/26, 2:56:01,600 Indianola St,78210,Traffic Calls,Traffic Related,1110,DOWNTOWN,SAPD-2026-1040878,29.416777,-98.484612,1785570961000,http://www.sanantonio.gov/sapd/Calls.aspx,Yellow,a tbd link,26,8
08/01/26, 2:57:10,2500 W Cesar Chavez Blvd,78207,Crimes Against Person Calls,Suspicious Vehicle,2330,CENTRAL,SAPD-2026-1040887,29.423732,-98.525824,1785571030000,http://www.sanantonio.gov/sapd/Calls.aspx,Red,a tbd link,26,8
08/01/26, 2:58:37,7400 Ih 37 S Sb,78223,Other Calls,Welfare Check,6270,SOUTH,SAPD-2026-1040884,29.333994,-98.41862,1785571117000,http://www.sanantonio.gov/sapd/Calls.aspx,Blue,a tbd link,26,8
08/01/26, 2:59:15,300 W Palfrey Ave,78223,Other Calls,Disturbance Barking Dog,6240,SOUTH,SAPD-2026-1040890,29.36363,-98.446627,1785571155000,http://www.sanantonio.gov/sapd/Calls.aspx,Blue,a tbd link,26,8
08/01/26, 2:57:22,5100 USAA BLVD,78240,Property Crime Calls,Burglary in Progress,7150,PRUE,SAPD-2026-1040880,29.534255,-98.586453,1785571042000,http://www.sanantonio.gov/sapd/Calls.aspx,Green,a tbd link,26,8
08/01/26, 2:58:56,1100 Vance Jackson Rd,78201,Other Calls,Disturbance,5230,WEST,SAPD-2026-1040885,29.484,-98.5353,1785571136000,http://www.sanantonio.gov/sapd/Calls.aspx,Blue,a tbd link,26,8
08/01/26, 2:57:00,13100 JONES MALTSBERGER RD,78247,Other Calls,Patrol By,3220,NORTH,SAPD-2026-1040879,29.559223,-98.450814,1785571020000,http://www.sanantonio.gov/sapd/Calls.aspx,Blue,a tbd link,26,8
08/01/26, 2:59:09,9500 Ih 10 W,78230-2221,Property Crime Calls,Burglary in Progress,7120,PRUE,SAPD-2026-1040889,29.528569,-98.56117,1785571149000,http://www.sanantonio.gov/sapd/Calls.aspx,Green,a tbd link,26,8
08/01/26, 2:57:51,201-299 JEFFERSON,78205,Other Calls,Patrol By,1130,DOWNTOWN,SAPD-2026-1040882,29.428202,-98.488504,1785571071000,http://www.sanantonio.gov/sapd/Calls.aspx,Blue,a tbd link,26,8
08/01/26, 2:59:13,Indianola St / E Cesar Chavez Blvd,78210,Other Calls,Disturbance,1110,DOWNTOWN,SAPD-2026-1040888,29.416838,-98.484547,1785571153000,http://www.sanantonio.gov/sapd/Calls.aspx,Blue,a tbd link,26,8
08/01/26, 3:05:25,1000 Nw 36th St,78228,Traffic Calls,Minor Accident,5130,WEST,SAPD-2026-1040898,29.442647,-98.570933,1785571525000,http://www.sanantonio.gov/sapd/Calls.aspx,Yellow,a tbd link,26,8
08/01/26, 3:06:44,10900 Culebra Rd,78253,Other Calls,Disturbance,5350,WEST,SAPD-2026-1040901,29.495473,-98.708246,1785571604000,http://www.sanantonio.gov/sapd/Calls.aspx,Blue,a tbd link,26,8
08/01/26, 3:05:27,800 Ne Loop 410,78209,Other Calls,Wanted Person,3330,NORTH,SAPD-2026-1040897,29.515833,-98.463611,1785571527000,http://www.sanantonio.gov/sapd/Calls.aspx,Blue,a tbd link,26,8
08/01/26, 3:10:34,14000 Southton Rd,78112,Other Calls,Disturbance,6280,SOUTH,SAPD-2026-1040913,29.281953,-98.392425,1785571834000,http://www.sanantonio.gov/sapd/Calls.aspx,Blue,a tbd link,26,8
08/01/26, 3:11:06,1800 Lampost,78213,Property Crime Calls,Burglary Vehicle,2220,CENTRAL,SAPD-2026-1040914,29.506225,-98.521643,1785571866000,http://www.sanantonio.gov/sapd/Calls.aspx,Green,a tbd link,26,8
08/01/26, 3:11:51,9600 Ih 35 N,78233-6608,Other Calls,Disturbance,3230,NORTH,SAPD-2026-1040917,29.526773,-98.394096,1785571911000,http://www.sanantonio.gov/sapd/Calls.aspx,Blue,a tbd link,26,8
08/01/26, 3:16:08,100 Savannah Dr,78213,Other Calls,Miscellaneous,2230,CENTRAL,SAPD-2026-1040924,29.500337,-98.52967,1785572168000,http://www.sanantonio.gov/sapd/Calls.aspx,Blue,a tbd link,26,8
08/01/26, 3:06:55,300 ROOSEVELT AVE,78210,Other Calls,Patrol By,1140,DOWNTOWN,SAPD-2026-1040910,29.400997,-98.488233,1785571615000,http://www.sanantonio.gov/sapd/Calls.aspx,Blue,a tbd link,26,8
08/01/26, 3:10:35,2100 Sw 36th St,78237,Traffic Calls,DWI,5120,WEST,SAPD-2026-1040911,29.407349,-98.575083,1785571835000,http://www.sanantonio.gov/sapd/Calls.aspx,Yellow,a tbd link,26,8
08/01/26, 3:13:05,Se Military Dr / Ih 37 S Sb,78223,Traffic Calls,Traffic Related,6270,SOUTH,SAPD-2026-1040919,29.352679,-98.428193,1785571985000,http://www.sanantonio.gov/sapd/Calls.aspx,Yellow,a tbd link,26,8
08/01/26, 3:11:16,6207-6399 Nw Loop 410,78238,Other Calls,Miscellaneous,5310,WEST,SAPD-2026-1040915,29.46868,-98.617081,1785571876000,http://www.sanantonio.gov/sapd/Calls.aspx,Blue,a tbd link,26,8
08/01/26, 3:13:31,2800 Wyoming St,78203,Crimes Against Person Calls,Suspicious Vehicle,4140,EAST,SAPD-2026-1040920,29.417834,-98.445492,1785572011000,http://www.sanantonio.gov/sapd/Calls.aspx,Red,a tbd link,26,8
08/01/26, 3:16:20,Commercial Ave / W Formosa Blvd,78221,Other Calls,Assist the Public,6150,SOUTH,SAPD-2026-1040925,29.34255,-98.516224,1785572180000,http://www.sanantonio.gov/sapd/Calls.aspx,Blue,a tbd link,26,8
08/01/26, 3:17:17,1000 Nw 36th St,78228,Other Calls,Disturbance,5130,WEST,SAPD-2026-1040926,29.442647,-98.570933,1785572237000,http://www.sanantonio.gov/sapd/Calls.aspx,Blue,a tbd link,26,8
08/01/26, 3:14:52,800 W Magnolia Ave,78212,Traffic Calls,Minor Accident,1220,DOWNTOWN,SAPD-2026-1040922,29.454807,-98.506356,1785572092000,http://www.sanantonio.gov/sapd/Calls.aspx,Yellow,a tbd link,26,8
08/01/26, 3:19:34,1900 Larkspur,78213,Other Calls,Patrol By,3110,NORTH,SAPD-2026-1040933,29.546231,-98.5221,1785572374000,http://www.sanantonio.gov/sapd/Calls.aspx,Blue,a tbd link,26,8
08/01/26, 3:18:39,4800 Lord Rd,78220,Property Crime Calls,Theft of Vehicle,4240,EAST,SAPD-2026-1040928,29.4151,-98.399914,1785572319000,http://www.sanantonio.gov/sapd/Calls.aspx,Green,a tbd link,26,8
08/01/26, 3:19:07,30 Finesilver,78254,Other Calls,Animal Related,7360,PRUE,SAPD-2026-1040932,29.536383,-98.66452,1785572347000,http://www.sanantonio.gov/sapd/Calls.aspx,Blue,a tbd link,26,8
08/01/26, 3:18:47,1000 Nw 36th St,78228,Traffic Calls,Major Accident,5130,WEST,SAPD-2026-1040930,29.442647,-98.570933,1785572327000,http://www.sanantonio.gov/sapd/Calls.aspx,Yellow,a tbd link,26,8
08/01/26, 3:20:17,100 E Euclid Ave,78212,Crimes Against Person Calls,Fight,1210,DOWNTOWN,SAPD-2026-1040934,29.437316,-98.494095,1785572417000,http://www.sanantonio.gov/sapd/Calls.aspx,Red,a tbd link,26,8
08/01/26, 3:21:40,500 E Whittier St,78210,Crimes Against Person Calls,Suspicious Vehicle,4120,EAST,SAPD-2026-1040935,29.399922,-98.475203,1785572500000,http://www.sanantonio.gov/sapd/Calls.aspx,Red,a tbd link,26,8
08/01/26, 3:23:13,3900 Fredericksburg Rd,78201,Other Calls,Disturbance,5230,WEST,SAPD-2026-1040938,29.484031,-98.54589,1785572593000,http://www.sanantonio.gov/sapd/Calls.aspx,Blue,a tbd link,26,8
08/01/26, 3:25:40,5600 Mountain Pt,78242,Other Calls,Disturbance,6350,SOUTH,SAPD-2026-1040942,29.35791,-98.608159,1785572740000,http://www.sanantonio.gov/sapd/Calls.aspx,Blue,a tbd link,26,8
08/01/26, 3:25:23,3300 Blk Sw Loop 410 Sb,78227,Traffic Calls,DWI,6360,SOUTH,SAPD-2026-1040943,29.393011,-98.648335,1785572723000,http://www.sanantonio.gov/sapd/Calls.aspx,Yellow,a tbd link,26,8
08/01/26, 3:12:22,100 MAIN PLAZA,78205,Other Calls,Patrol By,1120,DOWNTOWN,SAPD-2026-1040939,29.424641,-98.493456,1785571942000,http://www.sanantonio.gov/sapd/Calls.aspx,Blue,a tbd link,26,8
08/01/26, 3:12:49,U0 HWY 90 W EB,78237,Traffic Calls,Traffic Related,6310,SOUTH,SAPD-2026-1040940,29.406405,-98.575079,1785571969000,http://www.sanantonio.gov/sapd/Calls.aspx,Yellow,a tbd link,26,8
08/01/26, 3:27:10,3900 Fredericksburg Rd,78201,Other Calls,Disturbance,5230,WEST,SAPD-2026-1040945,29.484031,-98.54589,1785572830000,http://www.sanantonio.gov/sapd/Calls.aspx,Blue,a tbd link,26,8
08/01/26, 3:24:40,500 S JOSEPHINE TOBIN,78201,Other Calls,Patrol By,5210,WEST,SAPD-2026-1040944,29.451774,-98.535913,1785572680000,http://www.sanantonio.gov/sapd/Calls.aspx,Blue,a tbd link,26,8
08/01/26, 3:27:15,2200 REST HAVEN DR,78232,Other Calls,Patrol By,3140,NORTH,SAPD-2026-1040946,29.594311,-98.458294,1785572835000,http://www.sanantonio.gov/sapd/Calls.aspx,Blue,a tbd link,26,8
08/01/26, 3:29:53,7400 Koa Crest,78227,Other Calls,Prowler,6360,SOUTH,SAPD-2026-1040950,29.383041,-98.637592,1785572993000,http://www.sanantonio.gov/sapd/Calls.aspx,Blue,a tbd link,26,8
08/01/26, 3:30:53,200 BLK RIVER WALK,78205,Other Calls,Patrol By,1110,DOWNTOWN,SAPD-2026-1040951,29.42509,-98.490494,1785573053000,http://www.sanantonio.gov/sapd/Calls.aspx,Blue,a tbd link,26,8
08/01/26, 3:35:09,5600 Ivanhoe St,78228,Other Calls,Disturbance Family,5250,WEST,SAPD-2026-1040953,29.461034,-98.596626,1785573309000,http://www.sanantonio.gov/sapd/Calls.aspx,Blue,a tbd link,26,8
08/01/26, 3:37:02,201-299 JEFFERSON,78205,Other Calls,Patrol By,1130,DOWNTOWN,SAPD-2026-1040954,29.428166,-98.488504,1785573422000,http://www.sanantonio.gov/sapd/Calls.aspx,Blue,a tbd link,26,8
08/01/26, 3:38:33,400 S ALAMO ST,78205,Other Calls,Patrol By,1110,DOWNTOWN,SAPD-2026-1040956,29.420262,-98.488197,1785573513000,http://www.sanantonio.gov/sapd/Calls.aspx,Blue,a tbd link,26,8
08/01/26, 3:44:24,1100 Vance Jackson Rd,78201,Other Calls,Welfare Check,5230,WEST,SAPD-2026-1040964,29.484,-98.5353,1785573864000,http://www.sanantonio.gov/sapd/Calls.aspx,Blue,a tbd link,26,8
08/01/26, 3:39:30,400-498 CAMARON,78207,Other Calls,Patrol By,1120,DOWNTOWN,SAPD-2026-1040957,29.428655,-98.496101,1785573570000,http://www.sanantonio.gov/sapd/Calls.aspx,Blue,a tbd link,26,8
08/01/26, 3:43:38,10200 Ih 35 N,78233,Crimes Against Person Calls,Lewd Conduct,3230,NORTH,SAPD-2026-1040962,29.531916,-98.391036,1785573818000,http://www.sanantonio.gov/sapd/Calls.aspx,Red,a tbd link,26,8
08/01/26, 3:41:29,3400 AVENUE B,78209,Other Calls,Patrol By,1230,DOWNTOWN,SAPD-2026-1040958,29.460556,-98.468611,1785573689000,http://www.sanantonio.gov/sapd/Calls.aspx,Blue,a tbd link,26,8
08/01/26, 3:45:31,7700 Skolout St,78227,Other Calls,Disturbance,5170,WEST,SAPD-2026-1040969,29.401166,-98.642944,1785573931000,http://www.sanantonio.gov/sapd/Calls.aspx,Blue,a tbd link,26,8
08/01/26, 3:44:55,100 Probandt St,78204,Other Calls,Welfare Check,1140,DOWNTOWN,SAPD-2026-1040965,29.407257,-98.496319,1785573895000,http://www.sanantonio.gov/sapd/Calls.aspx,Blue,a tbd link,26,8
08/01/26, 3:42:57,5400 Babcock Rd,78240,Traffic Calls,DWI,7160,PRUE,SAPD-2026-1040961,29.517166,-98.595056,1785573777000,http://www.sanantonio.gov/sapd/Calls.aspx,Yellow,a tbd link,26,8
08/01/26, 3:42:48,9600 Sturgis,78245,Crimes Against Person Calls,Assault In Progress,5330,WEST,SAPD-2026-1040960,29.432485,-98.671611,1785573768000,http://www.sanantonio.gov/sapd/Calls.aspx,Red,a tbd link,26,8
08/01/26, 3:42:36,N0 LOOP 410,78216,Traffic Calls,DWI,3320,NORTH,SAPD-2026-1040959,29.519966,-98.485931,1785573756000,http://www.sanantonio.gov/sapd/Calls.aspx,Yellow,a tbd link,26,8
08/01/26, 3:49:34,700-751 E Cesar Chavez Blvd,78205,Other Calls,Disturbance,1110,DOWNTOWN,SAPD-2026-1040975,29.417193,-98.485027,1785574174000,http://www.sanantonio.gov/sapd/Calls.aspx,Blue,a tbd link,26,8
08/01/26, 3:45:20,Ih 35 N Nb / N St Mary's St,78212,Traffic Calls,Traffic Related,1130,DOWNTOWN,SAPD-2026-1040967,29.440138,-98.48536,1785573920000,http://www.sanantonio.gov/sapd/Calls.aspx,Yellow,a tbd link,26,8
08/01/26, 3:43:54,100 FLORIDA,78210,Other Calls,Patrol By,1110,DOWNTOWN,SAPD-2026-1040963,29.408015,-98.484958,1785573834000,http://www.sanantonio.gov/sapd/Calls.aspx,Blue,a tbd link,26,8
08/01/26, 3:48:26,1000 Boling Brook Dr,78245,Other Calls,Disturbance,5330,WEST,SAPD-2026-1040973,29.424914,-98.673547,1785574106000,http://www.sanantonio.gov/sapd/Calls.aspx,Blue,a tbd link,26,8
08/01/26, 3:48:09,600 S San Dario,78237,Other Calls,Missing Person - Endangered,5110,WEST,SAPD-2026-1040971,29.423673,-98.558533,1785574089000,http://www.sanantonio.gov/sapd/Calls.aspx,Blue,a tbd link,26,8
08/01/26, 3:47:35,1300 Roosevelt Ave,78210,Other Calls,Miscellaneous,6220,SOUTH,SAPD-2026-1040970,29.390758,-98.486414,1785574055000,http://www.sanantonio.gov/sapd/Calls.aspx,Blue,a tbd link,26,8
08/01/26, 3:50:35,1500 Arroya Vista Dr,78213,Property Crime Calls,Burglary Vehicle In Progress,2220,CENTRAL,SAPD-2026-1040979,29.50177,-98.517468,1785574235000,http://www.sanantonio.gov/sapd/Calls.aspx,Green,a tbd link,26,8
08/01/26, 3:49:23,1000 Gillette Blvd,78224,Crimes Against Person Calls,Threats,6140,SOUTH,SAPD-2026-1040974,29.330552,-98.532291,1785574163000,http://www.sanantonio.gov/sapd/Calls.aspx,Red,a tbd link,26,8
08/01/26, 3:48:22,600 W COMMERCE ST,78207,Other Calls,Patrol By,1120,DOWNTOWN,SAPD-2026-1040972,29.425234,-98.500348,1785574102000,http://www.sanantonio.gov/sapd/Calls.aspx,Blue,a tbd link,26,8
08/01/26, 3:51:06,5900 Lakecrest,78222,Other Calls,Disturbance,4250,EAST,SAPD-2026-1040980,29.392862,-98.373549,1785574266000,http://www.sanantonio.gov/sapd/Calls.aspx,Blue,a tbd link,26,8
08/01/26, 3:51:50,3400 Oakdale,78229,Other Calls,Disturbance,7110,PRUE,SAPD-2026-1040982,29.501445,-98.552206,1785574310000,http://www.sanantonio.gov/sapd/Calls.aspx,Blue,a tbd link,26,8
08/01/26, 3:54:34,12200 Ih 10 W,78249,Other Calls,Disturbance Loud Music,7340,PRUE,SAPD-2026-1040987,29.557448,-98.590614,1785574474000,http://www.sanantonio.gov/sapd/Calls.aspx,Blue,a tbd link,26,8
08/01/26, 3:53:43,7100 Nw Loop 410,78238-4116,Crimes Against Person Calls,Assault In Progress,5270,WEST,SAPD-2026-1040985,29.453455,-98.627893,1785574423000,http://www.sanantonio.gov/sapd/Calls.aspx,Red,a tbd link,26,8
08/01/26, 3:53:05,600 BLK RIVER WALK,78215,Other Calls,Patrol By,1110,DOWNTOWN,SAPD-2026-1040983,29.423397,-98.487879,1785574385000,http://www.sanantonio.gov/sapd/Calls.aspx,Blue,a tbd link,26,8
08/01/26, 3:54:39,3300 Research Plaza,78235,Other Calls,DOA,6270,SOUTH,SAPD-2026-1040986,29.345758,-98.437322,1785574479000,http://www.sanantonio.gov/sapd/Calls.aspx,Blue,a tbd link,26,8
08/01/26, 3:57:12,9600 Sturgis,78245,Other Calls,Miscellaneous,5330,WEST,SAPD-2026-1040989,29.432485,-98.671611,1785574632000,http://www.sanantonio.gov/sapd/Calls.aspx,Blue,a tbd link,26,8
08/01/26, 3:57:53,600 E Evergreen St,78212,Other Calls,Welfare Check,1210,DOWNTOWN,SAPD-2026-1040993,29.442794,-98.488058,1785574673000,http://www.sanantonio.gov/sapd/Calls.aspx,Blue,a tbd link,26,8
08/01/26, 3:57:50,2400 West Ave,78201,Property Crime Calls,Burglary Vehicle In Progress,2220,CENTRAL,SAPD-2026-1040992,29.483353,-98.526,1785574670000,http://www.sanantonio.gov/sapd/Calls.aspx,Green,a tbd link,26,8
08/01/26, 3:59:05,Broadway / 4th St,78205,Other Calls,Drunk,1130,DOWNTOWN,SAPD-2026-1040995,29.429674,-98.486039,1785574745000,http://www.sanantonio.gov/sapd/Calls.aspx,Blue,a tbd link,26,8
08/01/26, 3:59:48,9500 Contessa Dr,78216,Other Calls,Disturbance,3350,NORTH,SAPD-2026-1040999,29.527547,-98.492926,1785574788000,http://www.sanantonio.gov/sapd/Calls.aspx,Blue,a tbd link,26,8
08/01/26, 4:01:15,4600 E Loop 1604 N,78109,Other Calls,Disturbance,4310,EAST,SAPD-2026-1041003,29.47088,-98.295083,1785574875000,http://www.sanantonio.gov/sapd/Calls.aspx,Blue,a tbd link,26,8
08/01/26, 4:00:14,6700 Randolph Blvd,78233,Other Calls,Missing Person - Endangered,NOT SAPD BEX,SAPD OUTSIDE AREA,SAPD-2026-1041000,29.551211,-98.355348,1785574814000,http://www.sanantonio.gov/sapd/Calls.aspx,Blue,a tbd link,26,8
08/01/26, 4:05:31,600 Indianola St,78210,Other Calls,Suspicious Person,1110,DOWNTOWN,SAPD-2026-1041014,29.416273,-98.485373,1785575131000,http://www.sanantonio.gov/sapd/Calls.aspx,Blue,a tbd link,26,8
08/01/26, 3:58:48,513-567 BRACKENRIDGE DR,78212,Other Calls,Patrol By,1230,DOWNTOWN,SAPD-2026-1040994,29.461616,-98.469751,1785574728000,http://www.sanantonio.gov/sapd/Calls.aspx,Blue,a tbd link,26,8
08/01/26, 3:59:30,Us Hwy 90 W Eb / S Zarzamora St,78207,Traffic Calls,Traffic Related,6310,SOUTH,SAPD-2026-1040996,29.398829,-98.530806,1785574770000,http://www.sanantonio.gov/sapd/Calls.aspx,Yellow,a tbd link,26,8
08/01/26, 4:03:13,100 Dallas St,78205,Other Calls,Disturbance,1130,DOWNTOWN,SAPD-2026-1041007,29.433825,-98.492242,1785574993000,http://www.sanantonio.gov/sapd/Calls.aspx,Blue,a tbd link,26,8
08/01/26, 4:02:08,Us Hwy 90 W Eb / S Zarzamora St,78207,Traffic Calls,Traffic Related,6310,SOUTH,SAPD-2026-1041004,29.398829,-98.530806,1785574928000,http://www.sanantonio.gov/sapd/Calls.aspx,Yellow,a tbd link,26,8
08/01/26, 4:03:39,1300 Mccullough Ave,78212,Crimes Against Person Calls,Assault,1210,DOWNTOWN,SAPD-2026-1041009,29.441558,-98.491185,1785575019000,http://www.sanantonio.gov/sapd/Calls.aspx,Red,a tbd link,26,8
08/01/26, 4:00:45,2800 SIERRA SALINAS,78259,Other Calls,Patrol By,3150,NORTH,SAPD-2026-1041001,29.636288,-98.433793,1785574845000,http://www.sanantonio.gov/sapd/Calls.aspx,Blue,a tbd link,26,8
08/01/26, 4:03:33,Culebra Rd / Pipers Ln,78251,Other Calls,Disturbance,5320,WEST,SAPD-2026-1041008,29.466628,-98.646983,1785575013000,http://www.sanantonio.gov/sapd/Calls.aspx,Blue,a tbd link,26,8
08/01/26, 4:02:23,300 Otter Dr,78227,Crimes Against Person Calls,Assault In Progress,5340,WEST,SAPD-2026-1041006,29.402724,-98.653977,1785574943000,http://www.sanantonio.gov/sapd/Calls.aspx,Red,a tbd link,26,8
08/01/26, 4:04:21,400 Mcmullen St,78210,Other Calls,Suspicious Person,6220,SOUTH,SAPD-2026-1041013,29.386073,-98.484282,1785575061000,http://www.sanantonio.gov/sapd/Calls.aspx,Blue,a tbd link,26,8
08/01/26, 4:04:30,500 COLUMBUS,78207,Other Calls,Patrol By,1130,DOWNTOWN,SAPD-2026-1041011,29.429977,-98.498964,1785575070000,http://www.sanantonio.gov/sapd/Calls.aspx,Blue,a tbd link,26,8
08/01/26, 4:07:01,200 N San Gabriel Ave,78237,Property Crime Calls,Burglary in Progress,5130,WEST,SAPD-2026-1041016,29.435962,-98.559203,1785575221000,http://www.sanantonio.gov/sapd/Calls.aspx,Green,a tbd link,26,8
08/01/26, 4:07:03,1000 Gillette Blvd,78224,Property Crime Calls,Burglary in Progress,6140,SOUTH,SAPD-2026-1041017,29.330552,-98.532291,1785575223000,http://www.sanantonio.gov/sapd/Calls.aspx,Green,a tbd link,26,8
08/01/26, 4:07:53,1300 Nw 22nd St,78207,Other Calls,Disturbance,2360,CENTRAL,SAPD-2026-1041019,29.442137,-98.538376,1785575273000,http://www.sanantonio.gov/sapd/Calls.aspx,Blue,a tbd link,26,8
08/01/26, 4:09:39,600 Lockhill-selma Rd,78216,Traffic Calls,Major Accident,3350,NORTH,SAPD-2026-1041023,29.523147,-98.501273,1785575379000,http://www.sanantonio.gov/sapd/Calls.aspx,Yellow,a tbd link,26,8
08/01/26, 4:09:17,9400 Fredericksburg Rd,78240,Other Calls,Disturbance,7150,PRUE,SAPD-2026-1041021,29.526124,-98.575022,1785575357000,http://www.sanantonio.gov/sapd/Calls.aspx,Blue,a tbd link,26,8
08/01/26, 4:09:13,4100 Running Crk,78218,Crimes Against Person Calls,Assault In Progress,4360,EAST,SAPD-2026-1041020,29.513076,-98.41542,1785575353000,http://www.sanantonio.gov/sapd/Calls.aspx,Red,a tbd link,26,8
08/01/26, 4:10:30,Nogalitos St / Ih 35 S Nb,78204,Traffic Calls,Major Accident,1140,DOWNTOWN,SAPD-2026-1041024,29.400629,-98.511585,1785575430000,http://www.sanantonio.gov/sapd/Calls.aspx,Yellow,a tbd link,26,8
08/01/26, 4:14:12,1600 E Commerce St,78205,Other Calls,Disturbance,4120,EAST,SAPD-2026-1041033,29.420071,-98.471401,1785575652000,http://www.sanantonio.gov/sapd/Calls.aspx,Blue,a tbd link,26,8
08/01/26, 4:12:31,4100 Medical Dr,78229,Property Crime Calls,Criminal Mischief In Progress,7120,PRUE,SAPD-2026-1041029,29.516663,-98.563078,1785575551000,http://www.sanantonio.gov/sapd/Calls.aspx,Green,a tbd link,26,8
08/01/26, 4:09:42,7800 LOUIS PASTEUR DR,78229,Other Calls,Patrol By,7130,PRUE,SAPD-2026-1041022,29.50987,-98.568197,1785575382000,http://www.sanantonio.gov/sapd/Calls.aspx,Blue,a tbd link,26,8
08/01/26, 4:12:06,300 E Cevallos St,78204,Other Calls,Welfare Check,1140,DOWNTOWN,SAPD-2026-1041027,29.408286,-98.497513,1785575526000,http://www.sanantonio.gov/sapd/Calls.aspx,Blue,a tbd link,26,8
08/01/26, 4:13:17,10300 Sahara,78216,Other Calls,Disturbance Family,3350,NORTH,SAPD-2026-1041030,29.530226,-98.492417,1785575597000,http://www.sanantonio.gov/sapd/Calls.aspx,Blue,a tbd link,26,8
08/01/26, 4:10:45,3700 N ST MARY'S ST,78212,Other Calls,Patrol By,1230,DOWNTOWN,SAPD-2026-1041025,29.458763,-98.477737,1785575445000,http://www.sanantonio.gov/sapd/Calls.aspx,Blue,a tbd link,26,8
08/01/26, 4:10:47,200 ALEXANDER RD,78201,Other Calls,Patrol By,5210,WEST,SAPD-2026-1041026,29.450801,-98.527742,1785575447000,http://www.sanantonio.gov/sapd/Calls.aspx,Blue,a tbd link,26,8
08/01/26, 4:13:26,1652-1960 Ih 35 S Nb,78204,Traffic Calls,Major Accident,1140,DOWNTOWN,SAPD-2026-1041031,29.406146,-98.510103,1785575606000,http://www.sanantonio.gov/sapd/Calls.aspx,Yellow,a tbd link,26,8
08/01/26, 4:12:11,16500 US HWY 281 N,78232,Other Calls,Patrol By,3140,NORTH,SAPD-2026-1041028,29.592725,-98.471841,1785575531000,http://www.sanantonio.gov/sapd/Calls.aspx,Blue,a tbd link,26,8
08/01/26, 4:15:43,4th St / Broadway,78215,Other Calls,Drunk,1130,DOWNTOWN,SAPD-2026-1041037,29.429674,-98.486039,1785575743000,http://www.sanantonio.gov/sapd/Calls.aspx,Blue,a tbd link,26,8
08/01/26, 4:16:34,Cupples Rd / Sw 26th St,78207,Traffic Calls,Minor Accident,5120,WEST,SAPD-2026-1041040,29.418306,-98.546586,1785575794000,http://www.sanantonio.gov/sapd/Calls.aspx,Yellow,a tbd link,26,8
08/01/26, 4:14:24,U0 Hwy 90 W,78245,Traffic Calls,Wrong Way Driver,NOT SAPD BEX,SAPD OUTSIDE AREA,SAPD-2026-1041034,29.379227,-98.712425,1785575664000,http://www.sanantonio.gov/sapd/Calls.aspx,Yellow,a tbd link,26,8
08/01/26, 4:13:57,Us Hwy 90 W / Wt Montgomery,78245,Other Calls,SAPD Emergency Call,NOT SAPD BEX,SAPD OUTSIDE AREA,SAPD-2026-1041032,29.37605,-98.738605,1785575637000,http://www.sanantonio.gov/sapd/Calls.aspx,Blue,a tbd link,26,8
08/01/26, 4:14:50,Ih 35 S / W Theo Ave,78225,Traffic Calls,Major Accident,6110,SOUTH,SAPD-2026-1041035,29.387914,-98.512403,1785575690000,http://www.sanantonio.gov/sapd/Calls.aspx,Yellow,a tbd link,26,8
08/01/26, 4:18:47,Potranco Rd / Richland Hills Dr,78251,Traffic Calls,Traffic Violation,5350,WEST,SAPD-2026-1041043,29.444861,-98.659111,1785575927000,http://www.sanantonio.gov/sapd/Calls.aspx,Yellow,a tbd link,26,8
08/01/26, 4:21:01,2100-2198 Ih 35 S Nb,78204,Traffic Calls,Major Accident,1140,DOWNTOWN,SAPD-2026-1041048,29.403413,-98.511328,1785576061000,http://www.sanantonio.gov/sapd/Calls.aspx,Yellow,a tbd link,26,8
08/01/26, 4:17:04,10300 Sahara,78216,Other Calls,Disturbance,3350,NORTH,SAPD-2026-1041041,29.530226,-98.492417,1785575824000,http://www.sanantonio.gov/sapd/Calls.aspx,Blue,a tbd link,26,8
08/01/26, 4:16:12,11001-11113 Us Hwy 90 W,78245,Traffic Calls,Wrong Way Driver,NOT SAPD BEX,SAPD OUTSIDE AREA,SAPD-2026-1041039,29.379353,-98.711981,1785575772000,http://www.sanantonio.gov/sapd/Calls.aspx,Yellow,a tbd link,26,8
08/01/26, 4:20:34,7100 Oaklawn,78229,Other Calls,Disturbance,7110,PRUE,SAPD-2026-1041047,29.500331,-98.556419,1785576034000,http://www.sanantonio.gov/sapd/Calls.aspx,Blue,a tbd link,26,8
08/01/26, 4:21:37,600 Potomac St,78202,Other Calls,Animal Related,4120,EAST,SAPD-2026-1041051,29.422964,-98.463701,1785576097000,http://www.sanantonio.gov/sapd/Calls.aspx,Blue,a tbd link,26,8
08/01/26, 4:20:09,1800 Horal Dr,78227,Property Crime Calls,Burglary in Progress,5340,WEST,SAPD-2026-1041046,29.414314,-98.655175,1785576009000,http://www.sanantonio.gov/sapd/Calls.aspx,Green,a tbd link,26,8
08/01/26, 4:18:53,Cupples Rd / Sw 26th St,78207,Traffic Calls,Major Accident,5120,WEST,SAPD-2026-1041044,29.418306,-98.546586,1785575933000,http://www.sanantonio.gov/sapd/Calls.aspx,Yellow,a tbd link,26,8
08/01/26, 4:21:30,13300 Blanco Rd,78216,Other Calls,Disturbance Family,7240,PRUE,SAPD-2026-1041049,29.568048,-98.518803,1785576090000,http://www.sanantonio.gov/sapd/Calls.aspx,Blue,a tbd link,26,8
08/01/26, 4:24:32,2600 Dignowity Ave,78208,Other Calls,Disturbance,4130,EAST,SAPD-2026-1041055,29.437956,-98.450052,1785576272000,http://www.sanantonio.gov/sapd/Calls.aspx,Blue,a tbd link,26,8
08/01/26, 4:23:04,12200 Us Hwy 181 S,78223,Other Calls,SAPD Emergency Call,NOT SAPD BEX,SAPD OUTSIDE AREA,SAPD-2026-1041052,29.29642,-98.367774,1785576184000,http://www.sanantonio.gov/sapd/Calls.aspx,Blue,a tbd link,26,8
08/01/26, 4:28:19,2600 Goliad Rd,78223-3902,Other Calls,Welfare Check,6270,SOUTH,SAPD-2026-1041062,29.357125,-98.433727,1785576499000,http://www.sanantonio.gov/sapd/Calls.aspx,Blue,a tbd link,26,8
08/01/26, 4:26:19,4000 Medical Dr,78229,Traffic Calls,Traffic Related,7120,PRUE,SAPD-2026-1041057,29.518814,-98.562503,1785576379000,http://www.sanantonio.gov/sapd/Calls.aspx,Yellow,a tbd link,26,8
08/01/26, 4:26:34,200 Deerwood Dr,78209,Other Calls,Welfare Check,3340,NORTH,SAPD-2026-1041059,29.494329,-98.437103,1785576394000,http://www.sanantonio.gov/sapd/Calls.aspx,Blue,a tbd link,26,8
08/01/26, 4:26:37,100 Segura,78237,Other Calls,Disturbance,5140,WEST,SAPD-2026-1041060,29.425852,-98.576376,1785576397000,http://www.sanantonio.gov/sapd/Calls.aspx,Blue,a tbd link,26,8
08/01/26, 4:26:17,15500 NACOGDOCHES RD,78247,Other Calls,Patrol By,3260,NORTH,SAPD-2026-1041056,29.582713,-98.366644,1785576377000,http://www.sanantonio.gov/sapd/Calls.aspx,Blue,a tbd link,26,8
08/01/26, 4:29:18,600 Ferris Ave,78220,Property Crime Calls,Criminal Mischief,4230,EAST,SAPD-2026-1041064,29.414291,-98.42411,1785576558000,http://www.sanantonio.gov/sapd/Calls.aspx,Green,a tbd link,26,8
08/01/26, 4:28:51,3500 Roosevelt Ave,78214-2896,Crimes Against Person Calls,Fight,6260,SOUTH,SAPD-2026-1041063,29.353554,-98.481772,1785576531000,http://www.sanantonio.gov/sapd/Calls.aspx,Red,a tbd link,26,8
08/01/26, 4:29:36,8600 Fairhaven St,78229,Other Calls,Disturbance Loud Music,7120,PRUE,SAPD-2026-1041065,29.518723,-98.566342,1785576576000,http://www.sanantonio.gov/sapd/Calls.aspx,Blue,a tbd link,26,8
08/01/26, 4:35:01,6900 Border Brook,78238,Other Calls,Disturbance,5310,WEST,SAPD-2026-1041075,29.47401,-98.628808,1785576901000,http://www.sanantonio.gov/sapd/Calls.aspx,Blue,a tbd link,26,8
08/01/26, 4:31:30,5600 Worth Pkwy,78257,Other Calls,Disturbance Loud Music,7260,PRUE,SAPD-2026-1041066,29.612741,-98.596269,1785576690000,http://www.sanantonio.gov/sapd/Calls.aspx,Blue,a tbd link,26,8
08/01/26, 4:33:24,8800 Starcrest Dr,78217,Property Crime Calls,Theft of Vehicle,3370,NORTH,SAPD-2026-1041071,29.519765,-98.421783,1785576804000,http://www.sanantonio.gov/sapd/Calls.aspx,Green,a tbd link,26,8
08/01/26, 4:33:00,25000 Ih 10 W,78257,Other Calls,Injured/Sick Person,7260,PRUE,SAPD-2026-1041069,29.675259,-98.639228,1785576780000,http://www.sanantonio.gov/sapd/Calls.aspx,Blue,a tbd link,26,8
08/01/26, 4:32:00,6900 Border Brook,78238,Property Crime Calls,Criminal Mischief In Progress,5310,WEST,SAPD-2026-1041067,29.472815,-98.627197,1785576720000,http://www.sanantonio.gov/sapd/Calls.aspx,Green,a tbd link,26,8
08/01/26, 4:34:08,400 Westminster Ave,78228,Crimes Against Person Calls,Assault In Progress,5220,WEST,SAPD-2026-1041072,29.451577,-98.555673,1785576848000,http://www.sanantonio.gov/sapd/Calls.aspx,Red,a tbd link,26,8
08/01/26, 4:32:26,600 Historic Old Hwy 90,78237,Crimes Against Person Calls,Robbery of Individual,5140,WEST,SAPD-2026-1041068,29.426145,-98.572886,1785576746000,http://www.sanantonio.gov/sapd/Calls.aspx,Red,a tbd link,26,8
08/01/26, 4:36:41,1700 N Loop 1604 E,78232,Other Calls,Suspicious Person,3140,NORTH,SAPD-2026-1041076,29.605833,-98.466111,1785577001000,http://www.sanantonio.gov/sapd/Calls.aspx,Blue,a tbd link,26,8
08/01/26, 4:35:07,Independence Ave / Lake Champlain,78233,Other Calls,SAPD Emergency Call,3250,NORTH,SAPD-2026-1041074,29.551356,-98.373235,1785576907000,http://www.sanantonio.gov/sapd/Calls.aspx,Blue,a tbd link,26,8
08/01/26, 4:39:25,4600 E Houston St,78220,Other Calls,Miscellaneous,4240,EAST,SAPD-2026-1041078,29.42622,-98.401331,1785577165000,http://www.sanantonio.gov/sapd/Calls.aspx,Blue,a tbd link,26,8
08/01/26, 4:41:11,10900 Culebra Rd,78253,Other Calls,Welfare Check,5350,WEST,SAPD-2026-1041080,29.4956,-98.708569,1785577271000,http://www.sanantonio.gov/sapd/Calls.aspx,Blue,a tbd link,26,8
08/01/26, 4:46:16,7200 Nw Loop 410,78245,Crimes Against Person Calls,Assault,5160,WEST,SAPD-2026-1041090,29.451825,-98.630097,1785577576000,http://www.sanantonio.gov/sapd/Calls.aspx,Red,a tbd link,26,8
08/01/26, 4:43:04,400 El Monte Blvd,78212,Other Calls,Disturbance,2210,CENTRAL,SAPD-2026-1041083,29.485148,-98.501129,1785577384000,http://www.sanantonio.gov/sapd/Calls.aspx,Blue,a tbd link,26,8
08/01/26, 4:42:09,800 W SOUTHCROSS BLVD,78211,Other Calls,Patrol By,6120,SOUTH,SAPD-2026-1041082,29.368536,-98.523878,1785577329000,http://www.sanantonio.gov/sapd/Calls.aspx,Blue,a tbd link,26,8
08/01/26, 4:43:16,1800 S General Mcmullen,78226,Property Crime Calls,Burglary in Progress,6310,SOUTH,SAPD-2026-1041084,29.39721,-98.557603,1785577396000,http://www.sanantonio.gov/sapd/Calls.aspx,Green,a tbd link,26,8
08/01/26, 4:45:17,9800 Airport Blvd,78216,Other Calls,Suspicious Person,SAT1,AIRPORT,SAPD-2026-1041086,29.526619,-98.471844,1785577517000,http://www.sanantonio.gov/sapd/Calls.aspx,Blue,a tbd link,26,8
08/01/26, 4:48:38,1500 W Sunshine,78228,Crimes Against Person Calls,Assault In Progress,5250,WEST,SAPD-2026-1041092,29.469246,-98.574939,1785577718000,http://www.sanantonio.gov/sapd/Calls.aspx,Red,a tbd link,26,8
08/01/26, 4:46:59,12500 Jones Maltsberger Rd,78232,Other Calls,Disturbance,3130,NORTH,SAPD-2026-1041087,29.555382,-98.465881,1785577619000,http://www.sanantonio.gov/sapd/Calls.aspx,Blue,a tbd link,26,8
08/01/26, 4:53:19,700 Castroville Rd,78237,Traffic Calls,Accident Private Property,5120,WEST,SAPD-2026-1041101,29.4164,-98.5528,1785577999000,http://www.sanantonio.gov/sapd/Calls.aspx,Yellow,a tbd link,26,8
08/01/26, 4:54:03,300 E Hutchins Place,78221,Property Crime Calls,Theft,6250,SOUTH,SAPD-2026-1041102,29.346435,-98.496673,1785578043000,http://www.sanantonio.gov/sapd/Calls.aspx,Green,a tbd link,26,8
08/01/26, 4:52:43,Cupples Rd / Castroville Rd,78207,Traffic Calls,Abandoned Vehicle,5120,WEST,SAPD-2026-1041100,29.418306,-98.546586,1785577963000,http://www.sanantonio.gov/sapd/Calls.aspx,Yellow,a tbd link,26,8
08/01/26, 4:50:08,1500 SALTILLO ST,78207,Other Calls,Patrol By,2350,CENTRAL,SAPD-2026-1041095,29.411714,-98.536347,1785577808000,http://www.sanantonio.gov/sapd/Calls.aspx,Blue,a tbd link,26,8
08/01/26, 4:51:46,S Colorado St / San Luis St,78207,Other Calls,Disturbance,2370,CENTRAL,SAPD-2026-1041099,29.421352,-98.511693,1785577906000,http://www.sanantonio.gov/sapd/Calls.aspx,Blue,a tbd link,26,8
08/01/26, 4:55:09,600 Indianola St,78210,Other Calls,Suspicious Person,1110,DOWNTOWN,SAPD-2026-1041104,29.416273,-98.485373,1785578109000,http://www.sanantonio.gov/sapd/Calls.aspx,Blue,a tbd link,26,8
08/01/26, 4:51:21,Castroville Rd / Cupples Rd,78207,Traffic Calls,Major Accident,5120,WEST,SAPD-2026-1041097,29.418306,-98.546586,1785577881000,http://www.sanantonio.gov/sapd/Calls.aspx,Yellow,a tbd link,26,8
08/01/26, 4:59:11,100 S St Mary's St,78205,Other Calls,Disturbance,1110,DOWNTOWN,SAPD-2026-1041110,29.424225,-98.491765,1785578351000,http://www.sanantonio.gov/sapd/Calls.aspx,Blue,a tbd link,26,8
08/01/26, 4:56:30,1700 Cable Ranch Rd,78245,Crimes Against Person Calls,Suspicious Vehicle,5330,WEST,SAPD-2026-1041105,29.434469,-98.653756,1785578190000,http://www.sanantonio.gov/sapd/Calls.aspx,Red,a tbd link,26,8
08/01/26, 4:57:25,2100 Blk E Houston St,78202,Other Calls,Disturbance,4110,EAST,SAPD-2026-1041107,29.424985,-98.46136,1785578245000,http://www.sanantonio.gov/sapd/Calls.aspx,Blue,a tbd link,26,8
08/01/26, 5:02:07,9300 Ingleton,78245,Other Calls,Welfare Check,5340,WEST,SAPD-2026-1041115,29.41644,-98.66984,1785578527000,http://www.sanantonio.gov/sapd/Calls.aspx,Blue,a tbd link,26,8
08/01/26, 4:59:02,7100 Nw Loop 410,78238-4116,Other Calls,Miscellaneous,5270,WEST,SAPD-2026-1041109,29.453455,-98.627893,1785578342000,http://www.sanantonio.gov/sapd/Calls.aspx,Blue,a tbd link,26,8
08/01/26, 5:00:35,800 Lovera Blvd,78201,Other Calls,Patrol By,2220,CENTRAL,SAPD-2026-1041112,29.483811,-98.508145,1785578435000,http://www.sanantonio.gov/sapd/Calls.aspx,Blue,a tbd link,26,8
08/01/26, 5:02:18,2800 Se Military Dr,78223,Other Calls,Suspicious Person,6270,SOUTH,SAPD-2026-1041114,29.351731,-98.447631,1785578538000,http://www.sanantonio.gov/sapd/Calls.aspx,Blue,a tbd link,26,8
08/01/26, 5:03:10,8100 Mainland,78240,Other Calls,Disturbance,7320,PRUE,SAPD-2026-1041117,29.51713,-98.631578,1785578590000,http://www.sanantonio.gov/sapd/Calls.aspx,Blue,a tbd link,26,8
08/01/26, 5:05:19,5400 Tomas Cir,78240,Property Crime Calls,Burglary in Progress,7160,PRUE,SAPD-2026-1041119,29.504086,-98.59181,1785578719000,http://www.sanantonio.gov/sapd/Calls.aspx,Green,a tbd link,26,8
08/01/26, 5:14:38,900 Babcock Rd,78201,Property Crime Calls,Theft,5230,WEST,SAPD-2026-1041126,29.481249,-98.554231,1785579278000,http://www.sanantonio.gov/sapd/Calls.aspx,Green,a tbd link,26,8
08/01/26, 5:08:51,14900 Nacogdoches Rd,78233,Other Calls,Disturbance,3250,NORTH,SAPD-2026-1041122,29.573708,-98.375142,1785578931000,http://www.sanantonio.gov/sapd/Calls.aspx,Blue,a tbd link,26,8
08/01/26, 5:09:19,S0 Loop 410,78224,Traffic Calls,Major Accident,6140,SOUTH,SAPD-2026-1041123,29.320527,-98.552963,1785578959000,http://www.sanantonio.gov/sapd/Calls.aspx,Yellow,a tbd link,26,8
08/01/26, 5:15:07,1000 W Lynwood,78201,Other Calls,Disturbance Neighbor,2210,CENTRAL,SAPD-2026-1041124,29.463474,-98.510012,1785579307000,http://www.sanantonio.gov/sapd/Calls.aspx,Blue,a tbd link,26,8
08/01/26, 5:18:09,600 N Presa St,78205,Other Calls,Information,1110,DOWNTOWN,SAPD-2026-1041130,29.426247,-98.488582,1785579489000,http://www.sanantonio.gov/sapd/Calls.aspx,Blue,a tbd link,26,8
08/01/26, 5:17:55,E Houston St / N New Braunfels Ave,78202,Other Calls,Disturbance,4110,EAST,SAPD-2026-1041129,29.425064,-98.461051,1785579475000,http://www.sanantonio.gov/sapd/Calls.aspx,Blue,a tbd link,26,8
08/01/26, 5:16:59,2500 E Houston St,78202,Crimes Against Person Calls,Assault In Progress,4130,EAST,SAPD-2026-1041127,29.425076,-98.453317,1785579419000,http://www.sanantonio.gov/sapd/Calls.aspx,Red,a tbd link,26,8
08/01/26, 5:21:12,3300 Research Plaza,78235,Other Calls,Miscellaneous,6270,SOUTH,SAPD-2026-1041134,29.345328,-98.438158,1785579672000,http://www.sanantonio.gov/sapd/Calls.aspx,Blue,a tbd link,26,8
08/01/26, 5:18:05,6700 S New Braunfels Ave,78223,Other Calls,Suspicious Person,6240,SOUTH,SAPD-2026-1041128,29.357934,-98.449869,1785579485000,http://www.sanantonio.gov/sapd/Calls.aspx,Blue,a tbd link,26,8
08/01/26, 5:20:49,200 Lockhart,78202,Crimes Against Person Calls,Shooting In Progress,4130,EAST,SAPD-2026-1041135,29.427755,-98.457981,1785579649000,http://www.sanantonio.gov/sapd/Calls.aspx,Red,a tbd link,26,8
08/01/26, 5:20:10,200 S San Eduardo Ave,78237,Property Crime Calls,Burglary in Progress,5110,WEST,SAPD-2026-1041131,29.429512,-98.558693,1785579610000,http://www.sanantonio.gov/sapd/Calls.aspx,Green,a tbd link,26,8
08/01/26, 5:23:31,700 N San Marcos,78207,Other Calls,Disturbance,2310,CENTRAL,SAPD-2026-1041137,29.433336,-98.508866,1785579811000,http://www.sanantonio.gov/sapd/Calls.aspx,Blue,a tbd link,26,8
08/01/26, 5:24:27,5300 W Military Dr,78242,Other Calls,Patrol By,6350,SOUTH,SAPD-2026-1041139,29.37223,-98.606544,1785579867000,http://www.sanantonio.gov/sapd/Calls.aspx,Blue,a tbd link,26,8
08/01/26, 5:25:03,7400 Merton Minter,78229,Crimes Against Person Calls,Assault,7130,PRUE,SAPD-2026-1041140,29.506144,-98.580542,1785579903000,http://www.sanantonio.gov/sapd/Calls.aspx,Red,a tbd link,26,8
08/01/26, 5:23:13,Bernadine Dr / S Ww White Rd,78220,Crimes Against Person Calls,Suspicious Vehicle,4230,EAST,SAPD-2026-1041136,29.405156,-98.40547,1785579793000,http://www.sanantonio.gov/sapd/Calls.aspx,Red,a tbd link,26,8
08/01/26, 5:29:35,1000 W Lynwood,78201,Other Calls,Disturbance Neighbor,2210,CENTRAL,SAPD-2026-1041143,29.463474,-98.510012,1785580175000,http://www.sanantonio.gov/sapd/Calls.aspx,Blue,a tbd link,26,8
08/01/26, 5:26:25,5600 Utsa Blvd,78249,Crimes Against Person Calls,Assault In Progress,7250,PRUE,SAPD-2026-1041141,29.5749,-98.59815,1785579985000,http://www.sanantonio.gov/sapd/Calls.aspx,Red,a tbd link,26,8
08/01/26, 5:27:51,200 FAY AVE,78211,Other Calls,Disturbance,6320,SOUTH,SAPD-2026-1041142,29.370083,-98.545072,1785580071000,http://www.sanantonio.gov/sapd/Calls.aspx,Blue,a tbd link,26,8
08/01/26, 5:34:37,14500 Nw Military Hwy,78231,Other Calls,Disturbance,7240,PRUE,SAPD-2026-1041154,29.575233,-98.544856,1785580477000,http://www.sanantonio.gov/sapd/Calls.aspx,Blue,a tbd link,26,8
08/01/26, 5:31:29,300 Lyell,78211,Crimes Against Person Calls,Fight,6320,SOUTH,SAPD-2026-1041147,29.369823,-98.54598,1785580289000,http://www.sanantonio.gov/sapd/Calls.aspx,Red,a tbd link,26,8
08/01/26, 5:31:18,900 Morey Peak Dr,78213,Other Calls,Disturbance,3110,NORTH,SAPD-2026-1041146,29.536027,-98.506469,1785580278000,http://www.sanantonio.gov/sapd/Calls.aspx,Blue,a tbd link,26,8
08/01/26, 5:34:19,Moursund Blvd / E Mally Blvd,78221,Other Calls,Suspicious Person,6250,SOUTH,SAPD-2026-1041155,29.327895,-98.503812,1785580459000,http://www.sanantonio.gov/sapd/Calls.aspx,Blue,a tbd link,26,8
08/01/26, 5:38:50,15100 Blk Us Hwy 281 N Nb,78232,Traffic Calls,DWI,3130,NORTH,SAPD-2026-1041159,29.579204,-98.477124,1785580730000,http://www.sanantonio.gov/sapd/Calls.aspx,Yellow,a tbd link,26,8
08/01/26, 5:40:32,16700 Stone Ridge Dr,78232,Other Calls,Miscellaneous,3140,NORTH,SAPD-2026-1041182,29.595593,-98.457296,1785580832000,http://www.sanantonio.gov/sapd/Calls.aspx,Blue,a tbd link,26,8
08/01/26, 5:31:58,5900 Gibbs-sprawl Rd,78218,Property Crime Calls,Panhandler,4320,EAST,SAPD-2026-1041148,29.484595,-98.371186,1785580318000,http://www.sanantonio.gov/sapd/Calls.aspx,Green,a tbd link,26,8
08/01/26, 5:32:58,200 Fay Ave,78211,Crimes Against Person Calls,Assault In Progress,6320,SOUTH,SAPD-2026-1041150,29.370084,-98.545079,1785580378000,http://www.sanantonio.gov/sapd/Calls.aspx,Red,a tbd link,26,8
08/01/26, 5:34:01,1700 W Lawndale Dr,78209,Other Calls,Disturbance,3330,NORTH,SAPD-2026-1041153,29.509738,-98.467802,1785580441000,http://www.sanantonio.gov/sapd/Calls.aspx,Blue,a tbd link,26,8
08/01/26, 5:41:30,400 Jean St,78207,Other Calls,Disturbance,2340,CENTRAL,SAPD-2026-1041164,29.41198,-98.521234,1785580890000,http://www.sanantonio.gov/sapd/Calls.aspx,Blue,a tbd link,26,8
08/01/26, 5:33:02,100 S St Mary's St,78205,Other Calls,Disturbance,1110,DOWNTOWN,SAPD-2026-1041151,29.424225,-98.491765,1785580382000,http://www.sanantonio.gov/sapd/Calls.aspx,Blue,a tbd link,26,8
08/01/26, 6:10:03,9700 Ebony Place,78223,Other Calls,Welfare Check,NOT SAPD BEX,SAPD OUTSIDE AREA,SAPD-2026-1043607,29.32034,-98.382014,1785625803000,http://www.sanantonio.gov/sapd/Calls.aspx,Blue,a tbd link,26,8
08/01/26, 5:33:41,7100 Cresta Bulivar,78256,Property Crime Calls,Burglary in Progress,7260,PRUE,SAPD-2026-1041152,29.628381,-98.623152,1785580421000,http://www.sanantonio.gov/sapd/Calls.aspx,Green,a tbd link,26,8
08/01/26, 5:36:49,4300 Spectrum One,78230-3198,Property Crime Calls,Burglary Vehicle,7220,PRUE,SAPD-2026-1041157,29.536409,-98.56508,1785580609000,http://www.sanantonio.gov/sapd/Calls.aspx,Green,a tbd link,26,8
08/01/26, 5:40:14,15300 Us Hwy 281 N,78232-3720,Other Calls,Disturbance,3140,NORTH,SAPD-2026-1041162,29.581296,-98.475913,1785580814000,http://www.sanantonio.gov/sapd/Calls.aspx,Blue,a tbd link,26,8
08/01/26, 5:38:19,5000 PRUE RD,78240,Traffic Calls,Officer Traffic Stop,7310,PRUE,SAPD-2026-1041158,29.543157,-98.583584,1785580699000,http://www.sanantonio.gov/sapd/Calls.aspx,Yellow,a tbd link,26,8
08/01/26, 5:43:33,8200 Broadway,78209,Other Calls,DOA,3330,NORTH,SAPD-2026-1041166,29.51278,-98.46755,1785581013000,http://www.sanantonio.gov/sapd/Calls.aspx,Blue,a tbd link,26,8
08/01/26, 5:49:09,N Zarzamora St / Ruiz St,78207,Other Calls,Suspicious Person,2320,CENTRAL,SAPD-2026-1041169,29.436396,-98.525941,1785581349000,http://www.sanantonio.gov/sapd/Calls.aspx,Blue,a tbd link,26,8
08/01/26, 5:54:41,3000 Arkansas Oak,78223,Other Calls,Disturbance,6280,SOUTH,SAPD-2026-1041177,29.315704,-98.43889,1785581681000,http://www.sanantonio.gov/sapd/Calls.aspx,Blue,a tbd link,26,8
08/01/26, 5:52:46,5900 Danny Kaye Dr,78240,Crimes Against Person Calls,Assault In Progress,7160,PRUE,SAPD-2026-1041172,29.50792,-98.598256,1785581566000,http://www.sanantonio.gov/sapd/Calls.aspx,Red,a tbd link,26,8
08/01/26, 5:54:22,Ih 37 S Sb / Se Loop 410 Eb,78223,Other Calls,Disturbance,6280,SOUTH,SAPD-2026-1041176,29.329275,-98.415876,1785581662000,http://www.sanantonio.gov/sapd/Calls.aspx,Blue,a tbd link,26,8
08/01/26, 6:00:32,6900 Border Brook,78238,Property Crime Calls,Criminal Mischief,5310,WEST,SAPD-2026-1041185,29.472672,-98.626914,1785582032000,http://www.sanantonio.gov/sapd/Calls.aspx,Green,a tbd link,26,8
08/01/26, 5:53:36,2300 Sw 36th St,78237,Crimes Against Person Calls,Assault In Progress,6310,SOUTH,SAPD-2026-1041175,29.405553,-98.575421,1785581616000,http://www.sanantonio.gov/sapd/Calls.aspx,Red,a tbd link,26,8
08/01/26, 5:55:53,2400 Woodlake Pkwy,78109,Other Calls,Disturbance Family,4310,EAST,SAPD-2026-1041178,29.451508,-98.346292,1785581753000,http://www.sanantonio.gov/sapd/Calls.aspx,Blue,a tbd link,26,8
08/01/26, 5:59:48,2000 S Zarzamora St,78207,Other Calls,Disturbance Loud Music,2340,CENTRAL,SAPD-2026-1041181,29.404124,-98.530497,1785581988000,http://www.sanantonio.gov/sapd/Calls.aspx,Blue,a tbd link,26,8
08/01/26, 6:00:47,1000 W Lynwood,78201,Crimes Against Person Calls,Disturbance (Knife Involved),2210,CENTRAL,SAPD-2026-1041184,29.463474,-98.510012,1785582047000,http://www.sanantonio.gov/sapd/Calls.aspx,Red,a tbd link,26,8
08/01/26, 6:04:23,2400 Woodlake Pkwy,78109,Other Calls,Disturbance,4310,EAST,SAPD-2026-1041191,29.451508,-98.346292,1785582263000,http://www.sanantonio.gov/sapd/Calls.aspx,Blue,a tbd link,26,8
08/01/26, 6:10:39,7200 Nw Loop 410,78245,Other Calls,Assist the Public,5160,WEST,SAPD-2026-1041202,29.451825,-98.630097,1785582639000,http://www.sanantonio.gov/sapd/Calls.aspx,Blue,a tbd link,26,8
08/01/26, 6:00:49,400 Jean St,78207,Other Calls,SAPD Emergency Call,2340,CENTRAL,SAPD-2026-1041183,29.41198,-98.521234,1785582049000,http://www.sanantonio.gov/sapd/Calls.aspx,Blue,a tbd link,26,8
08/01/26, 6:05:11,900 Cupples Rd,78237,Other Calls,Welfare Check,6310,SOUTH,SAPD-2026-1041193,29.400578,-98.548826,1785582311000,http://www.sanantonio.gov/sapd/Calls.aspx,Blue,a tbd link,26,8
08/01/26, 6:03:14,7800 Woodchase Dr,78240,Crimes Against Person Calls,Disturbance (Gun Involved),7320,PRUE,SAPD-2026-1041188,29.513402,-98.627505,1785582194000,http://www.sanantonio.gov/sapd/Calls.aspx,Red,a tbd link,26,8
08/01/26, 6:10:58,5300 Thousand Oaks Dr,78233,Other Calls,Welfare Check,3230,NORTH,SAPD-2026-1041203,29.535156,-98.394134,1785582658000,http://www.sanantonio.gov/sapd/Calls.aspx,Blue,a tbd link,26,8
08/01/26, 6:03:30,7100 Spring Leaf,78249,Property Crime Calls,Burglary in Progress,7340,PRUE,SAPD-2026-1041190,29.551472,-98.628694,1785582210000,http://www.sanantonio.gov/sapd/Calls.aspx,Green,a tbd link,26,8
08/01/26, 6:05:26,9700 Airport Blvd,78216,Other Calls,Property Found,SAT1,AIRPORT,SAPD-2026-1041194,29.527705,-98.472816,1785582326000,http://www.sanantonio.gov/sapd/Calls.aspx,Blue,a tbd link,26,8
08/01/26, 6:10:49,9700 Ih 35 N,78233,Other Calls,Welfare Check,3230,NORTH,SAPD-2026-1041201,29.527322,-98.393304,1785582649000,http://www.sanantonio.gov/sapd/Calls.aspx,Blue,a tbd link,26,8
08/01/26, 6:13:06,1400 Culebra Rd,78201,Other Calls,Disturbance,5210,WEST,SAPD-2026-1041208,29.446179,-98.532094,1785582786000,http://www.sanantonio.gov/sapd/Calls.aspx,Blue,a tbd link,26,8
08/01/26, 6:14:02,100 Jacques St,78233,Other Calls,Welfare Check,3230,NORTH,SAPD-2026-1041209,29.534543,-98.381051,1785582842000,http://www.sanantonio.gov/sapd/Calls.aspx,Blue,a tbd link,26,8
08/01/26, 6:11:53,300 E TRAVIS ST,78205,Other Calls,Patrol By,1130,DOWNTOWN,SAPD-2026-1041204,29.427977,-98.489275,1785582713000,http://www.sanantonio.gov/sapd/Calls.aspx,Blue,a tbd link,26,8
08/01/26, 6:14:50,2100 Blk Ih 35 N Nb,78208,Other Calls,Welfare Check,4110,EAST,SAPD-2026-1041212,29.438325,-98.461252,1785582890000,http://www.sanantonio.gov/sapd/Calls.aspx,Blue,a tbd link,26,8
08/01/26, 6:14:45,100 CARLISLE AVE,78225,Crimes Against Person Calls,Disturbance (Gun Involved),6110,SOUTH,SAPD-2026-1041211,29.380402,-98.528116,1785582885000,http://www.sanantonio.gov/sapd/Calls.aspx,Red,a tbd link,26,8
08/01/26, 6:16:13,9800 Westover Hills Blvd,78251-4125,Property Crime Calls,Burglary Vehicle,5350,WEST,SAPD-2026-1041215,29.465372,-98.687149,1785582973000,http://www.sanantonio.gov/sapd/Calls.aspx,Green,a tbd link,26,8
08/01/26, 6:17:37,2100 Waverly Ave,78228,Other Calls,Disturbance,5220,WEST,SAPD-2026-1041217,29.449146,-98.544866,1785583057000,http://www.sanantonio.gov/sapd/Calls.aspx,Blue,a tbd link,26,8
08/01/26, 6:18:42,900 N Frio St,78207,Other Calls,Suspicious Person,2310,CENTRAL,SAPD-2026-1041219,29.434386,-98.50585,1785583122000,http://www.sanantonio.gov/sapd/Calls.aspx,Blue,a tbd link,26,8
08/01/26, 6:22:03,1000 W LYNWOOD,78201,Crimes Against Person Calls,Disturbance (Knife Involved),2210,CENTRAL,SAPD-2026-1041226,29.463474,-98.510012,1785583323000,http://www.sanantonio.gov/sapd/Calls.aspx,Red,a tbd link,26,8
08/01/26, 6:18:06,100 Carlisle Ave,78225,Crimes Against Person Calls,Shooting In Progress,6110,SOUTH,SAPD-2026-1041218,29.380402,-98.528116,1785583086000,http://www.sanantonio.gov/sapd/Calls.aspx,Red,a tbd link,26,8
08/01/26, 6:22:47,2000 Wyoming St,78203,Other Calls,Animal Related,4140,EAST,SAPD-2026-1041228,29.417609,-98.460232,1785583367000,http://www.sanantonio.gov/sapd/Calls.aspx,Blue,a tbd link,26,8
08/01/26, 6:20:52,5600 W Loop 1604 N,78251,Other Calls,Information,5350,WEST,SAPD-2026-1041225,29.488383,-98.70463,1785583252000,http://www.sanantonio.gov/sapd/Calls.aspx,Blue,a tbd link,26,8
08/01/26, 6:21:44,1700 Del Sol Ln,78227,Other Calls,Assist the Public,5150,WEST,SAPD-2026-1041224,29.415776,-98.603259,1785583304000,http://www.sanantonio.gov/sapd/Calls.aspx,Blue,a tbd link,26,8
08/01/26, 6:21:46,S Chupaderas / Buena Vista St,78207,Other Calls,Welfare Check,2330,CENTRAL,SAPD-2026-1041223,29.426767,-98.523625,1785583306000,http://www.sanantonio.gov/sapd/Calls.aspx,Blue,a tbd link,26,8
08/01/26, 6:23:47,100 Los Arboles,78214,Other Calls,Welfare Check,6210,SOUTH,SAPD-2026-1041229,29.380838,-98.495255,1785583427000,http://www.sanantonio.gov/sapd/Calls.aspx,Blue,a tbd link,26,8
08/01/26, 6:19:26,900-904 W CARGO,78216,Other Calls,Patrol By,SAT1,AIRPORT,SAPD-2026-1041220,29.532163,-98.482314,1785583166000,http://www.sanantonio.gov/sapd/Calls.aspx,Blue,a tbd link,26,8
08/01/26, 6:19:30,Ingram Rd / Marbach Rd,78245,Traffic Calls,Officer Traffic Stop,5340,WEST,SAPD-2026-1041221,29.417834,-98.669303,1785583170000,http://www.sanantonio.gov/sapd/Calls.aspx,Yellow,a tbd link,26,8
08/01/26, 6:20:34,500 N St Mary's St,78205,Other Calls,Disturbance,1130,DOWNTOWN,SAPD-2026-1041222,29.428634,-98.491333,1785583234000,http://www.sanantonio.gov/sapd/Calls.aspx,Blue,a tbd link,26,8
08/01/26, 6:25:42,7000 Culebra Rd,78238,Other Calls,Property Lost,5160,WEST,SAPD-2026-1041230,29.45009,-98.626662,1785583542000,http://www.sanantonio.gov/sapd/Calls.aspx,Blue,a tbd link,26,8
08/01/26, 6:28:43,4500 Rock Elm Woods,78249,Other Calls,Miscellaneous,7230,PRUE,SAPD-2026-1041235,29.585386,-98.573143,1785583723000,http://www.sanantonio.gov/sapd/Calls.aspx,Blue,a tbd link,26,8
08/01/26, 6:26:02,1900 MCCULLOUGH AVE,78212,Traffic Calls,Minor Accident,1210,DOWNTOWN,SAPD-2026-1041232,29.447057,-98.49186,1785583562000,http://www.sanantonio.gov/sapd/Calls.aspx,Yellow,a tbd link,26,8
08/01/26, 6:28:22,S Callaghan Rd / Ergill Ln,78227,Traffic Calls,Minor Accident,5120,WEST,SAPD-2026-1041234,29.412238,-98.599636,1785583702000,http://www.sanantonio.gov/sapd/Calls.aspx,Yellow,a tbd link,26,8
08/01/26, 6:35:21,4500 Rigsby Ave,78222,Other Calls,Welfare Check,4250,EAST,SAPD-2026-1041243,29.398251,-98.404573,1785584121000,http://www.sanantonio.gov/sapd/Calls.aspx,Blue,a tbd link,26,8
08/01/26, 6:31:46,Ih 37 S Nb / E Commerce St,78205,Traffic Calls,Traffic Related,1110,DOWNTOWN,SAPD-2026-1041238,29.422145,-98.480586,1785583906000,http://www.sanantonio.gov/sapd/Calls.aspx,Yellow,a tbd link,26,8
08/01/26, 6:32:38,9800 Westover Hills Blvd,78251-4125,Other Calls,Miscellaneous,5350,WEST,SAPD-2026-1041240,29.465372,-98.687149,1785583958000,http://www.sanantonio.gov/sapd/Calls.aspx,Blue,a tbd link,26,8
08/01/26, 6:34:02,610-698 S PALMETTO ST,78203,Other Calls,Patrol By,4120,EAST,SAPD-2026-1041242,29.412625,-98.465377,1785584042000,http://www.sanantonio.gov/sapd/Calls.aspx,Blue,a tbd link,26,8
08/01/26, 6:35:24,300 E Travis St,78205-1821,Other Calls,Disturbance,1130,DOWNTOWN,SAPD-2026-1041244,29.427359,-98.48917,1785584124000,http://www.sanantonio.gov/sapd/Calls.aspx,Blue,a tbd link,26,8
08/01/26, 6:39:11,100 Losoya,78205-2624,Other Calls,Disturbance,1110,DOWNTOWN,SAPD-2026-1041246,29.425605,-98.488076,1785584351000,http://www.sanantonio.gov/sapd/Calls.aspx,Blue,a tbd link,26,8
08/01/26, 6:43:29,318-398 W MITCHELL ST,78204,Other Calls,Patrol By,6210,SOUTH,SAPD-2026-1041248,29.393662,-98.497197,1785584609000,http://www.sanantonio.gov/sapd/Calls.aspx,Blue,a tbd link,26,8
08/01/26, 6:45:22,S0 Ih 35 N Ofrp Wb Ne Loop 410,78233,Traffic Calls,Minor Accident,3230,NORTH,SAPD-2026-1041251,29.52229,-98.394848,1785584722000,http://www.sanantonio.gov/sapd/Calls.aspx,Yellow,a tbd link,26,8
08/01/26, 6:44:59,600 W COMMERCE ST,78207,Other Calls,Patrol By,1120,DOWNTOWN,SAPD-2026-1041250,29.425687,-98.500257,1785584699000,http://www.sanantonio.gov/sapd/Calls.aspx,Blue,a tbd link,26,8
08/01/26, 6:48:40,9500 State Hwy 151,78251,Other Calls,Disturbance,5350,WEST,SAPD-2026-1041253,29.447639,-98.670822,1785584920000,http://www.sanantonio.gov/sapd/Calls.aspx,Blue,a tbd link,26,8
08/01/26, 6:49:36,1800 Dawson St,78202,Other Calls,Disturbance Family,4130,EAST,SAPD-2026-1041256,29.426358,-98.455057,1785584976000,http://www.sanantonio.gov/sapd/Calls.aspx,Blue,a tbd link,26,8
08/01/26, 6:50:41,1800 N Loop 1604 E,78232,Other Calls,Disturbance Family,3150,NORTH,SAPD-2026-1041257,29.60996,-98.464811,1785585041000,http://www.sanantonio.gov/sapd/Calls.aspx,Blue,a tbd link,26,8
08/01/26, 6:57:49,5400 Diamondback Trl,78222,Other Calls,Disturbance Family,4250,EAST,SAPD-2026-1041279,29.375358,-98.383691,1785585469000,http://www.sanantonio.gov/sapd/Calls.aspx,Blue,a tbd link,26,8
08/01/26, 6:53:15,100 Chickering Ave,78210,Other Calls,Disturbance,4210,EAST,SAPD-2026-1041264,29.394603,-98.442653,1785585195000,http://www.sanantonio.gov/sapd/Calls.aspx,Blue,a tbd link,26,8
08/01/26, 6:50:50,1100 N Frio St,78207,Property Crime Calls,Burglary Vehicle,2310,CENTRAL,SAPD-2026-1041258,29.437189,-98.505662,1785585050000,http://www.sanantonio.gov/sapd/Calls.aspx,Green,a tbd link,26,8
08/01/26, 6:54:02,500 Madison Oak Dr,78258,Property Crime Calls,Theft,3160,NORTH,SAPD-2026-1041265,29.620794,-98.490717,1785585242000,http://www.sanantonio.gov/sapd/Calls.aspx,Green,a tbd link,26,8
08/01/26, 6:51:36,1000 Poinsettia,78202,Other Calls,Assist the Public,4130,EAST,SAPD-2026-1041260,29.427948,-98.445615,1785585096000,http://www.sanantonio.gov/sapd/Calls.aspx,Blue,a tbd link,26,8
08/01/26, 6:51:42,5200 Blanco Rd,78216,Crimes Against Person Calls,Assault,3310,NORTH,SAPD-2026-1041261,29.496489,-98.505406,1785585102000,http://www.sanantonio.gov/sapd/Calls.aspx,Red,a tbd link,26,8
08/01/26, 6:52:34,200-398 Ih 35 N Nb,78215,Other Calls,Suspicious Person,1130,DOWNTOWN,SAPD-2026-1041263,29.436961,-98.491562,1785585154000,http://www.sanantonio.gov/sapd/Calls.aspx,Blue,a tbd link,26,8
08/01/26, 6:51:01,SALADO CREEK GREENWAY SOUTH,78219,Other Calls,Patrol By,4310,EAST,SAPD-2026-1041259,29.452624,-98.423727,1785585061000,http://www.sanantonio.gov/sapd/Calls.aspx,Blue,a tbd link,26,8
08/01/26, 6:55:18,200 Fay Ave,78211,Crimes Against Person Calls,Robbery of Individual,6320,SOUTH,SAPD-2026-1041266,29.370084,-98.545079,1785585318000,http://www.sanantonio.gov/sapd/Calls.aspx,Red,a tbd link,26,8
08/01/26, 6:56:51,7200 Castle Gate,78218,Other Calls,Welfare Check,4330,EAST,SAPD-2026-1041268,29.499174,-98.385965,1785585411000,http://www.sanantonio.gov/sapd/Calls.aspx,Blue,a tbd link,26,8
08/01/26, 6:58:47,200 Mackey,78213,Other Calls,Miscellaneous,2230,CENTRAL,SAPD-2026-1041274,29.490754,-98.527329,1785585527000,http://www.sanantonio.gov/sapd/Calls.aspx,Blue,a tbd link,26,8
08/01/26, 6:55:31,5600 SAN FERNANDO ST,78237,Other Calls,Patrol By,5140,WEST,SAPD-2026-1041267,29.426279,-98.571255,1785585331000,http://www.sanantonio.gov/sapd/Calls.aspx,Blue,a tbd link,26,8
08/01/26, 7:00:00,6700 S New Braunfels Ave,78223,Other Calls,Suspicious Person,6240,SOUTH,SAPD-2026-1041277,29.361731,-98.45666,1785585600000,http://www.sanantonio.gov/sapd/Calls.aspx,Blue,a tbd link,26,8
08/01/26, 6:59:09,100 N Ww White Rd,78219,Other Calls,Disturbance,4310,EAST,SAPD-2026-1041273,29.432738,-98.405961,1785585549000,http://www.sanantonio.gov/sapd/Calls.aspx,Blue,a tbd link,26,8
08/01/26, 6:58:18,400 LEXINGTON AVE,78215,Other Calls,Patrol By,1130,DOWNTOWN,SAPD-2026-1041271,29.434246,-98.490671,1785585498000,http://www.sanantonio.gov/sapd/Calls.aspx,Blue,a tbd link,26,8
08/01/26, 7:01:58,12700 Cisco Blvd,78217,Other Calls,Disturbance Neighbor,3240,NORTH,SAPD-2026-1041282,29.556781,-98.400895,1785585718000,http://www.sanantonio.gov/sapd/Calls.aspx,Blue,a tbd link,26,8
08/01/26, 7:06:20,100 Beatrice Ave,78214,Property Crime Calls,Burglary Vehicle,6210,SOUTH,SAPD-2026-1041286,29.376742,-98.500656,1785585980000,http://www.sanantonio.gov/sapd/Calls.aspx,Green,a tbd link,26,8
08/01/26, 7:02:58,400 LEXINGTON AVE,78215,Other Calls,Ordinance Violation,1130,DOWNTOWN,SAPD-2026-1041283,29.434246,-98.490671,1785585778000,http://www.sanantonio.gov/sapd/Calls.aspx,Blue,a tbd link,26,8
08/01/26, 7:07:51,1000 Blk Ih 10 W Nb,78212,Traffic Calls,Traffic Related,1220,DOWNTOWN,SAPD-2026-1041289,29.434527,-98.502603,1785586071000,http://www.sanantonio.gov/sapd/Calls.aspx,Yellow,a tbd link,26,8
08/01/26, 7:03:55,400-498 LEXINGTON AVE,78215,Other Calls,Patrol By,1130,DOWNTOWN,SAPD-2026-1041284,29.434462,-98.490981,1785585835000,http://www.sanantonio.gov/sapd/Calls.aspx,Blue,a tbd link,26,8
08/01/26, 7:08:35,6000 Castle Hunt Dr,78218,Other Calls,Welfare Check,4320,EAST,SAPD-2026-1041292,29.487591,-98.367135,1785586115000,http://www.sanantonio.gov/sapd/Calls.aspx,Blue,a tbd link,26,8
08/01/26, 7:07:03,4100 W Martin St,78207,Other Calls,Disturbance Family,2360,CENTRAL,SAPD-2026-1041288,29.433269,-98.539619,1785586023000,http://www.sanantonio.gov/sapd/Calls.aspx,Blue,a tbd link,26,8
08/01/26, 7:09:12,2000 Ackerman Rd,78219,Traffic Calls,Traffic Related,4310,EAST,SAPD-2026-1041291,29.44875,-98.380417,1785586152000,http://www.sanantonio.gov/sapd/Calls.aspx,Yellow,a tbd link,26,8
08/01/26, 7:11:50,1600 Blyford Ln,78209,Property Crime Calls,Burglary Vehicle,3330,NORTH,SAPD-2026-1041297,29.50288,-98.470022,1785586310000,http://www.sanantonio.gov/sapd/Calls.aspx,Green,a tbd link,26,8
08/01/26, 7:09:03,12600 Cisco Blvd,78217,Other Calls,Animal Related,3240,NORTH,SAPD-2026-1041290,29.555946,-98.401967,1785586143000,http://www.sanantonio.gov/sapd/Calls.aspx,Blue,a tbd link,26,8
08/01/26, 7:09:21,1300 Blk Ih 35 S Sb,78207,Traffic Calls,Traffic Related,2370,CENTRAL,SAPD-2026-1041293,29.413275,-98.50621,1785586161000,http://www.sanantonio.gov/sapd/Calls.aspx,Yellow,a tbd link,26,8
08/01/26,11:17:27 AM,16300 Vance Jackson Rd,78257,Other Calls,Disturbance,7260,PRUE,SAPD-2026-1042079,29.596531,-98.591947,1785601047000,http://www.sanantonio.gov/sapd/Calls.aspx,Blue,a tbd link,26,8
08/01/26, 7:14:53,100 E Elsmere Place,78212,Other Calls,Suspicious Person,1240,DOWNTOWN,SAPD-2026-1041302,29.46206,-98.492944,1785586493000,http://www.sanantonio.gov/sapd/Calls.aspx,Blue,a tbd link,26,8
08/01/26, 2:39:46,2400 Harry Wurzbach,78218,Other Calls,Disturbance,4350,EAST,SAPD-2026-1042796,29.485153,-98.430079,1785613186000,http://www.sanantonio.gov/sapd/Calls.aspx,Blue,a tbd link,26,8
08/01/26, 6:16:31,13800 Cypress Holw,78232,Property Crime Calls,Theft,3140,NORTH,SAPD-2026-1043620,29.573897,-98.460936,1785626191000,http://www.sanantonio.gov/sapd/Calls.aspx,Green,a tbd link,26,8
08/01/26,11:14:22 AM,4900 Champlain Dr,78217,Other Calls,DOA,3240,NORTH,SAPD-2026-1042071,29.566588,-98.388843,1785600862000,http://www.sanantonio.gov/sapd/Calls.aspx,Blue,a tbd link,26,8
08/01/26, 6:09:49,3200 Nacogdoches Rd,78217,Property Crime Calls,Theft,3360,NORTH,SAPD-2026-1043583,29.528124,-98.435589,1785625789000,http://www.sanantonio.gov/sapd/Calls.aspx,Green,a tbd link,26,8
08/01/26,11:16:12 AM,1200 Castroville Rd,78237,Other Calls,Miscellaneous,5110,WEST,SAPD-2026-1042077,29.416045,-98.558119,1785600972000,http://www.sanantonio.gov/sapd/Calls.aspx,Blue,a tbd link,26,8
08/01/26, 6:08:19,500-524 CAMARON,78205,Other Calls,Patrol By,1130,DOWNTOWN,SAPD-2026-1043575,29.430331,-98.496549,1785625699000,http://www.sanantonio.gov/sapd/Calls.aspx,Blue,a tbd link,26,8
08/01/26,11:16:57 AM,100 Spriggsdale,78220,Other Calls,Disturbance Loud Music,4160,EAST,SAPD-2026-1042078,29.419317,-98.43966,1785601017000,http://www.sanantonio.gov/sapd/Calls.aspx,Blue,a tbd link,26,8
08/01/26, 6:10:01,2600 Se Military Dr,78223,Other Calls,Assist the Public,6240,SOUTH,SAPD-2026-1043587,29.353889,-98.451111,1785625801000,http://www.sanantonio.gov/sapd/Calls.aspx,Blue,a tbd link,26,8
08/01/26,11:17:26 AM,Lone Star Blvd / Probandt St,78204,Property Crime Calls,Theft In Progress,1140,DOWNTOWN,SAPD-2026-1042081,29.403028,-98.495003,1785601046000,http://www.sanantonio.gov/sapd/Calls.aspx,Green,a tbd link,26,8
08/01/26, 6:08:53,2800 BROADWAY,78209,Other Calls,Patrol By,1230,DOWNTOWN,SAPD-2026-1043579,29.453045,-98.472492,1785625733000,http://www.sanantonio.gov/sapd/Calls.aspx,Blue,a tbd link,26,8
08/01/26,11:20:10 AM,2300 Ne Loop 410,78217-5602,Other Calls,Disturbance Family,3370,NORTH,SAPD-2026-1042089,29.5167,-98.42014,1785601210000,http://www.sanantonio.gov/sapd/Calls.aspx,Blue,a tbd link,26,8
08/01/26, 6:10:10,E0 N Loop 1604 W Ofrp Ih 10 N,78256,Traffic Calls,Major Accident,7250,PRUE,SAPD-2026-1043588,29.588228,-98.618762,1785625810000,http://www.sanantonio.gov/sapd/Calls.aspx,Yellow,a tbd link,26,8
08/01/26,11:26:56 AM,8400 Us Hwy 281 N,78216,Crimes Against Person Calls,Suspicious Person with Gun,3320,NORTH,SAPD-2026-1042124,29.517031,-98.481423,1785601616000,http://www.sanantonio.gov/sapd/Calls.aspx,Red,a tbd link,26,8
08/01/26, 6:11:20,6470-6598 N Loop 1604 W Nb,78256,Traffic Calls,Minor Accident,7250,PRUE,SAPD-2026-1043592,29.588549,-98.618245,1785625880000,http://www.sanantonio.gov/sapd/Calls.aspx,Yellow,a tbd link,26,8
08/01/26,11:19:19 AM,9400 Wurzbach Rd,78240-1046,Other Calls,Weapons,7120,PRUE,SAPD-2026-1042086,29.529697,-98.562959,1785601159000,http://www.sanantonio.gov/sapd/Calls.aspx,Blue,a tbd link,26,8
08/01/26, 6:10:25,E0 N Loop 1604 W Ofrp Ih 10 N,78256,Traffic Calls,Major Accident,7250,PRUE,SAPD-2026-1043590,29.588159,-98.619417,1785625825000,http://www.sanantonio.gov/sapd/Calls.aspx,Yellow,a tbd link,26,8
08/01/26,11:19:32 AM,3744-5198 Se Loop 410 Nb,78222,Traffic Calls,Traffic Related,4250,EAST,SAPD-2026-1042087,29.377287,-98.393101,1785601172000,http://www.sanantonio.gov/sapd/Calls.aspx,Yellow,a tbd link,26,8
08/01/26, 6:09:48,E0 N Loop 1604 W Ofrp Ih 10 N,78256,Traffic Calls,Major Accident,7250,PRUE,SAPD-2026-1043584,29.588388,-98.6174,1785625788000,http://www.sanantonio.gov/sapd/Calls.aspx,Yellow,a tbd link,26,8
08/01/26, 6:10:27,E0 N Loop 1604 W Ofrp Ih 10 N,78256,Traffic Calls,Major Accident,7250,PRUE,SAPD-2026-1043591,29.589107,-98.611609,1785625827000,http://www.sanantonio.gov/sapd/Calls.aspx,Yellow,a tbd link,26,8
08/01/26, 2:42:28,1400 Caballero Dr,78224,Crimes Against Person Calls,Threats,6140,SOUTH,SAPD-2026-1042805,29.328364,-98.528347,1785613348000,http://www.sanantonio.gov/sapd/Calls.aspx,Red,a tbd link,26,8
08/01/26, 7:13:36,1600 Lamar St,78202,Crimes Against Person Calls,Lewd Conduct,4130,EAST,SAPD-2026-1041300,29.431132,-98.45585,1785586416000,http://www.sanantonio.gov/sapd/Calls.aspx,Red,a tbd link,26,8
08/01/26, 7:13:58,3000 Rigsby Ave,78222,Other Calls,Disturbance,4250,EAST,SAPD-2026-1041301,29.398257,-98.405832,1785586438000,http://www.sanantonio.gov/sapd/Calls.aspx,Blue,a tbd link,26,8
08/01/26, 7:19:01,900 E Basse Rd,78209,Property Crime Calls,Criminal Mischief,3330,NORTH,SAPD-2026-1041308,29.497396,-98.469973,1785586741000,http://www.sanantonio.gov/sapd/Calls.aspx,Green,a tbd link,26,8
08/01/26, 7:16:00,6800 Heuermann Rd,78256,Other Calls,DOA,7260,PRUE,SAPD-2026-1041304,29.634754,-98.617386,1785586560000,http://www.sanantonio.gov/sapd/Calls.aspx,Blue,a tbd link,26,8
08/01/26,11:18:37 AM,300 Pearl Pkwy,78215,Other Calls,Miscellaneous,1230,DOWNTOWN,SAPD-2026-1042083,29.44242,-98.480136,1785601117000,http://www.sanantonio.gov/sapd/Calls.aspx,Blue,a tbd link,26,8
08/01/26, 7:15:32,8400 NW MILITARY HWY,78231,Other Calls,Patrol By,7220,PRUE,SAPD-2026-1041303,29.551598,-98.532431,1785586532000,http://www.sanantonio.gov/sapd/Calls.aspx,Blue,a tbd link,26,8
08/01/26, 2:42:09,200 W Josephine St,78212,Property Crime Calls,Theft,1210,DOWNTOWN,SAPD-2026-1042804,29.446143,-98.483671,1785613329000,http://www.sanantonio.gov/sapd/Calls.aspx,Green,a tbd link,26,8
08/01/26,11:18:12 AM,100 ALEXANDER RD,78201,Other Calls,Patrol By,5210,WEST,SAPD-2026-1042080,29.448986,-98.528286,1785601092000,http://www.sanantonio.gov/sapd/Calls.aspx,Blue,a tbd link,26,8
08/01/26, 7:17:08,19300 NW MILITARY HWY,78257,Other Calls,Patrol By,7260,PRUE,SAPD-2026-1041305,29.625894,-98.56941,1785586628000,http://www.sanantonio.gov/sapd/Calls.aspx,Blue,a tbd link,26,8
08/01/26, 2:41:23,6800 Pecan Valley Dr,78223,Other Calls,Welfare Check,6240,SOUTH,SAPD-2026-1042801,29.358611,-98.447222,1785613283000,http://www.sanantonio.gov/sapd/Calls.aspx,Blue,a tbd link,26,8
08/01/26,11:18:28 AM,13500 GEORGE RD,78230,Other Calls,Wanted Person,7220,PRUE,SAPD-2026-1042082,29.563033,-98.538454,1785601108000,http://www.sanantonio.gov/sapd/Calls.aspx,Blue,a tbd link,26,8
08/01/26, 7:19:26,3200 Cripple Crk,78218,Other Calls,Suspicious Person,3340,NORTH,SAPD-2026-1041309,29.513469,-98.435418,1785586766000,http://www.sanantonio.gov/sapd/Calls.aspx,Blue,a tbd link,26,8
08/01/26, 2:40:09,2800 E COMMERCE ST,78202,Other Calls,Patrol By,4140,EAST,SAPD-2026-1042797,29.41979,-98.446085,1785613209000,http://www.sanantonio.gov/sapd/Calls.aspx,Blue,a tbd link,26,8
08/01/26,11:21:28 AM,10400 Perrin Beitel,78217,Traffic Calls,Minor Accident,3370,NORTH,SAPD-2026-1042098,29.533188,-98.410303,1785601288000,http://www.sanantonio.gov/sapd/Calls.aspx,Yellow,a tbd link,26,8
08/01/26, 7:21:07,7600 N Songbird,78229,Other Calls,Information,7110,PRUE,SAPD-2026-1041312,29.507372,-98.560447,1785586867000,http://www.sanantonio.gov/sapd/Calls.aspx,Blue,a tbd link,26,8
08/01/26, 2:41:29,N0 Ih 10 W Onrp Sb Ih 35 N,78207,Traffic Calls,Minor Accident,1120,DOWNTOWN,SAPD-2026-1042800,29.428392,-98.500523,1785613289000,http://www.sanantonio.gov/sapd/Calls.aspx,Yellow,a tbd link,26,8
08/01/26,11:18:49 AM,2301-2599 N LOOP 1604 W WB,78258,Traffic Calls,Traffic Related,3170,NORTH,SAPD-2026-1042084,29.605824,-98.529259,1785601129000,http://www.sanantonio.gov/sapd/Calls.aspx,Yellow,a tbd link,26,8
08/01/26, 7:23:58,1500 N LOOP 1604 E,78232,Traffic Calls,Minor Accident,3160,NORTH,SAPD-2026-1041317,29.610023,-98.470239,1785587038000,http://www.sanantonio.gov/sapd/Calls.aspx,Yellow,a tbd link,26,8
08/01/26, 2:41:00,17200 BLK IH 37 S NB,78223,Traffic Calls,Traffic Related,6280,SOUTH,SAPD-2026-1042799,29.251904,-98.394771,1785613260000,http://www.sanantonio.gov/sapd/Calls.aspx,Yellow,a tbd link,26,8
08/01/26, 7:22:25,400 Valley Hi Dr,78227,Property Crime Calls,Theft,6360,SOUTH,SAPD-2026-1041315,29.38112,-98.639989,1785586945000,http://www.sanantonio.gov/sapd/Calls.aspx,Green,a tbd link,26,8
08/01/26, 2:42:48,11600 Culebra Rd,78253,Property Crime Calls,Burglary Vehicle,5350,WEST,SAPD-2026-1042807,29.502039,-98.722964,1785613368000,http://www.sanantonio.gov/sapd/Calls.aspx,Green,a tbd link,26,8
08/01/26,11:23:01 AM,12600 Blanco Rd,78231,Other Calls,Visitation Violation,3110,NORTH,SAPD-2026-1042107,29.555861,-98.518537,1785601381000,http://www.sanantonio.gov/sapd/Calls.aspx,Blue,a tbd link,26,8
08/01/26, 6:11:38,E0 N Loop 1604 W Ofrp Wb Ih 10 N,78249,Traffic Calls,Major Accident,7250,PRUE,SAPD-2026-1043595,29.591458,-98.598543,1785625898000,http://www.sanantonio.gov/sapd/Calls.aspx,Yellow,a tbd link,26,8
08/01/26, 2:41:47,900 Culebra Rd,78201,Crimes Against Person Calls,Suspicious Vehicle,5210,WEST,SAPD-2026-1042806,29.445035,-98.521201,1785613307000,http://www.sanantonio.gov/sapd/Calls.aspx,Red,a tbd link,26,8
08/01/26,11:20:19 AM,6900 BORDER BROOK,78238,Other Calls,Miscellaneous,5310,WEST,SAPD-2026-1042090,29.47123,-98.627522,1785601219000,http://www.sanantonio.gov/sapd/Calls.aspx,Blue,a tbd link,26,8
08/01/26, 6:14:11,4600 E Loop 1604 N,78109,Other Calls,Disturbance,4310,EAST,SAPD-2026-1043604,29.470327,-98.294925,1785626051000,http://www.sanantonio.gov/sapd/Calls.aspx,Blue,a tbd link,26,8
08/01/26, 2:42:08,12301-12399 Sw Loop 410 Eb,78211,Traffic Calls,Major Accident,6160,SOUTH,SAPD-2026-1042803,29.319891,-98.567445,1785613328000,http://www.sanantonio.gov/sapd/Calls.aspx,Yellow,a tbd link,26,8
08/01/26, 7:21:53,400 LANCE ST,78237,Other Calls,Patrol By,5140,WEST,SAPD-2026-1041314,29.422293,-98.571392,1785586913000,http://www.sanantonio.gov/sapd/Calls.aspx,Blue,a tbd link,26,8
08/01/26,11:20:51 AM,8400 COUNTRY VILLAGE,78209,Other Calls,Patrol By,3330,NORTH,SAPD-2026-1042092,29.514596,-98.469258,1785601251000,http://www.sanantonio.gov/sapd/Calls.aspx,Blue,a tbd link,26,8
08/01/26, 6:14:41,16700 FM 2252,78266,Crimes Against Person Calls,Suspicious Vehicle,3260,NORTH,SAPD-2026-1043609,29.592735,-98.350758,1785626081000,http://www.sanantonio.gov/sapd/Calls.aspx,Red,a tbd link,26,8
08/01/26, 2:43:13,5800 Blk Nw Loop 410 Eb,78238,Other Calls,Welfare Check,5270,WEST,SAPD-2026-1042809,29.479476,-98.605967,1785613393000,http://www.sanantonio.gov/sapd/Calls.aspx,Blue,a tbd link,26,8
08/01/26, 7:23:11,900 W CARGO,78216,Other Calls,Patrol By,SAT1,AIRPORT,SAPD-2026-1041316,29.531852,-98.483017,1785586991000,http://www.sanantonio.gov/sapd/Calls.aspx,Blue,a tbd link,26,8
08/01/26,11:21:32 AM,300 Labor St,78210,Crimes Against Person Calls,Assault In Progress,1110,DOWNTOWN,SAPD-2026-1042097,29.413552,-98.483126,1785601292000,http://www.sanantonio.gov/sapd/Calls.aspx,Red,a tbd link,26,8
08/01/26, 6:13:32,6700 Ingram Rd,78238,Other Calls,Disturbance,5310,WEST,SAPD-2026-1043598,29.462461,-98.624182,1785626012000,http://www.sanantonio.gov/sapd/Calls.aspx,Blue,a tbd link,26,8
08/01/26, 2:43:15,400 W Cypress St,78212,Other Calls,Disturbance,1210,DOWNTOWN,SAPD-2026-1042808,29.440356,-98.49839,1785613395000,http://www.sanantonio.gov/sapd/Calls.aspx,Blue,a tbd link,26,8
08/01/26, 7:24:19,CASSIANO & ESCOBAR PARK TRAILHEADS,78207,Other Calls,Patrol By,2330,CENTRAL,SAPD-2026-1041318,29.414492,-98.530409,1785587059000,http://www.sanantonio.gov/sapd/Calls.aspx,Blue,a tbd link,26,8
08/01/26,11:21:09 AM,E0 Nw Lp 410 Onrp Bandera,78238,Traffic Calls,Minor Accident,NOT SAPD BEX - 6,SAPD OUTSIDE AREA,SAPD-2026-1042093,29.482748,-98.598843,1785601269000,http://www.sanantonio.gov/sapd/Calls.aspx,Yellow,a tbd link,26,8
08/01/26, 6:15:43,2300 Austin Hwy,78218,Other Calls,Miscellaneous,4360,EAST,SAPD-2026-1043611,29.509149,-98.412772,1785626143000,http://www.sanantonio.gov/sapd/Calls.aspx,Blue,a tbd link,26,8
08/01/26, 2:41:54,12301-12399 Sw Loop 410 Eb,78211,Traffic Calls,Major Accident,6160,SOUTH,SAPD-2026-1042802,29.319915,-98.566802,1785613314000,http://www.sanantonio.gov/sapd/Calls.aspx,Yellow,a tbd link,26,8
08/01/26,11:23:06 AM,3600 E Houston St,78219,Other Calls,Miscellaneous,4160,EAST,SAPD-2026-1042104,29.42532,-98.426945,1785601386000,http://www.sanantonio.gov/sapd/Calls.aspx,Blue,a tbd link,26,8
08/01/26, 6:13:59,100 Dallas St,78205,Other Calls,Disturbance,1130,DOWNTOWN,SAPD-2026-1043603,29.433825,-98.492242,1785626039000,http://www.sanantonio.gov/sapd/Calls.aspx,Blue,a tbd link,26,8
08/01/26, 2:43:36,12301-12399 Sw Loop 410 Eb,78211,Traffic Calls,Major Accident,6160,SOUTH,SAPD-2026-1042811,29.319348,-98.571067,1785613416000,http://www.sanantonio.gov/sapd/Calls.aspx,Yellow,a tbd link,26,8
08/01/26,11:24:34 AM,300 Labor St,78210,Property Crime Calls,Burglary in Progress,1110,DOWNTOWN,SAPD-2026-1042110,29.413552,-98.483126,1785601474000,http://www.sanantonio.gov/sapd/Calls.aspx,Green,a tbd link,26,8
08/01/26, 6:14:00,Neer Ave / Wayside,78213,Crimes Against Person Calls,Suspicious Vehicle,2220,CENTRAL,SAPD-2026-1043602,29.501791,-98.521742,1785626040000,http://www.sanantonio.gov/sapd/Calls.aspx,Red,a tbd link,26,8
08/01/26, 2:44:00,11000 Blk Sw Loop 410 Eb,78211,Traffic Calls,Major Accident,6160,SOUTH,SAPD-2026-1042812,29.318186,-98.576248,1785613440000,http://www.sanantonio.gov/sapd/Calls.aspx,Yellow,a tbd link,26,8
08/01/26, 7:35:20,16700 Stone Ridge Dr,78232,Other Calls,Miscellaneous,3140,NORTH,SAPD-2026-1041373,29.595593,-98.457296,1785587720000,http://www.sanantonio.gov/sapd/Calls.aspx,Blue,a tbd link,26,8
08/01/26,11:22:31 AM,3235-3999 N LOOP 1604 W WB,78257,Traffic Calls,Traffic Related,7260,PRUE,SAPD-2026-1042102,29.601715,-98.5486,1785601351000,http://www.sanantonio.gov/sapd/Calls.aspx,Yellow,a tbd link,26,8
08/01/26, 6:13:02,6470-6598 N Loop 1604 W Nb,78256,Traffic Calls,Minor Accident,7250,PRUE,SAPD-2026-1043597,29.588793,-98.616051,1785625982000,http://www.sanantonio.gov/sapd/Calls.aspx,Yellow,a tbd link,26,8
08/01/26, 2:44:15,5900 Danny Kaye Dr,78240,Other Calls,Disturbance,7160,PRUE,SAPD-2026-1042814,29.50792,-98.598256,1785613455000,http://www.sanantonio.gov/sapd/Calls.aspx,Blue,a tbd link,26,8
08/01/26, 7:25:27,3200 NORTHWESTERN DR,78238,Other Calls,Patrol By,5310,WEST,SAPD-2026-1041321,29.465062,-98.625172,1785587127000,http://www.sanantonio.gov/sapd/Calls.aspx,Blue,a tbd link,26,8
08/01/26,11:23:02 AM,N0 LOOP 410 WB,78238,Traffic Calls,Traffic Related,5310,WEST,SAPD-2026-1042103,29.462761,-98.622151,1785601382000,http://www.sanantonio.gov/sapd/Calls.aspx,Yellow,a tbd link,26,8
08/01/26, 6:13:39,1400 Cable Ranch Rd,78245,Property Crime Calls,Criminal Mischief In Progress,5330,WEST,SAPD-2026-1043601,29.422768,-98.658481,1785626019000,http://www.sanantonio.gov/sapd/Calls.aspx,Green,a tbd link,26,8
08/01/26, 2:45:48,3400 Fredericksburg Rd,78201,Other Calls,Disturbance,5230,WEST,SAPD-2026-1042818,29.473032,-98.537075,1785613548000,http://www.sanantonio.gov/sapd/Calls.aspx,Blue,a tbd link,26,8
08/01/26, 7:27:31,Marbach Rd / W Loop 1604 S,78245,Other Calls,SAPD Non-Emergency Call,NOT SAPD BEX,SAPD OUTSIDE AREA,SAPD-2026-1041323,29.402883,-98.707339,1785587251000,http://www.sanantonio.gov/sapd/Calls.aspx,Blue,a tbd link,26,8
08/01/26,11:25:29 AM,8400 Broadway,78209,Other Calls,Disturbance,3330,NORTH,SAPD-2026-1042113,29.515982,-98.464758,1785601529000,http://www.sanantonio.gov/sapd/Calls.aspx,Blue,a tbd link,26,8
08/01/26, 6:15:58,3200 Nacogdoches Rd,78217,Property Crime Calls,Theft,3360,NORTH,SAPD-2026-1043614,29.528124,-98.435589,1785626158000,http://www.sanantonio.gov/sapd/Calls.aspx,Green,a tbd link,26,8
08/01/26, 2:45:10,11000 Blk Sw Loop 410 Eb,78211,Traffic Calls,Minor Accident,6160,SOUTH,SAPD-2026-1042816,29.318186,-98.576248,1785613510000,http://www.sanantonio.gov/sapd/Calls.aspx,Yellow,a tbd link,26,8
08/01/26, 7:28:50,2700 Ne Loop 410,78217,Other Calls,Disturbance,3370,NORTH,SAPD-2026-1041325,29.517306,-98.41,1785587330000,http://www.sanantonio.gov/sapd/Calls.aspx,Blue,a tbd link,26,8
08/01/26, 7:27:11,2600 NW LOOP 410,78230,Traffic Calls,Minor Accident,2230,CENTRAL,SAPD-2026-1041322,29.511181,-98.535158,1785587231000,http://www.sanantonio.gov/sapd/Calls.aspx,Yellow,a tbd link,26,8
08/01/26, 6:13:37,8400 NW MILITARY HWY,78231,Other Calls,Patrol By,7220,PRUE,SAPD-2026-1043600,29.551598,-98.532431,1785626017000,http://www.sanantonio.gov/sapd/Calls.aspx,Blue,a tbd link,26,8
08/01/26, 2:50:50,Ih 10 W Nb / Fresno St,78201,Traffic Calls,Minor Accident,2210,CENTRAL,SAPD-2026-1042833,29.474429,-98.517146,1785613850000,http://www.sanantonio.gov/sapd/Calls.aspx,Yellow,a tbd link,26,8
08/01/26, 6:15:09,7400-7408 NW LOOP 410 EB,78245,Traffic Calls,Traffic Related,5160,WEST,SAPD-2026-1043610,29.447456,-98.634523,1785626109000,http://www.sanantonio.gov/sapd/Calls.aspx,Yellow,a tbd link,26,8
08/01/26, 2:46:06,E Evans Rd / Us Hwy 281 N Sb,78258,Traffic Calls,Traffic Violation,3150,NORTH,SAPD-2026-1042820,29.637093,-98.456528,1785613566000,http://www.sanantonio.gov/sapd/Calls.aspx,Yellow,a tbd link,26,8
08/01/26,11:27:26 AM,9700 Marbach Brook,78245,Other Calls,SAPD Non-Emergency Call,NOT SAPD BEX,SAPD OUTSIDE AREA,SAPD-2026-1042120,29.409854,-98.679352,1785601646000,http://www.sanantonio.gov/sapd/Calls.aspx,Blue,a tbd link,26,8
08/01/26, 6:23:35,7900 Cinch Dr,78227,Other Calls,Patrol By,5170,WEST,SAPD-2026-1043644,29.410879,-98.644778,1785626615000,http://www.sanantonio.gov/sapd/Calls.aspx,Blue,a tbd link,26,8
08/01/26, 2:44:41,12301-12399 Sw Loop 410 Eb,78211,Traffic Calls,Major Accident,6160,SOUTH,SAPD-2026-1042817,29.319918,-98.566718,1785613481000,http://www.sanantonio.gov/sapd/Calls.aspx,Yellow,a tbd link,26,8
08/01/26, 7:31:45,21900 Santa Elena Canyon,78258,Traffic Calls,Traffic Violation,3170,NORTH,SAPD-2026-1041336,29.646213,-98.489679,1785587505000,http://www.sanantonio.gov/sapd/Calls.aspx,Yellow,a tbd link,26,8
08/01/26,11:23:38 AM,1900 S ALAMO ST,78204,Other Calls,Patrol By,1140,DOWNTOWN,SAPD-2026-1042106,29.412278,-98.50268,1785601418000,http://www.sanantonio.gov/sapd/Calls.aspx,Blue,a tbd link,26,8
08/01/26, 6:21:48,9900 Ih 10 W,78230,Traffic Calls,Minor Accident,7220,PRUE,SAPD-2026-1043632,29.535963,-98.566584,1785626508000,http://www.sanantonio.gov/sapd/Calls.aspx,Yellow,a tbd link,26,8
08/01/26, 2:47:49,4700 Blk Nw Loop 410 Eb,78229,Traffic Calls,Traffic Related,5260,WEST,SAPD-2026-1042824,29.48948,-98.576714,1785613669000,http://www.sanantonio.gov/sapd/Calls.aspx,Yellow,a tbd link,26,8
08/01/26, 7:28:35,Ih 37 S Sb / Se Military Dr,78223,Traffic Calls,Traffic Related,6270,SOUTH,SAPD-2026-1041324,29.352679,-98.428193,1785587315000,http://www.sanantonio.gov/sapd/Calls.aspx,Yellow,a tbd link,26,8
08/01/26,11:23:53 AM,300 AURORA AVE,78228,Other Calls,Patrol By,5130,WEST,SAPD-2026-1042108,29.442595,-98.571981,1785601433000,http://www.sanantonio.gov/sapd/Calls.aspx,Blue,a tbd link,26,8
08/01/26, 6:16:34,100 Marmok,78220,Other Calls,Disturbance Family,4160,EAST,SAPD-2026-1043615,29.418802,-98.43165,1785626194000,http://www.sanantonio.gov/sapd/Calls.aspx,Blue,a tbd link,26,8
08/01/26, 2:48:09,2300 Sw Military Dr,78224,Other Calls,Welfare Check,6130,SOUTH,SAPD-2026-1042826,29.354808,-98.532751,1785613689000,http://www.sanantonio.gov/sapd/Calls.aspx,Blue,a tbd link,26,8
08/01/26, 7:31:11,100 W Rampart,78216,Other Calls,Assist the Public,3320,NORTH,SAPD-2026-1041332,29.512544,-98.494854,1785587471000,http://www.sanantonio.gov/sapd/Calls.aspx,Blue,a tbd link,26,8
08/01/26,11:24:25 AM,16300 Vance Jackson Rd,78257,Crimes Against Person Calls,Assault In Progress,7260,PRUE,SAPD-2026-1042112,29.595415,-98.590919,1785601465000,http://www.sanantonio.gov/sapd/Calls.aspx,Red,a tbd link,26,8
08/01/26, 6:18:43,Cora / H St,78220,Other Calls,Ordinance Violation,4160,EAST,SAPD-2026-1043627,29.406441,-98.443074,1785626323000,http://www.sanantonio.gov/sapd/Calls.aspx,Blue,a tbd link,26,8
08/01/26, 7:31:20,2000 Broadway,78215,Other Calls,Disturbance,1230,DOWNTOWN,SAPD-2026-1041335,29.444687,-98.476519,1785587480000,http://www.sanantonio.gov/sapd/Calls.aspx,Blue,a tbd link,26,8
08/01/26,11:28:30 AM,10700 Barnsford Ln,78023,Property Crime Calls,Forgery,NOT SAPD BEX,SAPD OUTSIDE AREA,SAPD-2026-1042123,29.599004,-98.702239,1785601710000,http://www.sanantonio.gov/sapd/Calls.aspx,Green,a tbd link,26,8
08/01/26, 6:17:00,9100 N Loop 1604 W,78023,Crimes Against Person Calls,Suspicious Vehicle,7350,PRUE,SAPD-2026-1043617,29.558048,-98.664156,1785626220000,http://www.sanantonio.gov/sapd/Calls.aspx,Red,a tbd link,26,8
08/01/26,11:25:10 AM,I0 35 S ACCESS RD,78224,Traffic Calls,Traffic Related,6130,SOUTH,SAPD-2026-1042111,29.351548,-98.532163,1785601510000,http://www.sanantonio.gov/sapd/Calls.aspx,Yellow,a tbd link,26,8
08/01/26, 7:33:45,S Zarzamora St / Fitch St,78211,Other Calls,Patrol By,6120,SOUTH,SAPD-2026-1041340,29.37058,-98.534031,1785587625000,http://www.sanantonio.gov/sapd/Calls.aspx,Blue,a tbd link,26,8
08/01/26, 2:50:47,Sunglo Dr / Commercial Ave,78221,Traffic Calls,Minor Accident,6150,SOUTH,SAPD-2026-1042834,29.352609,-98.516244,1785613847000,http://www.sanantonio.gov/sapd/Calls.aspx,Yellow,a tbd link,26,8
08/01/26, 6:16:11,3400 BROADWAY,78209,Other Calls,Wanted Person,1230,DOWNTOWN,SAPD-2026-1043613,29.457764,-98.468847,1785626171000,http://www.sanantonio.gov/sapd/Calls.aspx,Blue,a tbd link,26,8
08/01/26,11:25:34 AM,3235-3999 N LOOP 1604 W WB,78257,Traffic Calls,Traffic Related,7260,PRUE,SAPD-2026-1042114,29.601216,-98.557339,1785601534000,http://www.sanantonio.gov/sapd/Calls.aspx,Yellow,a tbd link,26,8
08/01/26, 7:30:22,2901-2911 BROADWAY,78209,Other Calls,Patrol By,1230,DOWNTOWN,SAPD-2026-1041329,29.453851,-98.471901,1785587422000,http://www.sanantonio.gov/sapd/Calls.aspx,Blue,a tbd link,26,8
08/01/26, 2:45:56,I0 10 W SB,78249,Traffic Calls,Traffic Related,7340,PRUE,SAPD-2026-1042819,29.573239,-98.594196,1785613556000,http://www.sanantonio.gov/sapd/Calls.aspx,Yellow,a tbd link,26,8
08/01/26, 6:19:19,14600 Mountain Wood St,78232,Other Calls,Welfare Check,3140,NORTH,SAPD-2026-1043623,29.575194,-98.466221,1785626359000,http://www.sanantonio.gov/sapd/Calls.aspx,Blue,a tbd link,26,8
08/01/26,11:28:09 AM,9800 Airport Blvd,78216,Other Calls,Property Found,SAT1,AIRPORT,SAPD-2026-1042121,29.526619,-98.471844,1785601689000,http://www.sanantonio.gov/sapd/Calls.aspx,Blue,a tbd link,26,8
08/01/26, 7:31:16,8096-8518 RIVERFRONT PKWY,78223,Other Calls,Patrol By,6270,SOUTH,SAPD-2026-1041334,29.342892,-98.45822,1785587476000,http://www.sanantonio.gov/sapd/Calls.aspx,Blue,a tbd link,26,8
08/01/26, 2:46:11,7800 Louis Pasteur Dr,78229,Other Calls,Patrol By,7130,PRUE,SAPD-2026-1042821,29.50987,-98.568197,1785613571000,http://www.sanantonio.gov/sapd/Calls.aspx,Blue,a tbd link,26,8
08/01/26, 6:19:09,10300 Sahara,78216,Other Calls,Assist the Public,3350,NORTH,SAPD-2026-1043622,29.530226,-98.492417,1785626349000,http://www.sanantonio.gov/sapd/Calls.aspx,Blue,a tbd link,26,8
08/01/26,11:29:11 AM,Wood Dew / Wood Cir,78251,Other Calls,Welfare Check,5320,WEST,SAPD-2026-1042126,29.470101,-98.655254,1785601751000,http://www.sanantonio.gov/sapd/Calls.aspx,Blue,a tbd link,26,8
08/01/26, 7:35:38,7400 Stonefruit,78240,Other Calls,Patrol By,7320,PRUE,SAPD-2026-1041341,29.522781,-98.630666,1785587738000,http://www.sanantonio.gov/sapd/Calls.aspx,Blue,a tbd link,26,8
08/01/26, 2:48:06,2500 Sw Military Dr,78224,Traffic Calls,Minor Accident,6130,SOUTH,SAPD-2026-1042825,29.355505,-98.535242,1785613686000,http://www.sanantonio.gov/sapd/Calls.aspx,Yellow,a tbd link,26,8
08/01/26, 6:18:58,800 E Commerce St,78205,Property Crime Calls,Theft,1110,DOWNTOWN,SAPD-2026-1043624,29.424705,-98.48505,1785626338000,http://www.sanantonio.gov/sapd/Calls.aspx,Green,a tbd link,26,8
08/01/26, 7:33:38,100 CAMARON,78205,Other Calls,Patrol By,1120,DOWNTOWN,SAPD-2026-1041338,29.425464,-98.495853,1785587618000,http://www.sanantonio.gov/sapd/Calls.aspx,Blue,a tbd link,26,8
08/01/26, 2:48:57,30 Gus Garcia,78207,Other Calls,Miscellaneous,2370,CENTRAL,SAPD-2026-1042829,29.416354,-98.510815,1785613737000,http://www.sanantonio.gov/sapd/Calls.aspx,Blue,a tbd link,26,8
08/01/26, 6:20:07,Ih 10 W Nb / N Loop 1604 W Eb,78249,Traffic Calls,Major Accident,7230,PRUE,SAPD-2026-1043628,29.590792,-98.598332,1785626407000,http://www.sanantonio.gov/sapd/Calls.aspx,Yellow,a tbd link,26,8
08/01/26,11:26:58 AM,4611-4899 US HWY 90 W WB,78237,Traffic Calls,Traffic Related,5120,WEST,SAPD-2026-1042116,29.407441,-98.583587,1785601618000,http://www.sanantonio.gov/sapd/Calls.aspx,Yellow,a tbd link,26,8
08/01/26, 2:50:11,500 S Frio St,78207,Other Calls,Miscellaneous,2370,CENTRAL,SAPD-2026-1042830,29.421551,-98.504866,1785613811000,http://www.sanantonio.gov/sapd/Calls.aspx,Blue,a tbd link,26,8
08/01/26, 7:41:10,Cielo Vista Dr / Hermosa Hill,78255,Other Calls,SAPD Non-Emergency Call,NOT SAPD BEX,SAPD OUTSIDE AREA,SAPD-2026-1041357,29.646579,-98.642803,1785588070000,http://www.sanantonio.gov/sapd/Calls.aspx,Blue,a tbd link,26,8
08/01/26, 6:24:37,9112-9238 N Loop 1604 W Nb,78249,Traffic Calls,Minor Accident,7350,PRUE,SAPD-2026-1043642,29.554444,-98.66613,1785626677000,http://www.sanantonio.gov/sapd/Calls.aspx,Yellow,a tbd link,26,8
08/01/26,11:29:21 AM,1300 Rigsby Ave,78210,Traffic Calls,Minor Accident,4210,EAST,SAPD-2026-1042127,29.398105,-98.447882,1785601761000,http://www.sanantonio.gov/sapd/Calls.aspx,Yellow,a tbd link,26,8
08/01/26, 2:50:32,3300 Se Military Dr,78235,Property Crime Calls,Shoplifting In Progress,6270,SOUTH,SAPD-2026-1042832,29.348258,-98.433573,1785613832000,http://www.sanantonio.gov/sapd/Calls.aspx,Green,a tbd link,26,8
08/01/26, 7:37:01,6900 Oak Dr,78256,Property Crime Calls,Burglary Vehicle,7260,PRUE,SAPD-2026-1041344,29.638759,-98.620256,1785587821000,http://www.sanantonio.gov/sapd/Calls.aspx,Green,a tbd link,26,8
08/01/26, 6:23:58,10600 Rosalina Loop,78109,Other Calls,Disturbance Family,4310,EAST,SAPD-2026-1043639,29.462272,-98.278678,1785626638000,http://www.sanantonio.gov/sapd/Calls.aspx,Blue,a tbd link,26,8
08/01/26,11:29:57 AM,10400 Rockland Dr,78230,Property Crime Calls,Theft of Vehicle,7210,PRUE,SAPD-2026-1042130,29.536276,-98.553501,1785601797000,http://www.sanantonio.gov/sapd/Calls.aspx,Green,a tbd link,26,8
08/01/26, 2:53:08,7900 Culebra Rd,78251,Other Calls,Welfare Check,5320,WEST,SAPD-2026-1042842,29.464041,-98.644648,1785613988000,http://www.sanantonio.gov/sapd/Calls.aspx,Blue,a tbd link,26,8
08/01/26, 7:38:11,7700 S Zarzamora St,78224,Other Calls,Suspicious Person,6140,SOUTH,SAPD-2026-1041346,29.349664,-98.534547,1785587891000,http://www.sanantonio.gov/sapd/Calls.aspx,Blue,a tbd link,26,8
08/01/26, 6:25:31,1200 Austin Hwy,78209,Traffic Calls,DWI,3340,NORTH,SAPD-2026-1043645,29.487632,-98.44674,1785626731000,http://www.sanantonio.gov/sapd/Calls.aspx,Yellow,a tbd link,26,8
08/01/26,11:29:18 AM,5600 Utsa Blvd,78249,Traffic Calls,Accident Private Property,7250,PRUE,SAPD-2026-1042128,29.576415,-98.597306,1785601758000,http://www.sanantonio.gov/sapd/Calls.aspx,Yellow,a tbd link,26,8
08/01/26, 2:58:04,Us Hwy 281 N Sb / Wurzbach Pkwy Eb,78216,Other Calls,Welfare Check,3120,NORTH,SAPD-2026-1042864,29.554523,-98.486108,1785614284000,http://www.sanantonio.gov/sapd/Calls.aspx,Blue,a tbd link,26,8
08/01/26, 7:39:08,9200 Herman Holw,78254,Other Calls,SAPD Non-Emergency Call,NOT SAPD BEX,SAPD OUTSIDE AREA,SAPD-2026-1041350,29.526181,-98.69818,1785587948000,http://www.sanantonio.gov/sapd/Calls.aspx,Blue,a tbd link,26,8
08/01/26, 6:24:49,Inwood Terrace Dr,78248,Property Crime Calls,Theft,7240,PRUE,SAPD-2026-1043647,29.589114,-98.541157,1785626689000,http://www.sanantonio.gov/sapd/Calls.aspx,Green,a tbd link,26,8
08/01/26, 2:51:45,600 S St Mary's St,78204,Other Calls,Disturbance,1110,DOWNTOWN,SAPD-2026-1042838,29.418561,-98.4909,1785613905000,http://www.sanantonio.gov/sapd/Calls.aspx,Blue,a tbd link,26,8
08/01/26, 7:39:25,8700 Bravo Valley,78227,Traffic Calls,Abandoned Vehicle,5340,WEST,SAPD-2026-1041351,29.415204,-98.657167,1785587965000,http://www.sanantonio.gov/sapd/Calls.aspx,Yellow,a tbd link,26,8
08/01/26, 7:38:32,3900 W COMMERCE ST,78207,Other Calls,Patrol By,2330,CENTRAL,SAPD-2026-1041347,29.429461,-98.541711,1785587912000,http://www.sanantonio.gov/sapd/Calls.aspx,Blue,a tbd link,26,8
08/01/26, 6:22:35,10900 Culebra Rd,78253,Other Calls,Disturbance,5350,WEST,SAPD-2026-1043635,29.49552,-98.708366,1785626555000,http://www.sanantonio.gov/sapd/Calls.aspx,Blue,a tbd link,26,8
08/01/26, 2:55:37,1100 S Laredo St,78204-3214,Other Calls,Disturbance,1140,DOWNTOWN,SAPD-2026-1042852,29.414696,-98.50278,1785614137000,http://www.sanantonio.gov/sapd/Calls.aspx,Blue,a tbd link,26,8
08/01/26,11:31:17 AM,100 Osage,78207,Property Crime Calls,Theft,2340,CENTRAL,SAPD-2026-1042135,29.402072,-98.534528,1785601877000,http://www.sanantonio.gov/sapd/Calls.aspx,Green,a tbd link,26,8
08/01/26, 7:40:58,16100 Vance Jackson Rd,78257,Other Calls,Suspicious Person,7260,PRUE,SAPD-2026-1041355,29.594535,-98.589541,1785588058000,http://www.sanantonio.gov/sapd/Calls.aspx,Blue,a tbd link,26,8
08/01/26, 6:24:19,400 Villita St,78205,Other Calls,Disturbance,1110,DOWNTOWN,SAPD-2026-1043641,29.422124,-98.488669,1785626659000,http://www.sanantonio.gov/sapd/Calls.aspx,Blue,a tbd link,26,8
08/01/26, 2:54:33,4700 Stringfellow Dr,78223,Crimes Against Person Calls,Assault In Progress,4210,EAST,SAPD-2026-1042847,29.378224,-98.434017,1785614073000,http://www.sanantonio.gov/sapd/Calls.aspx,Red,a tbd link,26,8
08/01/26,11:31:19 AM,5600 Evers Rd,78238,Other Calls,SAPD Emergency Call,NOT SAPD BEX - 6,SAPD OUTSIDE AREA,SAPD-2026-1042136,29.488274,-98.597942,1785601879000,http://www.sanantonio.gov/sapd/Calls.aspx,Blue,a tbd link,26,8
08/01/26, 7:41:06,7600 Culebra Rd,78251,Other Calls,Welfare Check,5320,WEST,SAPD-2026-1041356,29.459491,-98.638974,1785588066000,http://www.sanantonio.gov/sapd/Calls.aspx,Blue,a tbd link,26,8
08/01/26, 6:26:13,100 W Travis St,78205,Other Calls,Miscellaneous,1120,DOWNTOWN,SAPD-2026-1043648,29.427532,-98.494214,1785626773000,http://www.sanantonio.gov/sapd/Calls.aspx,Blue,a tbd link,26,8
08/01/26, 2:55:40,1000 S Alamo St,78210,Traffic Calls,Minor Accident,1110,DOWNTOWN,SAPD-2026-1042853,29.413916,-98.490892,1785614140000,http://www.sanantonio.gov/sapd/Calls.aspx,Yellow,a tbd link,26,8
08/01/26,11:30:06 AM,10700 Potranco Rd,78251,Other Calls,Liquor Law Violation,5360,WEST,SAPD-2026-1042133,29.435669,-98.705463,1785601806000,http://www.sanantonio.gov/sapd/Calls.aspx,Blue,a tbd link,26,8
08/01/26, 7:40:17,700 Logwood Ave,78221,Other Calls,SAPD Emergency Call,6150,SOUTH,SAPD-2026-1041352,29.3493,-98.5234,1785588017000,http://www.sanantonio.gov/sapd/Calls.aspx,Blue,a tbd link,26,8
08/01/26, 6:22:50,500 S Frio St,78207,Other Calls,Visitation Violation,2370,CENTRAL,SAPD-2026-1043640,29.421551,-98.504866,1785626570000,http://www.sanantonio.gov/sapd/Calls.aspx,Blue,a tbd link,26,8
08/01/26, 2:54:09,10100 Arabian Hill,78254,Other Calls,Welfare Check,NOT SAPD BEX,SAPD OUTSIDE AREA,SAPD-2026-1042850,29.538031,-98.706322,1785614049000,http://www.sanantonio.gov/sapd/Calls.aspx,Blue,a tbd link,26,8
08/01/26,11:32:45 AM,400 Natalen Ave,78209,Other Calls,Disturbance,1230,DOWNTOWN,SAPD-2026-1042138,29.456011,-98.461433,1785601965000,http://www.sanantonio.gov/sapd/Calls.aspx,Blue,a tbd link,26,8
08/01/26, 7:40:52,1840-2098 AUSTIN HWY,78218,Traffic Calls,Traffic Related,4360,EAST,SAPD-2026-1041353,29.502665,-98.418026,1785588052000,http://www.sanantonio.gov/sapd/Calls.aspx,Yellow,a tbd link,26,8
08/01/26, 7:42:46,700 W Mayfield Blvd,78211,Crimes Against Person Calls,Lewd Conduct,6130,SOUTH,SAPD-2026-1041361,29.362151,-98.535356,1785588166000,http://www.sanantonio.gov/sapd/Calls.aspx,Red,a tbd link,26,8
08/01/26, 2:54:17,9800 Airport Blvd,78216,Other Calls,Patrol By,SAT1,AIRPORT,SAPD-2026-1042846,29.526619,-98.471844,1785614057000,http://www.sanantonio.gov/sapd/Calls.aspx,Blue,a tbd link,26,8
08/01/26,11:31:16 AM,10300 Ingram Rd,78245,Other Calls,Welfare Check,5330,WEST,SAPD-2026-1042134,29.430351,-98.661017,1785601876000,http://www.sanantonio.gov/sapd/Calls.aspx,Blue,a tbd link,26,8
08/01/26, 2:56:22,4700 Stringfellow Dr,78223,Other Calls,Disturbance,4210,EAST,SAPD-2026-1042855,29.378224,-98.434017,1785614182000,http://www.sanantonio.gov/sapd/Calls.aspx,Blue,a tbd link,26,8
08/01/26, 6:22:54,U0 HWY 90 W ACCESS RD,78227,Other Calls,Patrol By,6360,SOUTH,SAPD-2026-1043636,29.401621,-98.627606,1785626574000,http://www.sanantonio.gov/sapd/Calls.aspx,Blue,a tbd link,26,8
08/01/26, 7:44:31,2700 Lake Meadow,78222,Other Calls,SAPD Emergency Call,4250,EAST,SAPD-2026-1041364,29.393716,-98.374287,1785588271000,http://www.sanantonio.gov/sapd/Calls.aspx,Blue,a tbd link,26,8
08/01/26,11:34:14 AM,Belmont / N New Braunfels Ave,78202,Traffic Calls,Minor Accident,4140,EAST,SAPD-2026-1042142,29.420329,-98.461257,1785602054000,http://www.sanantonio.gov/sapd/Calls.aspx,Yellow,a tbd link,26,8
08/01/26, 2:56:19,21101-21799 Us Hwy 281 N Sb,78258,Traffic Calls,Traffic Violation,3160,NORTH,SAPD-2026-1042856,29.644264,-98.45279,1785614179000,http://www.sanantonio.gov/sapd/Calls.aspx,Yellow,a tbd link,26,8
08/01/26, 6:23:17,8400 AIRPORT BLVD,78216,Other Calls,Patrol By,3330,NORTH,SAPD-2026-1043637,29.515051,-98.47694,1785626597000,http://www.sanantonio.gov/sapd/Calls.aspx,Blue,a tbd link,26,8
08/01/26, 7:46:10,1301-1349 BANDERA RD,78228,Traffic Calls,Traffic Related,5220,WEST,SAPD-2026-1041365,29.464379,-98.56441,1785588370000,http://www.sanantonio.gov/sapd/Calls.aspx,Yellow,a tbd link,26,8
08/01/26,11:34:34 AM,3200 Le Blanc,78247,Property Crime Calls,Criminal Mischief,3220,NORTH,SAPD-2026-1042143,29.574794,-98.427579,1785602074000,http://www.sanantonio.gov/sapd/Calls.aspx,Green,a tbd link,26,8
08/01/26, 2:55:00,2500 E COMMERCE ST,78203,Property Crime Calls,Panhandler,4140,EAST,SAPD-2026-1042849,29.419226,-98.453531,1785614100000,http://www.sanantonio.gov/sapd/Calls.aspx,Green,a tbd link,26,8
08/01/26, 6:27:37,1000 S Brazos St,78207,Other Calls,Disturbance,2330,CENTRAL,SAPD-2026-1043654,29.416885,-98.514886,1785626857000,http://www.sanantonio.gov/sapd/Calls.aspx,Blue,a tbd link,26,8
08/01/26, 7:47:55,4900 Woodstone,78230,Property Crime Calls,Theft,7230,PRUE,SAPD-2026-1041366,29.553435,-98.576836,1785588475000,http://www.sanantonio.gov/sapd/Calls.aspx,Green,a tbd link,26,8
08/01/26,11:30:10 AM,S0 IH 35 S OFRP SOMERSET,78211,Traffic Calls,Traffic Related,6330,SOUTH,SAPD-2026-1042131,29.343011,-98.552898,1785601810000,http://www.sanantonio.gov/sapd/Calls.aspx,Yellow,a tbd link,26,8
08/01/26, 2:56:14,6207-6399 NW LOOP 410 WB,78238,Traffic Calls,Traffic Related,5310,WEST,SAPD-2026-1042854,29.468561,-98.616762,1785614174000,http://www.sanantonio.gov/sapd/Calls.aspx,Yellow,a tbd link,26,8
08/01/26, 6:27:12,1200 Austin St,78208,Other Calls,Disturbance Loud Music,1230,DOWNTOWN,SAPD-2026-1043655,29.44187,-98.474292,1785626832000,http://www.sanantonio.gov/sapd/Calls.aspx,Blue,a tbd link,26,8
08/01/26, 7:53:10,10500 Rosewood Crk,78245,Other Calls,SAPD Non-Emergency Call,NOT SAPD BEX,SAPD OUTSIDE AREA,SAPD-2026-1041378,29.425751,-98.698904,1785588790000,http://www.sanantonio.gov/sapd/Calls.aspx,Blue,a tbd link,26,8
08/01/26,11:32:08 AM,5000 Timber Climb,78250,Other Calls,Miscellaneous,7330,PRUE,SAPD-2026-1042137,29.484266,-98.652997,1785601928000,http://www.sanantonio.gov/sapd/Calls.aspx,Blue,a tbd link,26,8
08/01/26, 6:27:47,3200 W Gerald Ave,78211,Crimes Against Person Calls,Assault In Progress,6320,SOUTH,SAPD-2026-1043656,29.367269,-98.55833,1785626867000,http://www.sanantonio.gov/sapd/Calls.aspx,Red,a tbd link,26,8
08/01/26, 7:49:17,1200 Boling Brook Dr,78245,Crimes Against Person Calls,Threats,5330,WEST,SAPD-2026-1041371,29.421104,-98.671176,1785588557000,http://www.sanantonio.gov/sapd/Calls.aspx,Red,a tbd link,26,8
08/01/26,11:35:26 AM,600 Saipan Place,78221,Other Calls,Disturbance Family,6250,SOUTH,SAPD-2026-1042148,29.341293,-98.491592,1785602126000,http://www.sanantonio.gov/sapd/Calls.aspx,Blue,a tbd link,26,8
08/01/26, 7:50:50,4100 Willow Green Dr,78217,Property Crime Calls,Theft,3370,NORTH,SAPD-2026-1041372,29.520501,-98.413584,1785588650000,http://www.sanantonio.gov/sapd/Calls.aspx,Green,a tbd link,26,8
08/01/26, 2:57:37,E Park Ave / Ogden St,78212,Other Calls,Disturbance,1210,DOWNTOWN,SAPD-2026-1042862,29.443876,-98.49302,1785614257000,http://www.sanantonio.gov/sapd/Calls.aspx,Blue,a tbd link,26,8
08/01/26, 6:26:53,Old Field / Jones Maltsberger Rd,78247,Traffic Calls,Traffic Related,3140,NORTH,SAPD-2026-1043650,29.572688,-98.447504,1785626813000,http://www.sanantonio.gov/sapd/Calls.aspx,Yellow,a tbd link,26,8
08/01/26,11:36:25 AM,4900 Nw Loop 410,78229-5312,Other Calls,Information,5260,WEST,SAPD-2026-1042153,29.487577,-98.58343,1785602185000,http://www.sanantonio.gov/sapd/Calls.aspx,Blue,a tbd link,26,8
08/01/26, 7:48:34,9700 ROCHELLE RD,78240,Other Calls,Patrol By,7310,PRUE,SAPD-2026-1041367,29.534954,-98.629278,1785588514000,http://www.sanantonio.gov/sapd/Calls.aspx,Blue,a tbd link,26,8
08/01/26, 2:58:20,Branston / Chatsworth,78250,Other Calls,Suspicious Person,7370,PRUE,SAPD-2026-1042865,29.51262,-98.688007,1785614300000,http://www.sanantonio.gov/sapd/Calls.aspx,Blue,a tbd link,26,8
08/01/26, 6:28:50,5000 Prue Rd,78240,Other Calls,Visitation Violation,7310,PRUE,SAPD-2026-1043658,29.543157,-98.583584,1785626930000,http://www.sanantonio.gov/sapd/Calls.aspx,Blue,a tbd link,26,8
08/01/26,11:34:20 AM,14100 Swallow Dr,78217,Property Crime Calls,Theft of Vehicle,3240,NORTH,SAPD-2026-1042145,29.569716,-98.394171,1785602060000,http://www.sanantonio.gov/sapd/Calls.aspx,Green,a tbd link,26,8
08/01/26, 7:49:22,E EVANS RD / WAGON RD,78266,Other Calls,SAPD Non-Emergency Call,NOT SAPD BEX - 18,SAPD OUTSIDE AREA,SAPD-2026-1041368,29.60776,-98.33149,1785588562000,http://www.sanantonio.gov/sapd/Calls.aspx,Blue,a tbd link,26,8
08/01/26, 2:57:15,500 APACHE CREEK GREENWAY,78207,Other Calls,Patrol By,2330,CENTRAL,SAPD-2026-1042859,29.429809,-98.545048,1785614235000,http://www.sanantonio.gov/sapd/Calls.aspx,Blue,a tbd link,26,8
08/01/26, 6:26:40,101-119 S CHERRY ST,78203,Other Calls,SAPD Non-Emergency Call,4120,EAST,SAPD-2026-1043649,29.420837,-98.476203,1785626800000,http://www.sanantonio.gov/sapd/Calls.aspx,Blue,a tbd link,26,8
08/01/26,11:36:00 AM,6100 Vance Jackson,78230,Other Calls,Suspicious Person,7210,PRUE,SAPD-2026-1042150,29.536614,-98.549507,1785602160000,http://www.sanantonio.gov/sapd/Calls.aspx,Blue,a tbd link,26,8
08/01/26, 7:51:39,1100 Hermine Blvd,78201,Other Calls,Assist the Public,2220,CENTRAL,SAPD-2026-1041375,29.482276,-98.512203,1785588699000,http://www.sanantonio.gov/sapd/Calls.aspx,Blue,a tbd link,26,8
08/01/26, 2:59:51,6800 San Pedro Ave,78216,Other Calls,Disturbance,3310,NORTH,SAPD-2026-1042868,29.502541,-98.499255,1785614391000,http://www.sanantonio.gov/sapd/Calls.aspx,Blue,a tbd link,26,8
08/01/26, 6:27:21,1301-1499 S TERMINAL,78216,Other Calls,Patrol By,SAT1,AIRPORT,SAPD-2026-1043652,29.524355,-98.474376,1785626841000,http://www.sanantonio.gov/sapd/Calls.aspx,Blue,a tbd link,26,8
08/01/26,11:35:23 AM,2000 Bandera Rd,78228,Property Crime Calls,Criminal Mischief,5260,WEST,SAPD-2026-1042193,29.472489,-98.579239,1785602123000,http://www.sanantonio.gov/sapd/Calls.aspx,Green,a tbd link,26,8
08/01/26, 3:01:07,4700 Acacia Hill,78244,Other Calls,Disturbance Family,4320,EAST,SAPD-2026-1042872,29.470914,-98.371332,1785614467000,http://www.sanantonio.gov/sapd/Calls.aspx,Blue,a tbd link,26,8
08/01/26, 6:30:54,4300 Dexired Dr,78222,Other Calls,Animal Related,4260,EAST,SAPD-2026-1043662,29.369311,-98.408363,1785627054000,http://www.sanantonio.gov/sapd/Calls.aspx,Blue,a tbd link,26,8
08/01/26,11:34:06 AM,100 Chico,78225,Property Crime Calls,Criminal Mischief,6110,SOUTH,SAPD-2026-1042141,29.392794,-98.516064,1785602046000,http://www.sanantonio.gov/sapd/Calls.aspx,Green,a tbd link,26,8
08/01/26, 6:28:48,2200 Se Military Dr,78223,Property Crime Calls,Theft In Progress,6270,SOUTH,SAPD-2026-1043657,29.350938,-98.460719,1785626928000,http://www.sanantonio.gov/sapd/Calls.aspx,Green,a tbd link,26,8
08/01/26, 3:07:50,1800 Delgado St,78207,Property Crime Calls,Theft,2360,CENTRAL,SAPD-2026-1042898,29.439636,-98.537587,1785614870000,http://www.sanantonio.gov/sapd/Calls.aspx,Green,a tbd link,26,8
08/01/26, 7:53:00,8000 W Military Dr,78227,Property Crime Calls,Theft,5150,WEST,SAPD-2026-1041376,29.428056,-98.625833,1785588780000,http://www.sanantonio.gov/sapd/Calls.aspx,Green,a tbd link,26,8
08/01/26,11:33:43 AM,2000 Chesterhill Dr,78228,Traffic Calls,Abandoned Vehicle,5250,WEST,SAPD-2026-1042155,29.456087,-98.593044,1785602023000,http://www.sanantonio.gov/sapd/Calls.aspx,Yellow,a tbd link,26,8
08/01/26, 6:29:05,300 Roosevelt Ave,78210,Traffic Calls,Traffic Violation,1140,DOWNTOWN,SAPD-2026-1043659,29.400997,-98.488233,1785626945000,http://www.sanantonio.gov/sapd/Calls.aspx,Yellow,a tbd link,26,8
08/01/26, 3:01:04,300 Guanajuato,78237,Crimes Against Person Calls,Assault In Progress,5120,WEST,SAPD-2026-1042870,29.406158,-98.562144,1785614464000,http://www.sanantonio.gov/sapd/Calls.aspx,Red,a tbd link,26,8
08/01/26, 7:51:17,200 W QUILL DR,78228,Other Calls,Patrol By,5250,WEST,SAPD-2026-1041374,29.466357,-98.572269,1785588677000,http://www.sanantonio.gov/sapd/Calls.aspx,Blue,a tbd link,26,8
08/01/26,11:33:23 AM,9700 Marbach Brook,78245,Other Calls,Miscellaneous,NOT SAPD BEX,SAPD OUTSIDE AREA,SAPD-2026-1042139,29.409854,-98.679352,1785602003000,http://www.sanantonio.gov/sapd/Calls.aspx,Blue,a tbd link,26,8
08/01/26, 6:33:02,6400 Baywater Dr,78229,Property Crime Calls,Theft,7140,PRUE,SAPD-2026-1043671,29.490944,-98.579654,1785627182000,http://www.sanantonio.gov/sapd/Calls.aspx,Green,a tbd link,26,8
08/01/26, 3:07:47,13100 Watson Rd,78073,Property Crime Calls,Criminal Mischief,6160,SOUTH,SAPD-2026-1042896,29.293756,-98.600861,1785614867000,http://www.sanantonio.gov/sapd/Calls.aspx,Green,a tbd link,26,8
08/01/26, 7:52:17,2600 W Martin St,78207,Other Calls,Welfare Check,2320,CENTRAL,SAPD-2026-1041386,29.431542,-98.52073,1785588737000,http://www.sanantonio.gov/sapd/Calls.aspx,Blue,a tbd link,26,8
08/01/26,11:35:24 AM,5400 Callaghan Rd,78228,Other Calls,Miscellaneous,5260,WEST,SAPD-2026-1042146,29.480263,-98.582822,1785602124000,http://www.sanantonio.gov/sapd/Calls.aspx,Blue,a tbd link,26,8
08/01/26, 6:33:24,3300 Se Military Dr,78235,Crimes Against Person Calls,Suspicious Vehicle,6270,SOUTH,SAPD-2026-1043673,29.348258,-98.433573,1785627204000,http://www.sanantonio.gov/sapd/Calls.aspx,Red,a tbd link,26,8
08/01/26, 3:04:04,St Cloud / Bandera Rd,78228,Traffic Calls,Traffic Related,5210,WEST,SAPD-2026-1042881,29.453986,-98.550657,1785614644000,http://www.sanantonio.gov/sapd/Calls.aspx,Yellow,a tbd link,26,8
08/01/26, 7:54:25,100 Jacques St,78233,Other Calls,Welfare Check,3230,NORTH,SAPD-2026-1041385,29.534543,-98.381051,1785588865000,http://www.sanantonio.gov/sapd/Calls.aspx,Blue,a tbd link,26,8
08/01/26,11:39:24 AM,900 Grants Canyon,78251,Other Calls,Suspicious Person,5360,WEST,SAPD-2026-1042161,29.442334,-98.692435,1785602364000,http://www.sanantonio.gov/sapd/Calls.aspx,Blue,a tbd link,26,8
08/01/26,11:34:49 AM,1700 DIANE RD,78220,Other Calls,Patrol By,4240,EAST,SAPD-2026-1042144,29.405631,-98.398086,1785602089000,http://www.sanantonio.gov/sapd/Calls.aspx,Blue,a tbd link,26,8
08/01/26, 3:03:53,6300 Rittiman Rd,78218,Traffic Calls,Accident Private Property,4320,EAST,SAPD-2026-1042880,29.480734,-98.362259,1785614633000,http://www.sanantonio.gov/sapd/Calls.aspx,Yellow,a tbd link,26,8
08/01/26, 7:54:12,7100 Oaklawn,78229,Other Calls,Disturbance,7110,PRUE,SAPD-2026-1041383,29.499938,-98.554431,1785588852000,http://www.sanantonio.gov/sapd/Calls.aspx,Blue,a tbd link,26,8
08/01/26, 6:30:49,905-999 W CARGO,78216,Other Calls,Patrol By,SAT1,AIRPORT,SAPD-2026-1043661,29.532178,-98.481741,1785627049000,http://www.sanantonio.gov/sapd/Calls.aspx,Blue,a tbd link,26,8
08/01/26,11:40:36 AM,100 E Commerce St,78205,Other Calls,Patrol By,1120,DOWNTOWN,SAPD-2026-1042174,29.425043,-98.493769,1785602436000,http://www.sanantonio.gov/sapd/Calls.aspx,Blue,a tbd link,26,8
08/01/26, 7:55:32,8500 Grosbeak Cv,78227,Crimes Against Person Calls,Disturbance (Gun Involved),5330,WEST,SAPD-2026-1041391,29.420705,-98.653929,1785588932000,http://www.sanantonio.gov/sapd/Calls.aspx,Red,a tbd link,26,8
08/01/26, 3:05:01,Ih 10 W Access Rd / De Zavala Rd,78249,Traffic Calls,Traffic Related,7340,PRUE,SAPD-2026-1042883,29.563093,-98.592029,1785614701000,http://www.sanantonio.gov/sapd/Calls.aspx,Yellow,a tbd link,26,8
08/01/26, 6:32:34,8700 Floyd Curl Dr,78240,Other Calls,Suspicious Person,7160,PRUE,SAPD-2026-1043667,29.523288,-98.591123,1785627154000,http://www.sanantonio.gov/sapd/Calls.aspx,Blue,a tbd link,26,8
08/01/26,11:35:49 AM,12600 Judson Rd,78233,Property Crime Calls,Burglary Vehicle,3250,NORTH,SAPD-2026-1042151,29.554055,-98.359342,1785602149000,http://www.sanantonio.gov/sapd/Calls.aspx,Green,a tbd link,26,8
08/01/26, 7:55:08,1400 Cable Ranch Rd,78245,Other Calls,Disturbance,5330,WEST,SAPD-2026-1041388,29.422083,-98.659986,1785588908000,http://www.sanantonio.gov/sapd/Calls.aspx,Blue,a tbd link,26,8
08/01/26, 3:03:54,7201-7299 TIMBERLEAF,78238,Traffic Calls,Traffic Related,NOT SAPD BEX - 6,SAPD OUTSIDE AREA,SAPD-2026-1042878,29.503813,-98.617412,1785614634000,http://www.sanantonio.gov/sapd/Calls.aspx,Yellow,a tbd link,26,8
08/01/26, 6:31:36,1500 SALTILLO ST,78207,Other Calls,Patrol By,2350,CENTRAL,SAPD-2026-1043664,29.411714,-98.536347,1785627096000,http://www.sanantonio.gov/sapd/Calls.aspx,Blue,a tbd link,26,8
08/01/26,11:40:06 AM,2500 Morales,78207,Property Crime Calls,Forgery,2360,CENTRAL,SAPD-2026-1042164,29.433265,-98.527504,1785602406000,http://www.sanantonio.gov/sapd/Calls.aspx,Green,a tbd link,26,8
08/01/26, 7:53:54,Felisa St / Roosevelt Ave,78210,Crimes Against Person Calls,Suspicious Vehicle,6220,SOUTH,SAPD-2026-1041380,29.390935,-98.486286,1785588834000,http://www.sanantonio.gov/sapd/Calls.aspx,Red,a tbd link,26,8
08/01/26, 3:07:54,W Commerce St / Sw 24th St,78207,Other Calls,Welfare Check,2330,CENTRAL,SAPD-2026-1042899,29.42954,-98.542552,1785614874000,http://www.sanantonio.gov/sapd/Calls.aspx,Blue,a tbd link,26,8
08/01/26, 6:31:49,4600-4798 S HACKBERRY ST,78223,Traffic Calls,Traffic Violation,6220,SOUTH,SAPD-2026-1043665,29.375818,-98.473408,1785627109000,http://www.sanantonio.gov/sapd/Calls.aspx,Yellow,a tbd link,26,8
08/01/26,11:35:42 AM,6167-6499 US HWY 90 W WB,78227,Traffic Calls,Traffic Related,5150,WEST,SAPD-2026-1042149,29.405384,-98.61321,1785602142000,http://www.sanantonio.gov/sapd/Calls.aspx,Yellow,a tbd link,26,8
08/01/26, 7:55:01,7600 Us Hwy 90 W,78227,Other Calls,Disturbance Loud Music,6360,SOUTH,SAPD-2026-1041387,29.398411,-98.643187,1785588901000,http://www.sanantonio.gov/sapd/Calls.aspx,Blue,a tbd link,26,8
08/01/26, 3:06:33,13600 Bell Dr,78217,Traffic Calls,Minor Accident,3240,NORTH,SAPD-2026-1042891,29.563201,-98.403167,1785614793000,http://www.sanantonio.gov/sapd/Calls.aspx,Yellow,a tbd link,26,8
08/01/26, 3:08:36,4800 W Commerce St,78237,Other Calls,Disturbance,5110,WEST,SAPD-2026-1042902,29.432381,-98.55546,1785614916000,http://www.sanantonio.gov/sapd/Calls.aspx,Blue,a tbd link,26,8
08/01/26,11:37:02 AM,Kirk Place / Gaynor St,78225,Traffic Calls,Minor Accident,6110,SOUTH,SAPD-2026-1042156,29.395963,-98.518705,1785602222000,http://www.sanantonio.gov/sapd/Calls.aspx,Yellow,a tbd link,26,8
08/01/26, 7:55:17,3700 West Ave,78213,Other Calls,Disturbance Family,2230,CENTRAL,SAPD-2026-1041389,29.498685,-98.526271,1785588917000,http://www.sanantonio.gov/sapd/Calls.aspx,Blue,a tbd link,26,8
08/01/26, 6:35:39,8500 Pecan Cross,78240,Other Calls,Narcotic Laws,7310,PRUE,SAPD-2026-1043678,29.521855,-98.607011,1785627339000,http://www.sanantonio.gov/sapd/Calls.aspx,Blue,a tbd link,26,8
08/01/26,11:39:22 AM,300 N General Mcmullen,78237,Other Calls,Disturbance,5130,WEST,SAPD-2026-1042165,29.43626,-98.55545,1785602362000,http://www.sanantonio.gov/sapd/Calls.aspx,Blue,a tbd link,26,8
08/01/26, 7:57:11,1300 Logwood Ave,78221,Other Calls,Miscellaneous,6150,SOUTH,SAPD-2026-1041394,29.343548,-98.523109,1785589031000,http://www.sanantonio.gov/sapd/Calls.aspx,Blue,a tbd link,26,8
08/01/26, 3:07:23,E0 Ne Loop 410 Ofrp Hy281 N,78216,Traffic Calls,Minor Accident,3320,NORTH,SAPD-2026-1042895,29.520355,-98.491462,1785614843000,http://www.sanantonio.gov/sapd/Calls.aspx,Yellow,a tbd link,26,8
08/01/26, 6:35:31,4500 Medical Dr,78229,Other Calls,Miscellaneous,7130,PRUE,SAPD-2026-1043677,29.507184,-98.578914,1785627331000,http://www.sanantonio.gov/sapd/Calls.aspx,Blue,a tbd link,26,8
08/01/26,11:36:22 AM,1219-1283 BANDERA RD,78228,Traffic Calls,Traffic Related,5220,WEST,SAPD-2026-1042152,29.463264,-98.562903,1785602182000,http://www.sanantonio.gov/sapd/Calls.aspx,Yellow,a tbd link,26,8
08/01/26, 7:57:42,300 Zabra Dr,78227,Crimes Against Person Calls,Assault,5340,WEST,SAPD-2026-1041395,29.404271,-98.655063,1785589062000,http://www.sanantonio.gov/sapd/Calls.aspx,Red,a tbd link,26,8
08/01/26, 3:10:10,500 Pennystone Ave,78223,Crimes Against Person Calls,Threats,4210,EAST,SAPD-2026-1042908,29.378626,-98.444671,1785615010000,http://www.sanantonio.gov/sapd/Calls.aspx,Red,a tbd link,26,8
08/01/26, 6:34:31,100 Sw Loop 410,78245,Traffic Calls,Traffic Related,5160,WEST,SAPD-2026-1043676,29.437411,-98.64423,1785627271000,http://www.sanantonio.gov/sapd/Calls.aspx,Yellow,a tbd link,26,8
08/01/26,11:41:12 AM,1700 W Craig Place,78201,Traffic Calls,Traffic Violation,5210,WEST,SAPD-2026-1042171,29.452729,-98.524622,1785602472000,http://www.sanantonio.gov/sapd/Calls.aspx,Yellow,a tbd link,26,8
08/01/26, 7:56:16,901-1051 HOLBROOK,78218,Other Calls,Patrol By,4350,EAST,SAPD-2026-1041392,29.487633,-98.417761,1785588976000,http://www.sanantonio.gov/sapd/Calls.aspx,Blue,a tbd link,26,8
08/01/26, 3:05:17,9500 Green Rd,78109,Other Calls,Miscellaneous,NOT SAPD BEX,SAPD OUTSIDE AREA,SAPD-2026-1042885,29.453732,-98.298459,1785614717000,http://www.sanantonio.gov/sapd/Calls.aspx,Blue,a tbd link,26,8
08/01/26, 6:40:50,N0 Ih 10 W Ofrp Fallen Leaf,78230,Traffic Calls,Traffic Related,7210,PRUE,SAPD-2026-1043694,29.514965,-98.553186,1785627650000,http://www.sanantonio.gov/sapd/Calls.aspx,Yellow,a tbd link,26,8
08/01/26,11:36:55 AM,200 ALEXANDER RD,78201,Other Calls,Patrol By,5210,WEST,SAPD-2026-1042154,29.450801,-98.527742,1785602215000,http://www.sanantonio.gov/sapd/Calls.aspx,Blue,a tbd link,26,8
08/01/26, 7:59:22,500 Burton Ave,78221,Other Calls,Welfare Check,6150,SOUTH,SAPD-2026-1041399,29.353605,-98.514367,1785589162000,http://www.sanantonio.gov/sapd/Calls.aspx,Blue,a tbd link,26,8
08/01/26, 3:06:37,11100 Huebner Oaks,78230,Property Crime Calls,Theft,7230,PRUE,SAPD-2026-1042892,29.549509,-98.580322,1785614797000,http://www.sanantonio.gov/sapd/Calls.aspx,Green,a tbd link,26,8
08/01/26,11:38:15 AM,9800 Airport Blvd,78216,Other Calls,Property Found,SAT1,AIRPORT,SAPD-2026-1042158,29.526619,-98.471844,1785602295000,http://www.sanantonio.gov/sapd/Calls.aspx,Blue,a tbd link,26,8
08/01/26, 7:59:02,6000 Danny Kaye Dr,78240,Property Crime Calls,Burglary Vehicle,7160,PRUE,SAPD-2026-1041397,29.512038,-98.595683,1785589142000,http://www.sanantonio.gov/sapd/Calls.aspx,Green,a tbd link,26,8
08/01/26, 3:06:54,1000 Aganier Ave,78212,Crimes Against Person Calls,Assault In Progress,2210,CENTRAL,SAPD-2026-1042893,29.457818,-98.506069,1785614814000,http://www.sanantonio.gov/sapd/Calls.aspx,Red,a tbd link,26,8
08/01/26, 6:34:01,2900 Jane Ellen Dr,78237,Other Calls,Disturbance Loud Music,6310,SOUTH,SAPD-2026-1043675,29.401492,-98.54917,1785627241000,http://www.sanantonio.gov/sapd/Calls.aspx,Blue,a tbd link,26,8
08/01/26,11:38:13 AM,300 W Gerald Ave,78221,Traffic Calls,Minor Accident,6230,SOUTH,SAPD-2026-1042157,29.365765,-98.508626,1785602293000,http://www.sanantonio.gov/sapd/Calls.aspx,Yellow,a tbd link,26,8
08/01/26, 3:09:01,600 Gabriel,78202,Crimes Against Person Calls,Assault,4130,EAST,SAPD-2026-1042904,29.431773,-98.452443,1785614941000,http://www.sanantonio.gov/sapd/Calls.aspx,Red,a tbd link,26,8
08/01/26, 7:59:09,6900 Pickwell Dr,78223,Other Calls,Welfare Check,4260,EAST,SAPD-2026-1041398,29.358266,-98.426813,1785589149000,http://www.sanantonio.gov/sapd/Calls.aspx,Blue,a tbd link,26,8
08/01/26, 6:38:32,19300 Nw Military Hwy,78257,Other Calls,Suspicious Person,7260,PRUE,SAPD-2026-1043687,29.621912,-98.573865,1785627512000,http://www.sanantonio.gov/sapd/Calls.aspx,Blue,a tbd link,26,8
08/01/26,11:39:56 AM,13000 Jones Maltsberger Rd,78247,Other Calls,Assist the Public,3220,NORTH,SAPD-2026-1042166,29.559728,-98.459693,1785602396000,http://www.sanantonio.gov/sapd/Calls.aspx,Blue,a tbd link,26,8
08/01/26, 3:08:15,LEVI STRAUSS PARK TRAILHEAD,78227,Other Calls,Patrol By,5150,WEST,SAPD-2026-1042900,29.411558,-98.607519,1785614895000,http://www.sanantonio.gov/sapd/Calls.aspx,Blue,a tbd link,26,8
08/01/26, 8:00:00,OAKWELL TRAILHEAD,78218,Other Calls,Patrol By,4360,EAST,SAPD-2026-1041400,29.502335,-98.421066,1785589200000,http://www.sanantonio.gov/sapd/Calls.aspx,Blue,a tbd link,26,8
08/01/26, 6:36:17,S0 HY281 N OFRP JOSEPHINE ST,78215,Traffic Calls,Traffic Related,1230,DOWNTOWN,SAPD-2026-1043680,29.44528,-98.478167,1785627377000,http://www.sanantonio.gov/sapd/Calls.aspx,Yellow,a tbd link,26,8
08/01/26,11:41:27 AM,11400 West Ave,78213,Traffic Calls,Major Accident,3110,NORTH,SAPD-2026-1042173,29.54369,-98.511651,1785602487000,http://www.sanantonio.gov/sapd/Calls.aspx,Yellow,a tbd link,26,8
08/01/26, 3:13:55,100 Probandt St,78204,Traffic Calls,Minor Accident,1140,DOWNTOWN,SAPD-2026-1042921,29.407257,-98.496319,1785615235000,http://www.sanantonio.gov/sapd/Calls.aspx,Yellow,a tbd link,26,8
08/01/26, 8:03:08,3400 Broadway,78209,Crimes Against Person Calls,Lewd Conduct,1230,DOWNTOWN,SAPD-2026-1041406,29.457764,-98.468847,1785589388000,http://www.sanantonio.gov/sapd/Calls.aspx,Red,a tbd link,26,8
08/01/26, 6:47:01,600 J St,78220,Other Calls,Disturbance Neighbor,4210,EAST,SAPD-2026-1043738,29.40447,-98.440038,1785628021000,http://www.sanantonio.gov/sapd/Calls.aspx,Blue,a tbd link,26,8
08/01/26,11:40:53 AM,West Ave / Patricia Dr,78213,Traffic Calls,Major Accident,3110,NORTH,SAPD-2026-1042170,29.544185,-98.511144,1785602453000,http://www.sanantonio.gov/sapd/Calls.aspx,Yellow,a tbd link,26,8
08/01/26, 3:17:10,1000 Aganier Ave,78212,Other Calls,Disturbance,2210,CENTRAL,SAPD-2026-1042936,29.457818,-98.506069,1785615430000,http://www.sanantonio.gov/sapd/Calls.aspx,Blue,a tbd link,26,8
08/01/26, 8:03:53,12500 Sw Loop 410,78224,Property Crime Calls,Theft,6160,SOUTH,SAPD-2026-1041405,29.318742,-98.554081,1785589433000,http://www.sanantonio.gov/sapd/Calls.aspx,Green,a tbd link,26,8
08/01/26,11:41:13 AM,13000 Jones Maltsberger Rd,78247,Other Calls,Assist the Public,3220,NORTH,SAPD-2026-1042172,29.559728,-98.459693,1785602473000,http://www.sanantonio.gov/sapd/Calls.aspx,Blue,a tbd link,26,8
08/01/26, 3:12:28,10100 Roosevelt Ave,78214,Traffic Calls,Minor Accident,6260,SOUTH,SAPD-2026-1042916,29.315901,-98.476228,1785615148000,http://www.sanantonio.gov/sapd/Calls.aspx,Yellow,a tbd link,26,8
08/01/26, 8:01:48,1000 W Laurel St,78201,Other Calls,Information,1220,DOWNTOWN,SAPD-2026-1041401,29.442148,-98.505826,1785589308000,http://www.sanantonio.gov/sapd/Calls.aspx,Blue,a tbd link,26,8
08/01/26, 6:37:15,11000 Westwood Loop,78253,Traffic Calls,Minor Accident,NOT SAPD BEX,SAPD OUTSIDE AREA,SAPD-2026-1043683,29.494836,-98.710231,1785627435000,http://www.sanantonio.gov/sapd/Calls.aspx,Yellow,a tbd link,26,8
08/01/26,11:45:10 AM,9700 Simplicity Dr,78245,Other Calls,Miscellaneous,5330,WEST,SAPD-2026-1042183,29.419995,-98.67482,1785602710000,http://www.sanantonio.gov/sapd/Calls.aspx,Blue,a tbd link,26,8
08/01/26, 8:03:24,1700 W Lawndale Dr,78209,Other Calls,Disturbance,3330,NORTH,SAPD-2026-1041404,29.509587,-98.467894,1785589404000,http://www.sanantonio.gov/sapd/Calls.aspx,Blue,a tbd link,26,8
08/01/26, 3:12:13,1500 Laven Dr,78228,Other Calls,Disturbance,5250,WEST,SAPD-2026-1042915,29.451246,-98.590006,1785615133000,http://www.sanantonio.gov/sapd/Calls.aspx,Blue,a tbd link,26,8
08/01/26, 6:37:57,10900 Culebra Rd,78253,Other Calls,Disturbance,5350,WEST,SAPD-2026-1043686,29.49552,-98.708366,1785627477000,http://www.sanantonio.gov/sapd/Calls.aspx,Blue,a tbd link,26,8
08/01/26,11:40:41 AM,1000-1099 Patricia Dr,78213,Traffic Calls,Major Accident,3110,NORTH,SAPD-2026-1042168,29.544335,-98.511334,1785602441000,http://www.sanantonio.gov/sapd/Calls.aspx,Yellow,a tbd link,26,8
08/01/26, 8:05:25,Ne Loop 410 Eb / Nacogdoches Rd,78209,Traffic Calls,Traffic Violation,3330,NORTH,SAPD-2026-1041412,29.515944,-98.452154,1785589525000,http://www.sanantonio.gov/sapd/Calls.aspx,Yellow,a tbd link,26,8
08/01/26, 3:10:28,400 LEXINGTON AVE,78215,Other Calls,Patrol By,1130,DOWNTOWN,SAPD-2026-1042906,29.434246,-98.490671,1785615028000,http://www.sanantonio.gov/sapd/Calls.aspx,Blue,a tbd link,26,8
08/01/26, 6:37:21,6200 S NEW BRAUNFELS AVE,78223,Other Calls,Patrol By,6240,SOUTH,SAPD-2026-1043684,29.364475,-98.457587,1785627441000,http://www.sanantonio.gov/sapd/Calls.aspx,Blue,a tbd link,26,8
08/01/26,11:40:51 AM,4888-4998 N LOOP 1604 W EB,78249,Traffic Calls,Traffic Related,7230,PRUE,SAPD-2026-1042169,29.592629,-98.58271,1785602451000,http://www.sanantonio.gov/sapd/Calls.aspx,Yellow,a tbd link,26,8
08/01/26, 8:05:12,1000 Jaguar Pkwy,78224,Other Calls,Suspicious Person,6160,SOUTH,SAPD-2026-1041410,29.305485,-98.519101,1785589512000,http://www.sanantonio.gov/sapd/Calls.aspx,Blue,a tbd link,26,8
08/01/26, 3:11:28,N LOOP 1604 W EB / W BITTERS RD,78248,Traffic Calls,Traffic Related,7240,PRUE,SAPD-2026-1042910,29.603145,-98.533584,1785615088000,http://www.sanantonio.gov/sapd/Calls.aspx,Yellow,a tbd link,26,8
08/01/26, 6:40:03,18100 Blanco Rd,78232,Other Calls,Suspicious Person,7240,PRUE,SAPD-2026-1043690,29.606587,-98.507809,1785627603000,http://www.sanantonio.gov/sapd/Calls.aspx,Blue,a tbd link,26,8
08/01/26,11:43:10 AM,1500 Austin Hwy,78218,Traffic Calls,Accident Private Property,4350,EAST,SAPD-2026-1042177,29.492919,-98.431133,1785602590000,http://www.sanantonio.gov/sapd/Calls.aspx,Yellow,a tbd link,26,8
08/01/26, 8:08:05,Lulac Walk / Matthews Ave,78237,Other Calls,Assist the Public,5110,WEST,SAPD-2026-1041416,29.421835,-98.547211,1785589685000,http://www.sanantonio.gov/sapd/Calls.aspx,Blue,a tbd link,26,8
08/01/26, 3:11:41,5601-6199 Sw Loop 410 Sb,78227,Traffic Calls,Wrong Way Driver,6360,SOUTH,SAPD-2026-1042911,29.376436,-98.639516,1785615101000,http://www.sanantonio.gov/sapd/Calls.aspx,Yellow,a tbd link,26,8
08/01/26,11:43:37 AM,200 Karen Ln,78209,Other Calls,Suspicious Person,3340,NORTH,SAPD-2026-1042179,29.486052,-98.43532,1785602617000,http://www.sanantonio.gov/sapd/Calls.aspx,Blue,a tbd link,26,8
08/01/26, 8:04:58,S ALAMO ST / E COMMERCE ST,78205,Other Calls,Patrol By,1110,DOWNTOWN,SAPD-2026-1041408,29.423495,-98.487458,1785589498000,http://www.sanantonio.gov/sapd/Calls.aspx,Blue,a tbd link,26,8
08/01/26, 3:11:00,600 THEO PKWY,78210,Other Calls,Patrol By,6220,SOUTH,SAPD-2026-1042909,29.389465,-98.498215,1785615060000,http://www.sanantonio.gov/sapd/Calls.aspx,Blue,a tbd link,26,8
08/01/26, 6:39:58,S Brazos St / Pendleton,78207,Other Calls,Disturbance,2340,CENTRAL,SAPD-2026-1043689,29.405053,-98.516119,1785627598000,http://www.sanantonio.gov/sapd/Calls.aspx,Blue,a tbd link,26,8
08/01/26, 3:13:40,4200 Nw Loop 410,78229,Traffic Calls,Minor Accident,7110,PRUE,SAPD-2026-1042920,29.489735,-98.566764,1785615220000,http://www.sanantonio.gov/sapd/Calls.aspx,Yellow,a tbd link,26,8
08/01/26,11:43:47 AM,8100 Potranco Rd,78251,Other Calls,Disturbance,5160,WEST,SAPD-2026-1042178,29.44974,-98.646464,1785602627000,http://www.sanantonio.gov/sapd/Calls.aspx,Blue,a tbd link,26,8
08/01/26, 8:05:09,5722-5798 HAREFIELD DR,78228,Traffic Calls,Traffic Related,5140,WEST,SAPD-2026-1041409,29.444873,-98.600258,1785589509000,http://www.sanantonio.gov/sapd/Calls.aspx,Yellow,a tbd link,26,8
08/01/26, 6:42:21,200 John Page Dr,78228,Other Calls,Information,5230,WEST,SAPD-2026-1043701,29.466127,-98.548159,1785627741000,http://www.sanantonio.gov/sapd/Calls.aspx,Blue,a tbd link,26,8
08/01/26, 3:11:54,2300 Blk West Ave,78201,Other Calls,SAPD Emergency Call,2220,CENTRAL,SAPD-2026-1042912,29.482444,-98.525888,1785615114000,http://www.sanantonio.gov/sapd/Calls.aspx,Blue,a tbd link,26,8
08/01/26,11:43:37 AM,4800 W Commerce St,78237,Crimes Against Person Calls,Suspicious Vehicle,5110,WEST,SAPD-2026-1042181,29.430917,-98.55578,1785602617000,http://www.sanantonio.gov/sapd/Calls.aspx,Red,a tbd link,26,8
08/01/26, 8:07:16,400 Sw 28th St,78237,Other Calls,Assist the Public,5110,WEST,SAPD-2026-1041415,29.424893,-98.549104,1785589636000,http://www.sanantonio.gov/sapd/Calls.aspx,Blue,a tbd link,26,8
08/01/26, 6:40:06,N Loop 1604 W / Babcock Rd,78249,Traffic Calls,Minor Accident,7250,PRUE,SAPD-2026-1043692,29.587723,-98.630989,1785627606000,http://www.sanantonio.gov/sapd/Calls.aspx,Yellow,a tbd link,26,8
08/01/26, 3:11:57,100 GRANTHAM,78218,Other Calls,Patrol By,4350,EAST,SAPD-2026-1042913,29.485499,-98.418507,1785615117000,http://www.sanantonio.gov/sapd/Calls.aspx,Blue,a tbd link,26,8
08/01/26,11:45:19 AM,10 Bitterblue Ln,78218,Other Calls,Suspicious Person,3340,NORTH,SAPD-2026-1042184,29.499668,-98.423526,1785602719000,http://www.sanantonio.gov/sapd/Calls.aspx,Blue,a tbd link,26,8
08/01/26, 8:08:14,500 Bertetti Dr,78227,Other Calls,Welfare Check,5340,WEST,SAPD-2026-1041419,29.398517,-98.66198,1785589694000,http://www.sanantonio.gov/sapd/Calls.aspx,Blue,a tbd link,26,8
08/01/26, 6:41:55,E Crockett St / Bonham,78205,Property Crime Calls,Theft of Vehicle,1110,DOWNTOWN,SAPD-2026-1043699,29.42497,-98.485359,1785627715000,http://www.sanantonio.gov/sapd/Calls.aspx,Green,a tbd link,26,8
08/01/26,11:42:22 AM,2500-2798 IH 35 S NB,78204,Traffic Calls,Abandoned Vehicle,1140,DOWNTOWN,SAPD-2026-1042175,29.398288,-98.511257,1785602542000,http://www.sanantonio.gov/sapd/Calls.aspx,Yellow,a tbd link,26,8
08/01/26, 3:16:44,200 Pennystone Ave,78223,Property Crime Calls,Burglary,4220,EAST,SAPD-2026-1042931,29.376506,-98.452744,1785615404000,http://www.sanantonio.gov/sapd/Calls.aspx,Green,a tbd link,26,8
08/01/26, 8:08:12,6500 Fm 78,78244,Crimes Against Person Calls,Fight,4320,EAST,SAPD-2026-1041418,29.479505,-98.359414,1785589692000,http://www.sanantonio.gov/sapd/Calls.aspx,Red,a tbd link,26,8
08/01/26,11:43:40 AM,18700 Stone Oak Pkwy,78258,Traffic Calls,Minor Accident,3170,NORTH,SAPD-2026-1042180,29.613022,-98.494223,1785602620000,http://www.sanantonio.gov/sapd/Calls.aspx,Yellow,a tbd link,26,8
08/01/26, 3:12:58,SAN ANTONIO INTERNATIONAL AIRPORT,78216,Other Calls,Patrol By,SAT1,AIRPORT,SAPD-2026-1042917,29.52173,-98.473089,1785615178000,http://www.sanantonio.gov/sapd/Calls.aspx,Blue,a tbd link,26,8
08/01/26, 8:10:40,FREDERICKSBURG RD / QUENTIN DR,78201,Traffic Calls,Traffic Violation,5240,WEST,SAPD-2026-1041424,29.468136,-98.529729,1785589840000,http://www.sanantonio.gov/sapd/Calls.aspx,Yellow,a tbd link,26,8
08/01/26, 6:43:50,11200 Spring Rain Dr,78249,Other Calls,Disturbance Family,7340,PRUE,SAPD-2026-1043706,29.545224,-98.62869,1785627830000,http://www.sanantonio.gov/sapd/Calls.aspx,Blue,a tbd link,26,8
08/01/26,11:43:16 AM,400 NEW LAREDO HWY,78211,Other Calls,Miscellaneous,6320,SOUTH,SAPD-2026-1042176,29.369098,-98.543932,1785602596000,http://www.sanantonio.gov/sapd/Calls.aspx,Blue,a tbd link,26,8
08/01/26, 8:15:24,6500 Fm 78,78244,Other Calls,Disturbance,4320,EAST,SAPD-2026-1041438,29.479505,-98.359414,1785590124000,http://www.sanantonio.gov/sapd/Calls.aspx,Blue,a tbd link,26,8
08/01/26, 3:17:28,4100 Sunrise Crest Dr,78244,Other Calls,Suspicious Person,4320,EAST,SAPD-2026-1042933,29.465768,-98.362974,1785615448000,http://www.sanantonio.gov/sapd/Calls.aspx,Blue,a tbd link,26,8
08/01/26, 6:42:05,19100 Stone Oak Pkwy,78258,Traffic Calls,Minor Accident,3170,NORTH,SAPD-2026-1043696,29.624977,-98.494948,1785627725000,http://www.sanantonio.gov/sapd/Calls.aspx,Yellow,a tbd link,26,8
08/01/26,11:46:03 AM,8700 Finlandia Rock,78251,Crimes Against Person Calls,Disturbance Family Knife Involved,5320,WEST,SAPD-2026-1042185,29.453355,-98.657004,1785602763000,http://www.sanantonio.gov/sapd/Calls.aspx,Red,a tbd link,26,8
08/01/26, 8:14:57,200 La Vaca St,78210,Crimes Against Person Calls,Shooting,1110,DOWNTOWN,SAPD-2026-1041435,29.416574,-98.486394,1785590097000,http://www.sanantonio.gov/sapd/Calls.aspx,Red,a tbd link,26,8
08/01/26, 3:16:32,7100 Culebra Commons,78250,Property Crime Calls,Theft,7360,PRUE,SAPD-2026-1042930,29.503261,-98.697944,1785615392000,http://www.sanantonio.gov/sapd/Calls.aspx,Green,a tbd link,26,8
08/01/26, 6:44:07,10100 Culebra Rd,78251,Other Calls,Welfare Check,7370,PRUE,SAPD-2026-1043707,29.489341,-98.690614,1785627847000,http://www.sanantonio.gov/sapd/Calls.aspx,Blue,a tbd link,26,8
08/01/26,11:46:11 AM,3300 Se Military Dr,78235,Property Crime Calls,Theft In Progress,6270,SOUTH,SAPD-2026-1042187,29.348258,-98.433573,1785602771000,http://www.sanantonio.gov/sapd/Calls.aspx,Green,a tbd link,26,8
08/01/26, 8:14:33,6900 Fort Bend,78222,Property Crime Calls,Burglary Vehicle,4260,EAST,SAPD-2026-1041432,29.355724,-98.402673,1785590073000,http://www.sanantonio.gov/sapd/Calls.aspx,Green,a tbd link,26,8
08/01/26, 3:19:16,2901-3199 N Loop 1604 E Wb,78247,Traffic Calls,Minor Accident,3150,NORTH,SAPD-2026-1042938,29.602073,-98.440734,1785615556000,http://www.sanantonio.gov/sapd/Calls.aspx,Yellow,a tbd link,26,8
08/01/26, 6:40:19,N SANTA ROSA,78207,Other Calls,Patrol By,1130,DOWNTOWN,SAPD-2026-1043691,29.431238,-98.497424,1785627619000,http://www.sanantonio.gov/sapd/Calls.aspx,Blue,a tbd link,26,8
08/01/26,11:50:08 AM,3100 W Commerce St,78207,Traffic Calls,Accident Private Property,2360,CENTRAL,SAPD-2026-1042195,29.428432,-98.530147,1785603008000,http://www.sanantonio.gov/sapd/Calls.aspx,Yellow,a tbd link,26,8
08/01/26, 8:14:44,8500 Somerset Rd,78211,Crimes Against Person Calls,Suspicious Vehicle,6330,SOUTH,SAPD-2026-1041433,29.340448,-98.563871,1785590084000,http://www.sanantonio.gov/sapd/Calls.aspx,Red,a tbd link,26,8
08/01/26, 3:15:21,Roosevelt Ave / Mission Rd,78210,Other Calls,Injured/Sick Person,1140,DOWNTOWN,SAPD-2026-1042924,29.399015,-98.486286,1785615321000,http://www.sanantonio.gov/sapd/Calls.aspx,Blue,a tbd link,26,8
08/01/26,11:47:47 AM,IH 37 S SB / GOLIAD RD,78223,Traffic Calls,Traffic Related,6240,SOUTH,SAPD-2026-1042189,29.359744,-98.435908,1785602867000,http://www.sanantonio.gov/sapd/Calls.aspx,Yellow,a tbd link,26,8
08/01/26, 8:14:53,900 Rigsby Ave,78210,Other Calls,Suspicious Person,4150,EAST,SAPD-2026-1041434,29.398901,-98.455686,1785590093000,http://www.sanantonio.gov/sapd/Calls.aspx,Blue,a tbd link,26,8
08/01/26, 3:15:53,Callaghan Rd / Evers Rd,78228,Other Calls,Disturbance,5260,WEST,SAPD-2026-1042926,29.478939,-98.585166,1785615353000,http://www.sanantonio.gov/sapd/Calls.aspx,Blue,a tbd link,26,8
08/01/26,11:48:07 AM,1600 Michigan Ave,78201,Other Calls,Disturbance,2210,CENTRAL,SAPD-2026-1042190,29.464608,-98.51188,1785602887000,http://www.sanantonio.gov/sapd/Calls.aspx,Blue,a tbd link,26,8
08/01/26, 3:15:39,3300 Hillcrest Dr,78201,Other Calls,Miscellaneous,NOT SAPD BEX - 5,SAPD OUTSIDE AREA,SAPD-2026-1042925,29.490872,-98.554447,1785615339000,http://www.sanantonio.gov/sapd/Calls.aspx,Blue,a tbd link,26,8
08/01/26, 3:22:41,1800 San Patricio,78207,Other Calls,Miscellaneous,2350,CENTRAL,SAPD-2026-1042965,29.418622,-98.534176,1785615761000,http://www.sanantonio.gov/sapd/Calls.aspx,Blue,a tbd link,26,8
08/01/26,11:48:18 AM,11800 Braesview,78231,Other Calls,Disturbance,3110,NORTH,SAPD-2026-1042191,29.549774,-98.525322,1785602898000,http://www.sanantonio.gov/sapd/Calls.aspx,Blue,a tbd link,26,8
08/01/26, 3:16:12,1901-1999 S ALAMO ST,78204,Other Calls,Patrol By,1140,DOWNTOWN,SAPD-2026-1042928,29.412535,-98.502917,1785615372000,http://www.sanantonio.gov/sapd/Calls.aspx,Blue,a tbd link,26,8
08/01/26, 8:16:43,1700 Lamar St,78202,Other Calls,Disturbance,4130,EAST,SAPD-2026-1041440,29.430858,-98.453997,1785590203000,http://www.sanantonio.gov/sapd/Calls.aspx,Blue,a tbd link,26,8
08/01/26,11:47:09 AM,500 PHARIS ST,78237,Other Calls,Patrol By,5140,WEST,SAPD-2026-1042188,29.429803,-98.581144,1785602829000,http://www.sanantonio.gov/sapd/Calls.aspx,Blue,a tbd link,26,8
08/01/26, 3:17:40,5900 White Cloud,78238,Other Calls,Disturbance,5270,WEST,SAPD-2026-1042934,29.470635,-98.603444,1785615460000,http://www.sanantonio.gov/sapd/Calls.aspx,Blue,a tbd link,26,8
08/01/26, 8:13:51,5-149 MEDINA RIVER GREENWAY,78264,Other Calls,Patrol By,6160,SOUTH,SAPD-2026-1041429,29.263152,-98.578064,1785590031000,http://www.sanantonio.gov/sapd/Calls.aspx,Blue,a tbd link,26,8
08/01/26,11:48:33 AM,3300 Se Military Dr,78223,Traffic Calls,Accident Private Property,6270,SOUTH,SAPD-2026-1042192,29.352217,-98.434502,1785602913000,http://www.sanantonio.gov/sapd/Calls.aspx,Yellow,a tbd link,26,8
08/01/26, 3:23:06,500 W Academy Ave,78226,Other Calls,Disturbance,6310,SOUTH,SAPD-2026-1042966,29.395411,-98.551391,1785615786000,http://www.sanantonio.gov/sapd/Calls.aspx,Blue,a tbd link,26,8
08/01/26, 8:15:34,4300 SAN LUIS ST,78237,Property Crime Calls,Theft In Progress,5110,WEST,SAPD-2026-1041439,29.425997,-98.553379,1785590134000,http://www.sanantonio.gov/sapd/Calls.aspx,Green,a tbd link,26,8
08/01/26,11:50:58 AM,8500 Huebner Rd,78240,Other Calls,Miscellaneous,7160,PRUE,SAPD-2026-1042198,29.516682,-98.605417,1785603058000,http://www.sanantonio.gov/sapd/Calls.aspx,Blue,a tbd link,26,8
08/01/26, 3:20:34,9300 Culebra Rd,78251,Other Calls,Welfare Check,7370,PRUE,SAPD-2026-1042945,29.484867,-98.667357,1785615634000,http://www.sanantonio.gov/sapd/Calls.aspx,Blue,a tbd link,26,8
08/01/26, 8:18:26,10400 Perrin Beitel,78217,Other Calls,Suspicious Person,3370,NORTH,SAPD-2026-1041446,29.535125,-98.411417,1785590306000,http://www.sanantonio.gov/sapd/Calls.aspx,Blue,a tbd link,26,8
08/01/26,11:51:32 AM,2800 Blanco Rd,78212,Other Calls,Information,2210,CENTRAL,SAPD-2026-1042201,29.472445,-98.507863,1785603092000,http://www.sanantonio.gov/sapd/Calls.aspx,Blue,a tbd link,26,8
08/01/26, 8:19:38,500 Castroville Rd,78237,Other Calls,Welfare Check,5110,WEST,SAPD-2026-1041448,29.418071,-98.549613,1785590378000,http://www.sanantonio.gov/sapd/Calls.aspx,Blue,a tbd link,26,8
08/01/26,11:51:07 AM,Judson Rd / Nacogdoches Rd,78233,Traffic Calls,Traffic Related,3260,NORTH,SAPD-2026-1042199,29.579739,-98.373013,1785603067000,http://www.sanantonio.gov/sapd/Calls.aspx,Yellow,a tbd link,26,8
08/01/26, 8:17:46,3600 Ih 35 N,78219-2322,Other Calls,SAPD Emergency Call,4160,EAST,SAPD-2026-1041443,29.449301,-98.426674,1785590266000,http://www.sanantonio.gov/sapd/Calls.aspx,Blue,a tbd link,26,8
08/01/26, 6:42:06,13000 Jones Maltsberger Rd,78247,Traffic Calls,Minor Accident,3220,NORTH,SAPD-2026-1043697,29.559728,-98.459693,1785627726000,http://www.sanantonio.gov/sapd/Calls.aspx,Yellow,a tbd link,26,8
08/01/26,11:52:11 AM,4100 Rogers Rd,78251,Other Calls,Disturbance,5350,WEST,SAPD-2026-1042203,29.473987,-98.693198,1785603131000,http://www.sanantonio.gov/sapd/Calls.aspx,Blue,a tbd link,26,8
08/01/26, 8:19:11,500 W Highland Blvd,78210,Other Calls,Disturbance,1140,DOWNTOWN,SAPD-2026-1041447,29.397025,-98.487096,1785590351000,http://www.sanantonio.gov/sapd/Calls.aspx,Blue,a tbd link,26,8
08/01/26, 6:45:24,16300 Vance Jackson Rd,78257,Other Calls,Disturbance Family,7260,PRUE,SAPD-2026-1043710,29.595415,-98.590919,1785627924000,http://www.sanantonio.gov/sapd/Calls.aspx,Blue,a tbd link,26,8
08/01/26, 3:21:18,9324-9598 Se Loop 410,78223,Other Calls,Disturbance,6280,SOUTH,SAPD-2026-1042948,29.324056,-98.427493,1785615678000,http://www.sanantonio.gov/sapd/Calls.aspx,Blue,a tbd link,26,8
08/01/26,11:52:48 AM,9200 Tree Village,78250,Other Calls,Welfare Check,7370,PRUE,SAPD-2026-1042209,29.502105,-98.68221,1785603168000,http://www.sanantonio.gov/sapd/Calls.aspx,Blue,a tbd link,26,8
08/01/26, 8:21:22,10100 Windstone Crk,78254,Traffic Calls,Traffic Violation,7360,PRUE,SAPD-2026-1041451,29.541044,-98.663681,1785590482000,http://www.sanantonio.gov/sapd/Calls.aspx,Yellow,a tbd link,26,8
08/01/26, 6:43:47,1400 Barker Bay,78245,Crimes Against Person Calls,Assault In Progress,5330,WEST,SAPD-2026-1043705,29.42035,-98.665529,1785627827000,http://www.sanantonio.gov/sapd/Calls.aspx,Red,a tbd link,26,8
08/01/26, 3:20:16,8422-8599 POTRANCO RD,78251,Other Calls,Injured/Sick Person,5320,WEST,SAPD-2026-1042944,29.447058,-98.6534,1785615616000,http://www.sanantonio.gov/sapd/Calls.aspx,Blue,a tbd link,26,8
08/01/26,11:50:52 AM,5000 LORD RD,78220,Other Calls,Patrol By,4240,EAST,SAPD-2026-1042196,29.413674,-98.393779,1785603052000,http://www.sanantonio.gov/sapd/Calls.aspx,Blue,a tbd link,26,8
08/01/26, 8:22:21,11500 Huebner Rd,78230,Property Crime Calls,Theft of Vehicle,7230,PRUE,SAPD-2026-1041453,29.550312,-98.574282,1785590541000,http://www.sanantonio.gov/sapd/Calls.aspx,Green,a tbd link,26,8
08/01/26, 6:48:34,10300 Sahara,78216,Other Calls,Suspicious Person,3350,NORTH,SAPD-2026-1043717,29.529759,-98.493961,1785628114000,http://www.sanantonio.gov/sapd/Calls.aspx,Blue,a tbd link,26,8
08/01/26, 3:21:33,6600 Honeyridge Ln,78239,Other Calls,SAPD Non-Emergency Call,NOT SAPD BEX,SAPD OUTSIDE AREA,SAPD-2026-1042949,29.52295,-98.357517,1785615693000,http://www.sanantonio.gov/sapd/Calls.aspx,Blue,a tbd link,26,8
08/01/26,11:50:59 AM,1101-1153 BANDERA RD,78228,Traffic Calls,Traffic Related,5220,WEST,SAPD-2026-1042197,29.46134,-98.560335,1785603059000,http://www.sanantonio.gov/sapd/Calls.aspx,Yellow,a tbd link,26,8
08/01/26, 8:21:23,3401-3783 AVENUE B,78209,Other Calls,Patrol By,1230,DOWNTOWN,SAPD-2026-1041450,29.460121,-98.468588,1785590483000,http://www.sanantonio.gov/sapd/Calls.aspx,Blue,a tbd link,26,8
08/01/26, 6:45:47,2800 Sw Military Dr,78224,Other Calls,Miscellaneous,6330,SOUTH,SAPD-2026-1043712,29.356722,-98.542768,1785627947000,http://www.sanantonio.gov/sapd/Calls.aspx,Blue,a tbd link,26,8
08/01/26, 3:19:31,16000 Ponderosa Pass,78023,Other Calls,SAPD Non-Emergency Call,NOT SAPD BEX,SAPD OUTSIDE AREA,SAPD-2026-1042939,29.59383,-98.659303,1785615571000,http://www.sanantonio.gov/sapd/Calls.aspx,Blue,a tbd link,26,8
08/01/26, 8:21:27,13100 JONES MALTSBERGER RD,78247,Other Calls,Patrol By,3220,NORTH,SAPD-2026-1041452,29.562239,-98.458244,1785590487000,http://www.sanantonio.gov/sapd/Calls.aspx,Blue,a tbd link,26,8
08/01/26, 6:50:39,3200 Nacogdoches Rd,78217,Other Calls,Patrol By,3360,NORTH,SAPD-2026-1043723,29.528124,-98.435589,1785628239000,http://www.sanantonio.gov/sapd/Calls.aspx,Blue,a tbd link,26,8
08/01/26, 3:20:54,100 Dannyclay,78228,Crimes Against Person Calls,Assault In Progress,5130,WEST,SAPD-2026-1042947,29.443828,-98.575332,1785615654000,http://www.sanantonio.gov/sapd/Calls.aspx,Red,a tbd link,26,8
08/01/26, 6:50:47,300 W Cheryl Dr,78228,Property Crime Calls,Theft of Vehicle,5220,WEST,SAPD-2026-1043727,29.461798,-98.567439,1785628247000,http://www.sanantonio.gov/sapd/Calls.aspx,Green,a tbd link,26,8
08/01/26,11:52:22 AM,8700 Data Point Dr,78229,Other Calls,Assist the Public,7120,PRUE,SAPD-2026-1042220,29.521222,-98.566458,1785603142000,http://www.sanantonio.gov/sapd/Calls.aspx,Blue,a tbd link,26,8
08/01/26, 3:22:28,19700 Wittenburg Dr,78256,Traffic Calls,Minor Accident,7260,PRUE,SAPD-2026-1042959,29.618558,-98.614126,1785615748000,http://www.sanantonio.gov/sapd/Calls.aspx,Yellow,a tbd link,26,8
08/01/26, 8:25:14,11700 O'connor Rd,78233,Other Calls,Missing Person/Runaway,3230,NORTH,SAPD-2026-1041460,29.547837,-98.370994,1785590714000,http://www.sanantonio.gov/sapd/Calls.aspx,Blue,a tbd link,26,8
08/01/26, 6:46:07,2900-2998 LASSES BLVD,78223,Traffic Calls,Traffic Related,6240,SOUTH,SAPD-2026-1043713,29.355568,-98.443082,1785627967000,http://www.sanantonio.gov/sapd/Calls.aspx,Yellow,a tbd link,26,8
08/01/26,11:52:48 AM,16027-16151 O'connor Rd,78247,Traffic Calls,Minor Accident,3240,NORTH,SAPD-2026-1042208,29.593934,-98.401302,1785603168000,http://www.sanantonio.gov/sapd/Calls.aspx,Yellow,a tbd link,26,8
08/01/26, 3:19:54,ARVIL TRAILHEAD,78227,Other Calls,Patrol By,5150,WEST,SAPD-2026-1042941,29.412158,-98.61494,1785615594000,http://www.sanantonio.gov/sapd/Calls.aspx,Blue,a tbd link,26,8
08/01/26, 8:29:55,600 Mc Dougal Ave,78223,Other Calls,Miscellaneous,4210,EAST,SAPD-2026-1041480,29.381333,-98.441188,1785590995000,http://www.sanantonio.gov/sapd/Calls.aspx,Blue,a tbd link,26,8
08/01/26, 6:55:08,13000 JONES MALTSBERGER RD,78247,Other Calls,Miscellaneous,3220,NORTH,SAPD-2026-1043741,29.559728,-98.459693,1785628508000,http://www.sanantonio.gov/sapd/Calls.aspx,Blue,a tbd link,26,8
08/01/26,11:52:12 AM,200 Mackey,78213,Traffic Calls,Minor Accident,2230,CENTRAL,SAPD-2026-1042204,29.490754,-98.527308,1785603132000,http://www.sanantonio.gov/sapd/Calls.aspx,Yellow,a tbd link,26,8
08/01/26, 3:20:52,5000 Prue Rd,78240,Other Calls,Property Found,7310,PRUE,SAPD-2026-1042946,29.543157,-98.583584,1785615652000,http://www.sanantonio.gov/sapd/Calls.aspx,Blue,a tbd link,26,8
08/01/26, 8:24:02,4800 US HWY 90 W WB,78237,Traffic Calls,Traffic Related,5120,WEST,SAPD-2026-1041455,29.407717,-98.586961,1785590642000,http://www.sanantonio.gov/sapd/Calls.aspx,Yellow,a tbd link,26,8
08/01/26, 6:48:18,100-199 College St,78205,Traffic Calls,Major Accident,1110,DOWNTOWN,SAPD-2026-1043716,29.425862,-98.490181,1785628098000,http://www.sanantonio.gov/sapd/Calls.aspx,Yellow,a tbd link,26,8
08/01/26,11:54:23 AM,4100 N Loop 1604 E,78247,Other Calls,Welfare Check,3240,NORTH,SAPD-2026-1042213,29.600605,-98.41075,1785603263000,http://www.sanantonio.gov/sapd/Calls.aspx,Blue,a tbd link,26,8
08/01/26, 3:26:55,9600 Bandera Rd,78254,Property Crime Calls,Theft,7320,PRUE,SAPD-2026-1042981,29.532517,-98.646142,1785616015000,http://www.sanantonio.gov/sapd/Calls.aspx,Green,a tbd link,26,8
08/01/26, 8:25:11,5100 OLD PEARSALL RD,78242,Other Calls,Patrol By,6340,SOUTH,SAPD-2026-1041459,29.359418,-98.596511,1785590711000,http://www.sanantonio.gov/sapd/Calls.aspx,Blue,a tbd link,26,8
08/01/26,11:51:20 AM,W0 NE LP 410 ONRP HARRY WZBCH,78209,Traffic Calls,Traffic Related,3360,NORTH,SAPD-2026-1042200,29.516237,-98.445177,1785603080000,http://www.sanantonio.gov/sapd/Calls.aspx,Yellow,a tbd link,26,8
08/01/26, 3:20:21,1200 N FRIO ST,78207,Other Calls,Ordinance Violation,2310,CENTRAL,SAPD-2026-1042943,29.437855,-98.505994,1785615621000,http://www.sanantonio.gov/sapd/Calls.aspx,Blue,a tbd link,26,8
08/01/26, 8:26:51,1000 Arion Pkwy,78216,Property Crime Calls,Theft,3130,NORTH,SAPD-2026-1041463,29.550278,-98.479167,1785590811000,http://www.sanantonio.gov/sapd/Calls.aspx,Green,a tbd link,26,8
08/01/26, 6:48:02,100-199 College St,78205,Traffic Calls,Major Accident,1110,DOWNTOWN,SAPD-2026-1043715,29.425862,-98.490179,1785628082000,http://www.sanantonio.gov/sapd/Calls.aspx,Yellow,a tbd link,26,8
08/01/26, 8:27:33,30 Bighorn Canyon,78258,Other Calls,Disturbance,3160,NORTH,SAPD-2026-1041464,29.64855,-98.46098,1785590853000,http://www.sanantonio.gov/sapd/Calls.aspx,Blue,a tbd link,26,8
08/01/26,11:53:12 AM,Ne Loop 410 / Perrin Beitel,78217,Other Calls,Welfare Check,3370,NORTH,SAPD-2026-1042210,29.516343,-98.411065,1785603192000,http://www.sanantonio.gov/sapd/Calls.aspx,Blue,a tbd link,26,8
08/01/26, 3:21:51,5900 White Cloud,78238,Property Crime Calls,Burglary in Progress,5270,WEST,SAPD-2026-1042954,29.470635,-98.603444,1785615711000,http://www.sanantonio.gov/sapd/Calls.aspx,Green,a tbd link,26,8
08/01/26, 6:50:43,S0 Ih 37 S Ofrp Nb Ave,78223,Traffic Calls,Major Accident,6220,SOUTH,SAPD-2026-1043722,29.376931,-98.462104,1785628243000,http://www.sanantonio.gov/sapd/Calls.aspx,Yellow,a tbd link,26,8
08/01/26, 8:30:27,11600 Huebner Rd,78230,Other Calls,Property Lost,7220,PRUE,SAPD-2026-1041475,29.547034,-98.571875,1785591027000,http://www.sanantonio.gov/sapd/Calls.aspx,Blue,a tbd link,26,8
08/01/26,11:52:28 AM,LOOP 1604 W EB,78232,Traffic Calls,Traffic Related,7240,PRUE,SAPD-2026-1042206,29.608472,-98.519353,1785603148000,http://www.sanantonio.gov/sapd/Calls.aspx,Yellow,a tbd link,26,8
08/01/26, 3:21:53,Ingram Rd / Potranco Rd,78238,Other Calls,Injured/Sick Person,5320,WEST,SAPD-2026-1042953,29.461244,-98.633366,1785615713000,http://www.sanantonio.gov/sapd/Calls.aspx,Blue,a tbd link,26,8
08/01/26, 6:49:20,7400 Tranquillo Way,78266,Other Calls,Disturbance Family,3260,NORTH,SAPD-2026-1043718,29.590754,-98.341341,1785628160000,http://www.sanantonio.gov/sapd/Calls.aspx,Blue,a tbd link,26,8
08/01/26, 8:28:55,11500 Culebra Rd,78253,Property Crime Calls,Theft of Vehicle,5350,WEST,SAPD-2026-1041468,29.501186,-98.7204,1785590935000,http://www.sanantonio.gov/sapd/Calls.aspx,Green,a tbd link,26,8
08/01/26,11:54:25 AM,Ih 10 W / West Ave,78201,Other Calls,Disturbance,2220,CENTRAL,SAPD-2026-1042214,29.482115,-98.525987,1785603265000,http://www.sanantonio.gov/sapd/Calls.aspx,Blue,a tbd link,26,8
08/01/26, 3:28:38,400 S WW WHITE RD,78219,Other Calls,Missing Person/Runaway,4240,EAST,SAPD-2026-1042988,29.42476,-98.405553,1785616118000,http://www.sanantonio.gov/sapd/Calls.aspx,Blue,a tbd link,26,8
08/01/26, 6:52:03,400 Fair Ave,78223,Traffic Calls,Minor Accident,6220,SOUTH,SAPD-2026-1043731,29.38407,-98.470747,1785628323000,http://www.sanantonio.gov/sapd/Calls.aspx,Yellow,a tbd link,26,8
08/01/26, 8:29:24,4100 Parkdale Dr,78229,Other Calls,Disturbance,7120,PRUE,SAPD-2026-1041471,29.525904,-98.564422,1785590964000,http://www.sanantonio.gov/sapd/Calls.aspx,Blue,a tbd link,26,8
08/01/26,11:56:11 AM,Wiseman Blvd / Rogers Rd,78251,Traffic Calls,Traffic Related,5350,WEST,SAPD-2026-1042222,29.476943,-98.693553,1785603371000,http://www.sanantonio.gov/sapd/Calls.aspx,Yellow,a tbd link,26,8
08/01/26, 3:21:35,500 W Academy Ave,78226,Crimes Against Person Calls,Assault In Progress,6310,SOUTH,SAPD-2026-1042955,29.395411,-98.551391,1785615695000,http://www.sanantonio.gov/sapd/Calls.aspx,Red,a tbd link,26,8
08/01/26, 8:30:36,6300 Echo Canyon,78249,Other Calls,Welfare Check,7340,PRUE,SAPD-2026-1041478,29.555842,-98.612427,1785591036000,http://www.sanantonio.gov/sapd/Calls.aspx,Blue,a tbd link,26,8
08/01/26,11:55:49 AM,4100 Rogers Rd,78251,Other Calls,Disturbance,5350,WEST,SAPD-2026-1042219,29.473987,-98.693198,1785603349000,http://www.sanantonio.gov/sapd/Calls.aspx,Blue,a tbd link,26,8
08/01/26, 3:21:41,1300-1498 GUADALUPE ST,78207,Traffic Calls,Traffic Related,2330,CENTRAL,SAPD-2026-1042951,29.418455,-98.515316,1785615701000,http://www.sanantonio.gov/sapd/Calls.aspx,Yellow,a tbd link,26,8
08/01/26,11:55:07 AM,3500 S Flores St,78204,Other Calls,Welfare Check,6210,SOUTH,SAPD-2026-1042217,29.38879,-98.503708,1785603307000,http://www.sanantonio.gov/sapd/Calls.aspx,Blue,a tbd link,26,8
08/01/26, 6:51:48,5500 Culebra Rd,78228,Other Calls,Welfare Check,5140,WEST,SAPD-2026-1043730,29.44727,-98.596419,1785628308000,http://www.sanantonio.gov/sapd/Calls.aspx,Blue,a tbd link,26,8
08/01/26, 3:24:40,2000 Ne Loop 410,78217,Other Calls,Disturbance,3370,NORTH,SAPD-2026-1042972,29.520319,-98.431308,1785615880000,http://www.sanantonio.gov/sapd/Calls.aspx,Blue,a tbd link,26,8
08/01/26, 8:27:46,SALADO CREEK GREENWAY NORTH,78217,Other Calls,Patrol By,4360,EAST,SAPD-2026-1041465,29.515372,-98.427955,1785590866000,http://www.sanantonio.gov/sapd/Calls.aspx,Blue,a tbd link,26,8
08/01/26,11:56:46 AM,1000 Rittiman Rd,78218,Crimes Against Person Calls,Lewd Conduct,4350,EAST,SAPD-2026-1042225,29.484854,-98.427785,1785603406000,http://www.sanantonio.gov/sapd/Calls.aspx,Red,a tbd link,26,8
08/01/26, 6:50:21,9800 Airport Blvd,78216,Other Calls,Assist the Public,SAT1,AIRPORT,SAPD-2026-1043721,29.526619,-98.471844,1785628221000,http://www.sanantonio.gov/sapd/Calls.aspx,Blue,a tbd link,26,8
08/01/26, 3:22:52,500 W Academy Ave,78226,Crimes Against Person Calls,Assault In Progress,6310,SOUTH,SAPD-2026-1042963,29.395411,-98.551391,1785615772000,http://www.sanantonio.gov/sapd/Calls.aspx,Red,a tbd link,26,8
08/01/26, 8:28:21,2000 N Flores St,78212,Other Calls,Welfare Check,1220,DOWNTOWN,SAPD-2026-1041466,29.446786,-98.504001,1785590901000,http://www.sanantonio.gov/sapd/Calls.aspx,Blue,a tbd link,26,8
08/01/26,11:57:57 AM,300 S Santa Rosa,78207,Crimes Against Person Calls,Assault,1120,DOWNTOWN,SAPD-2026-1042227,29.422478,-98.498873,1785603477000,http://www.sanantonio.gov/sapd/Calls.aspx,Red,a tbd link,26,8
08/01/26, 6:52:02,9800 Fredericksburg Rd,78288,Crimes Against Person Calls,Threats,7150,PRUE,SAPD-2026-1043732,29.534998,-98.575272,1785628322000,http://www.sanantonio.gov/sapd/Calls.aspx,Red,a tbd link,26,8
08/01/26, 3:25:19,400 E Sunshine,78228,Other Calls,Miscellaneous,5220,WEST,SAPD-2026-1042976,29.473235,-98.549997,1785615919000,http://www.sanantonio.gov/sapd/Calls.aspx,Blue,a tbd link,26,8
08/01/26, 8:30:40,300 N WEIDNER RD,78233,Other Calls,Welfare Check,3230,NORTH,SAPD-2026-1041476,29.535581,-98.37922,1785591040000,http://www.sanantonio.gov/sapd/Calls.aspx,Blue,a tbd link,26,8
08/01/26,11:57:33 AM,1500 SALTILLO ST,78207,Other Calls,Patrol By,2350,CENTRAL,SAPD-2026-1042226,29.411794,-98.536283,1785603453000,http://www.sanantonio.gov/sapd/Calls.aspx,Blue,a tbd link,26,8
08/01/26, 6:50:15,3100 N LOOP 1604 W,78231,Other Calls,Patrol By,7240,PRUE,SAPD-2026-1043720,29.600956,-98.540305,1785628215000,http://www.sanantonio.gov/sapd/Calls.aspx,Blue,a tbd link,26,8
08/01/26, 3:22:27,1500 Austin Hwy,78218,Other Calls,Miscellaneous,4350,EAST,SAPD-2026-1042958,29.492919,-98.431133,1785615747000,http://www.sanantonio.gov/sapd/Calls.aspx,Blue,a tbd link,26,8
08/01/26, 8:31:40,300 San Pedro Ave,78212,Property Crime Calls,Theft In Progress,1210,DOWNTOWN,SAPD-2026-1041481,29.436173,-98.495767,1785591100000,http://www.sanantonio.gov/sapd/Calls.aspx,Green,a tbd link,26,8
08/01/26, 6:52:12,6001-6051 Ih 10 E Wb,78219,Traffic Calls,Traffic Related,4310,EAST,SAPD-2026-1043735,29.441718,-98.371788,1785628332000,http://www.sanantonio.gov/sapd/Calls.aspx,Yellow,a tbd link,26,8
08/01/26, 3:22:54,1200 N FRIO ST,78207,Other Calls,Ordinance Violation,2310,CENTRAL,SAPD-2026-1042962,29.437855,-98.505994,1785615774000,http://www.sanantonio.gov/sapd/Calls.aspx,Blue,a tbd link,26,8
08/01/26, 8:32:11,4400 Timberhill Dr,78238,Other Calls,Missing Person/Runaway,5310,WEST,SAPD-2026-1041483,29.475961,-98.62637,1785591131000,http://www.sanantonio.gov/sapd/Calls.aspx,Blue,a tbd link,26,8
08/01/26,12:02:03 PM,3100 Twisted Crk,78230,Traffic Calls,Accident Private Property,7210,PRUE,SAPD-2026-1042237,29.526287,-98.544278,1785603723000,http://www.sanantonio.gov/sapd/Calls.aspx,Yellow,a tbd link,26,8
08/01/26, 6:51:21,5200 STORMY SKIES,78247,Other Calls,Animal Related,3260,NORTH,SAPD-2026-1043728,29.583415,-98.385815,1785628281000,http://www.sanantonio.gov/sapd/Calls.aspx,Blue,a tbd link,26,8
08/01/26, 8:30:28,U0 HWY 90 W,78227,Traffic Calls,Traffic Related,5150,WEST,SAPD-2026-1041474,29.406003,-98.611179,1785591028000,http://www.sanantonio.gov/sapd/Calls.aspx,Yellow,a tbd link,26,8
08/01/26, 3:23:51,11700 Culebra Rd,78253,Traffic Calls,Major Accident,5350,WEST,SAPD-2026-1042967,29.502263,-98.725606,1785615831000,http://www.sanantonio.gov/sapd/Calls.aspx,Yellow,a tbd link,26,8
08/01/26,12:00:28 PM,7100 New Laredo Hwy,78211,Other Calls,Suspicious Person,6330,SOUTH,SAPD-2026-1042233,29.356913,-98.560158,1785603628000,http://www.sanantonio.gov/sapd/Calls.aspx,Blue,a tbd link,26,8
08/01/26, 6:52:36,2000 Flamingo Dr,78209,Other Calls,Disturbance,3330,NORTH,SAPD-2026-1043736,29.510801,-98.46196,1785628356000,http://www.sanantonio.gov/sapd/Calls.aspx,Blue,a tbd link,26,8
08/01/26, 8:30:44,500 S JOSEPHINE TOBIN,78201,Other Calls,Patrol By,5210,WEST,SAPD-2026-1041477,29.451774,-98.535913,1785591044000,http://www.sanantonio.gov/sapd/Calls.aspx,Blue,a tbd link,26,8
08/01/26, 3:24:30,Potranco Rd / Ingram Rd,78238,Other Calls,Welfare Check,5320,WEST,SAPD-2026-1042970,29.461244,-98.633366,1785615870000,http://www.sanantonio.gov/sapd/Calls.aspx,Blue,a tbd link,26,8
08/01/26,11:59:35 AM,5101-5299 US HWY 90 W WB,78227,Traffic Calls,Traffic Related,5120,WEST,SAPD-2026-1042229,29.40779,-98.594153,1785603575000,http://www.sanantonio.gov/sapd/Calls.aspx,Yellow,a tbd link,26,8
08/01/26, 6:51:18,2800 Sierra Salinas,78259,Other Calls,Miscellaneous,3150,NORTH,SAPD-2026-1043725,29.63628,-98.433808,1785628278000,http://www.sanantonio.gov/sapd/Calls.aspx,Blue,a tbd link,26,8
08/01/26, 8:31:44,201-299 DARTMOUTH ST,78237,Other Calls,Patrol By,2360,CENTRAL,SAPD-2026-1041482,29.435771,-98.547036,1785591104000,http://www.sanantonio.gov/sapd/Calls.aspx,Blue,a tbd link,26,8
08/01/26, 3:24:46,19600 Ih 10 W,78257,Traffic Calls,Traffic Related,7260,PRUE,SAPD-2026-1042973,29.620702,-98.609097,1785615886000,http://www.sanantonio.gov/sapd/Calls.aspx,Yellow,a tbd link,26,8
08/01/26,12:04:20 PM,2700 Bill Miller Ln,78223,Other Calls,Miscellaneous,4220,EAST,SAPD-2026-1042247,29.375397,-98.449671,1785603860000,http://www.sanantonio.gov/sapd/Calls.aspx,Blue,a tbd link,26,8
08/01/26, 6:54:33,5800 Ingram Rd,78228,Other Calls,Suspicious Person,5270,WEST,SAPD-2026-1043742,29.466152,-98.598808,1785628473000,http://www.sanantonio.gov/sapd/Calls.aspx,Blue,a tbd link,26,8
08/01/26, 8:34:24,4100 Parkdale Dr,78229,Crimes Against Person Calls,Assault In Progress,7120,PRUE,SAPD-2026-1041489,29.525904,-98.564422,1785591264000,http://www.sanantonio.gov/sapd/Calls.aspx,Red,a tbd link,26,8
08/01/26, 3:29:04,16900 Graham Walk,78247,Crimes Against Person Calls,Threats,3260,NORTH,SAPD-2026-1042989,29.594837,-98.391333,1785616144000,http://www.sanantonio.gov/sapd/Calls.aspx,Red,a tbd link,26,8
08/01/26, 6:51:19,100 CAMARON,78205,Other Calls,Patrol By,1120,DOWNTOWN,SAPD-2026-1043724,29.425464,-98.495853,1785628279000,http://www.sanantonio.gov/sapd/Calls.aspx,Blue,a tbd link,26,8
08/01/26, 8:34:46,700 Corbin Bend,78221,Other Calls,Animal Related,6260,SOUTH,SAPD-2026-1041491,29.319566,-98.487726,1785591286000,http://www.sanantonio.gov/sapd/Calls.aspx,Blue,a tbd link,26,8
08/01/26, 3:26:51,Potranco Rd / Ingram Rd,78238,Other Calls,Welfare Check,5320,WEST,SAPD-2026-1042982,29.461244,-98.633366,1785616011000,http://www.sanantonio.gov/sapd/Calls.aspx,Blue,a tbd link,26,8
08/01/26,12:01:56 PM,23600 Cielo Vista Dr,78255,Property Crime Calls,Theft of Vehicle,7260,PRUE,SAPD-2026-1042251,29.661841,-98.632488,1785603716000,http://www.sanantonio.gov/sapd/Calls.aspx,Green,a tbd link,26,8
08/01/26, 6:52:09,600-798 E NAKOMA DR,78216,Traffic Calls,Traffic Related,3130,NORTH,SAPD-2026-1043733,29.54822,-98.487151,1785628329000,http://www.sanantonio.gov/sapd/Calls.aspx,Yellow,a tbd link,26,8
08/01/26, 3:26:09,2100 Goose Pond,78224,Crimes Against Person Calls,Assault In Progress,6160,SOUTH,SAPD-2026-1042978,29.313817,-98.540204,1785615969000,http://www.sanantonio.gov/sapd/Calls.aspx,Red,a tbd link,26,8
08/01/26, 8:33:54,I0 10 W NB,78249,Traffic Calls,Traffic Related,7230,PRUE,SAPD-2026-1041486,29.568841,-98.592634,1785591234000,http://www.sanantonio.gov/sapd/Calls.aspx,Yellow,a tbd link,26,8
08/01/26,12:00:13 PM,E0 NE LP 410 OFRP WETMORE,78216,Traffic Calls,Traffic Related,3330,NORTH,SAPD-2026-1042230,29.518462,-98.471948,1785603613000,http://www.sanantonio.gov/sapd/Calls.aspx,Yellow,a tbd link,26,8
08/01/26, 6:54:25,13000 Jones Maltsberger Rd,78247,Other Calls,Assist the Public,3220,NORTH,SAPD-2026-1043740,29.559728,-98.459693,1785628465000,http://www.sanantonio.gov/sapd/Calls.aspx,Blue,a tbd link,26,8
08/01/26, 3:26:30,2100 Goose Pond,78224,Crimes Against Person Calls,Assault In Progress,6160,SOUTH,SAPD-2026-1042984,29.313817,-98.540204,1785615990000,http://www.sanantonio.gov/sapd/Calls.aspx,Red,a tbd link,26,8
08/01/26, 8:33:58,6167-6499 US HWY 90 W WB,78227,Traffic Calls,Traffic Related,5150,WEST,SAPD-2026-1041487,29.404535,-98.617601,1785591238000,http://www.sanantonio.gov/sapd/Calls.aspx,Yellow,a tbd link,26,8
08/01/26,12:01:09 PM,I0 35 N NB,78208,Traffic Calls,Traffic Related,4130,EAST,SAPD-2026-1042235,29.439009,-98.453936,1785603669000,http://www.sanantonio.gov/sapd/Calls.aspx,Yellow,a tbd link,26,8
08/01/26, 6:52:48,1152-1198 SANTA PAULA AVE,78201,Traffic Calls,Traffic Related,5240,WEST,SAPD-2026-1043737,29.474707,-98.519073,1785628368000,http://www.sanantonio.gov/sapd/Calls.aspx,Yellow,a tbd link,26,8
08/01/26, 3:25:27,2000 NE LOOP 410,78217,Other Calls,Patrol By,4360,EAST,SAPD-2026-1042975,29.515698,-98.42949,1785615927000,http://www.sanantonio.gov/sapd/Calls.aspx,Blue,a tbd link,26,8
08/01/26, 8:34:33,3800-3898 N ST MARY'S ST,78212,Other Calls,Patrol By,1230,DOWNTOWN,SAPD-2026-1041490,29.461263,-98.474845,1785591273000,http://www.sanantonio.gov/sapd/Calls.aspx,Blue,a tbd link,26,8
08/01/26,12:02:06 PM,Orey Ave / Surrey Ave,78225,Other Calls,Ordinance Violation,6110,SOUTH,SAPD-2026-1042238,29.381364,-98.52149,1785603726000,http://www.sanantonio.gov/sapd/Calls.aspx,Blue,a tbd link,26,8
08/01/26, 6:58:59,300 W Hollywood Ave,78212,Other Calls,Information,1240,DOWNTOWN,SAPD-2026-1043757,29.464123,-98.497424,1785628739000,http://www.sanantonio.gov/sapd/Calls.aspx,Blue,a tbd link,26,8
08/01/26, 3:28:11,N Loop 1604 W Eb / Ih 10 W Nb,78249,Traffic Calls,Traffic Related,7230,PRUE,SAPD-2026-1042985,29.590792,-98.598332,1785616091000,http://www.sanantonio.gov/sapd/Calls.aspx,Yellow,a tbd link,26,8
08/01/26, 8:36:44,7300 Grissom Rd,78250,Crimes Against Person Calls,Suspicious Vehicle,7330,PRUE,SAPD-2026-1041494,29.482625,-98.633111,1785591404000,http://www.sanantonio.gov/sapd/Calls.aspx,Red,a tbd link,26,8
08/01/26, 6:58:17,800 Merida St,78207,Other Calls,Disturbance,2350,CENTRAL,SAPD-2026-1043754,29.409307,-98.53285,1785628697000,http://www.sanantonio.gov/sapd/Calls.aspx,Blue,a tbd link,26,8
08/01/26, 3:34:07,1200 Castroville Rd,78237,Other Calls,Welfare Check,5110,WEST,SAPD-2026-1043002,29.416045,-98.558119,1785616447000,http://www.sanantonio.gov/sapd/Calls.aspx,Blue,a tbd link,26,8
08/01/26, 8:38:40,100 Beatrice Ave,78214,Property Crime Calls,Burglary Vehicle,6210,SOUTH,SAPD-2026-1041497,29.376742,-98.500656,1785591520000,http://www.sanantonio.gov/sapd/Calls.aspx,Green,a tbd link,26,8
08/01/26,12:05:09 PM,16027-16151 O'connor Rd,78247,Traffic Calls,Minor Accident,3240,NORTH,SAPD-2026-1042252,29.593784,-98.401174,1785603909000,http://www.sanantonio.gov/sapd/Calls.aspx,Yellow,a tbd link,26,8
08/01/26, 6:55:30,Lynn Batts Ln / Harry Wurzbach,78218,Other Calls,Injured/Sick Person,3340,NORTH,SAPD-2026-1043744,29.507861,-98.434447,1785628530000,http://www.sanantonio.gov/sapd/Calls.aspx,Blue,a tbd link,26,8
08/01/26, 8:38:43,6300 Sinclair Rd,78222,Other Calls,Disturbance Family,4250,EAST,SAPD-2026-1041498,29.384906,-98.36798,1785591523000,http://www.sanantonio.gov/sapd/Calls.aspx,Blue,a tbd link,26,8
08/01/26, 3:28:31,3100 Sw Military Dr,78224,Other Calls,Disturbance,6330,SOUTH,SAPD-2026-1042986,29.355717,-98.548612,1785616111000,http://www.sanantonio.gov/sapd/Calls.aspx,Blue,a tbd link,26,8
08/01/26,12:04:22 PM,8300 Waters Edge Dr,78245,Traffic Calls,Abandoned Vehicle,5330,WEST,SAPD-2026-1042249,29.424132,-98.649922,1785603862000,http://www.sanantonio.gov/sapd/Calls.aspx,Yellow,a tbd link,26,8
08/01/26, 6:56:19,5500 De Zavala Rd,78249,Property Crime Calls,Shoplifting,7340,PRUE,SAPD-2026-1043747,29.564445,-98.596065,1785628579000,http://www.sanantonio.gov/sapd/Calls.aspx,Green,a tbd link,26,8
08/01/26, 8:39:17,2300 Sw Military Dr,78224,Other Calls,Suspicious Person,6130,SOUTH,SAPD-2026-1041500,29.356659,-98.530366,1785591557000,http://www.sanantonio.gov/sapd/Calls.aspx,Blue,a tbd link,26,8
08/01/26, 3:33:09,4100 Dakota Sun,78244,Other Calls,Miscellaneous,4320,EAST,SAPD-2026-1043000,29.464645,-98.371557,1785616389000,http://www.sanantonio.gov/sapd/Calls.aspx,Blue,a tbd link,26,8
08/01/26,12:03:55 PM,W Quincy St / Camaron,78207,Crimes Against Person Calls,Lewd Conduct,1130,DOWNTOWN,SAPD-2026-1042246,29.432196,-98.49939,1785603835000,http://www.sanantonio.gov/sapd/Calls.aspx,Red,a tbd link,26,8
08/01/26, 6:58:33,600 Delgado St,78207,Other Calls,Welfare Check,2310,CENTRAL,SAPD-2026-1043756,29.43771,-98.514045,1785628713000,http://www.sanantonio.gov/sapd/Calls.aspx,Blue,a tbd link,26,8
08/01/26, 8:40:23,5400 Magnes Ln,78227,Other Calls,Welfare Check,5120,WEST,SAPD-2026-1041502,29.414717,-98.598217,1785591623000,http://www.sanantonio.gov/sapd/Calls.aspx,Blue,a tbd link,26,8
08/01/26, 3:31:32,14500 Blanco Rd,78248,Property Crime Calls,Theft In Progress,7240,PRUE,SAPD-2026-1042992,29.576975,-98.514147,1785616292000,http://www.sanantonio.gov/sapd/Calls.aspx,Green,a tbd link,26,8
08/01/26,12:04:46 PM,4600 Rothberger Way,78244,Other Calls,SAPD Emergency Call,NOT SAPD BEX,SAPD OUTSIDE AREA,SAPD-2026-1042250,29.47206,-98.33803,1785603886000,http://www.sanantonio.gov/sapd/Calls.aspx,Blue,a tbd link,26,8
08/01/26, 6:56:36,900 S Brazos St,78207,Other Calls,Suspicious Person,2330,CENTRAL,SAPD-2026-1043748,29.417537,-98.51467,1785628596000,http://www.sanantonio.gov/sapd/Calls.aspx,Blue,a tbd link,26,8
08/01/26, 8:39:58,1600 Blyford Ln,78209,Other Calls,Miscellaneous,3330,NORTH,SAPD-2026-1041503,29.50288,-98.470022,1785591598000,http://www.sanantonio.gov/sapd/Calls.aspx,Blue,a tbd link,26,8
08/01/26, 3:31:47,5300 Pirate Cv,78242,Property Crime Calls,Theft,6340,SOUTH,SAPD-2026-1042993,29.335359,-98.600699,1785616307000,http://www.sanantonio.gov/sapd/Calls.aspx,Green,a tbd link,26,8
08/01/26, 6:58:34,20900 Us Hwy 281 N,78258,Crimes Against Person Calls,Suspicious Vehicle,3160,NORTH,SAPD-2026-1043760,29.640369,-98.456289,1785628714000,http://www.sanantonio.gov/sapd/Calls.aspx,Red,a tbd link,26,8
08/01/26, 8:49:36,1700 Del Sol Ln,78227,Other Calls,Welfare Check,5150,WEST,SAPD-2026-1041535,29.415776,-98.603259,1785592176000,http://www.sanantonio.gov/sapd/Calls.aspx,Blue,a tbd link,26,8
08/01/26, 3:38:22,Culebra Rd / N San Felipe Ave,78228,Other Calls,Disturbance,5220,WEST,SAPD-2026-1043013,29.448221,-98.556753,1785616702000,http://www.sanantonio.gov/sapd/Calls.aspx,Blue,a tbd link,26,8
08/01/26,12:02:39 PM,15900 La Cantera Pkwy,78256,Traffic Calls,Officer Traffic Stop,7250,PRUE,SAPD-2026-1042240,29.59125,-98.617361,1785603759000,http://www.sanantonio.gov/sapd/Calls.aspx,Yellow,a tbd link,26,8
08/01/26, 3:33:21,Buena Vista St / S San Eduardo Ave,78237,Traffic Calls,Major Accident,5110,WEST,SAPD-2026-1043001,29.429752,-98.558662,1785616401000,http://www.sanantonio.gov/sapd/Calls.aspx,Yellow,a tbd link,26,8
08/01/26, 6:57:29,18200 BLANCO RD,78258,Property Crime Calls,Burglary Vehicle In Progress,3170,NORTH,SAPD-2026-1043751,29.611778,-98.510084,1785628649000,http://www.sanantonio.gov/sapd/Calls.aspx,Green,a tbd link,26,8
08/01/26, 8:39:43,6623-6799 US HWY 90 W WB,78227,Traffic Calls,Traffic Related,5150,WEST,SAPD-2026-1041499,29.403557,-98.622738,1785591583000,http://www.sanantonio.gov/sapd/Calls.aspx,Yellow,a tbd link,26,8
08/01/26,12:02:42 PM,SALADO CREEK GREENWAY SOUTH,78219,Other Calls,Patrol By,4310,EAST,SAPD-2026-1042241,29.452624,-98.423727,1785603762000,http://www.sanantonio.gov/sapd/Calls.aspx,Blue,a tbd link,26,8
08/01/26, 3:34:14,8400 NW MILITARY HWY,78231,Other Calls,Patrol By,7220,PRUE,SAPD-2026-1043003,29.551598,-98.532431,1785616454000,http://www.sanantonio.gov/sapd/Calls.aspx,Blue,a tbd link,26,8
08/01/26, 7:00:25,13000 Blanco Rd,78216,Other Calls,Animal Related,7240,PRUE,SAPD-2026-1043761,29.560343,-98.517483,1785628825000,http://www.sanantonio.gov/sapd/Calls.aspx,Blue,a tbd link,26,8
08/01/26, 8:42:14,2100 S Laredo St,78207,Crimes Against Person Calls,Lewd Conduct,2340,CENTRAL,SAPD-2026-1041504,29.412079,-98.515221,1785591734000,http://www.sanantonio.gov/sapd/Calls.aspx,Red,a tbd link,26,8
08/01/26,12:05:44 PM,6500 Fm 78,78244,Traffic Calls,Minor Accident,4320,EAST,SAPD-2026-1042257,29.479505,-98.359414,1785603944000,http://www.sanantonio.gov/sapd/Calls.aspx,Yellow,a tbd link,26,8
08/01/26, 3:36:39,6100 Ingram Rd,78238,Crimes Against Person Calls,Suspicious Person with Knife,5270,WEST,SAPD-2026-1043008,29.465736,-98.606183,1785616599000,http://www.sanantonio.gov/sapd/Calls.aspx,Red,a tbd link,26,8
08/01/26, 7:01:16,8200 Gault Ln,78209,Other Calls,Missing Person - Endangered,3330,NORTH,SAPD-2026-1043767,29.511934,-98.470614,1785628876000,http://www.sanantonio.gov/sapd/Calls.aspx,Blue,a tbd link,26,8
08/01/26, 8:46:28,13500 West Ave,78216,Property Crime Calls,Theft of Vehicle,3120,NORTH,SAPD-2026-1041514,29.567741,-98.490575,1785591988000,http://www.sanantonio.gov/sapd/Calls.aspx,Green,a tbd link,26,8
08/01/26,12:03:51 PM,1000 BLK BANDERA RD,78228,Traffic Calls,Traffic Related,5220,WEST,SAPD-2026-1042245,29.459034,-98.557054,1785603831000,http://www.sanantonio.gov/sapd/Calls.aspx,Yellow,a tbd link,26,8
08/01/26, 3:36:06,400 Harcourt Ave,78223,Other Calls,Suspicious Person,4260,EAST,SAPD-2026-1043007,29.360516,-98.421006,1785616566000,http://www.sanantonio.gov/sapd/Calls.aspx,Blue,a tbd link,26,8
08/01/26, 6:59:43,Pleasanton Rd / Brighton Ave,78214,Traffic Calls,Traffic Violation,6210,SOUTH,SAPD-2026-1043758,29.375523,-98.504266,1785628783000,http://www.sanantonio.gov/sapd/Calls.aspx,Yellow,a tbd link,26,8
08/01/26, 8:44:35,2600 Ih 10 E Wb,78210,Other Calls,Disturbance,4140,EAST,SAPD-2026-1041510,29.401765,-98.452371,1785591875000,http://www.sanantonio.gov/sapd/Calls.aspx,Blue,a tbd link,26,8
08/01/26, 7:02:31,Fair Ave / Ih 37 S Sb,78223,Traffic Calls,Minor Accident,6220,SOUTH,SAPD-2026-1043768,29.384164,-98.469771,1785628951000,http://www.sanantonio.gov/sapd/Calls.aspx,Yellow,a tbd link,26,8
08/01/26, 8:42:29,E0 N LOOP 1604 W ONRP VANCE JACKSON,78249,Traffic Calls,Traffic Related,7230,PRUE,SAPD-2026-1041505,29.592723,-98.581159,1785591749000,http://www.sanantonio.gov/sapd/Calls.aspx,Yellow,a tbd link,26,8
08/01/26, 3:34:54,1700 SE MILITARY DR,78214,Other Calls,Patrol By,6260,SOUTH,SAPD-2026-1043005,29.348454,-98.467971,1785616494000,http://www.sanantonio.gov/sapd/Calls.aspx,Blue,a tbd link,26,8
08/01/26,12:05:22 PM,5800 Nw Loop 410,78238,Property Crime Calls,Theft,5310,WEST,SAPD-2026-1042255,29.47974,-98.606389,1785603922000,http://www.sanantonio.gov/sapd/Calls.aspx,Green,a tbd link,26,8
08/01/26, 7:05:31,1400 Sanco St,78214,Property Crime Calls,Theft,6260,SOUTH,SAPD-2026-1043777,29.316862,-98.474393,1785629131000,http://www.sanantonio.gov/sapd/Calls.aspx,Green,a tbd link,26,8
08/01/26, 3:39:09,1000 Kentucky Ave,78201,Other Calls,Missing Person/Runaway,5210,WEST,SAPD-2026-1043014,29.446661,-98.528678,1785616749000,http://www.sanantonio.gov/sapd/Calls.aspx,Blue,a tbd link,26,8
08/01/26, 8:52:49,16700 Stone Ridge Dr,78232,Other Calls,Welfare Check,3140,NORTH,SAPD-2026-1041587,29.595593,-98.457296,1785592369000,http://www.sanantonio.gov/sapd/Calls.aspx,Blue,a tbd link,26,8
08/01/26,12:05:20 PM,N Loop 1604 E Eb / Nacogdoches Rd,78266,Traffic Calls,Traffic Related,3260,NORTH,SAPD-2026-1042253,29.591737,-98.351948,1785603920000,http://www.sanantonio.gov/sapd/Calls.aspx,Yellow,a tbd link,26,8
08/01/26, 6:59:54,2000 Escala Pkwy,78251,Other Calls,Disturbance Family,5360,WEST,SAPD-2026-1043759,29.453636,-98.691564,1785628794000,http://www.sanantonio.gov/sapd/Calls.aspx,Blue,a tbd link,26,8
08/01/26, 3:44:14,10600 Hallow Pass,78254,Other Calls,SAPD Non-Emergency Call,NOT SAPD BEX,SAPD OUTSIDE AREA,SAPD-2026-1043029,29.51569,-98.70174,1785617054000,http://www.sanantonio.gov/sapd/Calls.aspx,Blue,a tbd link,26,8
08/01/26, 8:44:39,200 Historic Old Hwy 90,78237,Other Calls,Welfare Check,5140,WEST,SAPD-2026-1041511,29.430876,-98.563475,1785591879000,http://www.sanantonio.gov/sapd/Calls.aspx,Blue,a tbd link,26,8
08/01/26,12:07:04 PM,300 Rockwood Ct,78210,Crimes Against Person Calls,Assault,4150,EAST,SAPD-2026-1042268,29.389416,-98.474128,1785604024000,http://www.sanantonio.gov/sapd/Calls.aspx,Red,a tbd link,26,8
08/01/26, 7:01:15,2100 El Paso St,78207,Other Calls,Disturbance,2330,CENTRAL,SAPD-2026-1043766,29.420264,-98.523354,1785628875000,http://www.sanantonio.gov/sapd/Calls.aspx,Blue,a tbd link,26,8
08/01/26, 3:39:53,100 Jacques St,78233,Other Calls,Welfare Check,3230,NORTH,SAPD-2026-1043017,29.534543,-98.381051,1785616793000,http://www.sanantonio.gov/sapd/Calls.aspx,Blue,a tbd link,26,8
08/01/26, 8:45:00,9600 Ih 35 N,78233-6608,Other Calls,Disturbance,3230,NORTH,SAPD-2026-1041512,29.526773,-98.394096,1785591900000,http://www.sanantonio.gov/sapd/Calls.aspx,Blue,a tbd link,26,8
08/01/26,12:05:59 PM,9500 Dover Rdg,78250,Traffic Calls,Minor Accident,7370,PRUE,SAPD-2026-1042259,29.509106,-98.671367,1785603959000,http://www.sanantonio.gov/sapd/Calls.aspx,Yellow,a tbd link,26,8
08/01/26, 7:03:39,7800 Lark Rdg,78250,Property Crime Calls,Forgery,7330,PRUE,SAPD-2026-1043772,29.484181,-98.642371,1785629019000,http://www.sanantonio.gov/sapd/Calls.aspx,Green,a tbd link,26,8
08/01/26, 3:38:41,Ih 35 N Sb / Rittiman Rd,78218,Traffic Calls,Traffic Related,4340,EAST,SAPD-2026-1043012,29.484064,-98.403298,1785616721000,http://www.sanantonio.gov/sapd/Calls.aspx,Yellow,a tbd link,26,8
08/01/26, 8:45:21,1400 Culebra Rd,78201,Other Calls,Suspicious Person,5210,WEST,SAPD-2026-1041513,29.446179,-98.532094,1785591921000,http://www.sanantonio.gov/sapd/Calls.aspx,Blue,a tbd link,26,8
08/01/26, 7:02:58,3331-3429 Ih 10 E Wb,78220,Traffic Calls,Minor Accident,4160,EAST,SAPD-2026-1043770,29.412218,-98.433063,1785628978000,http://www.sanantonio.gov/sapd/Calls.aspx,Yellow,a tbd link,26,8
08/01/26, 3:39:27,Us Hwy 281 N Nb / N St Mary's St,78212,Traffic Calls,Traffic Related,1240,DOWNTOWN,SAPD-2026-1043015,29.454794,-98.481774,1785616767000,http://www.sanantonio.gov/sapd/Calls.aspx,Yellow,a tbd link,26,8
08/01/26, 8:49:07,400 SHARON DR,78216,Other Calls,Assist the Public,3310,NORTH,SAPD-2026-1041520,29.501575,-98.485002,1785592147000,http://www.sanantonio.gov/sapd/Calls.aspx,Blue,a tbd link,26,8
08/01/26,12:07:26 PM,5100 Usaa Blvd,78240,Other Calls,Miscellaneous,7150,PRUE,SAPD-2026-1042263,29.533994,-98.586956,1785604046000,http://www.sanantonio.gov/sapd/Calls.aspx,Blue,a tbd link,26,8
08/01/26, 7:06:31,4700 Rigsby Ave,78220,Traffic Calls,DWI,4240,EAST,SAPD-2026-1043780,29.39857,-98.397227,1785629191000,http://www.sanantonio.gov/sapd/Calls.aspx,Yellow,a tbd link,26,8
08/01/26, 8:46:59,9600 Ih 35 N,78233-6608,Crimes Against Person Calls,Assault In Progress,3230,NORTH,SAPD-2026-1041515,29.526773,-98.394096,1785592019000,http://www.sanantonio.gov/sapd/Calls.aspx,Red,a tbd link,26,8
08/01/26, 3:39:52,1200 Mira Vista,78228,Other Calls,Disturbance,5250,WEST,SAPD-2026-1043016,29.450125,-98.599867,1785616792000,http://www.sanantonio.gov/sapd/Calls.aspx,Blue,a tbd link,26,8
08/01/26,12:06:33 PM,10800 Mt Ida Dr,78213,Other Calls,Disturbance Family,3110,NORTH,SAPD-2026-1042261,29.538955,-98.51299,1785603993000,http://www.sanantonio.gov/sapd/Calls.aspx,Blue,a tbd link,26,8
08/01/26, 7:05:49,9900 Sw Loop 410 Nb,78242,Traffic Calls,Traffic Related,6340,SOUTH,SAPD-2026-1043778,29.322838,-98.616918,1785629149000,http://www.sanantonio.gov/sapd/Calls.aspx,Yellow,a tbd link,26,8
08/01/26, 8:48:37,12700 THOMAS SUMTER,78233,Other Calls,Animal Related,3250,NORTH,SAPD-2026-1041519,29.556671,-98.364984,1785592117000,http://www.sanantonio.gov/sapd/Calls.aspx,Blue,a tbd link,26,8
08/01/26, 3:37:39,1100-1198 PAUL WILKINS,78216,Other Calls,Patrol By,SAT1,AIRPORT,SAPD-2026-1043009,29.533408,-98.480575,1785616659000,http://www.sanantonio.gov/sapd/Calls.aspx,Blue,a tbd link,26,8
08/01/26,12:07:44 PM,10800 Mt Ida Dr,78213,Other Calls,Disturbance Family,3110,NORTH,SAPD-2026-1042266,29.538955,-98.51299,1785604064000,http://www.sanantonio.gov/sapd/Calls.aspx,Blue,a tbd link,26,8
08/01/26, 7:04:38,Walker Ranch / W Bitters Rd,78216,Traffic Calls,Abandoned Vehicle,3120,NORTH,SAPD-2026-1043775,29.574665,-98.494964,1785629078000,http://www.sanantonio.gov/sapd/Calls.aspx,Yellow,a tbd link,26,8
08/01/26, 8:47:39,Ih 10 W / Fair Oaks Pkwy,78006,Other Calls,SAPD Non-Emergency Call,NOT SAPD BEX - 59,SAPD OUTSIDE AREA,SAPD-2026-1041516,29.719783,-98.665546,1785592059000,http://www.sanantonio.gov/sapd/Calls.aspx,Blue,a tbd link,26,8
08/01/26, 3:45:05,5400 W Military Dr,78242,Other Calls,Information,6350,SOUTH,SAPD-2026-1043033,29.374353,-98.612631,1785617105000,http://www.sanantonio.gov/sapd/Calls.aspx,Blue,a tbd link,26,8
08/01/26,12:05:42 PM,2100 S Zarzamora St,78207,Other Calls,Disturbance,2340,CENTRAL,SAPD-2026-1042260,29.401147,-98.5298,1785603942000,http://www.sanantonio.gov/sapd/Calls.aspx,Blue,a tbd link,26,8
08/01/26, 7:09:14,W Loop 1604 N Nb / Military Dr W,78251,Other Calls,Welfare Check,5360,WEST,SAPD-2026-1043788,29.447932,-98.711234,1785629354000,http://www.sanantonio.gov/sapd/Calls.aspx,Blue,a tbd link,26,8
08/01/26, 8:47:40,3000-3040 BUCKHORN,78247,Other Calls,Patrol By,3220,NORTH,SAPD-2026-1041517,29.547397,-98.44555,1785592060000,http://www.sanantonio.gov/sapd/Calls.aspx,Blue,a tbd link,26,8
08/01/26, 3:40:59,Sw Loop 410 / Somerset Rd,78211,Traffic Calls,Wrong Way Driver,6140,SOUTH,SAPD-2026-1043019,29.315992,-98.592123,1785616859000,http://www.sanantonio.gov/sapd/Calls.aspx,Yellow,a tbd link,26,8
08/01/26, 7:07:35,400 Tidewind St,78221,Property Crime Calls,Theft of Vehicle,6250,SOUTH,SAPD-2026-1043783,29.32455,-98.496938,1785629255000,http://www.sanantonio.gov/sapd/Calls.aspx,Green,a tbd link,26,8
08/01/26, 8:50:32,7000 Culebra Rd,78238,Other Calls,Information,5160,WEST,SAPD-2026-1041526,29.45009,-98.626662,1785592232000,http://www.sanantonio.gov/sapd/Calls.aspx,Blue,a tbd link,26,8
08/01/26, 3:40:45,600 S Ww White Rd,78220,Other Calls,Disturbance,4230,EAST,SAPD-2026-1043021,29.421685,-98.405546,1785616845000,http://www.sanantonio.gov/sapd/Calls.aspx,Blue,a tbd link,26,8
08/01/26, 7:04:50,100-199 BALDWIN BLVD,78210,Other Calls,SAPD Emergency Call,4150,EAST,SAPD-2026-1043776,29.387198,-98.472171,1785629090000,http://www.sanantonio.gov/sapd/Calls.aspx,Blue,a tbd link,26,8
08/01/26,12:05:24 PM,100 S JOSEPHINE TOBIN,78201,Other Calls,Patrol By,5210,WEST,SAPD-2026-1042254,29.44945,-98.530416,1785603924000,http://www.sanantonio.gov/sapd/Calls.aspx,Blue,a tbd link,26,8
08/01/26, 3:42:07,Randolph Blvd / O'connor Rd,78233,Traffic Calls,Minor Accident,3230,NORTH,SAPD-2026-1043030,29.542759,-98.366937,1785616927000,http://www.sanantonio.gov/sapd/Calls.aspx,Yellow,a tbd link,26,8
08/01/26, 8:52:36,Lomax / Apple Green Rd,78240,Traffic Calls,Traffic Related,7160,PRUE,SAPD-2026-1041533,29.511386,-98.609193,1785592356000,http://www.sanantonio.gov/sapd/Calls.aspx,Yellow,a tbd link,26,8
08/01/26, 7:09:56,3900 Thousand Oaks,78217,Other Calls,Animal Related,3240,NORTH,SAPD-2026-1043791,29.561235,-98.418567,1785629396000,http://www.sanantonio.gov/sapd/Calls.aspx,Blue,a tbd link,26,8
08/01/26,12:06:48 PM,S New Braunfels Ave / Se Military Dr,78235,Traffic Calls,Traffic Related,6240,SOUTH,SAPD-2026-1042262,29.351729,-98.448488,1785604008000,http://www.sanantonio.gov/sapd/Calls.aspx,Yellow,a tbd link,26,8
08/01/26, 3:42:50,100-468 N Loop 1604 W Eb,78232,Traffic Calls,Traffic Related,7240,PRUE,SAPD-2026-1043028,29.608376,-98.498549,1785616970000,http://www.sanantonio.gov/sapd/Calls.aspx,Yellow,a tbd link,26,8
08/01/26, 8:50:39,NW LOOP 410 EB / FREDERICKSBURG RD,78229,Traffic Calls,Major Accident,5260,WEST,SAPD-2026-1041524,29.494025,-98.554616,1785592239000,http://www.sanantonio.gov/sapd/Calls.aspx,Yellow,a tbd link,26,8
08/01/26, 7:07:31,9300 Se Loop 410,78223,Crimes Against Person Calls,Suspicious Vehicle,6280,SOUTH,SAPD-2026-1043782,29.324457,-98.426289,1785629251000,http://www.sanantonio.gov/sapd/Calls.aspx,Red,a tbd link,26,8
08/01/26,12:09:24 PM,11700 Parliament,78213,Other Calls,Missing Person/Runaway,3110,NORTH,SAPD-2026-1042275,29.546602,-98.51225,1785604164000,http://www.sanantonio.gov/sapd/Calls.aspx,Blue,a tbd link,26,8
08/01/26, 3:42:34,7500 South Sea,78216,Other Calls,Miscellaneous,3310,NORTH,SAPD-2026-1043034,29.503164,-98.50626,1785616954000,http://www.sanantonio.gov/sapd/Calls.aspx,Blue,a tbd link,26,8
08/01/26, 8:50:39,2100 Bronte,78207,Other Calls,Disturbance,2350,CENTRAL,SAPD-2026-1041523,29.405825,-98.536862,1785592239000,http://www.sanantonio.gov/sapd/Calls.aspx,Blue,a tbd link,26,8
08/01/26, 7:10:19,Ne Loop 410 Wb / Starcrest Dr,78217,Other Calls,Welfare Check,3370,NORTH,SAPD-2026-1043798,29.516119,-98.422841,1785629419000,http://www.sanantonio.gov/sapd/Calls.aspx,Blue,a tbd link,26,8
08/01/26,12:07:31 PM,9700 Bear Creek Dr,78245,Other Calls,Disturbance,5330,WEST,SAPD-2026-1042264,29.42863,-98.674808,1785604051000,http://www.sanantonio.gov/sapd/Calls.aspx,Blue,a tbd link,26,8
08/01/26, 3:44:49,5800 Culebra Rd,78228,Crimes Against Person Calls,Assault In Progress,5140,WEST,SAPD-2026-1043032,29.448499,-98.601522,1785617089000,http://www.sanantonio.gov/sapd/Calls.aspx,Red,a tbd link,26,8
08/01/26, 8:51:33,Nw Loop 410 / Fredericksburg Rd,78229,Traffic Calls,Major Accident,7110,PRUE,SAPD-2026-1041528,29.494453,-98.554847,1785592293000,http://www.sanantonio.gov/sapd/Calls.aspx,Yellow,a tbd link,26,8
08/01/26, 7:14:44,5800 Monterey St,78237,Other Calls,Disturbance Family,5140,WEST,SAPD-2026-1043816,29.430202,-98.568993,1785629684000,http://www.sanantonio.gov/sapd/Calls.aspx,Blue,a tbd link,26,8
08/01/26,12:10:11 PM,Fm 78 / Woodlake Pkwy,78244,Traffic Calls,Minor Accident,4320,EAST,SAPD-2026-1042277,29.485728,-98.347244,1785604211000,http://www.sanantonio.gov/sapd/Calls.aspx,Yellow,a tbd link,26,8
08/01/26, 7:10:07,1100-1104 Babcock Rd,78201,Other Calls,Suspicious Person,5230,WEST,SAPD-2026-1043794,29.482418,-98.554932,1785629407000,http://www.sanantonio.gov/sapd/Calls.aspx,Blue,a tbd link,26,8
08/01/26, 3:42:36,10700 Potranco Rd,78245,Traffic Calls,Major Accident,5360,WEST,SAPD-2026-1043025,29.434308,-98.703187,1785616956000,http://www.sanantonio.gov/sapd/Calls.aspx,Yellow,a tbd link,26,8
08/01/26, 8:53:59,300 Bradley St,78211,Property Crime Calls,Theft,6140,SOUTH,SAPD-2026-1041541,29.329669,-98.5596,1785592439000,http://www.sanantonio.gov/sapd/Calls.aspx,Green,a tbd link,26,8
08/01/26, 8:51:35,Nw Loop 410 Eb / Fredericksburg Rd,78229,Traffic Calls,Major Accident,7110,PRUE,SAPD-2026-1041530,29.494025,-98.554616,1785592295000,http://www.sanantonio.gov/sapd/Calls.aspx,Yellow,a tbd link,26,8
08/01/26,12:08:27 PM,5600 Hamilton Wolfe,78240,Other Calls,Disturbance,7160,PRUE,SAPD-2026-1042269,29.514615,-98.594681,1785604107000,http://www.sanantonio.gov/sapd/Calls.aspx,Blue,a tbd link,26,8
08/01/26, 7:10:03,200-299 N San Felipe Ave,78237,Other Calls,Ordinance Violation,5130,WEST,SAPD-2026-1043793,29.436018,-98.558315,1785629403000,http://www.sanantonio.gov/sapd/Calls.aspx,Blue,a tbd link,26,8
08/01/26, 8:53:08,2100 Bronte,78207,Other Calls,Disturbance Family,2350,CENTRAL,SAPD-2026-1041536,29.405825,-98.536862,1785592388000,http://www.sanantonio.gov/sapd/Calls.aspx,Blue,a tbd link,26,8
08/01/26, 3:42:27,11000-11161 Rousseau,78251,Traffic Calls,Minor Accident,5360,WEST,SAPD-2026-1043026,29.432473,-98.705216,1785616947000,http://www.sanantonio.gov/sapd/Calls.aspx,Yellow,a tbd link,26,8
08/01/26,12:09:03 PM,4000 N Foster Rd,78244,Other Calls,SAPD Non-Emergency Call,NOT SAPD BEX,SAPD OUTSIDE AREA,SAPD-2026-1042271,29.464997,-98.358281,1785604143000,http://www.sanantonio.gov/sapd/Calls.aspx,Blue,a tbd link,26,8
08/01/26, 7:11:21,800 Sw Military Dr,78221,Traffic Calls,Accident Private Property,6230,SOUTH,SAPD-2026-1043799,29.357335,-98.505456,1785629481000,http://www.sanantonio.gov/sapd/Calls.aspx,Yellow,a tbd link,26,8
08/01/26, 8:51:21,2100 Bronte,78207,Crimes Against Person Calls,Assault In Progress,2350,CENTRAL,SAPD-2026-1041527,29.405825,-98.536862,1785592281000,http://www.sanantonio.gov/sapd/Calls.aspx,Red,a tbd link,26,8
08/01/26, 3:43:27,N Loop 1604 W / La Cantera Pkwy,78256,Traffic Calls,Minor Accident,7250,PRUE,SAPD-2026-1043027,29.588925,-98.619614,1785617007000,http://www.sanantonio.gov/sapd/Calls.aspx,Yellow,a tbd link,26,8
08/01/26,12:07:48 PM,W0 N LP 1604W  OFRP RR,78258,Traffic Calls,Traffic Related,3170,NORTH,SAPD-2026-1042265,29.607414,-98.526522,1785604068000,http://www.sanantonio.gov/sapd/Calls.aspx,Yellow,a tbd link,26,8
08/01/26, 7:10:27,Nb Us Hwy 281 N Ofrp St Marys / N St Mary's St,78212,Traffic Calls,Traffic Related,1230,DOWNTOWN,SAPD-2026-1043796,29.45513,-98.481231,1785629427000,http://www.sanantonio.gov/sapd/Calls.aspx,Yellow,a tbd link,26,8
08/01/26, 8:51:12,LOOP 1604 W ACCESS RD,78232,Traffic Calls,Traffic Related,7240,PRUE,SAPD-2026-1041525,29.608533,-98.508727,1785592272000,http://www.sanantonio.gov/sapd/Calls.aspx,Yellow,a tbd link,26,8
08/01/26, 3:42:21,11000-11161 Rousseau,78251,Traffic Calls,Major Accident,5360,WEST,SAPD-2026-1043024,29.432474,-98.705216,1785616941000,http://www.sanantonio.gov/sapd/Calls.aspx,Yellow,a tbd link,26,8
08/01/26,12:10:07 PM,9800 Airport Blvd,78216,Other Calls,Property Found,SAT1,AIRPORT,SAPD-2026-1042278,29.526619,-98.471844,1785604207000,http://www.sanantonio.gov/sapd/Calls.aspx,Blue,a tbd link,26,8
08/01/26, 8:51:37,20000 Liedecke,78221,Traffic Calls,Minor Accident,6280,SOUTH,SAPD-2026-1041543,29.222776,-98.418883,1785592297000,http://www.sanantonio.gov/sapd/Calls.aspx,Yellow,a tbd link,26,8
08/01/26, 3:48:25,4400 S Flores St,78214,Property Crime Calls,Burglary Vehicle,6210,SOUTH,SAPD-2026-1043045,29.381766,-98.501485,1785617305000,http://www.sanantonio.gov/sapd/Calls.aspx,Green,a tbd link,26,8
08/01/26,12:09:24 PM,2012-2298 NE LOOP 410 EB,78217,Traffic Calls,Traffic Related,4360,EAST,SAPD-2026-1042274,29.515921,-98.4245,1785604164000,http://www.sanantonio.gov/sapd/Calls.aspx,Yellow,a tbd link,26,8
08/01/26, 7:09:42,100 Bailey Ave,78210,Other Calls,Patrol By,4150,EAST,SAPD-2026-1043789,29.394135,-98.472976,1785629382000,http://www.sanantonio.gov/sapd/Calls.aspx,Blue,a tbd link,26,8
08/01/26, 3:47:24,11000-11098 Sw Loop 410 Wb,78211,Traffic Calls,Traffic Related,6140,SOUTH,SAPD-2026-1043043,29.316191,-98.586341,1785617244000,http://www.sanantonio.gov/sapd/Calls.aspx,Yellow,a tbd link,26,8
08/01/26, 8:54:48,7500 Nw Loop 410,78238,Property Crime Calls,Panhandler,5160,WEST,SAPD-2026-1041545,29.442471,-98.637275,1785592488000,http://www.sanantonio.gov/sapd/Calls.aspx,Green,a tbd link,26,8
08/01/26,12:11:07 PM,6400 De Zavala Rd,78249,Other Calls,Disturbance,7340,PRUE,SAPD-2026-1042281,29.560944,-98.614755,1785604267000,http://www.sanantonio.gov/sapd/Calls.aspx,Blue,a tbd link,26,8
08/01/26, 7:13:00,8500 Huebner Rd,78240,Crimes Against Person Calls,Suspicious Vehicle,7160,PRUE,SAPD-2026-1043806,29.517336,-98.606176,1785629580000,http://www.sanantonio.gov/sapd/Calls.aspx,Red,a tbd link,26,8
08/01/26, 3:45:39,3300 Tampico St,78207,Other Calls,Disturbance,2350,CENTRAL,SAPD-2026-1043036,29.416951,-98.546068,1785617139000,http://www.sanantonio.gov/sapd/Calls.aspx,Blue,a tbd link,26,8
08/01/26, 8:53:47,100 S Zarzamora St,78207,Property Crime Calls,Burglary in Progress,2330,CENTRAL,SAPD-2026-1041540,29.427579,-98.526589,1785592427000,http://www.sanantonio.gov/sapd/Calls.aspx,Green,a tbd link,26,8
08/01/26,12:09:48 PM,906-998 W CARGO,78216,Other Calls,Patrol By,SAT1,AIRPORT,SAPD-2026-1042276,29.532163,-98.482304,1785604188000,http://www.sanantonio.gov/sapd/Calls.aspx,Blue,a tbd link,26,8
08/01/26, 7:10:07,Carmen Place / Sw 19th St,78207,Other Calls,Welfare Check,2350,CENTRAL,SAPD-2026-1043795,29.405168,-98.539099,1785629407000,http://www.sanantonio.gov/sapd/Calls.aspx,Blue,a tbd link,26,8
08/01/26, 3:45:49,3600 E Houston St,78219,Other Calls,Information,4160,EAST,SAPD-2026-1043037,29.42532,-98.426945,1785617149000,http://www.sanantonio.gov/sapd/Calls.aspx,Blue,a tbd link,26,8
08/01/26, 8:52:55,15100-15498 Ih 35 S Nb,78073,Other Calls,SAPD Emergency Call,NOT SAPD BEX,SAPD OUTSIDE AREA,SAPD-2026-1041534,29.270243,-98.68766,1785592375000,http://www.sanantonio.gov/sapd/Calls.aspx,Blue,a tbd link,26,8
08/01/26,12:13:33 PM,17600 Henderson Pass,78232,Property Crime Calls,Burglary,3140,NORTH,SAPD-2026-1042291,29.602809,-98.465448,1785604413000,http://www.sanantonio.gov/sapd/Calls.aspx,Green,a tbd link,26,8
08/01/26, 7:12:27,5800 Worth Pkwy,78257,Other Calls,Information,7260,PRUE,SAPD-2026-1043802,29.612669,-98.5999,1785629547000,http://www.sanantonio.gov/sapd/Calls.aspx,Blue,a tbd link,26,8
08/01/26, 3:46:31,5800 Magnes Ln,78227,Other Calls,Assist the Public,5150,WEST,SAPD-2026-1043040,29.414849,-98.606076,1785617191000,http://www.sanantonio.gov/sapd/Calls.aspx,Blue,a tbd link,26,8
08/01/26, 8:53:18,OLD APPLEWHITE RD,78264,Other Calls,Patrol By,6160,SOUTH,SAPD-2026-1041537,29.246061,-98.552064,1785592398000,http://www.sanantonio.gov/sapd/Calls.aspx,Blue,a tbd link,26,8
08/01/26,12:12:22 PM,3900 Sherril Brook Dr,78228,Other Calls,Disturbance,5260,WEST,SAPD-2026-1042286,29.472121,-98.581206,1785604342000,http://www.sanantonio.gov/sapd/Calls.aspx,Blue,a tbd link,26,8
08/01/26, 3:49:54,1000 S Ww White Rd,78220,Crimes Against Person Calls,Disturbance Family Gun Involved,4230,EAST,SAPD-2026-1043050,29.41493,-98.406304,1785617394000,http://www.sanantonio.gov/sapd/Calls.aspx,Red,a tbd link,26,8
08/01/26, 8:55:13,Mockert St / Klein,78204,Other Calls,Disturbance,1140,DOWNTOWN,SAPD-2026-1041549,29.401311,-98.506104,1785592513000,http://www.sanantonio.gov/sapd/Calls.aspx,Blue,a tbd link,26,8
08/01/26,12:12:22 PM,101-131 Rittiman Rd,78209,Other Calls,Assist the Public,3340,NORTH,SAPD-2026-1042283,29.484816,-98.452974,1785604342000,http://www.sanantonio.gov/sapd/Calls.aspx,Blue,a tbd link,26,8
08/01/26, 7:13:46,9500 Contessa Dr,78216,Other Calls,Welfare Check,3350,NORTH,SAPD-2026-1043810,29.527547,-98.492926,1785629626000,http://www.sanantonio.gov/sapd/Calls.aspx,Blue,a tbd link,26,8
08/01/26, 8:54:55,1200 W Thompson Place,78226,Other Calls,Disturbance Family,6310,SOUTH,SAPD-2026-1041546,29.395798,-98.546005,1785592495000,http://www.sanantonio.gov/sapd/Calls.aspx,Blue,a tbd link,26,8
08/01/26, 3:46:31,1000 Sw Military Dr,78221,Other Calls,Fire,6230,SOUTH,SAPD-2026-1043038,29.356944,-98.508056,1785617191000,http://www.sanantonio.gov/sapd/Calls.aspx,Blue,a tbd link,26,8
08/01/26,12:13:18 PM,WISEMAN BLVD,78253,Traffic Calls,Minor Accident,5360,WEST,SAPD-2026-1042285,29.465463,-98.714267,1785604398000,http://www.sanantonio.gov/sapd/Calls.aspx,Yellow,a tbd link,26,8
08/01/26, 7:12:35,700 Grosvenor Blvd,78221,Other Calls,Disturbance Loud Music,6150,SOUTH,SAPD-2026-1043803,29.354591,-98.514896,1785629555000,http://www.sanantonio.gov/sapd/Calls.aspx,Blue,a tbd link,26,8
08/01/26, 8:55:03,9000 Dugas Dr,78251,Other Calls,Welfare Check,5360,WEST,SAPD-2026-1041547,29.445383,-98.683792,1785592503000,http://www.sanantonio.gov/sapd/Calls.aspx,Blue,a tbd link,26,8
08/01/26, 3:46:52,1000 Sw Military Dr,78221,Other Calls,Fire,6230,SOUTH,SAPD-2026-1043041,29.356944,-98.508056,1785617212000,http://www.sanantonio.gov/sapd/Calls.aspx,Blue,a tbd link,26,8
08/01/26,12:15:20 PM,S Zarzamora St / Frio City Rd,78207,Traffic Calls,Traffic Related,6110,SOUTH,SAPD-2026-1042300,29.396979,-98.531057,1785604520000,http://www.sanantonio.gov/sapd/Calls.aspx,Yellow,a tbd link,26,8
08/01/26, 7:13:05,8500 Broadway,78217,Other Calls,Disturbance,3360,NORTH,SAPD-2026-1043809,29.517237,-98.464099,1785629585000,http://www.sanantonio.gov/sapd/Calls.aspx,Blue,a tbd link,26,8
08/01/26, 8:58:22,4300 San Luis St,78237,Other Calls,Suspicious Person,5110,WEST,SAPD-2026-1041556,29.425999,-98.553395,1785592702000,http://www.sanantonio.gov/sapd/Calls.aspx,Blue,a tbd link,26,8
08/01/26, 3:53:00,100 Terry Ct,78212,Other Calls,Welfare Check,1210,DOWNTOWN,SAPD-2026-1043065,29.44929,-98.486173,1785617580000,http://www.sanantonio.gov/sapd/Calls.aspx,Blue,a tbd link,26,8
08/01/26,12:14:00 PM,5800 Nw Loop 410,78238,Other Calls,Information,5310,WEST,SAPD-2026-1042290,29.479954,-98.608684,1785604440000,http://www.sanantonio.gov/sapd/Calls.aspx,Blue,a tbd link,26,8
08/01/26, 7:11:27,13000 Jones Maltsberger Rd,78247,Crimes Against Person Calls,Assault,3220,NORTH,SAPD-2026-1043820,29.559728,-98.459693,1785629487000,http://www.sanantonio.gov/sapd/Calls.aspx,Red,a tbd link,26,8
08/01/26, 8:54:06,U0 HWY 281 N NB,78216,Traffic Calls,Traffic Related,3130,NORTH,SAPD-2026-1041542,29.5613,-98.483368,1785592446000,http://www.sanantonio.gov/sapd/Calls.aspx,Yellow,a tbd link,26,8
08/01/26, 3:48:45,200 Hosack Ave,78211,Property Crime Calls,Criminal Mischief,6120,SOUTH,SAPD-2026-1043055,29.379389,-98.532876,1785617325000,http://www.sanantonio.gov/sapd/Calls.aspx,Green,a tbd link,26,8
08/01/26,12:13:45 PM,12600 Uhr Ln,78217,Other Calls,Suspicious Person,3240,NORTH,SAPD-2026-1042293,29.555632,-98.404453,1785604425000,http://www.sanantonio.gov/sapd/Calls.aspx,Blue,a tbd link,26,8
08/01/26, 7:17:09,100 Roundtree,78233,Other Calls,Welfare Check,3230,NORTH,SAPD-2026-1043827,29.532806,-98.380752,1785629829000,http://www.sanantonio.gov/sapd/Calls.aspx,Blue,a tbd link,26,8
08/01/26, 3:53:12,1000 S Ww White Rd,78220,Other Calls,Disturbance Family,4230,EAST,SAPD-2026-1043059,29.41493,-98.406304,1785617592000,http://www.sanantonio.gov/sapd/Calls.aspx,Blue,a tbd link,26,8
08/01/26,12:13:52 PM,5500 W Commerce St,78237,Other Calls,Disturbance,5130,WEST,SAPD-2026-1042288,29.432367,-98.569442,1785604432000,http://www.sanantonio.gov/sapd/Calls.aspx,Blue,a tbd link,26,8
08/01/26, 7:13:14,W Martin St / Nw 26th St,78207,Other Calls,Patrol By,2360,CENTRAL,SAPD-2026-1043807,29.433706,-98.544542,1785629594000,http://www.sanantonio.gov/sapd/Calls.aspx,Blue,a tbd link,26,8
08/01/26,12:15:02 PM,900 Nw Loop 410 Wb,78213,Traffic Calls,Traffic Violation,3350,NORTH,SAPD-2026-1042298,29.520717,-98.506798,1785604502000,http://www.sanantonio.gov/sapd/Calls.aspx,Yellow,a tbd link,26,8
08/01/26, 3:54:09,400 E Sunshine,78228,Other Calls,Welfare Check,5220,WEST,SAPD-2026-1043064,29.473162,-98.551391,1785617649000,http://www.sanantonio.gov/sapd/Calls.aspx,Blue,a tbd link,26,8
08/01/26, 8:55:32,9600 Ih 35 N,78233-6608,Property Crime Calls,Criminal Mischief In Progress,3230,NORTH,SAPD-2026-1041550,29.526773,-98.394096,1785592532000,http://www.sanantonio.gov/sapd/Calls.aspx,Green,a tbd link,26,8
08/01/26, 7:15:16,100 Marmok,78220,Traffic Calls,Minor Accident,4160,EAST,SAPD-2026-1043819,29.418802,-98.43165,1785629716000,http://www.sanantonio.gov/sapd/Calls.aspx,Yellow,a tbd link,26,8
08/01/26,12:14:35 PM,6053-6233 IH 10 W NB,78213,Traffic Calls,Traffic Related,2230,CENTRAL,SAPD-2026-1042292,29.485262,-98.540287,1785604475000,http://www.sanantonio.gov/sapd/Calls.aspx,Yellow,a tbd link,26,8
08/01/26, 3:49:41,S0 LOOP 410 ACCESS RD,78221,Other Calls,Information,6160,SOUTH,SAPD-2026-1043048,29.319624,-98.505766,1785617381000,http://www.sanantonio.gov/sapd/Calls.aspx,Blue,a tbd link,26,8
08/01/26, 8:56:46,7900 Pipers Crk,78251,Other Calls,Assist the Public,5320,WEST,SAPD-2026-1041552,29.46082,-98.644758,1785592606000,http://www.sanantonio.gov/sapd/Calls.aspx,Blue,a tbd link,26,8
08/01/26, 7:14:42,2000 Goliad Rd,78223,Other Calls,Disturbance,4220,EAST,SAPD-2026-1043818,29.36586,-98.441298,1785629682000,http://www.sanantonio.gov/sapd/Calls.aspx,Blue,a tbd link,26,8
08/01/26,12:23:02 PM,1000 Poteet Jourdanton Fwy,78224,Other Calls,Miscellaneous,6330,SOUTH,SAPD-2026-1042329,29.344483,-98.551889,1785604982000,http://www.sanantonio.gov/sapd/Calls.aspx,Blue,a tbd link,26,8
08/01/26, 3:52:22,3200 N Loop 1604 E,78259,Property Crime Calls,Theft,3150,NORTH,SAPD-2026-1043057,29.602047,-98.436269,1785617542000,http://www.sanantonio.gov/sapd/Calls.aspx,Green,a tbd link,26,8
08/01/26, 8:58:31,5200 Eisenhauer Rd,78218,Other Calls,Missing Person/Runaway,4330,EAST,SAPD-2026-1041557,29.498939,-98.378676,1785592711000,http://www.sanantonio.gov/sapd/Calls.aspx,Blue,a tbd link,26,8
08/01/26, 7:14:09,16500 Redland Ranch,78247,Other Calls,Disturbance Loud Music,3140,NORTH,SAPD-2026-1043812,29.59174,-98.435461,1785629649000,http://www.sanantonio.gov/sapd/Calls.aspx,Blue,a tbd link,26,8
08/01/26,12:26:21 PM,12400 Rio Paloma,78249,Other Calls,Information,7350,PRUE,SAPD-2026-1042345,29.55831,-98.652829,1785605181000,http://www.sanantonio.gov/sapd/Calls.aspx,Blue,a tbd link,26,8
08/01/26, 3:53:20,7500-7598 Nw Loop 410 Eb,78238,Traffic Calls,Minor Accident,5160,WEST,SAPD-2026-1043058,29.4443,-98.637121,1785617600000,http://www.sanantonio.gov/sapd/Calls.aspx,Yellow,a tbd link,26,8
08/01/26, 8:54:48,4700 CALLAGHAN RD,78238,Other Calls,Patrol By,5270,WEST,SAPD-2026-1041544,29.47541,-98.59874,1785592488000,http://www.sanantonio.gov/sapd/Calls.aspx,Blue,a tbd link,26,8
08/01/26, 7:12:44,7200 BRIAR PLACE,78221,Other Calls,Patrol By,6250,SOUTH,SAPD-2026-1043805,29.355207,-98.494619,1785629564000,http://www.sanantonio.gov/sapd/Calls.aspx,Blue,a tbd link,26,8
08/01/26, 3:51:58,900 Angela Walk,78207,Property Crime Calls,Criminal Mischief,2350,CENTRAL,SAPD-2026-1043056,29.412136,-98.535252,1785617518000,http://www.sanantonio.gov/sapd/Calls.aspx,Green,a tbd link,26,8
08/01/26, 8:58:22,N Zarzamora St / Cincinnati Ave,78201,Traffic Calls,Major Accident,5210,WEST,SAPD-2026-1041554,29.449527,-98.524399,1785592702000,http://www.sanantonio.gov/sapd/Calls.aspx,Yellow,a tbd link,26,8
08/01/26, 7:14:31,6600 Prue Rd,78240,Other Calls,Disturbance Neighbor,7310,PRUE,SAPD-2026-1043815,29.543064,-98.620286,1785629671000,http://www.sanantonio.gov/sapd/Calls.aspx,Blue,a tbd link,26,8
08/01/26, 8:57:04,2500 Pleasanton Rd,78221,Other Calls,Welfare Check,6250,SOUTH,SAPD-2026-1041553,29.354571,-98.50389,1785592624000,http://www.sanantonio.gov/sapd/Calls.aspx,Blue,a tbd link,26,8
08/01/26,12:17:45 PM,5600 Culebra Rd,78228,Other Calls,Assist the Public,5250,WEST,SAPD-2026-1042305,29.448802,-98.596644,1785604665000,http://www.sanantonio.gov/sapd/Calls.aspx,Blue,a tbd link,26,8
08/01/26, 7:13:28,1900 FIRST AVE,78216,Other Calls,Patrol By,SAT1,AIRPORT,SAPD-2026-1043808,29.53606,-98.465001,1785629608000,http://www.sanantonio.gov/sapd/Calls.aspx,Blue,a tbd link,26,8
08/01/26, 8:58:12,13000 Los Espanada,78233,Crimes Against Person Calls,Assault In Progress,3210,NORTH,SAPD-2026-1041555,29.555861,-98.392937,1785592692000,http://www.sanantonio.gov/sapd/Calls.aspx,Red,a tbd link,26,8
08/01/26, 3:54:01,100 Furnish Ave,78204,Other Calls,Miscellaneous,1140,DOWNTOWN,SAPD-2026-1043063,29.4033,-98.504218,1785617641000,http://www.sanantonio.gov/sapd/Calls.aspx,Blue,a tbd link,26,8
08/01/26,12:20:05 PM,5200 Rigsby Ave,78222,Other Calls,Disturbance,4240,EAST,SAPD-2026-1042316,29.398686,-98.388129,1785604805000,http://www.sanantonio.gov/sapd/Calls.aspx,Blue,a tbd link,26,8
08/01/26, 7:17:42,6800 S Zarzamora St,78224,Traffic Calls,DWI,6130,SOUTH,SAPD-2026-1043830,29.360503,-98.533473,1785629862000,http://www.sanantonio.gov/sapd/Calls.aspx,Yellow,a tbd link,26,8
08/01/26, 8:59:55,5100 Usaa Blvd,78240,Property Crime Calls,Burglary Vehicle,7150,PRUE,SAPD-2026-1041563,29.533791,-98.585953,1785592795000,http://www.sanantonio.gov/sapd/Calls.aspx,Green,a tbd link,26,8
08/01/26, 3:56:05,6000 Blanco Rd,78216,Other Calls,Miscellaneous,3310,NORTH,SAPD-2026-1043073,29.511221,-98.506327,1785617765000,http://www.sanantonio.gov/sapd/Calls.aspx,Blue,a tbd link,26,8
08/01/26,12:18:19 PM,1100 W LULLWOOD AVE,78201,Property Crime Calls,Burglary in Progress,2210,CENTRAL,SAPD-2026-1042310,29.46546,-98.512393,1785604699000,http://www.sanantonio.gov/sapd/Calls.aspx,Green,a tbd link,26,8
08/01/26, 7:15:26,16200 Us Hwy 281 N,,Other Calls,Disturbance Neighbor,3140,NORTH,SAPD-2026-1043821,29.588125,-98.471619,1785629726000,http://www.sanantonio.gov/sapd/Calls.aspx,Blue,a tbd link,26,8
08/01/26, 9:05:07,400 S San Eduardo Ave,78237,Other Calls,Information,5110,WEST,SAPD-2026-1041569,29.426326,-98.559015,1785593107000,http://www.sanantonio.gov/sapd/Calls.aspx,Blue,a tbd link,26,8
08/01/26, 3:53:22,200 E Basse Rd,78209,Property Crime Calls,Theft In Progress,3330,NORTH,SAPD-2026-1043061,29.49578,-98.479924,1785617602000,http://www.sanantonio.gov/sapd/Calls.aspx,Green,a tbd link,26,8
08/01/26,12:20:18 PM,Bobcat Pass / Military Dr W,78251,Other Calls,Welfare Check,5360,WEST,SAPD-2026-1042320,29.448089,-98.702301,1785604818000,http://www.sanantonio.gov/sapd/Calls.aspx,Blue,a tbd link,26,8
08/01/26, 7:15:10,100 Gaskin,78212,Crimes Against Person Calls,Disturbance Family Knife Involved,2220,CENTRAL,SAPD-2026-1043817,29.491613,-98.505539,1785629710000,http://www.sanantonio.gov/sapd/Calls.aspx,Red,a tbd link,26,8
08/01/26, 9:03:47,15200 Walcott Rdg,78073,Other Calls,SAPD Non-Emergency Call,NOT SAPD BEX,SAPD OUTSIDE AREA,SAPD-2026-1041564,29.270316,-98.581522,1785593027000,http://www.sanantonio.gov/sapd/Calls.aspx,Blue,a tbd link,26,8
08/01/26,12:19:02 PM,400 Cedar St,78210,Other Calls,Information,1110,DOWNTOWN,SAPD-2026-1042312,29.409661,-98.489047,1785604742000,http://www.sanantonio.gov/sapd/Calls.aspx,Blue,a tbd link,26,8
08/01/26, 7:16:41,3700 Pecan Valley Dr,78210,Other Calls,Disturbance,4210,EAST,SAPD-2026-1043825,29.386171,-98.429151,1785629801000,http://www.sanantonio.gov/sapd/Calls.aspx,Blue,a tbd link,26,8
08/01/26, 9:03:00,3000 Rigsby Ave,78222,Other Calls,Disturbance,4250,EAST,SAPD-2026-1041566,29.398257,-98.405832,1785592980000,http://www.sanantonio.gov/sapd/Calls.aspx,Blue,a tbd link,26,8
08/01/26, 7:15:50,9900 Ih 10 W,78240,Other Calls,Disturbance,7150,PRUE,SAPD-2026-1043824,29.532304,-98.564258,1785629750000,http://www.sanantonio.gov/sapd/Calls.aspx,Blue,a tbd link,26,8
08/01/26,12:18:38 PM,Rigsby Ave / Bermuda Dr,78222,Other Calls,Suspicious Person,4250,EAST,SAPD-2026-1042318,29.398178,-98.386671,1785604718000,http://www.sanantonio.gov/sapd/Calls.aspx,Blue,a tbd link,26,8
08/01/26, 9:07:50,2100 E Crockett St,78202,Other Calls,Missing Person - Endangered,4140,EAST,SAPD-2026-1041583,29.423403,-98.449561,1785593270000,http://www.sanantonio.gov/sapd/Calls.aspx,Blue,a tbd link,26,8
08/01/26, 3:53:21,7900 Floyd Curl,78229,Other Calls,DOA,7130,PRUE,SAPD-2026-1043060,29.511844,-98.575364,1785617601000,http://www.sanantonio.gov/sapd/Calls.aspx,Blue,a tbd link,26,8
08/01/26, 7:18:22,11200 Potranco Rd,78253,Other Calls,Welfare Check,5360,WEST,SAPD-2026-1043833,29.432805,-98.712752,1785629902000,http://www.sanantonio.gov/sapd/Calls.aspx,Blue,a tbd link,26,8
08/01/26,12:18:23 PM,3235-3999 N LOOP 1604 W WB,78257,Traffic Calls,Traffic Related,7260,PRUE,SAPD-2026-1042309,29.601375,-98.554652,1785604703000,http://www.sanantonio.gov/sapd/Calls.aspx,Yellow,a tbd link,26,8
08/01/26, 9:04:36,2800 Sw Loop 410,78227,Traffic Calls,Minor Accident,5170,WEST,SAPD-2026-1041567,29.401348,-98.649319,1785593076000,http://www.sanantonio.gov/sapd/Calls.aspx,Yellow,a tbd link,26,8
08/01/26, 3:55:56,10901-12299 Sw Loop 410,78211,Other Calls,Fire Only-Grass,6160,SOUTH,SAPD-2026-1043071,29.319711,-98.564376,1785617756000,http://www.sanantonio.gov/sapd/Calls.aspx,Blue,a tbd link,26,8
08/01/26, 7:18:01,5755-5827 Nw Loop 410 Wb,78238,Traffic Calls,Traffic Related,5310,WEST,SAPD-2026-1043831,29.47889,-98.606885,1785629881000,http://www.sanantonio.gov/sapd/Calls.aspx,Yellow,a tbd link,26,8
08/01/26,12:19:43 PM,5000 Prue Rd,78240,Other Calls,Miscellaneous,7310,PRUE,SAPD-2026-1042315,29.543157,-98.583584,1785604783000,http://www.sanantonio.gov/sapd/Calls.aspx,Blue,a tbd link,26,8
08/01/26, 9:04:15,4700 Casa Oro,78233,Property Crime Calls,Forgery,3210,NORTH,SAPD-2026-1041568,29.546756,-98.398412,1785593055000,http://www.sanantonio.gov/sapd/Calls.aspx,Green,a tbd link,26,8
08/01/26, 4:00:16,1400 Babcock Rd,78201,Other Calls,Assist the Public,5260,WEST,SAPD-2026-1043095,29.488252,-98.565336,1785618016000,http://www.sanantonio.gov/sapd/Calls.aspx,Blue,a tbd link,26,8
08/01/26, 7:17:27,200 Sligo St,78223,Other Calls,Welfare Check,6270,SOUTH,SAPD-2026-1043828,29.328852,-98.429133,1785629847000,http://www.sanantonio.gov/sapd/Calls.aspx,Blue,a tbd link,26,8
08/01/26,12:21:00 PM,1100 W Lullwood Ave,78201,Property Crime Calls,Burglary in Progress,2210,CENTRAL,SAPD-2026-1042323,29.46546,-98.512492,1785604860000,http://www.sanantonio.gov/sapd/Calls.aspx,Green,a tbd link,26,8
08/01/26, 9:02:57,15700 O'CONNOR RD,78247,Other Calls,Patrol By,3240,NORTH,SAPD-2026-1041562,29.586035,-98.396259,1785592977000,http://www.sanantonio.gov/sapd/Calls.aspx,Blue,a tbd link,26,8
08/01/26, 3:56:54,200 Cornell,78201,Property Crime Calls,Theft,1220,DOWNTOWN,SAPD-2026-1043077,29.444736,-98.510117,1785617814000,http://www.sanantonio.gov/sapd/Calls.aspx,Green,a tbd link,26,8
08/01/26,12:23:04 PM,6000 Blanco Rd,78216,Crimes Against Person Calls,Assault In Progress,3310,NORTH,SAPD-2026-1042328,29.511221,-98.506327,1785604984000,http://www.sanantonio.gov/sapd/Calls.aspx,Red,a tbd link,26,8
08/01/26, 9:07:30,6500 Fm 78,78244,Other Calls,Disturbance,4320,EAST,SAPD-2026-1041580,29.479505,-98.359414,1785593250000,http://www.sanantonio.gov/sapd/Calls.aspx,Blue,a tbd link,26,8
08/01/26, 3:53:53,1700 N New Braunfels Ave,78208,Other Calls,Disturbance,4130,EAST,SAPD-2026-1043062,29.440011,-98.46073,1785617633000,http://www.sanantonio.gov/sapd/Calls.aspx,Blue,a tbd link,26,8
08/01/26, 7:21:16,5200 Glen Rdg,78229,Other Calls,Disturbance Family,7140,PRUE,SAPD-2026-1043846,29.489497,-98.592472,1785630076000,http://www.sanantonio.gov/sapd/Calls.aspx,Blue,a tbd link,26,8
08/01/26,12:22:30 PM,900 Alametos St,78201,Property Crime Calls,Burglary in Progress,2210,CENTRAL,SAPD-2026-1042326,29.476932,-98.508044,1785604950000,http://www.sanantonio.gov/sapd/Calls.aspx,Green,a tbd link,26,8
08/01/26, 3:55:15,2100 Copper Hill Dr,78232,Other Calls,Welfare Check,3140,NORTH,SAPD-2026-1043069,29.597186,-98.462608,1785617715000,http://www.sanantonio.gov/sapd/Calls.aspx,Blue,a tbd link,26,8
08/01/26, 9:04:28,15700 O'CONNOR RD,78227,Other Calls,Patrol By,3260,NORTH,SAPD-2026-1041565,29.586329,-98.395139,1785593068000,http://www.sanantonio.gov/sapd/Calls.aspx,Blue,a tbd link,26,8
08/01/26, 7:19:07,4600 E Loop 1604 N,78109,Other Calls,Assist the Public,4310,EAST,SAPD-2026-1043836,29.470327,-98.294925,1785629947000,http://www.sanantonio.gov/sapd/Calls.aspx,Blue,a tbd link,26,8
08/01/26,12:21:59 PM,500 W Academy Ave,78226,Other Calls,Disturbance Family,6310,SOUTH,SAPD-2026-1042330,29.395411,-98.551391,1785604919000,http://www.sanantonio.gov/sapd/Calls.aspx,Blue,a tbd link,26,8
08/01/26, 3:56:29,300 Floyd,78204,Other Calls,Disturbance Family,2340,CENTRAL,SAPD-2026-1043078,29.402968,-98.512841,1785617789000,http://www.sanantonio.gov/sapd/Calls.aspx,Blue,a tbd link,26,8
08/01/26, 9:07:00,S Ellison Dr / Marbach Rd,78245,Traffic Calls,Traffic Violation,5360,WEST,SAPD-2026-1041576,29.417849,-98.678202,1785593220000,http://www.sanantonio.gov/sapd/Calls.aspx,Yellow,a tbd link,26,8
08/01/26, 7:15:45,7400 POTRANCO RD,78238,Other Calls,Patrol By,5320,WEST,SAPD-2026-1043822,29.456226,-98.633156,1785629745000,http://www.sanantonio.gov/sapd/Calls.aspx,Blue,a tbd link,26,8
08/01/26,12:20:34 PM,200 Cornell,78201,Other Calls,Fire,1220,DOWNTOWN,SAPD-2026-1042317,29.444695,-98.509671,1785604834000,http://www.sanantonio.gov/sapd/Calls.aspx,Blue,a tbd link,26,8
08/01/26, 3:56:33,4300 Blk Ih 37 S Nb,78223,Traffic Calls,Traffic Related,4220,EAST,SAPD-2026-1043076,29.376044,-98.460034,1785617793000,http://www.sanantonio.gov/sapd/Calls.aspx,Yellow,a tbd link,26,8
08/01/26, 9:06:36,7000 San Pedro Ave,78216,Other Calls,Disturbance,3320,NORTH,SAPD-2026-1041573,29.510689,-98.498892,1785593196000,http://www.sanantonio.gov/sapd/Calls.aspx,Blue,a tbd link,26,8
08/01/26, 7:20:28,100 Division,78214,Other Calls,Welfare Check,6210,SOUTH,SAPD-2026-1043844,29.379623,-98.501582,1785630028000,http://www.sanantonio.gov/sapd/Calls.aspx,Blue,a tbd link,26,8
08/01/26,12:20:56 PM,U0 HWY 90 W ACCESS RD,78227,Traffic Calls,Traffic Related,6360,SOUTH,SAPD-2026-1042321,29.403749,-98.620984,1785604856000,http://www.sanantonio.gov/sapd/Calls.aspx,Yellow,a tbd link,26,8
08/01/26, 3:56:10,N0 Us Hwy 281 N Onrp Jm Rd,78209,Traffic Calls,Minor Accident,3330,NORTH,SAPD-2026-1043075,29.500389,-98.481485,1785617770000,http://www.sanantonio.gov/sapd/Calls.aspx,Yellow,a tbd link,26,8
08/01/26, 9:06:52,Blanco Rd / Dresden Dr,78216,Other Calls,Injured/Sick Person,3310,NORTH,SAPD-2026-1041574,29.499041,-98.507816,1785593212000,http://www.sanantonio.gov/sapd/Calls.aspx,Blue,a tbd link,26,8
08/01/26, 7:20:07,9500 Fredericksburg Rd,78240,Other Calls,Welfare Check,7150,PRUE,SAPD-2026-1043841,29.527511,-98.575819,1785630007000,http://www.sanantonio.gov/sapd/Calls.aspx,Blue,a tbd link,26,8
08/01/26, 3:54:43,1000 LEAL ST,78207,Other Calls,Patrol By,2320,CENTRAL,SAPD-2026-1043067,29.434521,-98.517654,1785617683000,http://www.sanantonio.gov/sapd/Calls.aspx,Blue,a tbd link,26,8
08/01/26, 9:06:39,I0 10 W SB,78249,Traffic Calls,Traffic Related,7340,PRUE,SAPD-2026-1041572,29.565252,-98.591813,1785593199000,http://www.sanantonio.gov/sapd/Calls.aspx,Yellow,a tbd link,26,8
08/01/26, 7:17:27,Us Hwy 281 N Nb / Ih 35 N Sb,78215,Traffic Calls,Traffic Related,1230,DOWNTOWN,SAPD-2026-1043829,29.4388,-98.477541,1785629847000,http://www.sanantonio.gov/sapd/Calls.aspx,Yellow,a tbd link,26,8
08/01/26, 9:07:51,100 San Angelo Blvd,78212,Other Calls,Disturbance,2210,CENTRAL,SAPD-2026-1041588,29.486222,-98.499526,1785593271000,http://www.sanantonio.gov/sapd/Calls.aspx,Blue,a tbd link,26,8
08/01/26, 3:59:16,15300 Judson Rd,78247,Other Calls,Assist the Public,3260,NORTH,SAPD-2026-1043084,29.588928,-98.377778,1785617956000,http://www.sanantonio.gov/sapd/Calls.aspx,Blue,a tbd link,26,8
08/01/26,12:21:37 PM,400-450 TULETA,78209,Other Calls,Patrol By,1230,DOWNTOWN,SAPD-2026-1042325,29.461431,-98.469737,1785604897000,http://www.sanantonio.gov/sapd/Calls.aspx,Blue,a tbd link,26,8
08/01/26, 7:23:37,3000 S Laredo St,78207,Other Calls,Miscellaneous,2350,CENTRAL,SAPD-2026-1043854,29.413624,-98.532635,1785630217000,http://www.sanantonio.gov/sapd/Calls.aspx,Blue,a tbd link,26,8
08/01/26, 9:09:45,3400 Oakdale,78229,Other Calls,Disturbance Neighbor,7110,PRUE,SAPD-2026-1041590,29.501741,-98.55165,1785593385000,http://www.sanantonio.gov/sapd/Calls.aspx,Blue,a tbd link,26,8
08/01/26, 3:55:51,8400-8452 N LOOP 1604 W,78249,Traffic Calls,Traffic Related,7350,PRUE,SAPD-2026-1043070,29.565388,-98.654178,1785617751000,http://www.sanantonio.gov/sapd/Calls.aspx,Yellow,a tbd link,26,8
08/01/26,12:24:16 PM,Vance Jackson Rd / Beryl Dr,78213,Traffic Calls,Minor Accident,2230,CENTRAL,SAPD-2026-1042333,29.497286,-98.535033,1785605056000,http://www.sanantonio.gov/sapd/Calls.aspx,Yellow,a tbd link,26,8
08/01/26, 7:16:51,500 PHARIS ST,78237,Other Calls,Patrol By,5140,WEST,SAPD-2026-1043826,29.429803,-98.581144,1785629811000,http://www.sanantonio.gov/sapd/Calls.aspx,Blue,a tbd link,26,8
08/01/26, 9:09:56,3600 E Houston St,78219,Other Calls,Miscellaneous,4160,EAST,SAPD-2026-1041591,29.42532,-98.426945,1785593396000,http://www.sanantonio.gov/sapd/Calls.aspx,Blue,a tbd link,26,8
08/01/26, 3:56:07,905-999 W CARGO,78216,Other Calls,Patrol By,SAT1,AIRPORT,SAPD-2026-1043072,29.532177,-98.481757,1785617767000,http://www.sanantonio.gov/sapd/Calls.aspx,Blue,a tbd link,26,8
08/01/26,12:24:24 PM,5300 Natho St,78222,Other Calls,Suspicious Person,4250,EAST,SAPD-2026-1042335,29.397376,-98.386409,1785605064000,http://www.sanantonio.gov/sapd/Calls.aspx,Blue,a tbd link,26,8
08/01/26, 7:19:26,3700 West Ave,78213,Other Calls,Miscellaneous,2230,CENTRAL,SAPD-2026-1043838,29.498685,-98.526271,1785629966000,http://www.sanantonio.gov/sapd/Calls.aspx,Blue,a tbd link,26,8
08/01/26, 9:11:17,13300 Aristotle Pass,78249,Crimes Against Person Calls,Threats,7250,PRUE,SAPD-2026-1041595,29.570154,-98.607193,1785593477000,http://www.sanantonio.gov/sapd/Calls.aspx,Red,a tbd link,26,8
08/01/26, 3:58:32,14100 Cradlewood Dr,78233,Traffic Calls,Abandoned Vehicle,3250,NORTH,SAPD-2026-1043081,29.570532,-98.373224,1785617912000,http://www.sanantonio.gov/sapd/Calls.aspx,Yellow,a tbd link,26,8
08/01/26,12:24:16 PM,N Loop 1604 E Eb / Stone Oak Pkwy,78232,Traffic Calls,Minor Accident,3170,NORTH,SAPD-2026-1042336,29.608723,-98.492674,1785605056000,http://www.sanantonio.gov/sapd/Calls.aspx,Yellow,a tbd link,26,8
08/01/26, 7:19:27,S Blue Wing Rd / Blue Wing Landing,78223,Other Calls,Missing Person/Runaway,6280,SOUTH,SAPD-2026-1043839,29.304102,-98.410865,1785629967000,http://www.sanantonio.gov/sapd/Calls.aspx,Blue,a tbd link,26,8
08/01/26, 3:59:58,1000 Ada St,78223,Crimes Against Person Calls,Threats,4220,EAST,SAPD-2026-1043096,29.38156,-98.457925,1785617998000,http://www.sanantonio.gov/sapd/Calls.aspx,Red,a tbd link,26,8
08/01/26,12:27:15 PM,14600 Nacogdoches Rd,78233,Other Calls,Disturbance,3250,NORTH,SAPD-2026-1042349,29.572937,-98.377656,1785605235000,http://www.sanantonio.gov/sapd/Calls.aspx,Blue,a tbd link,26,8
08/01/26, 7:20:36,7700 Kennedy Hill,78235,Other Calls,Disturbance,6270,SOUTH,SAPD-2026-1043845,29.348279,-98.451858,1785630036000,http://www.sanantonio.gov/sapd/Calls.aspx,Blue,a tbd link,26,8
08/01/26,12:26:32 PM,2200 W Huisache Ave,78201,Crimes Against Person Calls,Assault In Progress,5210,WEST,SAPD-2026-1042342,29.458136,-98.535156,1785605192000,http://www.sanantonio.gov/sapd/Calls.aspx,Red,a tbd link,26,8
08/01/26, 4:02:23,3200 Swandale Dr,78230,Other Calls,Disturbance,7210,PRUE,SAPD-2026-1043102,29.523226,-98.54909,1785618143000,http://www.sanantonio.gov/sapd/Calls.aspx,Blue,a tbd link,26,8
08/01/26, 9:11:09,3600 Growdon Rd,78227,Other Calls,Assist the Public,6310,SOUTH,SAPD-2026-1041594,29.394029,-98.59443,1785593469000,http://www.sanantonio.gov/sapd/Calls.aspx,Blue,a tbd link,26,8
08/01/26, 7:20:15,400 Jennings Ave,78225,Other Calls,Welfare Check,6110,SOUTH,SAPD-2026-1043843,29.391617,-98.526765,1785630015000,http://www.sanantonio.gov/sapd/Calls.aspx,Blue,a tbd link,26,8
08/01/26,12:25:28 PM,700 W Mayfield Blvd,78211,Other Calls,Information,6130,SOUTH,SAPD-2026-1042340,29.362151,-98.535356,1785605128000,http://www.sanantonio.gov/sapd/Calls.aspx,Blue,a tbd link,26,8
08/01/26, 3:58:14,7200 Marbach Rd,78227,Other Calls,Welfare Check,5170,WEST,SAPD-2026-1043080,29.417615,-98.632409,1785617894000,http://www.sanantonio.gov/sapd/Calls.aspx,Blue,a tbd link,26,8
08/01/26, 9:13:33,Fiesta Trail Shopping Center,78230,Traffic Calls,Accident Private Property,7230,PRUE,SAPD-2026-1041603,29.562737,-98.589454,1785593613000,http://www.sanantonio.gov/sapd/Calls.aspx,Yellow,a tbd link,26,8
08/01/26, 7:21:58,100 Jesse St,78237,Other Calls,Welfare Check,5140,WEST,SAPD-2026-1043848,29.427252,-98.573602,1785630118000,http://www.sanantonio.gov/sapd/Calls.aspx,Blue,a tbd link,26,8
08/01/26,12:25:36 PM,7400 STATE HWY 151,78227,Other Calls,Patrol By,5150,WEST,SAPD-2026-1042341,29.432803,-98.631773,1785605136000,http://www.sanantonio.gov/sapd/Calls.aspx,Blue,a tbd link,26,8
08/01/26, 3:59:01,14000 Culebra Rd,78254,Other Calls,SAPD Non-Emergency Call,NOT SAPD BEX,SAPD OUTSIDE AREA,SAPD-2026-1043083,29.519248,-98.773485,1785617941000,http://www.sanantonio.gov/sapd/Calls.aspx,Blue,a tbd link,26,8
08/01/26, 9:12:15,6200 Valley Cliff,78250,Property Crime Calls,Burglary,7370,PRUE,SAPD-2026-1041599,29.502773,-98.685249,1785593535000,http://www.sanantonio.gov/sapd/Calls.aspx,Green,a tbd link,26,8
08/01/26, 7:19:58,400 Blue Star,78204,Other Calls,SAPD Emergency Call,1140,DOWNTOWN,SAPD-2026-1043840,29.405448,-98.492331,1785629998000,http://www.sanantonio.gov/sapd/Calls.aspx,Blue,a tbd link,26,8
08/01/26,12:27:44 PM,4000 Comanche Sunrise,78244,Crimes Against Person Calls,Robbery of Individual,4320,EAST,SAPD-2026-1042348,29.46198,-98.366634,1785605264000,http://www.sanantonio.gov/sapd/Calls.aspx,Red,a tbd link,26,8
08/01/26, 4:00:17,300 Eross St,78202,Crimes Against Person Calls,Assault In Progress,4130,EAST,SAPD-2026-1043094,29.426814,-98.452461,1785618017000,http://www.sanantonio.gov/sapd/Calls.aspx,Red,a tbd link,26,8
08/01/26, 9:12:36,1100 Menchaca St,78207,Property Crime Calls,Theft of Vehicle,2320,CENTRAL,SAPD-2026-1041600,29.442128,-98.527141,1785593556000,http://www.sanantonio.gov/sapd/Calls.aspx,Green,a tbd link,26,8
08/01/26, 7:23:28,Henderson Pass / Shadow Cliff,78232,Other Calls,Suspicious Person,3140,NORTH,SAPD-2026-1043860,29.580429,-98.456779,1785630208000,http://www.sanantonio.gov/sapd/Calls.aspx,Blue,a tbd link,26,8
08/01/26, 7:29:03,1000 Alexander Hamilton,78228,Other Calls,Suspicious Person,5220,WEST,SAPD-2026-1043880,29.468435,-98.558142,1785630543000,http://www.sanantonio.gov/sapd/Calls.aspx,Blue,a tbd link,26,8
08/01/26, 4:00:41,300 Eross St,78202,Crimes Against Person Calls,Assault In Progress,4130,EAST,SAPD-2026-1043098,29.426814,-98.452461,1785618041000,http://www.sanantonio.gov/sapd/Calls.aspx,Red,a tbd link,26,8
08/01/26, 9:12:41,8000 Dial Ike Dr,78218,Other Calls,Assist the Public,4330,EAST,SAPD-2026-1041601,29.507885,-98.371556,1785593561000,http://www.sanantonio.gov/sapd/Calls.aspx,Blue,a tbd link,26,8
08/01/26, 9:13:35,400 W Cevallos St,78204,Traffic Calls,Accident Private Property,1140,DOWNTOWN,SAPD-2026-1041605,29.410681,-98.505747,1785593615000,http://www.sanantonio.gov/sapd/Calls.aspx,Yellow,a tbd link,26,8
08/01/26, 9:11:43,15000 JUDSON RD,78247,Other Calls,Patrol By,3260,NORTH,SAPD-2026-1041596,29.579311,-98.372525,1785593503000,http://www.sanantonio.gov/sapd/Calls.aspx,Blue,a tbd link,26,8
08/01/26, 7:28:10,9500 State Hwy 151,78251,Property Crime Calls,Theft of Vehicle,5350,WEST,SAPD-2026-1043872,29.44839,-98.672839,1785630490000,http://www.sanantonio.gov/sapd/Calls.aspx,Green,a tbd link,26,8
08/01/26, 9:14:15,3900 Eisenhauer Rd,78218,Other Calls,Welfare Check,4350,EAST,SAPD-2026-1041606,29.496426,-98.419718,1785593655000,http://www.sanantonio.gov/sapd/Calls.aspx,Blue,a tbd link,26,8
08/01/26, 4:00:14,15700 O'CONNOR RD,78247,Other Calls,Patrol By,3240,NORTH,SAPD-2026-1043097,29.586035,-98.396259,1785618014000,http://www.sanantonio.gov/sapd/Calls.aspx,Blue,a tbd link,26,8
08/01/26, 7:24:38,3500 Southton Vw,78222,Crimes Against Person Calls,Assault In Progress,4250,EAST,SAPD-2026-1043859,29.388596,-98.371639,1785630278000,http://www.sanantonio.gov/sapd/Calls.aspx,Red,a tbd link,26,8
08/01/26, 9:12:10,1400 MIRA VISTA,78228,Other Calls,Patrol By,5250,WEST,SAPD-2026-1041598,29.454167,-98.600556,1785593530000,http://www.sanantonio.gov/sapd/Calls.aspx,Blue,a tbd link,26,8
08/01/26, 4:02:47,8404-8599 Ray Ellison Blvd,78227,Traffic Calls,Traffic Related,6360,SOUTH,SAPD-2026-1043105,29.374591,-98.647156,1785618167000,http://www.sanantonio.gov/sapd/Calls.aspx,Yellow,a tbd link,26,8
08/01/26, 7:25:23,3700 S Presa St,78210,Traffic Calls,Traffic Violation,6220,SOUTH,SAPD-2026-1043862,29.386998,-98.479251,1785630323000,http://www.sanantonio.gov/sapd/Calls.aspx,Yellow,a tbd link,26,8
08/01/26,12:27:22 PM,500 Gembler Rd,78219,Property Crime Calls,Burglary in Progress,4160,EAST,SAPD-2026-1042346,29.438989,-98.423678,1785605242000,http://www.sanantonio.gov/sapd/Calls.aspx,Green,a tbd link,26,8
08/01/26, 9:13:48,600 W SUNSET RD,78216,Property Crime Calls,Burglary,3320,NORTH,SAPD-2026-1041609,29.507639,-98.478861,1785593628000,http://www.sanantonio.gov/sapd/Calls.aspx,Green,a tbd link,26,8
08/01/26, 4:02:04,5000 Prue Rd,78240,Other Calls,Information,7310,PRUE,SAPD-2026-1043100,29.543157,-98.583584,1785618124000,http://www.sanantonio.gov/sapd/Calls.aspx,Blue,a tbd link,26,8
08/01/26, 7:26:22,900 Dallas St,78215,Other Calls,Suspicious Person,1130,DOWNTOWN,SAPD-2026-1043866,29.437766,-98.484452,1785630382000,http://www.sanantonio.gov/sapd/Calls.aspx,Blue,a tbd link,26,8
08/01/26,12:29:38 PM,5300 Natho St,78222,Property Crime Calls,Criminal Mischief In Progress,4250,EAST,SAPD-2026-1042355,29.397374,-98.386368,1785605378000,http://www.sanantonio.gov/sapd/Calls.aspx,Green,a tbd link,26,8
08/01/26, 9:15:46,200 Natalen Ave,78209,Property Crime Calls,Theft of Vehicle,1230,DOWNTOWN,SAPD-2026-1041616,29.456163,-98.468259,1785593746000,http://www.sanantonio.gov/sapd/Calls.aspx,Green,a tbd link,26,8
08/01/26, 4:03:40,2200 Bigmouth Rod,78224,Other Calls,Disturbance,6160,SOUTH,SAPD-2026-1043108,29.314829,-98.543609,1785618220000,http://www.sanantonio.gov/sapd/Calls.aspx,Blue,a tbd link,26,8
08/01/26,12:27:31 PM,N Loop 1604 E Eb / Lookout Rd,78233,Traffic Calls,Traffic Related,3260,NORTH,SAPD-2026-1042344,29.578418,-98.34286,1785605251000,http://www.sanantonio.gov/sapd/Calls.aspx,Yellow,a tbd link,26,8
08/01/26, 9:14:29,7600 Freedom Acres,78242,Crimes Against Person Calls,Suspicious Vehicle,6350,SOUTH,SAPD-2026-1041607,29.355862,-98.629884,1785593669000,http://www.sanantonio.gov/sapd/Calls.aspx,Red,a tbd link,26,8
08/01/26, 4:04:24,10300 Sahara,78216,Crimes Against Person Calls,Assault In Progress,3350,NORTH,SAPD-2026-1043114,29.530226,-98.492417,1785618264000,http://www.sanantonio.gov/sapd/Calls.aspx,Red,a tbd link,26,8
08/01/26, 7:24:02,100 S JOSEPHINE TOBIN,78201,Other Calls,Patrol By,5210,WEST,SAPD-2026-1043857,29.44945,-98.530416,1785630242000,http://www.sanantonio.gov/sapd/Calls.aspx,Blue,a tbd link,26,8
08/01/26,12:31:34 PM,8100 Landing Ave,78227,Other Calls,Narcotic Laws,5170,WEST,SAPD-2026-1042367,29.401674,-98.647767,1785605494000,http://www.sanantonio.gov/sapd/Calls.aspx,Blue,a tbd link,26,8
08/01/26, 4:05:16,6900 Military Dr W,78227,Traffic Calls,Accident Private Property,5150,WEST,SAPD-2026-1043115,29.407174,-98.62916,1785618316000,http://www.sanantonio.gov/sapd/Calls.aspx,Yellow,a tbd link,26,8
08/01/26, 9:15:25,Labor St / E Cesar Chavez Blvd,78210,Traffic Calls,Traffic Violation,1110,DOWNTOWN,SAPD-2026-1041613,29.416145,-98.483557,1785593725000,http://www.sanantonio.gov/sapd/Calls.aspx,Yellow,a tbd link,26,8
08/01/26, 7:26:56,1400 Cable Ranch Rd,78245,Property Crime Calls,Burglary Vehicle,5330,WEST,SAPD-2026-1043867,29.422768,-98.658481,1785630416000,http://www.sanantonio.gov/sapd/Calls.aspx,Green,a tbd link,26,8
08/01/26,12:29:31 PM,200 W Martin St,78205,Crimes Against Person Calls,Threats,1120,DOWNTOWN,SAPD-2026-1042375,29.429334,-98.494648,1785605371000,http://www.sanantonio.gov/sapd/Calls.aspx,Red,a tbd link,26,8
08/01/26, 4:02:47,500 W COMMERCE ST,78207,Other Calls,Patrol By,1120,DOWNTOWN,SAPD-2026-1043104,29.426046,-98.499106,1785618167000,http://www.sanantonio.gov/sapd/Calls.aspx,Blue,a tbd link,26,8
08/01/26, 9:14:15,6700 Linn Lake Dr,78244,Other Calls,SAPD Emergency Call,NOT SAPD BEX,SAPD OUTSIDE AREA,SAPD-2026-1041608,29.470097,-98.357151,1785593655000,http://www.sanantonio.gov/sapd/Calls.aspx,Blue,a tbd link,26,8
08/01/26, 7:31:40,8100 Blk Se Loop 410 Nb,78223,Other Calls,Welfare Check,4260,EAST,SAPD-2026-1043884,29.342518,-98.404155,1785630700000,http://www.sanantonio.gov/sapd/Calls.aspx,Blue,a tbd link,26,8
08/01/26,12:28:01 PM,6100 Millbank Dr,78238,Other Calls,Assist the Public,5270,WEST,SAPD-2026-1042350,29.452405,-98.607293,1785605281000,http://www.sanantonio.gov/sapd/Calls.aspx,Blue,a tbd link,26,8
08/01/26, 4:04:11,1100 Culebra Rd,78201,Property Crime Calls,Theft In Progress,2320,CENTRAL,SAPD-2026-1043113,29.444799,-98.525577,1785618251000,http://www.sanantonio.gov/sapd/Calls.aspx,Green,a tbd link,26,8
08/01/26, 9:13:32,14717-14849 Ih 10 E Wb,78154,Traffic Calls,Traffic Related,NOT SAPD BEX,SAPD OUTSIDE AREA,SAPD-2026-1041602,29.500669,-98.187886,1785593612000,http://www.sanantonio.gov/sapd/Calls.aspx,Yellow,a tbd link,26,8
08/01/26, 7:25:38,3500 Southton Vw,78222,Other Calls,SAPD Emergency Call,4250,EAST,SAPD-2026-1043863,29.388596,-98.371639,1785630338000,http://www.sanantonio.gov/sapd/Calls.aspx,Blue,a tbd link,26,8
08/01/26,12:29:36 PM,2400 Fm 1516 N,78109,Property Crime Calls,Theft,4310,EAST,SAPD-2026-1042364,29.451624,-98.319524,1785605376000,http://www.sanantonio.gov/sapd/Calls.aspx,Green,a tbd link,26,8
08/01/26, 4:04:26,7000 Culebra Rd,78238,Other Calls,Miscellaneous,5160,WEST,SAPD-2026-1043121,29.45009,-98.626662,1785618266000,http://www.sanantonio.gov/sapd/Calls.aspx,Blue,a tbd link,26,8
08/01/26, 9:13:35,I0 10 W SB,78230,Traffic Calls,Traffic Related,7150,PRUE,SAPD-2026-1041604,29.5438,-98.577703,1785593615000,http://www.sanantonio.gov/sapd/Calls.aspx,Yellow,a tbd link,26,8
08/01/26,12:29:31 PM,5000 Prue Rd,78240,Other Calls,Missing Person/Runaway,7310,PRUE,SAPD-2026-1042354,29.543157,-98.583584,1785605371000,http://www.sanantonio.gov/sapd/Calls.aspx,Blue,a tbd link,26,8
08/01/26, 4:05:28,3400 Fredericksburg Rd,78201,Property Crime Calls,Burglary,5230,WEST,SAPD-2026-1043117,29.47605,-98.537174,1785618328000,http://www.sanantonio.gov/sapd/Calls.aspx,Green,a tbd link,26,8
08/01/26, 9:16:29,2400 San Fernando St,78207,Property Crime Calls,Theft of Vehicle,2330,CENTRAL,SAPD-2026-1041621,29.421654,-98.526715,1785593789000,http://www.sanantonio.gov/sapd/Calls.aspx,Green,a tbd link,26,8
08/01/26, 7:25:57,2400 Mccullough Ave,78212,Other Calls,Patrol By,1240,DOWNTOWN,SAPD-2026-1043864,29.452901,-98.491587,1785630357000,http://www.sanantonio.gov/sapd/Calls.aspx,Blue,a tbd link,26,8
08/01/26, 9:15:33,9500 Ih 10 W,78230-2221,Property Crime Calls,Burglary in Progress,7120,PRUE,SAPD-2026-1041614,29.528569,-98.56117,1785593733000,http://www.sanantonio.gov/sapd/Calls.aspx,Green,a tbd link,26,8
08/01/26, 4:03:56,O'CONNOR RD / NACOGDOCHES RD,78247,Traffic Calls,Major Accident,3240,NORTH,SAPD-2026-1043112,29.568369,-98.384814,1785618236000,http://www.sanantonio.gov/sapd/Calls.aspx,Yellow,a tbd link,26,8
08/01/26,12:28:20 PM,4200 SUNRISE CREEK DR,78244,Other Calls,Assist the Public,4320,EAST,SAPD-2026-1042351,29.469138,-98.365002,1785605300000,http://www.sanantonio.gov/sapd/Calls.aspx,Blue,a tbd link,26,8
08/01/26, 7:28:29,7900 Bandera Rd,78250,Other Calls,Disturbance,7320,PRUE,SAPD-2026-1043874,29.515056,-98.634443,1785630509000,http://www.sanantonio.gov/sapd/Calls.aspx,Blue,a tbd link,26,8
08/01/26, 9:17:29,5100 Vantage Way,78249,Property Crime Calls,Burglary Vehicle,7340,PRUE,SAPD-2026-1041625,29.548565,-98.587772,1785593849000,http://www.sanantonio.gov/sapd/Calls.aspx,Green,a tbd link,26,8
08/01/26, 4:04:48,800 Sw Military Dr,78221,Other Calls,Property Found,6230,SOUTH,SAPD-2026-1043116,29.35708,-98.504766,1785618288000,http://www.sanantonio.gov/sapd/Calls.aspx,Blue,a tbd link,26,8
08/01/26,12:28:37 PM,300 Blum,78205-3352,Other Calls,Disturbance,1110,DOWNTOWN,SAPD-2026-1042356,29.423812,-98.482647,1785605317000,http://www.sanantonio.gov/sapd/Calls.aspx,Blue,a tbd link,26,8
08/01/26, 7:29:49,3100 Missile,78217,Property Crime Calls,Theft,3360,NORTH,SAPD-2026-1043879,29.531648,-98.438352,1785630589000,http://www.sanantonio.gov/sapd/Calls.aspx,Green,a tbd link,26,8
08/01/26, 9:15:04,3100 HIAWATHA,78210,Other Calls,Patrol By,4210,EAST,SAPD-2026-1041610,29.384037,-98.437081,1785593704000,http://www.sanantonio.gov/sapd/Calls.aspx,Blue,a tbd link,26,8
08/01/26, 4:11:53,Ih 37 S Sb / Fair Ave,78223,Other Calls,Welfare Check,6220,SOUTH,SAPD-2026-1043135,29.384164,-98.469771,1785618713000,http://www.sanantonio.gov/sapd/Calls.aspx,Blue,a tbd link,26,8
08/01/26,12:28:23 PM,7900-8098 IH 35 S NB,78224,Traffic Calls,Traffic Related,6140,SOUTH,SAPD-2026-1042352,29.348147,-98.539716,1785605303000,http://www.sanantonio.gov/sapd/Calls.aspx,Yellow,a tbd link,26,8
08/01/26, 7:28:12,3900 Barrington,78217,Other Calls,Disturbance Loud Music,3370,NORTH,SAPD-2026-1043873,29.524817,-98.421306,1785630492000,http://www.sanantonio.gov/sapd/Calls.aspx,Blue,a tbd link,26,8
08/01/26, 9:15:16,23800-24098 US HWY 281 N NB,78258,Traffic Calls,Traffic Related,3150,NORTH,SAPD-2026-1041612,29.665059,-98.450198,1785593716000,http://www.sanantonio.gov/sapd/Calls.aspx,Yellow,a tbd link,26,8
08/01/26, 4:03:50,O'connor Rd / Nacogdoches Rd,78247,Traffic Calls,Major Accident,3240,NORTH,SAPD-2026-1043110,29.568369,-98.384814,1785618230000,http://www.sanantonio.gov/sapd/Calls.aspx,Yellow,a tbd link,26,8
08/01/26,12:29:34 PM,13000 Jones Maltsberger Rd,78247,Property Crime Calls,Theft,3220,NORTH,SAPD-2026-1042359,29.559728,-98.459693,1785605374000,http://www.sanantonio.gov/sapd/Calls.aspx,Green,a tbd link,26,8
08/01/26, 9:17:12,3600 E Houston St,78219,Other Calls,Miscellaneous,4160,EAST,SAPD-2026-1041623,29.42532,-98.426945,1785593832000,http://www.sanantonio.gov/sapd/Calls.aspx,Blue,a tbd link,26,8
08/01/26, 4:03:43,O'connor Rd / Nacogdoches Rd,78247,Traffic Calls,Major Accident,3240,NORTH,SAPD-2026-1043109,29.568369,-98.384814,1785618223000,http://www.sanantonio.gov/sapd/Calls.aspx,Yellow,a tbd link,26,8
08/01/26,12:31:09 PM,100 E Euclid Ave,78212,Traffic Calls,Abandoned Vehicle,1210,DOWNTOWN,SAPD-2026-1042365,29.437316,-98.494095,1785605469000,http://www.sanantonio.gov/sapd/Calls.aspx,Yellow,a tbd link,26,8
08/01/26, 4:04:02,200 N Comal St,78207,Other Calls,Disturbance,NOT SAPD BEX,SAPD OUTSIDE AREA,SAPD-2026-1043111,29.427641,-98.507373,1785618242000,http://www.sanantonio.gov/sapd/Calls.aspx,Blue,a tbd link,26,8
08/01/26, 9:15:52,9600 BANDERA RD,78250,Other Calls,Miscellaneous,7320,PRUE,SAPD-2026-1041617,29.533079,-98.645785,1785593752000,http://www.sanantonio.gov/sapd/Calls.aspx,Blue,a tbd link,26,8
08/01/26, 7:30:49,3900 Angel Trumpet,78259,Other Calls,Miscellaneous,3150,NORTH,SAPD-2026-1043883,29.635825,-98.415348,1785630649000,http://www.sanantonio.gov/sapd/Calls.aspx,Blue,a tbd link,26,8
08/01/26,12:32:37 PM,3500 Magic Dr,78229,Property Crime Calls,Theft In Progress,7110,PRUE,SAPD-2026-1042373,29.502892,-98.555386,1785605557000,http://www.sanantonio.gov/sapd/Calls.aspx,Green,a tbd link,26,8
08/01/26, 4:11:09,300 N General Mcmullen,78237,Other Calls,Disturbance Family,5130,WEST,SAPD-2026-1043192,29.43626,-98.55545,1785618669000,http://www.sanantonio.gov/sapd/Calls.aspx,Blue,a tbd link,26,8
08/01/26, 9:16:25,9700 Airport Blvd,78216,Other Calls,Property Found,SAT1,AIRPORT,SAPD-2026-1041620,29.527705,-98.472816,1785593785000,http://www.sanantonio.gov/sapd/Calls.aspx,Blue,a tbd link,26,8
08/01/26, 7:28:08,2900 Jane Ellen Dr,78237,Other Calls,Disturbance Loud Music,6310,SOUTH,SAPD-2026-1043871,29.401492,-98.54917,1785630488000,http://www.sanantonio.gov/sapd/Calls.aspx,Blue,a tbd link,26,8
08/01/26,12:30:53 PM,LOOP 1604 W,78249,Traffic Calls,Traffic Related,7350,PRUE,SAPD-2026-1042362,29.581682,-98.641423,1785605453000,http://www.sanantonio.gov/sapd/Calls.aspx,Yellow,a tbd link,26,8
08/01/26, 4:06:08,128-142 GUADALUPE ST,78204,Other Calls,Patrol By,1140,DOWNTOWN,SAPD-2026-1043118,29.416322,-98.499902,1785618368000,http://www.sanantonio.gov/sapd/Calls.aspx,Blue,a tbd link,26,8
08/01/26, 9:17:46,700 Stoneway Dr,78258,Other Calls,Assist the Public,3170,NORTH,SAPD-2026-1041626,29.645573,-98.497526,1785593866000,http://www.sanantonio.gov/sapd/Calls.aspx,Blue,a tbd link,26,8
08/01/26, 7:29:18,3000 White Tail,78228,Other Calls,Disturbance Family,5260,WEST,SAPD-2026-1043877,29.467203,-98.589199,1785630558000,http://www.sanantonio.gov/sapd/Calls.aspx,Blue,a tbd link,26,8
08/01/26,12:33:12 PM,7200 New Laredo Hwy,78211,Traffic Calls,DWI,6330,SOUTH,SAPD-2026-1042374,29.356303,-98.562072,1785605592000,http://www.sanantonio.gov/sapd/Calls.aspx,Yellow,a tbd link,26,8
08/01/26, 4:06:28,300 W Petaluma Blvd,78221,Other Calls,Miscellaneous,6150,SOUTH,SAPD-2026-1043120,29.339758,-98.513268,1785618388000,http://www.sanantonio.gov/sapd/Calls.aspx,Blue,a tbd link,26,8
08/01/26, 9:16:13,8096-8518 RIVERFRONT PKWY,78223,Other Calls,Patrol By,6270,SOUTH,SAPD-2026-1041619,29.342976,-98.458205,1785593773000,http://www.sanantonio.gov/sapd/Calls.aspx,Blue,a tbd link,26,8
08/01/26, 7:38:03,200 Ray Ave,78204,Other Calls,Missing Person - Endangered,2340,CENTRAL,SAPD-2026-1043917,29.403279,-98.514841,1785631083000,http://www.sanantonio.gov/sapd/Calls.aspx,Blue,a tbd link,26,8
08/01/26,12:33:52 PM,5300 NEW SULPHUR SPGS,78222,Traffic Calls,Minor Accident,4250,EAST,SAPD-2026-1042376,29.370448,-98.387823,1785605632000,http://www.sanantonio.gov/sapd/Calls.aspx,Yellow,a tbd link,26,8
08/01/26, 9:17:23,6300 Babcock Rd,78240,Other Calls,Disturbance,7310,PRUE,SAPD-2026-1041624,29.542824,-98.613557,1785593843000,http://www.sanantonio.gov/sapd/Calls.aspx,Blue,a tbd link,26,8
08/01/26, 7:28:33,9800 Airport Blvd,78216,Other Calls,Wanted Person,SAT1,AIRPORT,SAPD-2026-1043875,29.526619,-98.471844,1785630513000,http://www.sanantonio.gov/sapd/Calls.aspx,Blue,a tbd link,26,8
08/01/26,12:31:47 PM,E0 IH 10 E OFRP ACKERMAN RD,78219,Traffic Calls,Traffic Related,4240,EAST,SAPD-2026-1042369,29.437327,-98.384267,1785605507000,http://www.sanantonio.gov/sapd/Calls.aspx,Yellow,a tbd link,26,8
08/01/26, 9:18:16,9500 Ih 10 W,78230-2221,Property Crime Calls,Burglary in Progress,7120,PRUE,SAPD-2026-1041628,29.528569,-98.56117,1785593896000,http://www.sanantonio.gov/sapd/Calls.aspx,Green,a tbd link,26,8
08/01/26, 4:09:28,1900 W MISTLETOE AVE,78201,Other Calls,Welfare Check,5210,WEST,SAPD-2026-1043124,29.455461,-98.529799,1785618568000,http://www.sanantonio.gov/sapd/Calls.aspx,Blue,a tbd link,26,8
08/01/26, 7:30:20,200 W Commerce St,78205,Other Calls,Disturbance,1120,DOWNTOWN,SAPD-2026-1043882,29.4253,-98.494762,1785630620000,http://www.sanantonio.gov/sapd/Calls.aspx,Blue,a tbd link,26,8
08/01/26,12:35:14 PM,Nw Loop 410 Eb / Fredericksburg Rd,78229,Traffic Calls,Traffic Related,7110,PRUE,SAPD-2026-1042380,29.494025,-98.554616,1785605714000,http://www.sanantonio.gov/sapd/Calls.aspx,Yellow,a tbd link,26,8
08/01/26, 9:18:13,8500 Laurens Ln,78218,Crimes Against Person Calls,Assault In Progress,3340,NORTH,SAPD-2026-1041627,29.51275,-98.429908,1785593893000,http://www.sanantonio.gov/sapd/Calls.aspx,Red,a tbd link,26,8
08/01/26, 4:10:01,13100 Watson Rd,78073,Other Calls,Disturbance,6160,SOUTH,SAPD-2026-1043127,29.293756,-98.600861,1785618601000,http://www.sanantonio.gov/sapd/Calls.aspx,Blue,a tbd link,26,8
08/01/26, 7:31:47,Ih 10 W Nb / Fresno St,78201,Traffic Calls,Traffic Related,2210,CENTRAL,SAPD-2026-1043885,29.474429,-98.517146,1785630707000,http://www.sanantonio.gov/sapd/Calls.aspx,Yellow,a tbd link,26,8
08/01/26,12:35:49 PM,16200 Us Hwy 281 N,,Other Calls,Disturbance,3140,NORTH,SAPD-2026-1042381,29.588125,-98.471619,1785605749000,http://www.sanantonio.gov/sapd/Calls.aspx,Blue,a tbd link,26,8
08/01/26, 9:20:59,9500 Wurzbach Rd,78229,Other Calls,Injured/Sick Person,7120,PRUE,SAPD-2026-1041634,29.5301,-98.56233,1785594059000,http://www.sanantonio.gov/sapd/Calls.aspx,Blue,a tbd link,26,8
08/01/26, 4:09:54,12600 Blanco Rd,78216,Property Crime Calls,Burglary Vehicle,3120,NORTH,SAPD-2026-1043126,29.555565,-98.514036,1785618594000,http://www.sanantonio.gov/sapd/Calls.aspx,Green,a tbd link,26,8
08/01/26, 7:37:42,200 Aaron Place,78221,Other Calls,Disturbance Family,6150,SOUTH,SAPD-2026-1043905,29.349665,-98.505692,1785631062000,http://www.sanantonio.gov/sapd/Calls.aspx,Blue,a tbd link,26,8
08/01/26,12:35:03 PM,W Olmos Dr / San Pedro Ave,78212,Crimes Against Person Calls,Assault In Progress,1240,DOWNTOWN,SAPD-2026-1042379,29.470928,-98.499287,1785605703000,http://www.sanantonio.gov/sapd/Calls.aspx,Red,a tbd link,26,8
08/01/26, 9:20:54,600 Larry St,78202,Property Crime Calls,Theft,4130,EAST,SAPD-2026-1041633,29.43337,-98.45066,1785594054000,http://www.sanantonio.gov/sapd/Calls.aspx,Green,a tbd link,26,8
08/01/26, 4:07:55,500 COLUMBUS,78207,Other Calls,Patrol By,1130,DOWNTOWN,SAPD-2026-1043122,29.429977,-98.498964,1785618475000,http://www.sanantonio.gov/sapd/Calls.aspx,Blue,a tbd link,26,8
08/01/26, 7:34:45,8100 Blk Se Loop 410 Nb,78223,Crimes Against Person Calls,Suspicious Vehicle,4260,EAST,SAPD-2026-1043895,29.342518,-98.404155,1785630885000,http://www.sanantonio.gov/sapd/Calls.aspx,Red,a tbd link,26,8
08/01/26,12:38:27 PM,100 Probandt St,78204,Other Calls,Property Found,1140,DOWNTOWN,SAPD-2026-1042389,29.407257,-98.496319,1785605907000,http://www.sanantonio.gov/sapd/Calls.aspx,Blue,a tbd link,26,8
08/01/26, 4:16:39,1200 Lombrano St,78207,Other Calls,Assist the Public,2320,CENTRAL,SAPD-2026-1043151,29.443213,-98.528903,1785618999000,http://www.sanantonio.gov/sapd/Calls.aspx,Blue,a tbd link,26,8
08/01/26, 7:33:41,6000 Elk Valley,78249,Other Calls,Missing Person/Runaway,7340,PRUE,SAPD-2026-1043888,29.557638,-98.603738,1785630821000,http://www.sanantonio.gov/sapd/Calls.aspx,Blue,a tbd link,26,8
08/01/26,12:34:20 PM,W0 NE LP 410 OFRP HARRY WURZBACH,78217,Traffic Calls,Traffic Related,3370,NORTH,SAPD-2026-1042377,29.516236,-98.429285,1785605660000,http://www.sanantonio.gov/sapd/Calls.aspx,Yellow,a tbd link,26,8
08/01/26, 4:14:14,500 Sacramento St,78212,Property Crime Calls,Burglary Vehicle,2210,CENTRAL,SAPD-2026-1043141,29.472406,-98.500587,1785618854000,http://www.sanantonio.gov/sapd/Calls.aspx,Green,a tbd link,26,8
08/01/26, 7:33:45,300 Kate Schenck Ave,78223,Other Calls,Disturbance Family,4260,EAST,SAPD-2026-1043887,29.361286,-98.430844,1785630825000,http://www.sanantonio.gov/sapd/Calls.aspx,Blue,a tbd link,26,8
08/01/26, 9:21:01,8800 VILLAGE DR,78217,Crimes Against Person Calls,Assault,3370,NORTH,SAPD-2026-1041635,29.519292,-98.429958,1785594061000,http://www.sanantonio.gov/sapd/Calls.aspx,Red,a tbd link,26,8
08/01/26,12:37:19 PM,200 Cedar St,78210,Other Calls,Welfare Check,1110,DOWNTOWN,SAPD-2026-1042384,29.412316,-98.489918,1785605839000,http://www.sanantonio.gov/sapd/Calls.aspx,Blue,a tbd link,26,8
08/01/26, 4:10:08,3100 ROSELAWN,78226,Other Calls,Patrol By,6310,SOUTH,SAPD-2026-1043128,29.390681,-98.556847,1785618608000,http://www.sanantonio.gov/sapd/Calls.aspx,Blue,a tbd link,26,8
08/01/26, 7:34:59,2100 El Paso St,78207,Other Calls,Disturbance,2330,CENTRAL,SAPD-2026-1043893,29.420264,-98.523354,1785630899000,http://www.sanantonio.gov/sapd/Calls.aspx,Blue,a tbd link,26,8
08/01/26, 9:19:43,15500 ROCK CREEK,78734,Other Calls,Patrol By,TRAVIS COUNTY,AUSTIN PD,SAPD-2026-1041631,30.41493,-97.921003,1785593983000,http://www.sanantonio.gov/sapd/Calls.aspx,Blue,a tbd link,26,8
08/01/26,12:38:14 PM,E Commerce St / Losoya,78205,Other Calls,Disturbance,1110,DOWNTOWN,SAPD-2026-1042387,29.423676,-98.487769,1785605894000,http://www.sanantonio.gov/sapd/Calls.aspx,Blue,a tbd link,26,8
08/01/26, 4:13:33,300 Labor St,78210,Property Crime Calls,Burglary,1110,DOWNTOWN,SAPD-2026-1043140,29.413552,-98.483126,1785618813000,http://www.sanantonio.gov/sapd/Calls.aspx,Green,a tbd link,26,8
08/01/26, 7:36:28,6300 Blk Se Loop 410 Nb,78222,Crimes Against Person Calls,Suspicious Vehicle,4260,EAST,SAPD-2026-1043901,29.356502,-98.399684,1785630988000,http://www.sanantonio.gov/sapd/Calls.aspx,Red,a tbd link,26,8
08/01/26, 9:22:42,3900 Southport Dr,78223,Crimes Against Person Calls,Suspicious Vehicle,4260,EAST,SAPD-2026-1041640,29.358478,-98.418732,1785594162000,http://www.sanantonio.gov/sapd/Calls.aspx,Red,a tbd link,26,8
08/01/26,12:39:30 PM,600 E Evergreen St,78212,Other Calls,Suspicious Person,1210,DOWNTOWN,SAPD-2026-1042390,29.442795,-98.487843,1785605970000,http://www.sanantonio.gov/sapd/Calls.aspx,Blue,a tbd link,26,8
08/01/26, 4:12:18,5900 Babcock Rd,78240,Other Calls,Disturbance,7310,PRUE,SAPD-2026-1043133,29.5275,-98.602222,1785618738000,http://www.sanantonio.gov/sapd/Calls.aspx,Blue,a tbd link,26,8
08/01/26, 7:35:25,19100 Stone Oak Pkwy,78258,Traffic Calls,Accident Private Property,3170,NORTH,SAPD-2026-1043896,29.624977,-98.494948,1785630925000,http://www.sanantonio.gov/sapd/Calls.aspx,Yellow,a tbd link,26,8
08/01/26, 9:23:15,5700 Ih 10 W,78201,Traffic Calls,Minor Accident,5240,WEST,SAPD-2026-1041641,29.48263,-98.528267,1785594195000,http://www.sanantonio.gov/sapd/Calls.aspx,Yellow,a tbd link,26,8
08/01/26,12:41:21 PM,6900 W Commerce St,78228,Other Calls,Disturbance,5140,WEST,SAPD-2026-1042397,29.435994,-98.596656,1785606081000,http://www.sanantonio.gov/sapd/Calls.aspx,Blue,a tbd link,26,8
08/01/26, 7:34:20,Ih 35 N Sb / Walzem Rd,78218,Traffic Calls,Major Accident,4330,EAST,SAPD-2026-1043897,29.510274,-98.397901,1785630860000,http://www.sanantonio.gov/sapd/Calls.aspx,Yellow,a tbd link,26,8
08/01/26, 9:23:22,8800 Adams Hill Dr,78227,Other Calls,Patrol By,5340,WEST,SAPD-2026-1041642,29.410445,-98.659513,1785594202000,http://www.sanantonio.gov/sapd/Calls.aspx,Blue,a tbd link,26,8
08/01/26,12:40:55 PM,600 Pleasanton Spg,78221,Other Calls,Assist the Public,6250,SOUTH,SAPD-2026-1042395,29.323467,-98.49477,1785606055000,http://www.sanantonio.gov/sapd/Calls.aspx,Blue,a tbd link,26,8
08/01/26, 9:24:06,N Smith St / W Houston St,78207,Other Calls,Injured/Sick Person,2310,CENTRAL,SAPD-2026-1041643,29.427659,-98.512048,1785594246000,http://www.sanantonio.gov/sapd/Calls.aspx,Blue,a tbd link,26,8
08/01/26, 9:26:35,3300 Research Plaza,78235,Other Calls,Assist the Public,6270,SOUTH,SAPD-2026-1041654,29.345328,-98.438158,1785594395000,http://www.sanantonio.gov/sapd/Calls.aspx,Blue,a tbd link,26,8
08/01/26, 9:26:16,2600 Jupe Dr,78222,Crimes Against Person Calls,Suspicious Vehicle,4250,EAST,SAPD-2026-1041652,29.395004,-98.402269,1785594376000,http://www.sanantonio.gov/sapd/Calls.aspx,Red,a tbd link,26,8
08/01/26,12:40:26 PM,900 Dallas St,78215,Traffic Calls,Traffic Violation,1130,DOWNTOWN,SAPD-2026-1042393,29.437637,-98.48467,1785606026000,http://www.sanantonio.gov/sapd/Calls.aspx,Yellow,a tbd link,26,8
08/01/26, 4:18:32,1100 Sw Military Dr,78221,Other Calls,Miscellaneous,6230,SOUTH,SAPD-2026-1043161,29.356944,-98.509278,1785619112000,http://www.sanantonio.gov/sapd/Calls.aspx,Blue,a tbd link,26,8
08/01/26, 9:24:34,3900 PECAN VALLEY DR,78210,Other Calls,Patrol By,4210,EAST,SAPD-2026-1041644,29.386139,-98.429205,1785594274000,http://www.sanantonio.gov/sapd/Calls.aspx,Blue,a tbd link,26,8
08/01/26,12:41:50 PM,100 E Hildebrand Ave,78212,Traffic Calls,Major Accident,1240,DOWNTOWN,SAPD-2026-1042400,29.466484,-98.492995,1785606110000,http://www.sanantonio.gov/sapd/Calls.aspx,Yellow,a tbd link,26,8
08/01/26, 4:16:59,4200 Family Tree,78222,Property Crime Calls,Theft,4250,EAST,SAPD-2026-1043154,29.381428,-98.409066,1785619019000,http://www.sanantonio.gov/sapd/Calls.aspx,Green,a tbd link,26,8
08/01/26, 7:32:12,7200 POTRANCO RD,78238,Traffic Calls,Traffic Related,5320,WEST,SAPD-2026-1043886,29.460181,-98.632713,1785630732000,http://www.sanantonio.gov/sapd/Calls.aspx,Yellow,a tbd link,26,8
08/01/26, 9:25:13,3100 ROOSEVELT AVE,78214,Other Calls,Miscellaneous,6260,SOUTH,SAPD-2026-1041647,29.365805,-98.479428,1785594313000,http://www.sanantonio.gov/sapd/Calls.aspx,Blue,a tbd link,26,8
08/01/26,12:41:11 PM,5100 Fredericksburg Rd,78229,Other Calls,Disturbance,7110,PRUE,SAPD-2026-1042396,29.502024,-98.559637,1785606071000,http://www.sanantonio.gov/sapd/Calls.aspx,Blue,a tbd link,26,8
08/01/26, 4:15:28,6900 Fort Bend,78222,Property Crime Calls,Burglary Vehicle,4260,EAST,SAPD-2026-1043146,29.355724,-98.402673,1785618928000,http://www.sanantonio.gov/sapd/Calls.aspx,Green,a tbd link,26,8
08/01/26, 7:33:53,5300 Crestway Rd,78239,Other Calls,Disturbance,3230,NORTH,SAPD-2026-1043890,29.523128,-98.384178,1785630833000,http://www.sanantonio.gov/sapd/Calls.aspx,Blue,a tbd link,26,8
08/01/26, 9:25:31,16100 ROCKY CRK,78247,Other Calls,Patrol By,3260,NORTH,SAPD-2026-1041648,29.586277,-98.369574,1785594331000,http://www.sanantonio.gov/sapd/Calls.aspx,Blue,a tbd link,26,8
08/01/26,12:41:53 PM,7700 Ih 35 S,78224,Property Crime Calls,Theft,6130,SOUTH,SAPD-2026-1042402,29.351946,-98.533064,1785606113000,http://www.sanantonio.gov/sapd/Calls.aspx,Green,a tbd link,26,8
08/01/26, 4:13:44,3000 SAN LUIS ST,78207,Other Calls,Patrol By,2330,CENTRAL,SAPD-2026-1043139,29.423616,-98.533487,1785618824000,http://www.sanantonio.gov/sapd/Calls.aspx,Blue,a tbd link,26,8
08/01/26, 9:28:29,400 N General Mcmullen,78237,Other Calls,Suspicious Person,5130,WEST,SAPD-2026-1041660,29.437194,-98.553685,1785594509000,http://www.sanantonio.gov/sapd/Calls.aspx,Blue,a tbd link,26,8
08/01/26,12:41:56 PM,3800 Sherril Brook Dr,78228,Other Calls,Disturbance,5260,WEST,SAPD-2026-1042401,29.470818,-98.581519,1785606116000,http://www.sanantonio.gov/sapd/Calls.aspx,Blue,a tbd link,26,8
08/01/26, 4:18:02,100 S Laredo St,78207,Other Calls,Suspicious Person,1120,DOWNTOWN,SAPD-2026-1043162,29.425092,-98.497383,1785619082000,http://www.sanantonio.gov/sapd/Calls.aspx,Blue,a tbd link,26,8
08/01/26,12:43:18 PM,600 Pleasanton Spg,78221,Other Calls,Assist the Public,6250,SOUTH,SAPD-2026-1042405,29.323467,-98.49477,1785606198000,http://www.sanantonio.gov/sapd/Calls.aspx,Blue,a tbd link,26,8
08/01/26, 4:15:01,4300 Springview Dr,78222,Other Calls,Suspicious Person,4250,EAST,SAPD-2026-1043143,29.378768,-98.41116,1785618901000,http://www.sanantonio.gov/sapd/Calls.aspx,Blue,a tbd link,26,8
08/01/26, 7:35:16,8000 Carbon Path,78250,Crimes Against Person Calls,Threats,7360,PRUE,SAPD-2026-1043902,29.516042,-98.663905,1785630916000,http://www.sanantonio.gov/sapd/Calls.aspx,Red,a tbd link,26,8
08/01/26, 9:28:20,6000 W Laguna Rd,78223,Other Calls,SAPD Non-Emergency Call,NOT SAPD BEX,SAPD OUTSIDE AREA,SAPD-2026-1041658,29.296414,-98.370763,1785594500000,http://www.sanantonio.gov/sapd/Calls.aspx,Blue,a tbd link,26,8
08/01/26,12:41:50 PM,Soupe Cv / Althea Bend,78224,Crimes Against Person Calls,Assault In Progress,6160,SOUTH,SAPD-2026-1042399,29.308703,-98.527591,1785606110000,http://www.sanantonio.gov/sapd/Calls.aspx,Red,a tbd link,26,8
08/01/26, 4:24:20,9900 Fall Harvest,78254,Other Calls,Welfare Check,7360,PRUE,SAPD-2026-1043202,29.534595,-98.674066,1785619460000,http://www.sanantonio.gov/sapd/Calls.aspx,Blue,a tbd link,26,8
08/01/26, 7:41:23,14000 Oakhill Way,78231,Property Crime Calls,Theft,7240,PRUE,SAPD-2026-1043922,29.570131,-98.541,1785631283000,http://www.sanantonio.gov/sapd/Calls.aspx,Green,a tbd link,26,8
08/01/26, 9:26:20,SALADO CREEK GREENWAY SOUTH,78223,Other Calls,Patrol By,4260,EAST,SAPD-2026-1041653,29.352157,-98.412231,1785594380000,http://www.sanantonio.gov/sapd/Calls.aspx,Blue,a tbd link,26,8
08/01/26,12:44:22 PM,2900 SW MILITARY DR,78224,Traffic Calls,Minor Accident,6330,SOUTH,SAPD-2026-1042407,29.356923,-98.54492,1785606262000,http://www.sanantonio.gov/sapd/Calls.aspx,Yellow,a tbd link,26,8
08/01/26, 4:15:11,ROCKY CRK / FOX CRK,78247,Other Calls,Patrol By,3260,NORTH,SAPD-2026-1043144,29.586277,-98.369574,1785618911000,http://www.sanantonio.gov/sapd/Calls.aspx,Blue,a tbd link,26,8
08/01/26, 7:34:45,State Hwy 151 Sb / Potranco Rd,78251,Traffic Calls,Traffic Related,5360,WEST,SAPD-2026-1043892,29.443086,-98.663758,1785630885000,http://www.sanantonio.gov/sapd/Calls.aspx,Yellow,a tbd link,26,8
08/01/26, 9:28:13,700 Culberson Ave,78211,Other Calls,Welfare Check,6120,SOUTH,SAPD-2026-1041661,29.382028,-98.539532,1785594493000,http://www.sanantonio.gov/sapd/Calls.aspx,Blue,a tbd link,26,8
08/01/26,12:42:36 PM,7600 MILITARY DR W,78227,Other Calls,Patrol By,5170,WEST,SAPD-2026-1042404,29.419864,-98.629644,1785606156000,http://www.sanantonio.gov/sapd/Calls.aspx,Blue,a tbd link,26,8
08/01/26, 4:19:06,300 E Crockett St,78205,Property Crime Calls,Theft of Vehicle,1110,DOWNTOWN,SAPD-2026-1043164,29.424566,-98.484136,1785619146000,http://www.sanantonio.gov/sapd/Calls.aspx,Green,a tbd link,26,8
08/01/26, 7:35:46,Old Fredericksburg Rd / Ih 10 W Access Rd,78256,Traffic Calls,Minor Accident,7250,PRUE,SAPD-2026-1043898,29.598109,-98.600447,1785630946000,http://www.sanantonio.gov/sapd/Calls.aspx,Yellow,a tbd link,26,8
08/01/26, 9:28:26,5300 Beryl Cv,78242,Property Crime Calls,Theft,6340,SOUTH,SAPD-2026-1041659,29.335477,-98.601952,1785594506000,http://www.sanantonio.gov/sapd/Calls.aspx,Green,a tbd link,26,8
08/01/26, 4:16:38,12600 Judson Rd,78233,Other Calls,Miscellaneous,3250,NORTH,SAPD-2026-1043152,29.554055,-98.359342,1785618998000,http://www.sanantonio.gov/sapd/Calls.aspx,Blue,a tbd link,26,8
08/01/26, 7:33:54,3300 Hillcrest Dr,78201,Other Calls,Assist the Public,NOT SAPD BEX - 5,SAPD OUTSIDE AREA,SAPD-2026-1043891,29.490872,-98.554447,1785630834000,http://www.sanantonio.gov/sapd/Calls.aspx,Blue,a tbd link,26,8
08/01/26, 9:27:22,300 Abshire,78237,Traffic Calls,Abandoned Vehicle,5140,WEST,SAPD-2026-1041664,29.424188,-98.577268,1785594442000,http://www.sanantonio.gov/sapd/Calls.aspx,Yellow,a tbd link,26,8
08/01/26, 7:35:14,3200 Se Military Dr,78223,Traffic Calls,Minor Accident,6270,SOUTH,SAPD-2026-1043894,29.351011,-98.433102,1785630914000,http://www.sanantonio.gov/sapd/Calls.aspx,Yellow,a tbd link,26,8
08/01/26,12:46:30 PM,3000 W Loop 1604 N,78251,Crimes Against Person Calls,Suspicious Vehicle,5360,WEST,SAPD-2026-1042416,29.4628,-98.71294,1785606390000,http://www.sanantonio.gov/sapd/Calls.aspx,Red,a tbd link,26,8
08/01/26, 9:32:20,10400 Ethan Allen Dr,78230,Property Crime Calls,Burglary Vehicle,7210,PRUE,SAPD-2026-1041671,29.541404,-98.548275,1785594740000,http://www.sanantonio.gov/sapd/Calls.aspx,Green,a tbd link,26,8
08/01/26, 4:16:05,9800 Airport Blvd,78216,Other Calls,Assist the Public,SAT1,AIRPORT,SAPD-2026-1043147,29.526619,-98.471844,1785618965000,http://www.sanantonio.gov/sapd/Calls.aspx,Blue,a tbd link,26,8
08/01/26, 7:38:16,E Cesar Chavez Blvd / Indianola St,78205,Other Calls,Patrol By,1110,DOWNTOWN,SAPD-2026-1043907,29.416838,-98.484547,1785631096000,http://www.sanantonio.gov/sapd/Calls.aspx,Blue,a tbd link,26,8
08/01/26,12:44:17 PM,15700 Knollbranch,78247,Other Calls,Property Lost,3240,NORTH,SAPD-2026-1042406,29.583072,-98.416016,1785606257000,http://www.sanantonio.gov/sapd/Calls.aspx,Blue,a tbd link,26,8
08/01/26, 9:29:48,300 S St Mary's St,78205,Other Calls,Suspicious Person,1110,DOWNTOWN,SAPD-2026-1041663,29.423144,-98.491832,1785594588000,http://www.sanantonio.gov/sapd/Calls.aspx,Blue,a tbd link,26,8
08/01/26, 4:18:38,7800 Callaghan Rd,78229,Other Calls,Disturbance Family,7110,PRUE,SAPD-2026-1043160,29.508394,-98.553439,1785619118000,http://www.sanantonio.gov/sapd/Calls.aspx,Blue,a tbd link,26,8
08/01/26, 7:36:04,4100 Moana Dr,78218,Crimes Against Person Calls,Suspicious Vehicle,4350,EAST,SAPD-2026-1043900,29.493995,-98.413172,1785630964000,http://www.sanantonio.gov/sapd/Calls.aspx,Red,a tbd link,26,8
08/01/26,12:45:57 PM,Pickwell Dr / Se Military Dr,78223,Traffic Calls,Major Accident,4260,EAST,SAPD-2026-1042412,29.353646,-98.424818,1785606357000,http://www.sanantonio.gov/sapd/Calls.aspx,Yellow,a tbd link,26,8
08/01/26, 9:32:31,1200 Fulton St,78201,Traffic Calls,Abandoned Vehicle,2210,CENTRAL,SAPD-2026-1041673,29.461422,-98.514615,1785594751000,http://www.sanantonio.gov/sapd/Calls.aspx,Yellow,a tbd link,26,8
08/01/26, 4:16:27,100-498 E CEVALLOS ST,78204,Traffic Calls,Traffic Related,1140,DOWNTOWN,SAPD-2026-1043149,29.4086,-98.500009,1785618987000,http://www.sanantonio.gov/sapd/Calls.aspx,Yellow,a tbd link,26,8
08/01/26, 7:37:30,9700-9799 Huebner Rd,78240,Traffic Calls,Traffic Related,7310,PRUE,SAPD-2026-1043904,29.533837,-98.589779,1785631050000,http://www.sanantonio.gov/sapd/Calls.aspx,Yellow,a tbd link,26,8
08/01/26,12:45:36 PM,10800 Soupe Cv,78224,Other Calls,Disturbance Family,6160,SOUTH,SAPD-2026-1042411,29.309138,-98.52759,1785606336000,http://www.sanantonio.gov/sapd/Calls.aspx,Blue,a tbd link,26,8
08/01/26, 9:30:39,900 Bitters Rd,78216,Crimes Against Person Calls,Assault In Progress,3130,NORTH,SAPD-2026-1041667,29.561906,-98.478889,1785594639000,http://www.sanantonio.gov/sapd/Calls.aspx,Red,a tbd link,26,8
08/01/26, 4:17:26,17200 Autry Pond Rd,78247,Property Crime Calls,Theft In Progress,3140,NORTH,SAPD-2026-1043156,29.599274,-98.420238,1785619046000,http://www.sanantonio.gov/sapd/Calls.aspx,Green,a tbd link,26,8
08/01/26,12:44:56 PM,W0 US HY90 W OFRP OLD US HY90,78227,Traffic Calls,Traffic Related,5150,WEST,SAPD-2026-1042410,29.406211,-98.608812,1785606296000,http://www.sanantonio.gov/sapd/Calls.aspx,Yellow,a tbd link,26,8
08/01/26, 9:34:59,3000 Roosevelt Ave,78214,Property Crime Calls,Theft,6220,SOUTH,SAPD-2026-1041688,29.367744,-98.48041,1785594899000,http://www.sanantonio.gov/sapd/Calls.aspx,Green,a tbd link,26,8
08/01/26, 4:19:36,300 Vine St,78210,Other Calls,Disturbance Family,4140,EAST,SAPD-2026-1043170,29.408825,-98.453714,1785619176000,http://www.sanantonio.gov/sapd/Calls.aspx,Blue,a tbd link,26,8
08/01/26, 7:40:39,400 W BITTERS RD,78216,Traffic Calls,Minor Accident,3120,NORTH,SAPD-2026-1043920,29.574665,-98.494964,1785631239000,http://www.sanantonio.gov/sapd/Calls.aspx,Yellow,a tbd link,26,8
08/01/26,12:46:20 PM,Fall Way Dr / Jones Maltsberger Rd,78247,Traffic Calls,Minor Accident,3140,NORTH,SAPD-2026-1042413,29.583323,-98.438625,1785606380000,http://www.sanantonio.gov/sapd/Calls.aspx,Yellow,a tbd link,26,8
08/01/26, 4:16:49,Nacogdoches Rd / Woodbury St,78217,Other Calls,Property Lost,3360,NORTH,SAPD-2026-1043155,29.522298,-98.445988,1785619009000,http://www.sanantonio.gov/sapd/Calls.aspx,Blue,a tbd link,26,8
08/01/26, 9:31:19,1200 Klondike Dr,78245,Other Calls,Assist the Public,5330,WEST,SAPD-2026-1041668,29.423054,-98.677511,1785594679000,http://www.sanantonio.gov/sapd/Calls.aspx,Blue,a tbd link,26,8
08/01/26, 7:39:11,300 E Cevallos St,78204,Property Crime Calls,Theft,1140,DOWNTOWN,SAPD-2026-1043913,29.408286,-98.497513,1785631151000,http://www.sanantonio.gov/sapd/Calls.aspx,Green,a tbd link,26,8
08/01/26,12:48:37 PM,8900 N Loop 1604 W,78249,Property Crime Calls,Burglary Vehicle,7350,PRUE,SAPD-2026-1042422,29.558538,-98.660708,1785606517000,http://www.sanantonio.gov/sapd/Calls.aspx,Green,a tbd link,26,8
08/01/26, 4:16:54,9211-9299 WURZBACH RD,78240,Traffic Calls,Traffic Related,7150,PRUE,SAPD-2026-1043153,29.528356,-98.564985,1785619014000,http://www.sanantonio.gov/sapd/Calls.aspx,Yellow,a tbd link,26,8
08/01/26, 9:33:09,3200 Wurzbach Rd,78238,Property Crime Calls,Theft,5310,WEST,SAPD-2026-1041677,29.466621,-98.623051,1785594789000,http://www.sanantonio.gov/sapd/Calls.aspx,Green,a tbd link,26,8
08/01/26, 7:39:05,15800 Chase Hill Blvd,78256,Other Calls,Disturbance,7250,PRUE,SAPD-2026-1043910,29.593243,-98.628019,1785631145000,http://www.sanantonio.gov/sapd/Calls.aspx,Blue,a tbd link,26,8
08/01/26,12:48:25 PM,1000 Rittiman Rd,78218,Other Calls,Disturbance,4350,EAST,SAPD-2026-1042421,29.484855,-98.427494,1785606505000,http://www.sanantonio.gov/sapd/Calls.aspx,Blue,a tbd link,26,8
08/01/26, 4:19:05,600-620 N Loop 1604 E Eb,78232,Traffic Calls,Traffic Related,3160,NORTH,SAPD-2026-1043163,29.609373,-98.485677,1785619145000,http://www.sanantonio.gov/sapd/Calls.aspx,Yellow,a tbd link,26,8
08/01/26, 9:30:28,I0 10 W NB,78213,Traffic Calls,Traffic Related,NOT SAPD BEX - 5,SAPD OUTSIDE AREA,SAPD-2026-1041666,29.496183,-98.547722,1785594628000,http://www.sanantonio.gov/sapd/Calls.aspx,Yellow,a tbd link,26,8
08/01/26, 7:40:27,8400 Mccullough Ave,78216,Other Calls,Assist the Public,3320,NORTH,SAPD-2026-1043919,29.51541,-98.492111,1785631227000,http://www.sanantonio.gov/sapd/Calls.aspx,Blue,a tbd link,26,8
08/01/26,12:47:59 PM,800 Babcock Rd,78201,Other Calls,Disturbance Neighbor,5230,WEST,SAPD-2026-1042420,29.477971,-98.553121,1785606479000,http://www.sanantonio.gov/sapd/Calls.aspx,Blue,a tbd link,26,8
08/01/26, 4:19:18,4100 Medical Dr,78229,Property Crime Calls,Burglary Vehicle,7120,PRUE,SAPD-2026-1043169,29.513655,-98.562861,1785619158000,http://www.sanantonio.gov/sapd/Calls.aspx,Green,a tbd link,26,8
08/01/26, 9:32:50,5900 San Pedro Ave,78212,Other Calls,Assist the Public,2220,CENTRAL,SAPD-2026-1041675,29.489464,-98.499267,1785594770000,http://www.sanantonio.gov/sapd/Calls.aspx,Blue,a tbd link,26,8
08/01/26,12:49:19 PM,9200 S Presa St,78223,Crimes Against Person Calls,Threats,6270,SOUTH,SAPD-2026-1042425,29.328803,-98.440875,1785606559000,http://www.sanantonio.gov/sapd/Calls.aspx,Red,a tbd link,26,8
08/01/26, 4:20:18,7800 Callaghan Rd,78229,Other Calls,Disturbance Family,7110,PRUE,SAPD-2026-1043175,29.508394,-98.553439,1785619218000,http://www.sanantonio.gov/sapd/Calls.aspx,Blue,a tbd link,26,8
08/01/26, 9:33:22,500 S Frio St,78207,Other Calls,Miscellaneous,2370,CENTRAL,SAPD-2026-1041678,29.421551,-98.504866,1785594802000,http://www.sanantonio.gov/sapd/Calls.aspx,Blue,a tbd link,26,8
08/01/26, 7:37:39,13300 WOLLER RD,78249,Other Calls,Patrol By,7350,PRUE,SAPD-2026-1043903,29.56916,-98.641362,1785631059000,http://www.sanantonio.gov/sapd/Calls.aspx,Blue,a tbd link,26,8
08/01/26, 9:34:17,20500 Blue Trinity,78259,Other Calls,Disturbance Family,3150,NORTH,SAPD-2026-1041682,29.631671,-98.412158,1785594857000,http://www.sanantonio.gov/sapd/Calls.aspx,Blue,a tbd link,26,8
08/01/26,12:47:28 PM,Us Hwy 281 N Sb / Redland Rd,78258,Traffic Calls,Traffic Related,3150,NORTH,SAPD-2026-1042417,29.621542,-98.464799,1785606448000,http://www.sanantonio.gov/sapd/Calls.aspx,Yellow,a tbd link,26,8
08/01/26, 4:18:42,9700 Airport Blvd,78216,Other Calls,Property Found,SAT1,AIRPORT,SAPD-2026-1043166,29.527705,-98.472816,1785619122000,http://www.sanantonio.gov/sapd/Calls.aspx,Blue,a tbd link,26,8
08/01/26, 7:40:18,2600 Goliad Rd,78223-3902,Other Calls,Miscellaneous,6270,SOUTH,SAPD-2026-1043918,29.357125,-98.433727,1785631218000,http://www.sanantonio.gov/sapd/Calls.aspx,Blue,a tbd link,26,8
08/01/26, 9:36:00,8000 Bandera Rd,78250,Other Calls,Welfare Check,7320,PRUE,SAPD-2026-1041693,29.515339,-98.634651,1785594960000,http://www.sanantonio.gov/sapd/Calls.aspx,Blue,a tbd link,26,8
08/01/26,12:49:47 PM,7400 San Pedro Ave,78216,Traffic Calls,Minor Accident,3320,NORTH,SAPD-2026-1042426,29.518333,-98.492222,1785606587000,http://www.sanantonio.gov/sapd/Calls.aspx,Yellow,a tbd link,26,8
08/01/26, 4:22:45,7800 Callaghan Rd,78229,Other Calls,Disturbance Family,7110,PRUE,SAPD-2026-1043183,29.508132,-98.553631,1785619365000,http://www.sanantonio.gov/sapd/Calls.aspx,Blue,a tbd link,26,8
08/01/26, 7:42:18,21500 Sir Walter Ln,78256,Other Calls,Disturbance Family,7260,PRUE,SAPD-2026-1043927,29.642236,-98.624313,1785631338000,http://www.sanantonio.gov/sapd/Calls.aspx,Blue,a tbd link,26,8
08/01/26, 9:32:47,13100 JONES MALTSBERGER RD,78247,Other Calls,Miscellaneous,3220,NORTH,SAPD-2026-1041674,29.562231,-98.458083,1785594767000,http://www.sanantonio.gov/sapd/Calls.aspx,Blue,a tbd link,26,8
08/01/26,12:52:57 PM,1700 Marwhite,78227,Other Calls,Miscellaneous,5120,WEST,SAPD-2026-1042440,29.416333,-98.596797,1785606777000,http://www.sanantonio.gov/sapd/Calls.aspx,Blue,a tbd link,26,8
08/01/26, 4:20:16,8300 Bending Willow,78223,Crimes Against Person Calls,Assault In Progress,4260,EAST,SAPD-2026-1043174,29.343087,-98.417369,1785619216000,http://www.sanantonio.gov/sapd/Calls.aspx,Red,a tbd link,26,8
08/01/26, 7:41:55,2100 Ikea-rbfcu Pkwy,78233,Crimes Against Person Calls,Assault In Progress,NOT SAPD BEX,SAPD OUTSIDE AREA,SAPD-2026-1043929,29.56753,-98.339546,1785631315000,http://www.sanantonio.gov/sapd/Calls.aspx,Red,a tbd link,26,8
08/01/26, 9:33:26,21801-21999 US HWY 281 N SB,78258,Traffic Calls,Traffic Related,3160,NORTH,SAPD-2026-1041679,29.645308,-98.452324,1785594806000,http://www.sanantonio.gov/sapd/Calls.aspx,Yellow,a tbd link,26,8
08/01/26,12:47:50 PM,W0 N LOOP 1604 W OFRP HAUSMAN RD,78249,Traffic Calls,Traffic Related,7350,PRUE,SAPD-2026-1042418,29.576027,-98.646622,1785606470000,http://www.sanantonio.gov/sapd/Calls.aspx,Yellow,a tbd link,26,8
08/01/26, 4:21:59,5800 San Pedro Ave,78212,Other Calls,Disturbance,2210,CENTRAL,SAPD-2026-1043180,29.48739,-98.499253,1785619319000,http://www.sanantonio.gov/sapd/Calls.aspx,Blue,a tbd link,26,8
08/01/26, 9:35:33,100 Delmar St,78210,Traffic Calls,DWI,4120,EAST,SAPD-2026-1041689,29.406647,-98.465914,1785594933000,http://www.sanantonio.gov/sapd/Calls.aspx,Yellow,a tbd link,26,8
08/01/26,12:51:50 PM,Wall / S San Bernardo,78237,Crimes Against Person Calls,Lewd Conduct,5110,WEST,SAPD-2026-1042436,29.420431,-98.557586,1785606710000,http://www.sanantonio.gov/sapd/Calls.aspx,Red,a tbd link,26,8
08/01/26, 4:22:05,2000 Broadway,78215,Other Calls,Disturbance,1230,DOWNTOWN,SAPD-2026-1043181,29.444687,-98.476519,1785619325000,http://www.sanantonio.gov/sapd/Calls.aspx,Blue,a tbd link,26,8
08/01/26,12:48:02 PM,U0 HWY 281 N,78232,Traffic Calls,Traffic Related,3130,NORTH,SAPD-2026-1042419,29.57362,-98.478847,1785606482000,http://www.sanantonio.gov/sapd/Calls.aspx,Yellow,a tbd link,26,8
08/01/26, 7:45:46,3500 Pleasanton Rd,78221,Other Calls,Disturbance,6250,SOUTH,SAPD-2026-1043937,29.344167,-98.503333,1785631546000,http://www.sanantonio.gov/sapd/Calls.aspx,Blue,a tbd link,26,8
08/01/26, 4:20:25,15500 NACOGDOCHES RD,78247,Other Calls,Patrol By,3260,NORTH,SAPD-2026-1043176,29.582004,-98.367219,1785619225000,http://www.sanantonio.gov/sapd/Calls.aspx,Blue,a tbd link,26,8
08/01/26, 9:35:46,Sw Loop 410 / Hunters Pond,78224,Traffic Calls,Minor Accident,6160,SOUTH,SAPD-2026-1041690,29.319794,-98.543021,1785594946000,http://www.sanantonio.gov/sapd/Calls.aspx,Yellow,a tbd link,26,8
08/01/26,12:51:04 PM,2100 Hollow Cir,78227,Crimes Against Person Calls,Threats,5340,WEST,SAPD-2026-1042430,29.410955,-98.653427,1785606664000,http://www.sanantonio.gov/sapd/Calls.aspx,Red,a tbd link,26,8
08/01/26, 7:41:46,9500 Airport Blvd,78216,Other Calls,Assist the Public,SAT1,AIRPORT,SAPD-2026-1043933,29.526536,-98.473271,1785631306000,http://www.sanantonio.gov/sapd/Calls.aspx,Blue,a tbd link,26,8
08/01/26, 4:20:48,300 PORTER ST,78210,Other Calls,Patrol By,4120,EAST,SAPD-2026-1043178,29.405478,-98.464289,1785619248000,http://www.sanantonio.gov/sapd/Calls.aspx,Blue,a tbd link,26,8
08/01/26, 9:36:17,N0 Loop 410 Wb,78229,Traffic Calls,Traffic Related,7110,PRUE,SAPD-2026-1041694,29.500555,-98.54977,1785594977000,http://www.sanantonio.gov/sapd/Calls.aspx,Yellow,a tbd link,26,8
08/01/26,12:49:02 PM,U0 HWY 90 W ACCESS RD,78227,Traffic Calls,Traffic Related,5150,WEST,SAPD-2026-1042423,29.40441,-98.61973,1785606542000,http://www.sanantonio.gov/sapd/Calls.aspx,Yellow,a tbd link,26,8
08/01/26, 7:42:10,3200 Twining Dr,78211,Crimes Against Person Calls,Suspicious Vehicle,6140,SOUTH,SAPD-2026-1043925,29.322355,-98.557695,1785631330000,http://www.sanantonio.gov/sapd/Calls.aspx,Red,a tbd link,26,8
08/01/26, 4:23:48,Bandera Rd / Hillcrest Dr,78228,Other Calls,Information,5220,WEST,SAPD-2026-1043186,29.469138,-98.569958,1785619428000,http://www.sanantonio.gov/sapd/Calls.aspx,Blue,a tbd link,26,8
08/01/26, 9:39:25,7800 S New Braunfels Ave,78235,Property Crime Calls,Burglary,6270,SOUTH,SAPD-2026-1041705,29.347797,-98.447962,1785595165000,http://www.sanantonio.gov/sapd/Calls.aspx,Green,a tbd link,26,8
08/01/26,12:51:57 PM,6000 Blanco Rd,78216,Other Calls,Welfare Check,3310,NORTH,SAPD-2026-1042435,29.511221,-98.506327,1785606717000,http://www.sanantonio.gov/sapd/Calls.aspx,Blue,a tbd link,26,8
08/01/26, 7:42:45,7000 Culebra Rd,78238,Other Calls,Disturbance Family,5160,WEST,SAPD-2026-1043931,29.45009,-98.626662,1785631365000,http://www.sanantonio.gov/sapd/Calls.aspx,Blue,a tbd link,26,8
08/01/26, 4:26:26,500 N Zarzamora St,78207,Property Crime Calls,Criminal Mischief In Progress,2320,CENTRAL,SAPD-2026-1043195,29.432692,-98.526379,1785619586000,http://www.sanantonio.gov/sapd/Calls.aspx,Green,a tbd link,26,8
08/01/26, 9:36:02,8457-8499 N LOOP 1604 W SB,78249,Traffic Calls,Traffic Related,7350,PRUE,SAPD-2026-1041692,29.567617,-98.653231,1785594962000,http://www.sanantonio.gov/sapd/Calls.aspx,Yellow,a tbd link,26,8
08/01/26, 7:48:30,21500 Sir Walter Ln,78256,Other Calls,Disturbance Family,7260,PRUE,SAPD-2026-1043947,29.642236,-98.624313,1785631710000,http://www.sanantonio.gov/sapd/Calls.aspx,Blue,a tbd link,26,8
08/01/26, 4:24:32,4300 West Ave,78213,Crimes Against Person Calls,Holdup Alarm In Progress,2220,CENTRAL,SAPD-2026-1043191,29.504696,-98.525955,1785619472000,http://www.sanantonio.gov/sapd/Calls.aspx,Red,a tbd link,26,8
08/01/26, 9:36:39,7400 JOE NEWTON,78251,Other Calls,Patrol By,5320,WEST,SAPD-2026-1041695,29.464547,-98.63513,1785594999000,http://www.sanantonio.gov/sapd/Calls.aspx,Blue,a tbd link,26,8
08/01/26, 9:37:01,MEDICAL DR,78230,Traffic Calls,Traffic Related,7210,PRUE,SAPD-2026-1041696,29.523105,-98.555672,1785595021000,http://www.sanantonio.gov/sapd/Calls.aspx,Yellow,a tbd link,26,8
08/01/26, 9:38:05,20500 Blue Trinity,78259,Crimes Against Person Calls,Assault In Progress,3150,NORTH,SAPD-2026-1041707,29.631671,-98.412158,1785595085000,http://www.sanantonio.gov/sapd/Calls.aspx,Red,a tbd link,26,8
08/01/26, 7:45:37,3300 Willowwood Blvd,78219,Other Calls,Disturbance,4160,EAST,SAPD-2026-1043936,29.439991,-98.432316,1785631537000,http://www.sanantonio.gov/sapd/Calls.aspx,Blue,a tbd link,26,8
08/01/26, 9:37:23,4200 SE MILITARY DR,78222,Other Calls,Patrol By,4260,EAST,SAPD-2026-1041699,29.358016,-98.411313,1785595043000,http://www.sanantonio.gov/sapd/Calls.aspx,Blue,a tbd link,26,8
08/01/26, 4:25:15,N0 Us Hwy 281 N Onrp Jm Rd,78209,Traffic Calls,Minor Accident,3330,NORTH,SAPD-2026-1043193,29.500615,-98.481353,1785619515000,http://www.sanantonio.gov/sapd/Calls.aspx,Yellow,a tbd link,26,8
08/01/26, 7:47:01,S New Braunfels Ave / Avondale Ave,78223,Other Calls,Miscellaneous,6240,SOUTH,SAPD-2026-1043940,29.370644,-98.461266,1785631621000,http://www.sanantonio.gov/sapd/Calls.aspx,Blue,a tbd link,26,8
08/01/26,12:51:46 PM,1900 N New Braunfels Ave,78208,Traffic Calls,Accident Private Property,4110,EAST,SAPD-2026-1042433,29.442474,-98.460934,1785606706000,http://www.sanantonio.gov/sapd/Calls.aspx,Yellow,a tbd link,26,8
08/01/26, 9:39:11,9100-9552 IH 10 W SB,78230,Traffic Calls,Traffic Related,7120,PRUE,SAPD-2026-1041703,29.52413,-98.556248,1785595151000,http://www.sanantonio.gov/sapd/Calls.aspx,Yellow,a tbd link,26,8
08/01/26, 4:29:02,600 Crestview Dr,78201,Other Calls,Welfare Check,5260,WEST,SAPD-2026-1043209,29.486963,-98.561605,1785619742000,http://www.sanantonio.gov/sapd/Calls.aspx,Blue,a tbd link,26,8
08/01/26, 7:44:25,400 K St,78220,Other Calls,Patrol By,4210,EAST,SAPD-2026-1043930,29.403482,-98.440641,1785631465000,http://www.sanantonio.gov/sapd/Calls.aspx,Blue,a tbd link,26,8
08/01/26,12:53:03 PM,6100 Ih 10 E,78244,Traffic Calls,Minor Accident,4240,EAST,SAPD-2026-1042441,29.443333,-98.362222,1785606783000,http://www.sanantonio.gov/sapd/Calls.aspx,Yellow,a tbd link,26,8
08/01/26, 9:41:17,1700 Nw 18th St,78201,Other Calls,Miscellaneous,2360,CENTRAL,SAPD-2026-1041713,29.445168,-98.531808,1785595277000,http://www.sanantonio.gov/sapd/Calls.aspx,Blue,a tbd link,26,8
08/01/26, 4:27:13,Us Hwy 281 N Nb / Brook Hollow Blvd,78232,Other Calls,Disturbance,3130,NORTH,SAPD-2026-1043199,29.580366,-98.476733,1785619633000,http://www.sanantonio.gov/sapd/Calls.aspx,Blue,a tbd link,26,8
08/01/26, 7:45:08,Devine Rd / E Hildebrand Ave,78212,Traffic Calls,Traffic Related,1240,DOWNTOWN,SAPD-2026-1043934,29.46645,-98.479101,1785631508000,http://www.sanantonio.gov/sapd/Calls.aspx,Yellow,a tbd link,26,8
08/01/26,12:51:47 PM,200 E Houston St,78205-1801,Other Calls,Disturbance,1130,DOWNTOWN,SAPD-2026-1042434,29.426678,-98.491026,1785606707000,http://www.sanantonio.gov/sapd/Calls.aspx,Blue,a tbd link,26,8
08/01/26, 9:44:13,7600 Callaghan Rd,78229,Other Calls,Information,7110,PRUE,SAPD-2026-1041725,29.505714,-98.556825,1785595453000,http://www.sanantonio.gov/sapd/Calls.aspx,Blue,a tbd link,26,8
08/01/26, 7:47:21,5000 Rigsby Ave,78222,Crimes Against Person Calls,Assault In Progress,4240,EAST,SAPD-2026-1043942,29.398661,-98.392209,1785631641000,http://www.sanantonio.gov/sapd/Calls.aspx,Red,a tbd link,26,8
08/01/26,12:52:40 PM,Jones Maltsberger Rd / Fall Way Dr,78247,Traffic Calls,Abandoned Vehicle,3140,NORTH,SAPD-2026-1042438,29.583323,-98.438625,1785606760000,http://www.sanantonio.gov/sapd/Calls.aspx,Yellow,a tbd link,26,8
08/01/26, 9:41:29,BRACKENRIDGE DR,78212,Other Calls,Patrol By,1230,DOWNTOWN,SAPD-2026-1041712,29.464316,-98.468297,1785595289000,http://www.sanantonio.gov/sapd/Calls.aspx,Blue,a tbd link,26,8
08/01/26,12:52:07 PM,6400 Eckhert Rd,78240,Other Calls,Missing Person - Endangered,7310,PRUE,SAPD-2026-1042437,29.518663,-98.614181,1785606727000,http://www.sanantonio.gov/sapd/Calls.aspx,Blue,a tbd link,26,8
08/01/26, 9:43:00,100 Sw Military Dr,78221,Other Calls,Disturbance,6250,SOUTH,SAPD-2026-1041717,29.35631,-98.492787,1785595380000,http://www.sanantonio.gov/sapd/Calls.aspx,Blue,a tbd link,26,8
08/01/26, 4:25:33,1200 Nw 24th St,78207,Other Calls,Disturbance,2360,CENTRAL,SAPD-2026-1043194,29.441291,-98.54116,1785619533000,http://www.sanantonio.gov/sapd/Calls.aspx,Blue,a tbd link,26,8
08/01/26,12:51:10 PM,8000 Culebra Rd,78251,Property Crime Calls,Theft of Vehicle,5320,WEST,SAPD-2026-1042442,29.465468,-98.646756,1785606670000,http://www.sanantonio.gov/sapd/Calls.aspx,Green,a tbd link,26,8
08/01/26, 9:44:23,11600 Bandera Rd,78249,Property Crime Calls,Theft,7360,PRUE,SAPD-2026-1041724,29.550178,-98.667037,1785595463000,http://www.sanantonio.gov/sapd/Calls.aspx,Green,a tbd link,26,8
08/01/26, 7:49:52,2500 Castroville Rd,78237,Property Crime Calls,Theft,5120,WEST,SAPD-2026-1043953,29.411264,-98.578348,1785631792000,http://www.sanantonio.gov/sapd/Calls.aspx,Green,a tbd link,26,8
08/01/26, 4:28:08,Iowa St / S Pine St,78203,Property Crime Calls,Criminal Mischief,4120,EAST,SAPD-2026-1043208,29.412,-98.470248,1785619688000,http://www.sanantonio.gov/sapd/Calls.aspx,Green,a tbd link,26,8
08/01/26,12:53:23 PM,100 Dallas St,78205,Property Crime Calls,Theft,1130,DOWNTOWN,SAPD-2026-1042444,29.433825,-98.492242,1785606803000,http://www.sanantonio.gov/sapd/Calls.aspx,Green,a tbd link,26,8
08/01/26, 9:44:09,W Cesar Chavez Blvd / S Pecos La Trinidad,78207,Other Calls,Disturbance,2370,CENTRAL,SAPD-2026-1041721,29.4225,-98.501982,1785595449000,http://www.sanantonio.gov/sapd/Calls.aspx,Blue,a tbd link,26,8
08/01/26, 7:50:32,Shaenfield Rd / Culebra Commons,78250,Other Calls,Welfare Check,7360,PRUE,SAPD-2026-1043957,29.507934,-98.693613,1785631832000,http://www.sanantonio.gov/sapd/Calls.aspx,Blue,a tbd link,26,8
08/01/26, 4:26:59,8200 State Hwy 151,78245,Property Crime Calls,Shoplifting,5160,WEST,SAPD-2026-1043197,29.438888,-98.64947,1785619619000,http://www.sanantonio.gov/sapd/Calls.aspx,Green,a tbd link,26,8
08/01/26,12:52:52 PM,100 E ACKARD PLACE,78221,Traffic Calls,Minor Accident,6250,SOUTH,SAPD-2026-1042448,29.343828,-98.498883,1785606772000,http://www.sanantonio.gov/sapd/Calls.aspx,Yellow,a tbd link,26,8
08/01/26, 9:43:33,I0 10 E WB,78219,Traffic Calls,Traffic Related,4310,EAST,SAPD-2026-1041718,29.43104,-98.40856,1785595413000,http://www.sanantonio.gov/sapd/Calls.aspx,Yellow,a tbd link,26,8
08/01/26, 7:49:11,5100 Charolais Dr,78247,Traffic Calls,Traffic Violation,3260,NORTH,SAPD-2026-1043949,29.57992,-98.390449,1785631751000,http://www.sanantonio.gov/sapd/Calls.aspx,Yellow,a tbd link,26,8
08/01/26, 4:29:33,5100 Glen Rdg,78229,Traffic Calls,Minor Accident,7140,PRUE,SAPD-2026-1043214,29.491475,-98.589964,1785619773000,http://www.sanantonio.gov/sapd/Calls.aspx,Yellow,a tbd link,26,8
08/01/26,12:53:56 PM,E Hildebrand Ave / Broadway,78209,Traffic Calls,Traffic Related,1230,DOWNTOWN,SAPD-2026-1042445,29.465754,-98.463692,1785606836000,http://www.sanantonio.gov/sapd/Calls.aspx,Yellow,a tbd link,26,8
08/01/26, 7:49:01,8600-9198 W Loop 1604 N Nb,78250,Traffic Calls,Major Accident,7360,PRUE,SAPD-2026-1043948,29.524621,-98.689407,1785631741000,http://www.sanantonio.gov/sapd/Calls.aspx,Yellow,a tbd link,26,8
08/01/26, 4:26:54,7800 S New Braunfels Ave,78235,Property Crime Calls,Burglary,6270,SOUTH,SAPD-2026-1043196,29.347797,-98.447962,1785619614000,http://www.sanantonio.gov/sapd/Calls.aspx,Green,a tbd link,26,8
08/01/26,12:53:10 PM,3900 Pecan Valley Dr,78210,Other Calls,Animal Related,4210,EAST,SAPD-2026-1042446,29.386139,-98.429205,1785606790000,http://www.sanantonio.gov/sapd/Calls.aspx,Blue,a tbd link,26,8
08/01/26, 7:49:43,400 Schmeltzer Ln,78213,Property Crime Calls,Criminal Mischief,2220,CENTRAL,SAPD-2026-1043952,29.498089,-98.51944,1785631783000,http://www.sanantonio.gov/sapd/Calls.aspx,Green,a tbd link,26,8
08/01/26, 4:29:08,E Euclid Ave / Atlanta Ave,78212,Traffic Calls,Traffic Violation,1210,DOWNTOWN,SAPD-2026-1043211,29.440576,-98.488487,1785619748000,http://www.sanantonio.gov/sapd/Calls.aspx,Yellow,a tbd link,26,8
08/01/26, 9:46:18,Clark Ave / Glamis Ave,78223,Crimes Against Person Calls,Suspicious Person with Knife,4210,EAST,SAPD-2026-1041729,29.379276,-98.4483,1785595578000,http://www.sanantonio.gov/sapd/Calls.aspx,Red,a tbd link,26,8
08/01/26,12:55:10 PM,6800 Tezel Rd,78250,Other Calls,Patrol By,7330,PRUE,SAPD-2026-1042450,29.497784,-98.661599,1785606910000,http://www.sanantonio.gov/sapd/Calls.aspx,Blue,a tbd link,26,8
08/01/26, 7:50:25,6300 Welles Glen Cir,78240,Other Calls,Information,7310,PRUE,SAPD-2026-1043955,29.529161,-98.608221,1785631825000,http://www.sanantonio.gov/sapd/Calls.aspx,Blue,a tbd link,26,8
08/01/26, 4:27:49,17100 Bulverde Rd,78247,Traffic Calls,Accident Private Property,3240,NORTH,SAPD-2026-1043204,29.596044,-98.421149,1785619669000,http://www.sanantonio.gov/sapd/Calls.aspx,Yellow,a tbd link,26,8
08/01/26, 9:44:46,State Hwy 16 S / S Zarzamora St,78224,Traffic Calls,Traffic Related,6160,SOUTH,SAPD-2026-1041726,29.292447,-98.558295,1785595486000,http://www.sanantonio.gov/sapd/Calls.aspx,Yellow,a tbd link,26,8
08/01/26,12:55:41 PM,7000 S Zarzamora St,78224,Other Calls,Disturbance,6130,SOUTH,SAPD-2026-1042451,29.357849,-98.53411,1785606941000,http://www.sanantonio.gov/sapd/Calls.aspx,Blue,a tbd link,26,8
08/01/26, 7:51:14,500 Ruiz St,78207,Other Calls,Disturbance Family,2310,CENTRAL,SAPD-2026-1043960,29.434442,-98.508877,1785631874000,http://www.sanantonio.gov/sapd/Calls.aspx,Blue,a tbd link,26,8
08/01/26, 4:29:09,BULVERDE RD / BUTTERLEIGH DR,78247,Traffic Calls,Traffic Related,3240,NORTH,SAPD-2026-1043210,29.571258,-98.418837,1785619749000,http://www.sanantonio.gov/sapd/Calls.aspx,Yellow,a tbd link,26,8
08/01/26, 9:46:24,7100 Oaklawn,78229,Property Crime Calls,Theft,7110,PRUE,SAPD-2026-1041730,29.499732,-98.554967,1785595584000,http://www.sanantonio.gov/sapd/Calls.aspx,Green,a tbd link,26,8
08/01/26,12:57:44 PM,200 Calgary Ave,78226,Property Crime Calls,Theft,6310,SOUTH,SAPD-2026-1042466,29.388795,-98.558625,1785607064000,http://www.sanantonio.gov/sapd/Calls.aspx,Green,a tbd link,26,8
08/01/26, 7:50:50,Nw Loop 410 Eb / Ingram Rd,78238,Traffic Calls,Traffic Related,5310,WEST,SAPD-2026-1043958,29.466086,-98.618804,1785631850000,http://www.sanantonio.gov/sapd/Calls.aspx,Yellow,a tbd link,26,8
08/01/26, 4:27:44,5300 Roosevelt Ave,78214,Other Calls,Disturbance,6260,SOUTH,SAPD-2026-1043205,29.322958,-98.477409,1785619664000,http://www.sanantonio.gov/sapd/Calls.aspx,Blue,a tbd link,26,8
08/01/26, 9:47:06,300 Nw Loop 410,78216,Traffic Calls,Major Accident,3350,NORTH,SAPD-2026-1041733,29.521193,-98.496489,1785595626000,http://www.sanantonio.gov/sapd/Calls.aspx,Yellow,a tbd link,26,8
08/01/26,12:57:13 PM,1100 W Lullwood Ave,78201,Other Calls,Suspicious Person,2210,CENTRAL,SAPD-2026-1042458,29.46546,-98.51257,1785607033000,http://www.sanantonio.gov/sapd/Calls.aspx,Blue,a tbd link,26,8
08/01/26, 4:32:13,1900 N Loop 1604 E,78232,Other Calls,Visitation Violation,3150,NORTH,SAPD-2026-1043223,29.608937,-98.461647,1785619933000,http://www.sanantonio.gov/sapd/Calls.aspx,Blue,a tbd link,26,8
08/01/26, 9:48:54,3300 Se Military Dr,78235,Traffic Calls,Traffic Violation,6270,SOUTH,SAPD-2026-1041742,29.348258,-98.433573,1785595734000,http://www.sanantonio.gov/sapd/Calls.aspx,Yellow,a tbd link,26,8
08/01/26, 1:01:26,3600 Growdon Rd,78227,Other Calls,Assist the Public,6310,SOUTH,SAPD-2026-1042472,29.394029,-98.59443,1785607286000,http://www.sanantonio.gov/sapd/Calls.aspx,Blue,a tbd link,26,8
08/01/26, 9:48:13,1300 Longmont Dr,78245,Property Crime Calls,Recovered Stolen Property,5330,WEST,SAPD-2026-1041736,29.421597,-98.676766,1785595693000,http://www.sanantonio.gov/sapd/Calls.aspx,Green,a tbd link,26,8
08/01/26, 7:50:18,Roosevelt Ave / Se Military Dr,78214,Traffic Calls,Minor Accident,6230,SOUTH,SAPD-2026-1043956,29.355512,-98.481241,1785631818000,http://www.sanantonio.gov/sapd/Calls.aspx,Yellow,a tbd link,26,8
08/01/26,12:56:55 PM,1600-1699 Commercial Ave,78221,Traffic Calls,Minor Accident,6230,SOUTH,SAPD-2026-1042455,29.361832,-98.516445,1785607015000,http://www.sanantonio.gov/sapd/Calls.aspx,Yellow,a tbd link,26,8
08/01/26, 9:45:20,I0 10 W SB,78201,Traffic Calls,Traffic Related,NOT SAPD BEX - 5,SAPD OUTSIDE AREA,SAPD-2026-1041727,29.488192,-98.545053,1785595520000,http://www.sanantonio.gov/sapd/Calls.aspx,Yellow,a tbd link,26,8
08/01/26, 4:29:29,9000 AIRPORT BLVD,78216,Traffic Calls,Minor Accident,SAT1,AIRPORT,SAPD-2026-1043213,29.523635,-98.477342,1785619769000,http://www.sanantonio.gov/sapd/Calls.aspx,Yellow,a tbd link,26,8
08/01/26, 7:52:55,3700 N St Mary's St,78209,Other Calls,Narcotic Laws,1230,DOWNTOWN,SAPD-2026-1043961,29.459012,-98.475369,1785631975000,http://www.sanantonio.gov/sapd/Calls.aspx,Blue,a tbd link,26,8
08/01/26,12:54:50 PM,3200 NORTHWESTERN DR,78238,Other Calls,Patrol By,5310,WEST,SAPD-2026-1042447,29.465062,-98.625172,1785606890000,http://www.sanantonio.gov/sapd/Calls.aspx,Blue,a tbd link,26,8
08/01/26, 9:46:15,400 S Ww White Rd,78219,Crimes Against Person Calls,Assault In Progress,4240,EAST,SAPD-2026-1041731,29.425204,-98.405558,1785595575000,http://www.sanantonio.gov/sapd/Calls.aspx,Red,a tbd link,26,8
08/01/26, 4:29:52,7600 Guilbeau Rd,78254,Crimes Against Person Calls,Threats,7320,PRUE,SAPD-2026-1043219,29.519483,-98.638564,1785619792000,http://www.sanantonio.gov/sapd/Calls.aspx,Red,a tbd link,26,8
08/01/26, 7:53:57,400 W Bitters Rd,78216,Traffic Calls,Minor Accident,3120,NORTH,SAPD-2026-1043962,29.571318,-98.490732,1785632037000,http://www.sanantonio.gov/sapd/Calls.aspx,Yellow,a tbd link,26,8
08/01/26,12:56:36 PM,10000 Potranco Rd,78251,Other Calls,Property Lost,5360,WEST,SAPD-2026-1042453,29.435488,-98.688715,1785606996000,http://www.sanantonio.gov/sapd/Calls.aspx,Blue,a tbd link,26,8
08/01/26, 9:48:36,S Colorado St / San Fernando St,78207,Other Calls,Disturbance,2370,CENTRAL,SAPD-2026-1041738,29.420281,-98.511832,1785595716000,http://www.sanantonio.gov/sapd/Calls.aspx,Blue,a tbd link,26,8
08/01/26, 4:28:07,100 CAMARON,78205,Other Calls,Patrol By,1120,DOWNTOWN,SAPD-2026-1043206,29.425464,-98.495853,1785619687000,http://www.sanantonio.gov/sapd/Calls.aspx,Blue,a tbd link,26,8
08/01/26, 7:54:16,300 Vance Jackson,78201,Other Calls,Welfare Check,5230,WEST,SAPD-2026-1043963,29.476205,-98.535231,1785632056000,http://www.sanantonio.gov/sapd/Calls.aspx,Blue,a tbd link,26,8
08/01/26,12:55:47 PM,W Mayfield Blvd / Commercial Ave,78221,Traffic Calls,Major Accident,6230,SOUTH,SAPD-2026-1042452,29.361672,-98.516448,1785606947000,http://www.sanantonio.gov/sapd/Calls.aspx,Yellow,a tbd link,26,8
08/01/26, 9:52:54,3300 Rosetti Dr,78247,Other Calls,Miscellaneous,3220,NORTH,SAPD-2026-1041754,29.569952,-98.429018,1785595974000,http://www.sanantonio.gov/sapd/Calls.aspx,Blue,a tbd link,26,8
08/01/26, 7:56:37,500 Tacoma Ave,78221,Other Calls,Welfare Check,6150,SOUTH,SAPD-2026-1043976,29.35144,-98.517911,1785632197000,http://www.sanantonio.gov/sapd/Calls.aspx,Blue,a tbd link,26,8
08/01/26,12:56:14 PM,5700 Walzem Rd,78218,Other Calls,Disturbance,4330,EAST,SAPD-2026-1042457,29.509257,-98.371489,1785606974000,http://www.sanantonio.gov/sapd/Calls.aspx,Blue,a tbd link,26,8
08/01/26, 9:48:22,200 Shelburn Dr,78220,Traffic Calls,Minor Accident,4230,EAST,SAPD-2026-1041748,29.419719,-98.409228,1785595702000,http://www.sanantonio.gov/sapd/Calls.aspx,Yellow,a tbd link,26,8
08/01/26, 7:55:36,100 Balboa Ave,78237,Other Calls,Animal Related,5120,WEST,SAPD-2026-1043970,29.415017,-98.558981,1785632136000,http://www.sanantonio.gov/sapd/Calls.aspx,Blue,a tbd link,26,8
08/01/26,12:59:28 PM,11700 Spring Life,78249,Traffic Calls,Minor Accident,7340,PRUE,SAPD-2026-1042465,29.554983,-98.623456,1785607168000,http://www.sanantonio.gov/sapd/Calls.aspx,Yellow,a tbd link,26,8
08/01/26, 9:47:19,E HOUSTON ST / N ALAMO ST,78205,Other Calls,Patrol By,1130,DOWNTOWN,SAPD-2026-1041734,29.426536,-98.486799,1785595639000,http://www.sanantonio.gov/sapd/Calls.aspx,Blue,a tbd link,26,8
08/01/26, 4:30:44,8654-8898 Bandera Rd,78250,Other Calls,Disturbance,7320,PRUE,SAPD-2026-1043220,29.524156,-98.639354,1785619844000,http://www.sanantonio.gov/sapd/Calls.aspx,Blue,a tbd link,26,8
08/01/26, 7:56:28,3700 Se Military Dr,78223,Other Calls,Disturbance,4260,EAST,SAPD-2026-1043972,29.3536,-98.4235,1785632188000,http://www.sanantonio.gov/sapd/Calls.aspx,Blue,a tbd link,26,8
08/01/26, 1:00:15,5700 Walzem Rd,78218,Other Calls,Disturbance,4330,EAST,SAPD-2026-1042468,29.509772,-98.372188,1785607215000,http://www.sanantonio.gov/sapd/Calls.aspx,Blue,a tbd link,26,8
08/01/26, 9:48:29,400 Natalen Ave,78209,Other Calls,Disturbance,1230,DOWNTOWN,SAPD-2026-1041739,29.456011,-98.461433,1785595709000,http://www.sanantonio.gov/sapd/Calls.aspx,Blue,a tbd link,26,8
08/01/26, 4:30:20,13300 Candida,78232,Crimes Against Person Calls,Fight,3130,NORTH,SAPD-2026-1043217,29.562264,-98.471146,1785619820000,http://www.sanantonio.gov/sapd/Calls.aspx,Red,a tbd link,26,8
08/01/26, 7:56:07,11700 Parliament,78213,Other Calls,Miscellaneous,3110,NORTH,SAPD-2026-1043974,29.546021,-98.513247,1785632167000,http://www.sanantonio.gov/sapd/Calls.aspx,Blue,a tbd link,26,8
08/01/26,12:56:57 PM,13701-13899 Ih 10 W Nb,78249,Traffic Calls,Major Accident,7230,PRUE,SAPD-2026-1042454,29.576294,-98.594863,1785607017000,http://www.sanantonio.gov/sapd/Calls.aspx,Yellow,a tbd link,26,8
08/01/26, 9:49:53,11600 Culebra Rd,78253,Property Crime Calls,Burglary Vehicle,5350,WEST,SAPD-2026-1041746,29.502039,-98.722964,1785595793000,http://www.sanantonio.gov/sapd/Calls.aspx,Green,a tbd link,26,8
08/01/26, 4:30:14,5000 Prue Rd,78240,Other Calls,Information,7310,PRUE,SAPD-2026-1043215,29.543157,-98.583584,1785619814000,http://www.sanantonio.gov/sapd/Calls.aspx,Blue,a tbd link,26,8
08/01/26, 7:55:28,3200 Ih 10 E Eb,78220,Traffic Calls,Traffic Related,4230,EAST,SAPD-2026-1043969,29.410152,-98.435064,1785632128000,http://www.sanantonio.gov/sapd/Calls.aspx,Yellow,a tbd link,26,8
08/01/26,12:57:02 PM,2000 N ST MARY'S ST,78212,Other Calls,Property Found,1210,DOWNTOWN,SAPD-2026-1042456,29.44485,-98.48571,1785607022000,http://www.sanantonio.gov/sapd/Calls.aspx,Blue,a tbd link,26,8
08/01/26, 9:49:40,Wurzbach Pkwy Eb / Nacogdoches Rd,78217,Traffic Calls,Traffic Related,3360,NORTH,SAPD-2026-1041743,29.54068,-98.421292,1785595780000,http://www.sanantonio.gov/sapd/Calls.aspx,Yellow,a tbd link,26,8
08/01/26, 4:31:21,2100 Goliad Rd,78223,Traffic Calls,Minor Accident,4260,EAST,SAPD-2026-1043221,29.364405,-98.439031,1785619881000,http://www.sanantonio.gov/sapd/Calls.aspx,Yellow,a tbd link,26,8
08/01/26, 7:57:11,2900 Lombrano St,78228,Other Calls,Welfare Check,2360,CENTRAL,SAPD-2026-1043977,29.445791,-98.550623,1785632231000,http://www.sanantonio.gov/sapd/Calls.aspx,Blue,a tbd link,26,8
08/01/26, 9:52:03,2800 S Ww White Rd,78222,Crimes Against Person Calls,Assault In Progress,4250,EAST,SAPD-2026-1041750,29.380656,-98.404919,1785595923000,http://www.sanantonio.gov/sapd/Calls.aspx,Red,a tbd link,26,8
08/01/26, 4:35:30,7300 N Loop 1604 E,78154,Other Calls,Information,3260,NORTH,SAPD-2026-1043235,29.583489,-98.3434,1785620130000,http://www.sanantonio.gov/sapd/Calls.aspx,Blue,a tbd link,26,8
08/01/26, 7:57:37,Walker Ranch / Stonewood Dr,78216,Traffic Calls,Minor Accident,3120,NORTH,SAPD-2026-1043985,29.57392,-98.495723,1785632257000,http://www.sanantonio.gov/sapd/Calls.aspx,Yellow,a tbd link,26,8
08/01/26,12:57:20 PM,LOOP 1604 W,78249,Traffic Calls,Traffic Related,7350,PRUE,SAPD-2026-1042459,29.556967,-98.662588,1785607040000,http://www.sanantonio.gov/sapd/Calls.aspx,Yellow,a tbd link,26,8
08/01/26, 4:30:17,EISENHAUER RD / N VANDIVER DR,78209,Traffic Calls,Major Accident,3340,NORTH,SAPD-2026-1043216,29.49574,-98.442102,1785619817000,http://www.sanantonio.gov/sapd/Calls.aspx,Yellow,a tbd link,26,8
08/01/26, 9:49:05,UNNAMED PARK RD AT PECAN VALLEY DR,78210,Other Calls,Patrol By,4210,EAST,SAPD-2026-1041741,29.38502,-98.430409,1785595745000,http://www.sanantonio.gov/sapd/Calls.aspx,Blue,a tbd link,26,8
08/01/26, 7:55:26,4800 W Commerce St,78237,Property Crime Calls,Theft In Progress,5110,WEST,SAPD-2026-1043971,29.43092,-98.555816,1785632126000,http://www.sanantonio.gov/sapd/Calls.aspx,Green,a tbd link,26,8
08/01/26,12:59:04 PM,7800 Wurzbach Rd,78229,Property Crime Calls,Panhandler,7130,PRUE,SAPD-2026-1042463,29.510574,-98.579405,1785607144000,http://www.sanantonio.gov/sapd/Calls.aspx,Green,a tbd link,26,8
08/01/26, 4:33:17,2100 Goliad Rd,78223,Traffic Calls,Minor Accident,4260,EAST,SAPD-2026-1043226,29.364405,-98.439031,1785619997000,http://www.sanantonio.gov/sapd/Calls.aspx,Yellow,a tbd link,26,8
08/01/26, 9:50:03,E Commerce St / Bowie St,78205,Other Calls,Patrol By,1110,DOWNTOWN,SAPD-2026-1041744,29.422717,-98.483268,1785595803000,http://www.sanantonio.gov/sapd/Calls.aspx,Blue,a tbd link,26,8
08/01/26, 7:57:30,3200 Nacogdoches Rd,78217,Other Calls,Disturbance,3360,NORTH,SAPD-2026-1043978,29.528124,-98.435589,1785632250000,http://www.sanantonio.gov/sapd/Calls.aspx,Blue,a tbd link,26,8
08/01/26,12:59:25 PM,100 De Chantle,78201,Other Calls,Assist the Public,5230,WEST,SAPD-2026-1042464,29.478355,-98.543313,1785607165000,http://www.sanantonio.gov/sapd/Calls.aspx,Blue,a tbd link,26,8
08/01/26, 4:34:24,2600 Se Military Dr,78223,Traffic Calls,Minor Accident,6270,SOUTH,SAPD-2026-1043230,29.351784,-98.451102,1785620064000,http://www.sanantonio.gov/sapd/Calls.aspx,Yellow,a tbd link,26,8
08/01/26, 9:53:25,1500 Bandera Rd,78228,Other Calls,Disturbance,5220,WEST,SAPD-2026-1041756,29.469211,-98.569517,1785596005000,http://www.sanantonio.gov/sapd/Calls.aspx,Blue,a tbd link,26,8
08/01/26, 7:57:59,4100 Sunrise Point Dr,78244,Crimes Against Person Calls,Violation of Protective Order,4320,EAST,SAPD-2026-1043982,29.46504,-98.367041,1785632279000,http://www.sanantonio.gov/sapd/Calls.aspx,Red,a tbd link,26,8
08/01/26,12:57:59 PM,U0 HWY 90 W WB,78237,Traffic Calls,Traffic Related,5120,WEST,SAPD-2026-1042461,29.404369,-98.5522,1785607079000,http://www.sanantonio.gov/sapd/Calls.aspx,Yellow,a tbd link,26,8
08/01/26, 4:33:08,6900 N Loop 1604 E,78266,Other Calls,Disturbance,3260,NORTH,SAPD-2026-1043224,29.597169,-98.35006,1785619988000,http://www.sanantonio.gov/sapd/Calls.aspx,Blue,a tbd link,26,8
08/01/26,10:00:50 AM,400 W Rosewood Ave,78212,Other Calls,Missing Person/Runaway,1240,DOWNTOWN,SAPD-2026-1041783,29.464836,-98.499782,1785596450000,http://www.sanantonio.gov/sapd/Calls.aspx,Blue,a tbd link,26,8
08/01/26, 7:58:21,5400 GREYROCK DR,78228,Other Calls,Disturbance Family,5140,WEST,SAPD-2026-1043984,29.438469,-98.593276,1785632301000,http://www.sanantonio.gov/sapd/Calls.aspx,Blue,a tbd link,26,8
08/01/26, 4:35:29,3200 Tampico St,78207,Other Calls,Welfare Check,2350,CENTRAL,SAPD-2026-1043234,29.417032,-98.54464,1785620129000,http://www.sanantonio.gov/sapd/Calls.aspx,Blue,a tbd link,26,8
08/01/26, 9:53:57,100 Bonanza,78227,Crimes Against Person Calls,Threats,5140,WEST,SAPD-2026-1041758,29.43327,-98.591818,1785596037000,http://www.sanantonio.gov/sapd/Calls.aspx,Red,a tbd link,26,8
08/01/26, 8:02:56,4600 E Loop 1604 N,78109,Other Calls,Disturbance,4310,EAST,SAPD-2026-1043993,29.470327,-98.294925,1785632576000,http://www.sanantonio.gov/sapd/Calls.aspx,Blue,a tbd link,26,8
08/01/26, 9:52:05,W0 IH 10 E OFRP S PINE ST,78210,Traffic Calls,Traffic Related,4120,EAST,SAPD-2026-1041749,29.401802,-98.462084,1785595925000,http://www.sanantonio.gov/sapd/Calls.aspx,Yellow,a tbd link,26,8
08/01/26,12:59:09 PM,15000 Judson Rd,78247,Other Calls,Disturbance,3260,NORTH,SAPD-2026-1042462,29.579311,-98.372525,1785607149000,http://www.sanantonio.gov/sapd/Calls.aspx,Blue,a tbd link,26,8
08/01/26, 4:39:04,13000 Los Espanada,78233,Other Calls,Missing Person - Endangered,3210,NORTH,SAPD-2026-1043249,29.555861,-98.392937,1785620344000,http://www.sanantonio.gov/sapd/Calls.aspx,Blue,a tbd link,26,8
08/01/26, 7:59:50,600 Aurora Ave,78228,Other Calls,Miscellaneous,5130,WEST,SAPD-2026-1043986,29.442995,-98.57517,1785632390000,http://www.sanantonio.gov/sapd/Calls.aspx,Blue,a tbd link,26,8
08/01/26, 9:54:19,7900 Las Olas Blvd,78250,Other Calls,Disturbance Family,7330,PRUE,SAPD-2026-1041760,29.505998,-98.650819,1785596059000,http://www.sanantonio.gov/sapd/Calls.aspx,Blue,a tbd link,26,8
08/01/26, 1:00:00,U0 HWY 90 W WB,78237,Traffic Calls,Traffic Related,5120,WEST,SAPD-2026-1042467,29.404868,-98.557214,1785607200000,http://www.sanantonio.gov/sapd/Calls.aspx,Yellow,a tbd link,26,8
08/01/26, 4:35:14,500 San Fernando St,78207,Other Calls,Missing Person - Endangered,2370,CENTRAL,SAPD-2026-1043233,29.419609,-98.504978,1785620114000,http://www.sanantonio.gov/sapd/Calls.aspx,Blue,a tbd link,26,8
08/01/26, 8:01:10,1200 Aaron Place,78221,Other Calls,Disturbance Family,6150,SOUTH,SAPD-2026-1043991,29.349638,-98.524018,1785632470000,http://www.sanantonio.gov/sapd/Calls.aspx,Blue,a tbd link,26,8
08/01/26, 9:52:41,E0 N LOOP 1604 W OFRP NW MILITARY HWY,78249,Traffic Calls,Traffic Related,7260,PRUE,SAPD-2026-1041753,29.597265,-98.568521,1785595961000,http://www.sanantonio.gov/sapd/Calls.aspx,Yellow,a tbd link,26,8
08/01/26, 1:04:07,5100 Blk Ih 10 E Wb,78219,Traffic Calls,Traffic Related,4310,EAST,SAPD-2026-1042477,29.436435,-98.388482,1785607447000,http://www.sanantonio.gov/sapd/Calls.aspx,Yellow,a tbd link,26,8
08/01/26, 4:33:24,8000 Aeromedical Rd,78235,Crimes Against Person Calls,Disturbance Family Knife Involved,6270,SOUTH,SAPD-2026-1043227,29.343047,-98.447008,1785620004000,http://www.sanantonio.gov/sapd/Calls.aspx,Red,a tbd link,26,8
08/01/26, 7:59:57,5800 Joiner Dr,78238,Traffic Calls,Traffic Related,7140,PRUE,SAPD-2026-1043988,29.485987,-98.597214,1785632397000,http://www.sanantonio.gov/sapd/Calls.aspx,Yellow,a tbd link,26,8
08/01/26, 9:55:03,2000 N Flores St,78212,Crimes Against Person Calls,Assault,1220,DOWNTOWN,SAPD-2026-1041761,29.446786,-98.504001,1785596103000,http://www.sanantonio.gov/sapd/Calls.aspx,Red,a tbd link,26,8
08/01/26, 1:01:17,700 Nw Loop 410,78216,Crimes Against Person Calls,Fight,3350,NORTH,SAPD-2026-1042471,29.521389,-98.504861,1785607277000,http://www.sanantonio.gov/sapd/Calls.aspx,Red,a tbd link,26,8
08/01/26, 4:34:14,E Skyview / Bandera Rd,78228,Other Calls,Disturbance,5260,WEST,SAPD-2026-1043229,29.473539,-98.579129,1785620054000,http://www.sanantonio.gov/sapd/Calls.aspx,Blue,a tbd link,26,8
08/01/26, 8:03:45,3200 Nacogdoches Rd,78217,Property Crime Calls,Theft,3360,NORTH,SAPD-2026-1043997,29.528124,-98.435589,1785632625000,http://www.sanantonio.gov/sapd/Calls.aspx,Green,a tbd link,26,8
08/01/26, 1:03:12,600 Saipan Place,78221,Other Calls,Disturbance Family,6250,SOUTH,SAPD-2026-1042474,29.341293,-98.491592,1785607392000,http://www.sanantonio.gov/sapd/Calls.aspx,Blue,a tbd link,26,8
08/01/26, 4:36:28,15900 La Cantera Pkwy,78256,Traffic Calls,Accident Private Property,7250,PRUE,SAPD-2026-1043238,29.590833,-98.615556,1785620188000,http://www.sanantonio.gov/sapd/Calls.aspx,Yellow,a tbd link,26,8
08/01/26, 7:59:53,3600 Growdon Rd,78227,Other Calls,Miscellaneous,6310,SOUTH,SAPD-2026-1043987,29.393728,-98.587887,1785632393000,http://www.sanantonio.gov/sapd/Calls.aspx,Blue,a tbd link,26,8
08/01/26, 4:35:47,500 Sunglo Dr,78221,Other Calls,Visitation Violation,6150,SOUTH,SAPD-2026-1043237,29.352619,-98.511006,1785620147000,http://www.sanantonio.gov/sapd/Calls.aspx,Blue,a tbd link,26,8
08/01/26,10:00:27 AM,500 Cupples Rd,78237,Other Calls,Disturbance Family,2350,CENTRAL,SAPD-2026-1041787,29.410223,-98.547608,1785596427000,http://www.sanantonio.gov/sapd/Calls.aspx,Blue,a tbd link,26,8
08/01/26, 1:01:56,Nw Loop 410 / Babcock Rd,78229,Traffic Calls,Traffic Related,7110,PRUE,SAPD-2026-1042473,29.489733,-98.567862,1785607316000,http://www.sanantonio.gov/sapd/Calls.aspx,Yellow,a tbd link,26,8
08/01/26, 8:05:51,12600 Judson Rd,78233,Property Crime Calls,Theft,3250,NORTH,SAPD-2026-1044001,29.555014,-98.358712,1785632751000,http://www.sanantonio.gov/sapd/Calls.aspx,Green,a tbd link,26,8
08/01/26, 4:35:37,700 N Zarzamora St,78207,Other Calls,Disturbance,2320,CENTRAL,SAPD-2026-1043236,29.434333,-98.526182,1785620137000,http://www.sanantonio.gov/sapd/Calls.aspx,Blue,a tbd link,26,8
08/01/26, 9:57:05,1200 Austin Hwy,78209,Other Calls,Disturbance,3340,NORTH,SAPD-2026-1041766,29.489549,-98.443956,1785596225000,http://www.sanantonio.gov/sapd/Calls.aspx,Blue,a tbd link,26,8
08/01/26, 1:05:41,12600 Judson Rd,78233,Property Crime Calls,Burglary Vehicle,3250,NORTH,SAPD-2026-1042484,29.554055,-98.359342,1785607541000,http://www.sanantonio.gov/sapd/Calls.aspx,Green,a tbd link,26,8
08/01/26, 8:00:20,3500 S New Braunfels Ave,78223,Crimes Against Person Calls,Fight,4220,EAST,SAPD-2026-1043989,29.383789,-98.46086,1785632420000,http://www.sanantonio.gov/sapd/Calls.aspx,Red,a tbd link,26,8
08/01/26, 4:36:44,7000 Wurzbach Rd,78229,Other Calls,Suspicious Person,7140,PRUE,SAPD-2026-1043239,29.499747,-98.587666,1785620204000,http://www.sanantonio.gov/sapd/Calls.aspx,Blue,a tbd link,26,8
08/01/26, 9:58:24,17200 Nw Military Hwy,78257,Crimes Against Person Calls,Suspicious Vehicle,7260,PRUE,SAPD-2026-1041772,29.60065,-98.565819,1785596304000,http://www.sanantonio.gov/sapd/Calls.aspx,Red,a tbd link,26,8
08/01/26, 1:04:12,E Southcross Blvd / S New Braunfels Ave,78223,Traffic Calls,Minor Accident,6220,SOUTH,SAPD-2026-1042478,29.375393,-98.461242,1785607452000,http://www.sanantonio.gov/sapd/Calls.aspx,Yellow,a tbd link,26,8
08/01/26, 8:00:54,3500 S New Braunfels Ave,78223,Crimes Against Person Calls,Robbery of Individual,4220,EAST,SAPD-2026-1043990,29.383789,-98.46086,1785632454000,http://www.sanantonio.gov/sapd/Calls.aspx,Red,a tbd link,26,8
08/01/26, 4:41:10,300 Colebrook Dr,78228,Property Crime Calls,Burglary in Progress,5260,WEST,SAPD-2026-1043263,29.480697,-98.576876,1785620470000,http://www.sanantonio.gov/sapd/Calls.aspx,Green,a tbd link,26,8
08/01/26, 9:55:50,900 N LOOP 1604 W WB,78232,Traffic Calls,Traffic Related,3170,NORTH,SAPD-2026-1041762,29.608606,-98.502248,1785596150000,http://www.sanantonio.gov/sapd/Calls.aspx,Yellow,a tbd link,26,8
08/01/26, 1:03:53,E Southcross Blvd / S New Braunfels Ave,78223,Traffic Calls,Minor Accident,6220,SOUTH,SAPD-2026-1042476,29.375393,-98.461242,1785607433000,http://www.sanantonio.gov/sapd/Calls.aspx,Yellow,a tbd link,26,8
08/01/26, 8:03:43,10100 Culebra Rd,78251,Other Calls,Welfare Check,7370,PRUE,SAPD-2026-1043996,29.489341,-98.690614,1785632623000,http://www.sanantonio.gov/sapd/Calls.aspx,Blue,a tbd link,26,8
08/01/26, 8:07:26,400 Wimberly Blvd,78221,Other Calls,Assist the Public,6250,SOUTH,SAPD-2026-1044009,29.328767,-98.497017,1785632846000,http://www.sanantonio.gov/sapd/Calls.aspx,Blue,a tbd link,26,8
08/01/26, 9:55:51,1500 SALTILLO ST,78207,Other Calls,Patrol By,2350,CENTRAL,SAPD-2026-1041763,29.411794,-98.536283,1785596151000,http://www.sanantonio.gov/sapd/Calls.aspx,Blue,a tbd link,26,8
08/01/26, 1:04:38,1400 E Southcross Blvd,78223,Other Calls,Disturbance,6220,SOUTH,SAPD-2026-1042480,29.375485,-98.474028,1785607478000,http://www.sanantonio.gov/sapd/Calls.aspx,Blue,a tbd link,26,8
08/01/26, 9:57:04,Wurzbach Pkwy Eb / Wetmore Rd,78247,Traffic Calls,Traffic Related,3220,NORTH,SAPD-2026-1041767,29.546132,-98.435922,1785596224000,http://www.sanantonio.gov/sapd/Calls.aspx,Yellow,a tbd link,26,8
08/01/26, 1:05:04,2000 Barney Ave,78237,Other Calls,Disturbance Family,5120,WEST,SAPD-2026-1042482,29.409162,-98.568448,1785607504000,http://www.sanantonio.gov/sapd/Calls.aspx,Blue,a tbd link,26,8
08/01/26, 9:56:57,5000 Nw Loop 410,78229,Other Calls,Assist the Public,7140,PRUE,SAPD-2026-1041770,29.48962,-98.587915,1785596217000,http://www.sanantonio.gov/sapd/Calls.aspx,Blue,a tbd link,26,8
08/01/26, 4:39:39,20700 Wild Springs Dr,78258,Other Calls,Welfare Check,3160,NORTH,SAPD-2026-1043253,29.634332,-98.459063,1785620379000,http://www.sanantonio.gov/sapd/Calls.aspx,Blue,a tbd link,26,8
08/01/26, 1:07:44,3100 W Houston St,78207,Other Calls,Welfare Check,2360,CENTRAL,SAPD-2026-1042491,29.429364,-98.530513,1785607664000,http://www.sanantonio.gov/sapd/Calls.aspx,Blue,a tbd link,26,8
08/01/26, 9:59:27,9500 Doss,78251,Traffic Calls,Accident Private Property,5350,WEST,SAPD-2026-1041774,29.464173,-98.672683,1785596367000,http://www.sanantonio.gov/sapd/Calls.aspx,Yellow,a tbd link,26,8
08/01/26, 4:38:27,6900 PICKWELL DR,78223,Other Calls,Disturbance,4260,EAST,SAPD-2026-1043245,29.358266,-98.426813,1785620307000,http://www.sanantonio.gov/sapd/Calls.aspx,Blue,a tbd link,26,8
08/01/26, 8:03:06,11000 RUIDOSA ST,78214,Other Calls,Patrol By,6260,SOUTH,SAPD-2026-1043994,29.315075,-98.470672,1785632586000,http://www.sanantonio.gov/sapd/Calls.aspx,Blue,a tbd link,26,8
08/01/26, 1:07:34,6500 Enrique M Barrera Pkwy,78227,Property Crime Calls,Burglary Vehicle,5150,WEST,SAPD-2026-1042490,29.405778,-98.617453,1785607654000,http://www.sanantonio.gov/sapd/Calls.aspx,Green,a tbd link,26,8
08/01/26, 9:57:37,5401-5599 IH 10 W NB,78201,Traffic Calls,Traffic Related,2220,CENTRAL,SAPD-2026-1041769,29.479831,-98.523634,1785596257000,http://www.sanantonio.gov/sapd/Calls.aspx,Yellow,a tbd link,26,8
08/01/26, 4:42:39,Ih 35 N Nb / San Pedro Ave,78205,Property Crime Calls,Criminal Mischief,1130,DOWNTOWN,SAPD-2026-1043270,29.435169,-98.495451,1785620559000,http://www.sanantonio.gov/sapd/Calls.aspx,Green,a tbd link,26,8
08/01/26, 8:05:09,300 Spriggsdale,78220,Other Calls,Disturbance,4160,EAST,SAPD-2026-1043999,29.417825,-98.439728,1785632709000,http://www.sanantonio.gov/sapd/Calls.aspx,Blue,a tbd link,26,8
08/01/26, 1:06:36,4900 Reina Dr,78201,Property Crime Calls,Burglary in Progress,5240,WEST,SAPD-2026-1042486,29.473649,-98.532685,1785607596000,http://www.sanantonio.gov/sapd/Calls.aspx,Green,a tbd link,26,8
08/01/26, 9:58:55,100 Robert E Lee St,78214,Other Calls,Disturbance Family,6210,SOUTH,SAPD-2026-1041776,29.370183,-98.496921,1785596335000,http://www.sanantonio.gov/sapd/Calls.aspx,Blue,a tbd link,26,8
08/01/26, 4:39:17,11200 State Hwy 151,78251,Other Calls,DOA,5360,WEST,SAPD-2026-1043251,29.467225,-98.696111,1785620357000,http://www.sanantonio.gov/sapd/Calls.aspx,Blue,a tbd link,26,8
08/01/26, 8:06:34,8200 Wurzbach Rd,78229,Other Calls,Welfare Check,7130,PRUE,SAPD-2026-1044003,29.516707,-98.575644,1785632794000,http://www.sanantonio.gov/sapd/Calls.aspx,Blue,a tbd link,26,8
08/01/26, 9:58:50,1000 King Ave,78211,Crimes Against Person Calls,Assault In Progress,6320,SOUTH,SAPD-2026-1041773,29.364736,-98.561448,1785596330000,http://www.sanantonio.gov/sapd/Calls.aspx,Red,a tbd link,26,8
08/01/26, 4:41:52,11900 Orsinger Ln,78230,Other Calls,Welfare Check,7220,PRUE,SAPD-2026-1043266,29.551825,-98.562747,1785620512000,http://www.sanantonio.gov/sapd/Calls.aspx,Blue,a tbd link,26,8
08/01/26, 8:06:25,Saltillo St / Sw 19th St,78207,Crimes Against Person Calls,Fight Gun Involved,2350,CENTRAL,SAPD-2026-1044004,29.411972,-98.538254,1785632785000,http://www.sanantonio.gov/sapd/Calls.aspx,Red,a tbd link,26,8
08/01/26, 4:38:47,19100 Stone Oak Pkwy,78258,Traffic Calls,Minor Accident,3170,NORTH,SAPD-2026-1043247,29.626388,-98.495353,1785620327000,http://www.sanantonio.gov/sapd/Calls.aspx,Yellow,a tbd link,26,8
08/01/26, 9:59:32,200 Charben Dr,78237,Property Crime Calls,Burglary in Progress,5110,WEST,SAPD-2026-1041775,29.421331,-98.549626,1785596372000,http://www.sanantonio.gov/sapd/Calls.aspx,Green,a tbd link,26,8
08/01/26, 8:06:59,State Hwy 151 / Westover Hills Blvd,78251,Crimes Against Person Calls,Suspicious Vehicle,5350,WEST,SAPD-2026-1044007,29.46309,-98.691172,1785632819000,http://www.sanantonio.gov/sapd/Calls.aspx,Red,a tbd link,26,8
08/01/26, 4:39:04,12100 Vance Jackson,78230,Other Calls,Assist the Public,7230,PRUE,SAPD-2026-1043248,29.553335,-98.574168,1785620344000,http://www.sanantonio.gov/sapd/Calls.aspx,Blue,a tbd link,26,8
08/01/26, 1:05:40,U0 HWY 90 W EB,78227,Traffic Calls,Traffic Related,6360,SOUTH,SAPD-2026-1042483,29.406093,-98.608547,1785607540000,http://www.sanantonio.gov/sapd/Calls.aspx,Yellow,a tbd link,26,8
08/01/26, 9:59:47,W Loop 1604 N Nb / Culebra Rd,78250,Other Calls,Welfare Check,5350,WEST,SAPD-2026-1041777,29.493952,-98.704625,1785596387000,http://www.sanantonio.gov/sapd/Calls.aspx,Blue,a tbd link,26,8
08/01/26, 8:05:37,1700 Donaldson Ave,78228,Other Calls,Disturbance Loud Music,5220,WEST,SAPD-2026-1044000,29.465375,-98.558025,1785632737000,http://www.sanantonio.gov/sapd/Calls.aspx,Blue,a tbd link,26,8
08/01/26, 4:37:58,Waters Edge Dr / Horal Dr,78245,Traffic Calls,Minor Accident,5330,WEST,SAPD-2026-1043243,29.424128,-98.654487,1785620278000,http://www.sanantonio.gov/sapd/Calls.aspx,Yellow,a tbd link,26,8
08/01/26, 1:06:51,S New Braunfels Ave / E Southcross Blvd,78223,Traffic Calls,Major Accident,6220,SOUTH,SAPD-2026-1042489,29.375393,-98.461242,1785607611000,http://www.sanantonio.gov/sapd/Calls.aspx,Yellow,a tbd link,26,8
08/01/26,10:01:49 AM,3600 Growdon Rd,78227,Other Calls,Miscellaneous,6310,SOUTH,SAPD-2026-1041789,29.394029,-98.59443,1785596509000,http://www.sanantonio.gov/sapd/Calls.aspx,Blue,a tbd link,26,8
08/01/26, 8:11:23,100 Viendo St,78201,Property Crime Calls,Theft,2210,CENTRAL,SAPD-2026-1044026,29.467101,-98.513897,1785633083000,http://www.sanantonio.gov/sapd/Calls.aspx,Green,a tbd link,26,8
08/01/26, 4:37:38,15800 STATE HWY 16 S,78264,Other Calls,Patrol By,6160,SOUTH,SAPD-2026-1043242,29.260761,-98.581436,1785620258000,http://www.sanantonio.gov/sapd/Calls.aspx,Blue,a tbd link,26,8
08/01/26, 1:15:24,3100 Roosevelt Ave,78214,Other Calls,Missing Person - Endangered,6230,SOUTH,SAPD-2026-1042515,29.364951,-98.48195,1785608124000,http://www.sanantonio.gov/sapd/Calls.aspx,Blue,a tbd link,26,8
08/01/26,10:00:12 AM,9800 Airport Blvd,78216,Other Calls,Weapons,SAT1,AIRPORT,SAPD-2026-1041781,29.526619,-98.471844,1785596412000,http://www.sanantonio.gov/sapd/Calls.aspx,Blue,a tbd link,26,8
08/01/26, 8:08:41,5000 Nw Loop 410,78229,Other Calls,Disturbance Family,7140,PRUE,SAPD-2026-1044013,29.489167,-98.590556,1785632921000,http://www.sanantonio.gov/sapd/Calls.aspx,Blue,a tbd link,26,8
08/01/26, 4:39:56,2100 Hays St,78202,Other Calls,Disturbance,4130,EAST,SAPD-2026-1043260,29.429996,-98.448912,1785620396000,http://www.sanantonio.gov/sapd/Calls.aspx,Blue,a tbd link,26,8
08/01/26,10:00:02 AM,E Commerce St / N St Mary's St,78205,Other Calls,Patrol By,1110,DOWNTOWN,SAPD-2026-1041779,29.424534,-98.491484,1785596402000,http://www.sanantonio.gov/sapd/Calls.aspx,Blue,a tbd link,26,8
08/01/26, 8:08:04,2000 Mission Eagle,78223,Other Calls,Welfare Check,6270,SOUTH,SAPD-2026-1044012,29.334635,-98.445826,1785632884000,http://www.sanantonio.gov/sapd/Calls.aspx,Blue,a tbd link,26,8
08/01/26, 4:38:52,9900 Wurzbach Rd,78230,Other Calls,Disturbance,7210,PRUE,SAPD-2026-1043246,29.531467,-98.559904,1785620332000,http://www.sanantonio.gov/sapd/Calls.aspx,Blue,a tbd link,26,8
08/01/26, 1:12:18,8800 Mission Brook,78223,Property Crime Calls,Theft of Vehicle,6270,SOUTH,SAPD-2026-1042505,29.334587,-98.440721,1785607938000,http://www.sanantonio.gov/sapd/Calls.aspx,Green,a tbd link,26,8
08/01/26, 8:08:42,500 Hunt Ln,78245,Other Calls,Disturbance,5330,WEST,SAPD-2026-1044015,29.427431,-98.668507,1785632922000,http://www.sanantonio.gov/sapd/Calls.aspx,Blue,a tbd link,26,8
08/01/26, 4:39:16,900 RIGSBY AVE,78210,Other Calls,Patrol By,4150,EAST,SAPD-2026-1043250,29.398574,-98.456624,1785620356000,http://www.sanantonio.gov/sapd/Calls.aspx,Blue,a tbd link,26,8
08/01/26,10:00:59 AM,11900-12074 Wurzbach Pkwy,78230,Traffic Calls,Minor Accident,7220,PRUE,SAPD-2026-1041786,29.551699,-98.540679,1785596459000,http://www.sanantonio.gov/sapd/Calls.aspx,Yellow,a tbd link,26,8
08/01/26, 1:09:06,900 Vfw Blvd,78223,Other Calls,Disturbance,6240,SOUTH,SAPD-2026-1042493,29.371524,-98.475028,1785607746000,http://www.sanantonio.gov/sapd/Calls.aspx,Blue,a tbd link,26,8
08/01/26, 8:11:10,Palm Dr / E Cheryl Dr,78228,Other Calls,Assist the Public,5220,WEST,SAPD-2026-1044025,29.461337,-98.558227,1785633070000,http://www.sanantonio.gov/sapd/Calls.aspx,Blue,a tbd link,26,8
08/01/26, 4:42:37,17800 Kyle Seale Pkwy,78255,Traffic Calls,Minor Accident,7350,PRUE,SAPD-2026-1043268,29.60986,-98.648047,1785620557000,http://www.sanantonio.gov/sapd/Calls.aspx,Yellow,a tbd link,26,8
08/01/26,10:00:11 AM,I0 10 W SB,78230,Traffic Calls,Traffic Related,7110,PRUE,SAPD-2026-1041782,29.504398,-98.550012,1785596411000,http://www.sanantonio.gov/sapd/Calls.aspx,Yellow,a tbd link,26,8
08/01/26, 1:11:13,2900 Dall Trl,78228,Traffic Calls,Traffic Violation,5260,WEST,SAPD-2026-1042502,29.465101,-98.591216,1785607873000,http://www.sanantonio.gov/sapd/Calls.aspx,Yellow,a tbd link,26,8
08/01/26, 8:09:09,3200 Heather Hill,78228,Other Calls,Fire,5250,WEST,SAPD-2026-1044017,29.465226,-98.57336,1785632949000,http://www.sanantonio.gov/sapd/Calls.aspx,Blue,a tbd link,26,8
08/01/26, 4:40:31,5100 WURZBACH PKWY EB,78233,Other Calls,Patrol By,3230,NORTH,SAPD-2026-1043262,29.537966,-98.391768,1785620431000,http://www.sanantonio.gov/sapd/Calls.aspx,Blue,a tbd link,26,8
08/01/26,10:03:03 AM,3500 Magic Dr,78229,Other Calls,Welfare Check,7110,PRUE,SAPD-2026-1041793,29.502461,-98.553509,1785596583000,http://www.sanantonio.gov/sapd/Calls.aspx,Blue,a tbd link,26,8
08/01/26, 1:08:47,1200-1299 Arion Pkwy,78216,Traffic Calls,Traffic Related,3130,NORTH,SAPD-2026-1042499,29.546714,-98.474415,1785607727000,http://www.sanantonio.gov/sapd/Calls.aspx,Yellow,a tbd link,26,8
08/01/26, 8:07:23,21300 MILSA DR,78256,Other Calls,Patrol By,7260,PRUE,SAPD-2026-1044008,29.641217,-98.624784,1785632843000,http://www.sanantonio.gov/sapd/Calls.aspx,Blue,a tbd link,26,8
08/01/26, 4:48:02,W0 Ne Loop 410 Onrp Broadway,78209,Traffic Calls,Traffic Related,3360,NORTH,SAPD-2026-1043285,29.517998,-98.467332,1785620882000,http://www.sanantonio.gov/sapd/Calls.aspx,Yellow,a tbd link,26,8
08/01/26,10:04:58 AM,9500 Ih 10 W,78230,Other Calls,Disturbance Family,7120,PRUE,SAPD-2026-1041798,29.528889,-98.560386,1785596698000,http://www.sanantonio.gov/sapd/Calls.aspx,Blue,a tbd link,26,8
08/01/26, 1:09:51,300 Fargo Ave,78220,Traffic Calls,Abandoned Vehicle,4160,EAST,SAPD-2026-1042495,29.415895,-98.437099,1785607791000,http://www.sanantonio.gov/sapd/Calls.aspx,Yellow,a tbd link,26,8
08/01/26, 4:48:13,7600 Callaghan Rd,78229,Crimes Against Person Calls,Threats,7110,PRUE,SAPD-2026-1043287,29.506718,-98.554633,1785620893000,http://www.sanantonio.gov/sapd/Calls.aspx,Red,a tbd link,26,8
08/01/26,10:03:15 AM,4300 Hyatt Place Dr,78230-3134,Property Crime Calls,Burglary Vehicle,7220,PRUE,SAPD-2026-1041794,29.538736,-98.567073,1785596595000,http://www.sanantonio.gov/sapd/Calls.aspx,Green,a tbd link,26,8
08/01/26, 1:09:52,8400-8499 Bristlecone Dr,78250,Traffic Calls,Major Accident,7320,PRUE,SAPD-2026-1042496,29.51934,-98.637017,1785607792000,http://www.sanantonio.gov/sapd/Calls.aspx,Yellow,a tbd link,26,8
08/01/26, 8:08:51,100 Bandera Rd,78228,Other Calls,Disturbance,5210,WEST,SAPD-2026-1044016,29.446951,-98.541408,1785632931000,http://www.sanantonio.gov/sapd/Calls.aspx,Blue,a tbd link,26,8
08/01/26,10:03:40 AM,8200 State Hwy 151,78245,Property Crime Calls,Theft,5160,WEST,SAPD-2026-1041797,29.439054,-98.648592,1785596620000,http://www.sanantonio.gov/sapd/Calls.aspx,Green,a tbd link,26,8
08/01/26, 4:41:35,9501-9999 AIRPORT BLVD,78216,Traffic Calls,Traffic Related,SAT1,AIRPORT,SAPD-2026-1043264,29.526415,-98.472423,1785620495000,http://www.sanantonio.gov/sapd/Calls.aspx,Yellow,a tbd link,26,8
08/01/26, 8:10:52,3000 NE LOOP 410,78218,Traffic Calls,Minor Accident,4360,EAST,SAPD-2026-1044023,29.518056,-98.398611,1785633052000,http://www.sanantonio.gov/sapd/Calls.aspx,Yellow,a tbd link,26,8
08/01/26, 1:12:23,700 Stoneway Dr,78258,Other Calls,Disturbance Family,3170,NORTH,SAPD-2026-1042506,29.645573,-98.497526,1785607943000,http://www.sanantonio.gov/sapd/Calls.aspx,Blue,a tbd link,26,8
08/01/26,10:03:50 AM,500 Senisa Dr,78228,Traffic Calls,Minor Accident,5220,WEST,SAPD-2026-1041795,29.462687,-98.552927,1785596630000,http://www.sanantonio.gov/sapd/Calls.aspx,Yellow,a tbd link,26,8
08/01/26, 4:43:45,E0 Ih 10 E Ofrp Pine St,78210,Traffic Calls,Traffic Related,4150,EAST,SAPD-2026-1043273,29.399415,-98.472984,1785620625000,http://www.sanantonio.gov/sapd/Calls.aspx,Yellow,a tbd link,26,8
08/01/26, 8:07:46,3200 Heather Hill,78228,Other Calls,Fire,5250,WEST,SAPD-2026-1044010,29.465226,-98.57336,1785632866000,http://www.sanantonio.gov/sapd/Calls.aspx,Blue,a tbd link,26,8
08/01/26, 1:14:13,7500 Kentisbury,78251,Crimes Against Person Calls,Threats,5320,WEST,SAPD-2026-1042510,29.45336,-98.638765,1785608053000,http://www.sanantonio.gov/sapd/Calls.aspx,Red,a tbd link,26,8
08/01/26,10:05:52 AM,Longmont Dr / Prescott Dr,78245,Property Crime Calls,Recovered Stolen Property,5330,WEST,SAPD-2026-1041802,29.420454,-98.676807,1785596752000,http://www.sanantonio.gov/sapd/Calls.aspx,Green,a tbd link,26,8
08/01/26, 4:42:13,700 CULBERSON AVE,78211,Other Calls,Patrol By,6120,SOUTH,SAPD-2026-1043267,29.382028,-98.539532,1785620533000,http://www.sanantonio.gov/sapd/Calls.aspx,Blue,a tbd link,26,8
08/01/26, 8:08:23,N0 Hy281 N Ofrp Hildebrand Ave,78212,Other Calls,Disturbance,1230,DOWNTOWN,SAPD-2026-1044011,29.464949,-98.473512,1785632903000,http://www.sanantonio.gov/sapd/Calls.aspx,Blue,a tbd link,26,8
08/01/26, 1:10:09,Bandera Rd / Bristlecone Dr,78250,Traffic Calls,Major Accident,7320,PRUE,SAPD-2026-1042498,29.519231,-98.637311,1785607809000,http://www.sanantonio.gov/sapd/Calls.aspx,Yellow,a tbd link,26,8
08/01/26,10:05:20 AM,9500 Fredericksburg Rd,78240,Property Crime Calls,Criminal Mischief,7150,PRUE,SAPD-2026-1041799,29.526758,-98.576045,1785596720000,http://www.sanantonio.gov/sapd/Calls.aspx,Green,a tbd link,26,8
08/01/26, 4:42:41,600 W COMMERCE ST,78207,Other Calls,Patrol By,1120,DOWNTOWN,SAPD-2026-1043269,29.425234,-98.500348,1785620561000,http://www.sanantonio.gov/sapd/Calls.aspx,Blue,a tbd link,26,8
08/01/26, 8:09:51,9100 Perrin Beitel,78217,Traffic Calls,Minor Accident,3370,NORTH,SAPD-2026-1044020,29.523335,-98.410619,1785632991000,http://www.sanantonio.gov/sapd/Calls.aspx,Yellow,a tbd link,26,8
08/01/26,10:06:19 AM,300 Koehler Ct,78223,Property Crime Calls,Burglary,6240,SOUTH,SAPD-2026-1041803,29.366397,-98.463196,1785596779000,http://www.sanantonio.gov/sapd/Calls.aspx,Green,a tbd link,26,8
08/01/26, 4:42:47,4800 DE ZAVALA RD,78249,Other Calls,Patrol By,7230,PRUE,SAPD-2026-1043271,29.568415,-98.578075,1785620567000,http://www.sanantonio.gov/sapd/Calls.aspx,Blue,a tbd link,26,8
08/01/26, 8:09:12,2700 Lakeplains,78222,Crimes Against Person Calls,Assault In Progress,4250,EAST,SAPD-2026-1044018,29.393354,-98.376395,1785632952000,http://www.sanantonio.gov/sapd/Calls.aspx,Red,a tbd link,26,8
08/01/26, 4:45:45,800 Entex Ln,78228,Property Crime Calls,Theft,5250,WEST,SAPD-2026-1043276,29.451171,-98.58065,1785620745000,http://www.sanantonio.gov/sapd/Calls.aspx,Green,a tbd link,26,8
08/01/26, 1:10:00,8400-8499 Bristlecone Dr,78250,Traffic Calls,Major Accident,7320,PRUE,SAPD-2026-1042497,29.519431,-98.636772,1785607800000,http://www.sanantonio.gov/sapd/Calls.aspx,Yellow,a tbd link,26,8
08/01/26,10:06:32 AM,500 Cupples Rd,78237,Other Calls,Disturbance Family,2350,CENTRAL,SAPD-2026-1041804,29.410223,-98.547608,1785596792000,http://www.sanantonio.gov/sapd/Calls.aspx,Blue,a tbd link,26,8
08/01/26, 8:10:13,8800 Dugas Dr,78251,Other Calls,Suspicious Person,5360,WEST,SAPD-2026-1044022,29.44694,-98.686244,1785633013000,http://www.sanantonio.gov/sapd/Calls.aspx,Blue,a tbd link,26,8
08/01/26, 4:49:21,300 Bargas,78210,Other Calls,Disturbance Neighbor,4140,EAST,SAPD-2026-1043295,29.409124,-98.45039,1785620961000,http://www.sanantonio.gov/sapd/Calls.aspx,Blue,a tbd link,26,8
08/01/26, 1:13:17,S San Joaquin Ave / W Cesar Chavez Blvd,78237,Other Calls,Narcotic Laws,5110,WEST,SAPD-2026-1042508,29.427299,-98.563474,1785607997000,http://www.sanantonio.gov/sapd/Calls.aspx,Blue,a tbd link,26,8
08/01/26,10:05:34 AM,I0 35 N NB,78207,Traffic Calls,Traffic Related,1120,DOWNTOWN,SAPD-2026-1041800,29.429493,-98.500532,1785596734000,http://www.sanantonio.gov/sapd/Calls.aspx,Yellow,a tbd link,26,8
08/01/26, 8:13:30,Tpc Pkwy,78259,Traffic Calls,Traffic Related,3150,NORTH,SAPD-2026-1044035,29.648741,-98.449976,1785633210000,http://www.sanantonio.gov/sapd/Calls.aspx,Yellow,a tbd link,26,8
08/01/26, 4:45:36,Karnes / E Josephine St,78215,Traffic Calls,Minor Accident,1230,DOWNTOWN,SAPD-2026-1043275,29.445034,-98.479132,1785620736000,http://www.sanantonio.gov/sapd/Calls.aspx,Yellow,a tbd link,26,8
08/01/26, 1:10:33,U0 HWY 90 W EB,78237,Traffic Calls,Traffic Related,6310,SOUTH,SAPD-2026-1042500,29.404986,-98.560193,1785607833000,http://www.sanantonio.gov/sapd/Calls.aspx,Yellow,a tbd link,26,8
08/01/26,10:06:48 AM,400 S Frio St,78207,Other Calls,Property Found,2370,CENTRAL,SAPD-2026-1041810,29.422234,-98.505906,1785596808000,http://www.sanantonio.gov/sapd/Calls.aspx,Blue,a tbd link,26,8
08/01/26, 8:14:43,5500 De Zavala Rd,78249,Other Calls,Disturbance,7340,PRUE,SAPD-2026-1044038,29.566663,-98.596216,1785633283000,http://www.sanantonio.gov/sapd/Calls.aspx,Blue,a tbd link,26,8
08/01/26, 4:49:03,500 S Frio St,78207,Other Calls,Assist the Public,2370,CENTRAL,SAPD-2026-1043288,29.421551,-98.504866,1785620943000,http://www.sanantonio.gov/sapd/Calls.aspx,Blue,a tbd link,26,8
08/01/26, 1:15:26,Ih 35 N Nb / Ih 10 W Nb,78207,Traffic Calls,Traffic Related,1130,DOWNTOWN,SAPD-2026-1042517,29.430643,-98.500293,1785608126000,http://www.sanantonio.gov/sapd/Calls.aspx,Yellow,a tbd link,26,8
08/01/26,10:07:37 AM,7700 Floyd Curl,78229,Other Calls,DOA,7130,PRUE,SAPD-2026-1041807,29.506944,-98.57125,1785596857000,http://www.sanantonio.gov/sapd/Calls.aspx,Blue,a tbd link,26,8
08/01/26, 8:12:35,1700 Sw Loop 410,78227,Other Calls,Disturbance,5340,WEST,SAPD-2026-1044030,29.4159,-98.651,1785633155000,http://www.sanantonio.gov/sapd/Calls.aspx,Blue,a tbd link,26,8
08/01/26, 1:12:10,E Pecan St / Navarro St,78205,Other Calls,Disturbance,1130,DOWNTOWN,SAPD-2026-1042504,29.428628,-98.489749,1785607930000,http://www.sanantonio.gov/sapd/Calls.aspx,Blue,a tbd link,26,8
08/01/26,10:07:39 AM,2800 Mabe Rd,78251,Other Calls,Disturbance,5320,WEST,SAPD-2026-1041808,29.462109,-98.635347,1785596859000,http://www.sanantonio.gov/sapd/Calls.aspx,Blue,a tbd link,26,8
08/01/26, 8:15:17,Military Dr W / Westlawn,78227,Other Calls,Welfare Check,5150,WEST,SAPD-2026-1044041,29.413579,-98.629163,1785633317000,http://www.sanantonio.gov/sapd/Calls.aspx,Blue,a tbd link,26,8
08/01/26,10:13:46 AM,8900 W Military Dr,78245,Traffic Calls,Minor Accident,5160,WEST,SAPD-2026-1041826,29.442615,-98.641544,1785597226000,http://www.sanantonio.gov/sapd/Calls.aspx,Yellow,a tbd link,26,8
08/01/26, 4:46:07,8000 Glengarden,78224,Other Calls,Welfare Check,6330,SOUTH,SAPD-2026-1043277,29.346748,-98.550577,1785620767000,http://www.sanantonio.gov/sapd/Calls.aspx,Blue,a tbd link,26,8
08/01/26, 1:10:42,6353-6399 CULEBRA RD,78238,Traffic Calls,Minor Accident,5270,WEST,SAPD-2026-1042501,29.452411,-98.614839,1785607842000,http://www.sanantonio.gov/sapd/Calls.aspx,Yellow,a tbd link,26,8
08/01/26, 8:13:18,N0 Hy281 N Ofrp Hildebrand Ave,78212,Traffic Calls,Traffic Violation,1230,DOWNTOWN,SAPD-2026-1044034,29.464535,-98.473815,1785633198000,http://www.sanantonio.gov/sapd/Calls.aspx,Yellow,a tbd link,26,8
08/01/26,10:10:02 AM,7100 W Loop 1604 N,78250,Property Crime Calls,Theft of Vehicle,7360,PRUE,SAPD-2026-1041814,29.504885,-98.699189,1785597002000,http://www.sanantonio.gov/sapd/Calls.aspx,Green,a tbd link,26,8
08/01/26, 4:46:13,2000 Ackerman Rd,78219,Traffic Calls,Traffic Related,4310,EAST,SAPD-2026-1043280,29.44875,-98.380417,1785620773000,http://www.sanantonio.gov/sapd/Calls.aspx,Yellow,a tbd link,26,8
08/01/26, 1:11:49,13000 Jones Maltsberger Rd,78247,Other Calls,Property Found,3220,NORTH,SAPD-2026-1042507,29.559728,-98.459693,1785607909000,http://www.sanantonio.gov/sapd/Calls.aspx,Blue,a tbd link,26,8
08/01/26, 8:16:02,16800 Pleasanton Rd,78221,Traffic Calls,Major Accident,6160,SOUTH,SAPD-2026-1044045,29.255897,-98.492585,1785633362000,http://www.sanantonio.gov/sapd/Calls.aspx,Yellow,a tbd link,26,8
08/01/26,10:08:34 AM,3500 Broadway,78209,Property Crime Calls,Theft In Progress,1230,DOWNTOWN,SAPD-2026-1041811,29.45858,-98.468164,1785596914000,http://www.sanantonio.gov/sapd/Calls.aspx,Green,a tbd link,26,8
08/01/26, 4:49:18,15600 Blk Ih 37 S Sb,78223,Other Calls,Disturbance,6280,SOUTH,SAPD-2026-1043290,29.266493,-98.395924,1785620958000,http://www.sanantonio.gov/sapd/Calls.aspx,Blue,a tbd link,26,8
08/01/26, 1:15:07,8500 Huebner Rd,78240,Other Calls,Miscellaneous,7160,PRUE,SAPD-2026-1042514,29.51658,-98.606328,1785608107000,http://www.sanantonio.gov/sapd/Calls.aspx,Blue,a tbd link,26,8
08/01/26, 8:12:20,6900 BORDER BROOK,78238,Other Calls,Patrol By,5310,WEST,SAPD-2026-1044029,29.47123,-98.627522,1785633140000,http://www.sanantonio.gov/sapd/Calls.aspx,Blue,a tbd link,26,8
08/01/26,10:12:08 AM,S0 Ih 10 W Ofrp Eb Ih 35 N,78212,Traffic Calls,Traffic Related,1220,DOWNTOWN,SAPD-2026-1041818,29.431925,-98.500368,1785597128000,http://www.sanantonio.gov/sapd/Calls.aspx,Yellow,a tbd link,26,8
08/01/26, 4:47:50,300 Roosevelt Ave,78210,Other Calls,Ordinance Violation,1140,DOWNTOWN,SAPD-2026-1043284,29.400997,-98.488233,1785620870000,http://www.sanantonio.gov/sapd/Calls.aspx,Blue,a tbd link,26,8
08/01/26, 1:11:49,1201-1499 N LOOP 1604 W WB,78232,Traffic Calls,Traffic Related,3170,NORTH,SAPD-2026-1042503,29.608636,-98.515216,1785607909000,http://www.sanantonio.gov/sapd/Calls.aspx,Yellow,a tbd link,26,8
08/01/26, 8:14:22,1500 Nogalitos St,78404,Other Calls,Ordinance Violation,2340,CENTRAL,SAPD-2026-1044037,29.398314,-98.514175,1785633262000,http://www.sanantonio.gov/sapd/Calls.aspx,Blue,a tbd link,26,8
08/01/26, 4:49:19,200 Bristol Ave,78214,Crimes Against Person Calls,Threats,6210,SOUTH,SAPD-2026-1043289,29.371504,-98.492755,1785620959000,http://www.sanantonio.gov/sapd/Calls.aspx,Red,a tbd link,26,8
08/01/26, 1:14:26,1100 W Rosewood Ave,78201,Crimes Against Person Calls,Disturbance (Gun Involved),2210,CENTRAL,SAPD-2026-1042511,29.464467,-98.512187,1785608066000,http://www.sanantonio.gov/sapd/Calls.aspx,Red,a tbd link,26,8
08/01/26, 8:22:36,6400 Nathan Hale,78247,Other Calls,Miscellaneous,3260,NORTH,SAPD-2026-1044070,29.590542,-98.362042,1785633756000,http://www.sanantonio.gov/sapd/Calls.aspx,Blue,a tbd link,26,8
08/01/26, 1:15:00,Culebra Rd / Les Harrison Dr,78251,Other Calls,Welfare Check,7370,PRUE,SAPD-2026-1042516,29.489696,-98.690631,1785608100000,http://www.sanantonio.gov/sapd/Calls.aspx,Blue,a tbd link,26,8
08/01/26, 4:49:47,5100 Red Hawk,78242,Property Crime Calls,Burglary,6340,SOUTH,SAPD-2026-1043291,29.346022,-98.601179,1785620987000,http://www.sanantonio.gov/sapd/Calls.aspx,Green,a tbd link,26,8
08/01/26,10:08:39 AM,900 S ELLISON DR,78245,Other Calls,Patrol By,5330,WEST,SAPD-2026-1041812,29.428334,-98.683021,1785596919000,http://www.sanantonio.gov/sapd/Calls.aspx,Blue,a tbd link,26,8
08/01/26, 8:14:10,Coca Cola Place / E Commerce St,78219,Traffic Calls,Major Accident,4160,EAST,SAPD-2026-1044036,29.419879,-98.438562,1785633250000,http://www.sanantonio.gov/sapd/Calls.aspx,Yellow,a tbd link,26,8
08/01/26, 1:14:33,100 POSTWOOD DR,78228,Other Calls,Property Found,5260,WEST,SAPD-2026-1042512,29.480209,-98.577997,1785608073000,http://www.sanantonio.gov/sapd/Calls.aspx,Blue,a tbd link,26,8
08/01/26, 4:49:52,130-299 W Chavaneaux Rd,78221,Traffic Calls,Minor Accident,6150,SOUTH,SAPD-2026-1043294,29.320712,-98.504364,1785620992000,http://www.sanantonio.gov/sapd/Calls.aspx,Yellow,a tbd link,26,8
08/01/26,10:10:48 AM,18500 Us Hwy 281 N,78258-7600,Property Crime Calls,Burglary Vehicle,3160,NORTH,SAPD-2026-1041816,29.61232,-98.468624,1785597048000,http://www.sanantonio.gov/sapd/Calls.aspx,Green,a tbd link,26,8
08/01/26, 8:19:23,500 Wayside,78213,Crimes Against Person Calls,Violation of Protective Order,2230,CENTRAL,SAPD-2026-1044055,29.502142,-98.540305,1785633563000,http://www.sanantonio.gov/sapd/Calls.aspx,Red,a tbd link,26,8
08/01/26, 1:14:38,Blanco Rd / Fresno St,78212,Crimes Against Person Calls,Suspicious Person with Gun,2210,CENTRAL,SAPD-2026-1042513,29.474162,-98.50786,1785608078000,http://www.sanantonio.gov/sapd/Calls.aspx,Red,a tbd link,26,8
08/01/26, 4:51:22,1300 Art Wall Way,78221,Other Calls,Disturbance Loud Music,6260,SOUTH,SAPD-2026-1043299,29.290537,-98.479588,1785621082000,http://www.sanantonio.gov/sapd/Calls.aspx,Blue,a tbd link,26,8
08/01/26,10:12:15 AM,1200 N Hunt Ln,78251,Property Crime Calls,Criminal Mischief,5350,WEST,SAPD-2026-1041821,29.445939,-98.666181,1785597135000,http://www.sanantonio.gov/sapd/Calls.aspx,Green,a tbd link,26,8
08/01/26, 8:18:16,2700 Arbor St,78228,Other Calls,Disturbance Family,2360,CENTRAL,SAPD-2026-1044057,29.43942,-98.547314,1785633496000,http://www.sanantonio.gov/sapd/Calls.aspx,Blue,a tbd link,26,8
08/01/26, 1:13:39,1700 Romero,78237,Other Calls,Suspicious Person,5120,WEST,SAPD-2026-1042520,29.412948,-98.563563,1785608019000,http://www.sanantonio.gov/sapd/Calls.aspx,Blue,a tbd link,26,8
08/01/26, 4:49:51,Ih 10 E Eb / E Loop 1604 N,78154,Traffic Calls,Traffic Related,4310,EAST,SAPD-2026-1043293,29.465335,-98.292256,1785620991000,http://www.sanantonio.gov/sapd/Calls.aspx,Yellow,a tbd link,26,8
08/01/26,10:11:23 AM,3600 E Houston St,78219,Crimes Against Person Calls,Assault,4160,EAST,SAPD-2026-1041817,29.42532,-98.426945,1785597083000,http://www.sanantonio.gov/sapd/Calls.aspx,Red,a tbd link,26,8
08/01/26, 8:16:39,200 Bank St,78204,Other Calls,Welfare Check,1140,DOWNTOWN,SAPD-2026-1044047,29.399841,-98.499938,1785633399000,http://www.sanantonio.gov/sapd/Calls.aspx,Blue,a tbd link,26,8
08/01/26, 4:54:28,7600 Us Hwy 90 W,78227,Other Calls,Disturbance,6360,SOUTH,SAPD-2026-1043308,29.398411,-98.643187,1785621268000,http://www.sanantonio.gov/sapd/Calls.aspx,Blue,a tbd link,26,8
08/01/26,10:12:55 AM,S0 Ih 10 W Ofrp Nb Ih 35 N,78212,Traffic Calls,Traffic Related,2310,CENTRAL,SAPD-2026-1041820,29.432577,-98.501452,1785597175000,http://www.sanantonio.gov/sapd/Calls.aspx,Yellow,a tbd link,26,8
08/01/26, 8:15:21,400 Sumner Dr,78209,Other Calls,Disturbance Loud Music,3340,NORTH,SAPD-2026-1044043,29.488081,-98.439988,1785633321000,http://www.sanantonio.gov/sapd/Calls.aspx,Blue,a tbd link,26,8
08/01/26,10:20:14 AM,1200 Castroville Rd,78237,Other Calls,Welfare Check,5110,WEST,SAPD-2026-1041857,29.416082,-98.558817,1785597614000,http://www.sanantonio.gov/sapd/Calls.aspx,Blue,a tbd link,26,8
08/01/26, 1:15:47,Jones Maltsberger Rd / Fall Valley Dr,78232,Traffic Calls,Minor Accident,3140,NORTH,SAPD-2026-1042519,29.581934,-98.438743,1785608147000,http://www.sanantonio.gov/sapd/Calls.aspx,Yellow,a tbd link,26,8
08/01/26, 4:52:26,Ne Loop 410 / N Vandiver Dr,78209,Traffic Calls,Minor Accident,3330,NORTH,SAPD-2026-1043304,29.515638,-98.442982,1785621146000,http://www.sanantonio.gov/sapd/Calls.aspx,Yellow,a tbd link,26,8
08/01/26, 8:18:40,300 Globe Ave,78228,Other Calls,Visitation Violation,5250,WEST,SAPD-2026-1044051,29.453989,-98.576524,1785633520000,http://www.sanantonio.gov/sapd/Calls.aspx,Blue,a tbd link,26,8
08/01/26,10:16:49 AM,5100 W Loop 1604 N,78251,Other Calls,Welfare Check,5350,WEST,SAPD-2026-1041837,29.484101,-98.705158,1785597409000,http://www.sanantonio.gov/sapd/Calls.aspx,Blue,a tbd link,26,8
08/01/26, 1:17:19,900 N Loop 1604 E,78232,Traffic Calls,Minor Accident,3160,NORTH,SAPD-2026-1042527,29.609423,-98.47841,1785608239000,http://www.sanantonio.gov/sapd/Calls.aspx,Yellow,a tbd link,26,8
08/01/26, 4:57:07,1700 S General Mcmullen,78237,Property Crime Calls,Theft,6310,SOUTH,SAPD-2026-1043318,29.399788,-98.557646,1785621427000,http://www.sanantonio.gov/sapd/Calls.aspx,Green,a tbd link,26,8
08/01/26, 8:16:34,Brady Blvd / Sw 19th St,78207,Other Calls,Patrol By,2350,CENTRAL,SAPD-2026-1044046,29.40341,-98.539304,1785633394000,http://www.sanantonio.gov/sapd/Calls.aspx,Blue,a tbd link,26,8
08/01/26,10:19:29 AM,900-1306 Ih 10 W Sb,78207,Traffic Calls,Traffic Related,2310,CENTRAL,SAPD-2026-1041851,29.43495,-98.50348,1785597569000,http://www.sanantonio.gov/sapd/Calls.aspx,Yellow,a tbd link,26,8
08/01/26, 1:16:48,4600 Clark Ave,78223,Crimes Against Person Calls,Suspicious Vehicle,4220,EAST,SAPD-2026-1042526,29.36677,-98.447925,1785608208000,http://www.sanantonio.gov/sapd/Calls.aspx,Red,a tbd link,26,8
08/01/26, 4:55:29,5600 Culebra Rd,78228,Other Calls,Welfare Check,5250,WEST,SAPD-2026-1043314,29.448802,-98.596644,1785621329000,http://www.sanantonio.gov/sapd/Calls.aspx,Blue,a tbd link,26,8
08/01/26, 8:20:49,7100 New Laredo Hwy,78211,Other Calls,Welfare Check,6330,SOUTH,SAPD-2026-1044065,29.356871,-98.559708,1785633649000,http://www.sanantonio.gov/sapd/Calls.aspx,Blue,a tbd link,26,8
08/01/26,10:17:06 AM,Ih 10 W Sb / N Frio St,78207,Traffic Calls,Traffic Related,2310,CENTRAL,SAPD-2026-1041838,29.438737,-98.505547,1785597426000,http://www.sanantonio.gov/sapd/Calls.aspx,Yellow,a tbd link,26,8
08/01/26, 1:18:39,100 W Rampart,78216,Crimes Against Person Calls,Assault In Progress,3320,NORTH,SAPD-2026-1042531,29.51256,-98.495779,1785608319000,http://www.sanantonio.gov/sapd/Calls.aspx,Red,a tbd link,26,8
08/01/26, 4:54:13,7900 Potranco Rd,78251,Other Calls,Disturbance,5320,WEST,SAPD-2026-1043307,29.451376,-98.643572,1785621253000,http://www.sanantonio.gov/sapd/Calls.aspx,Blue,a tbd link,26,8
08/01/26, 8:18:49,10000 Ih 10 W,78288,Other Calls,Information,7150,PRUE,SAPD-2026-1044061,29.534178,-98.566256,1785633529000,http://www.sanantonio.gov/sapd/Calls.aspx,Blue,a tbd link,26,8
08/01/26, 1:16:51,8800 Braburn,78221,Other Calls,Disturbance,6250,SOUTH,SAPD-2026-1042524,29.337235,-98.500348,1785608211000,http://www.sanantonio.gov/sapd/Calls.aspx,Blue,a tbd link,26,8
08/01/26, 4:51:40,3100 W Martin St,78207,Property Crime Calls,Theft,2320,CENTRAL,SAPD-2026-1043301,29.432084,-98.52656,1785621100000,http://www.sanantonio.gov/sapd/Calls.aspx,Green,a tbd link,26,8
08/01/26, 8:18:09,300 Spriggsdale,78220,Other Calls,Disturbance,4160,EAST,SAPD-2026-1044050,29.417825,-98.439728,1785633489000,http://www.sanantonio.gov/sapd/Calls.aspx,Blue,a tbd link,26,8
08/01/26, 4:57:10,N Vandiver Dr / Ne Loop 410,78209,Traffic Calls,Minor Accident,3330,NORTH,SAPD-2026-1043319,29.515638,-98.442982,1785621430000,http://www.sanantonio.gov/sapd/Calls.aspx,Yellow,a tbd link,26,8
08/01/26,10:13:14 AM,N0 LOOP 410 EB,78209,Traffic Calls,Traffic Related,3330,NORTH,SAPD-2026-1041822,29.515945,-98.451418,1785597194000,http://www.sanantonio.gov/sapd/Calls.aspx,Yellow,a tbd link,26,8
08/01/26, 1:16:52,W Commerce St / S San Joaquin Ave,78237,Other Calls,Narcotic Laws,5130,WEST,SAPD-2026-1042525,29.43173,-98.563589,1785608212000,http://www.sanantonio.gov/sapd/Calls.aspx,Blue,a tbd link,26,8
08/01/26, 8:20:39,15900 Socorro Falls,78023,Other Calls,SAPD Non-Emergency Call,NOT SAPD BEX,SAPD OUTSIDE AREA,SAPD-2026-1044064,29.592684,-98.654564,1785633639000,http://www.sanantonio.gov/sapd/Calls.aspx,Blue,a tbd link,26,8
08/01/26, 4:54:54,7400 Tranquillo Way,78266,Other Calls,Disturbance Family,3260,NORTH,SAPD-2026-1043310,29.590754,-98.341341,1785621294000,http://www.sanantonio.gov/sapd/Calls.aspx,Blue,a tbd link,26,8
08/01/26,10:14:17 AM,1100 Blk Ih 10 W Sb,78207,Traffic Calls,Traffic Related,2310,CENTRAL,SAPD-2026-1041832,29.434276,-98.502987,1785597257000,http://www.sanantonio.gov/sapd/Calls.aspx,Yellow,a tbd link,26,8
08/01/26, 1:16:22,3100 HIAWATHA,78210,Other Calls,Patrol By,4210,EAST,SAPD-2026-1042521,29.384037,-98.437081,1785608182000,http://www.sanantonio.gov/sapd/Calls.aspx,Blue,a tbd link,26,8
08/01/26, 8:16:13,700 W Mayfield Blvd,78211,Crimes Against Person Calls,Threats,6130,SOUTH,SAPD-2026-1044048,29.362151,-98.535356,1785633373000,http://www.sanantonio.gov/sapd/Calls.aspx,Red,a tbd link,26,8
08/01/26, 4:56:49,2430-2898 Sw Loop 410 Nb,78227,Traffic Calls,Traffic Related,5170,WEST,SAPD-2026-1043316,29.406054,-98.649553,1785621409000,http://www.sanantonio.gov/sapd/Calls.aspx,Yellow,a tbd link,26,8
08/01/26,10:19:35 AM,4400 W Commerce St,78237,Other Calls,Disturbance,2360,CENTRAL,SAPD-2026-1041854,29.430304,-98.549163,1785597575000,http://www.sanantonio.gov/sapd/Calls.aspx,Blue,a tbd link,26,8
08/01/26, 1:16:41,U0 HWY 90 W ACCESS RD,78227,Traffic Calls,Traffic Related,5150,WEST,SAPD-2026-1042523,29.406644,-98.606695,1785608201000,http://www.sanantonio.gov/sapd/Calls.aspx,Yellow,a tbd link,26,8
08/01/26, 8:18:54,Ih 37 S Nb / Pecan Valley Dr,78223,Other Calls,Animal Related,4220,EAST,SAPD-2026-1044053,29.362501,-98.442535,1785633534000,http://www.sanantonio.gov/sapd/Calls.aspx,Blue,a tbd link,26,8
08/01/26, 4:55:00,200 Tomrob Dr,78220,Other Calls,Disturbance Family,4230,EAST,SAPD-2026-1043311,29.423978,-98.409539,1785621300000,http://www.sanantonio.gov/sapd/Calls.aspx,Blue,a tbd link,26,8
08/01/26,10:14:47 AM,7200 Wurzbach Rd,78229,Other Calls,Suspicious Person,7140,PRUE,SAPD-2026-1041831,29.502652,-98.584725,1785597287000,http://www.sanantonio.gov/sapd/Calls.aspx,Blue,a tbd link,26,8
08/01/26, 1:17:22,WB N LOOP 1604 W OFRP LOCKHILL-SELMA RD,78257,Traffic Calls,Traffic Related,7260,PRUE,SAPD-2026-1042528,29.60104,-98.559691,1785608242000,http://www.sanantonio.gov/sapd/Calls.aspx,Yellow,a tbd link,26,8
08/01/26, 8:20:09,17200 Fm 2252,78266,Other Calls,Suspicious Person,3260,NORTH,SAPD-2026-1044060,29.595539,-98.34256,1785633609000,http://www.sanantonio.gov/sapd/Calls.aspx,Blue,a tbd link,26,8
08/01/26,10:15:40 AM,12600 West Ave,78216,Property Crime Calls,Burglary Vehicle,3120,NORTH,SAPD-2026-1041833,29.555416,-98.499839,1785597340000,http://www.sanantonio.gov/sapd/Calls.aspx,Green,a tbd link,26,8
08/01/26, 1:18:36,300 Nw Loop 410,78216,Crimes Against Person Calls,Fight,3350,NORTH,SAPD-2026-1042529,29.522999,-98.497394,1785608316000,http://www.sanantonio.gov/sapd/Calls.aspx,Red,a tbd link,26,8
08/01/26, 8:18:38,400 E Young Ave,78214,Other Calls,Welfare Check,6210,SOUTH,SAPD-2026-1044052,29.375524,-98.492278,1785633518000,http://www.sanantonio.gov/sapd/Calls.aspx,Blue,a tbd link,26,8
08/01/26, 1:19:42,Melbury Forest / Montgomery Dr,78239,Traffic Calls,Traffic Related,4330,EAST,SAPD-2026-1042534,29.511524,-98.368051,1785608382000,http://www.sanantonio.gov/sapd/Calls.aspx,Yellow,a tbd link,26,8
08/01/26,10:14:20 AM,3500 J ST,78220,Other Calls,Patrol By,4210,EAST,SAPD-2026-1041828,29.404531,-98.430213,1785597260000,http://www.sanantonio.gov/sapd/Calls.aspx,Blue,a tbd link,26,8
08/01/26, 4:52:43,3200 NORTHWESTERN DR,78238,Other Calls,Patrol By,5310,WEST,SAPD-2026-1043305,29.465062,-98.625172,1785621163000,http://www.sanantonio.gov/sapd/Calls.aspx,Blue,a tbd link,26,8
08/01/26, 8:20:00,900 Gembler Rd,78219,Other Calls,Narcotic Laws,4310,EAST,SAPD-2026-1044058,29.433696,-98.417669,1785633600000,http://www.sanantonio.gov/sapd/Calls.aspx,Blue,a tbd link,26,8
08/01/26, 1:22:11,600 Embassy Oaks,78216,Traffic Calls,Accident Private Property,3120,NORTH,SAPD-2026-1042542,29.564598,-98.487966,1785608531000,http://www.sanantonio.gov/sapd/Calls.aspx,Yellow,a tbd link,26,8
08/01/26,10:14:27 AM,LOCKHILL-SELMA RD,78249,Traffic Calls,Traffic Related,7230,PRUE,SAPD-2026-1041829,29.593429,-98.577373,1785597267000,http://www.sanantonio.gov/sapd/Calls.aspx,Yellow,a tbd link,26,8
08/01/26, 4:57:31,Callaghan Rd / Culebra Rd,78238,Other Calls,Property Found,5250,WEST,SAPD-2026-1043325,29.448587,-98.602671,1785621451000,http://www.sanantonio.gov/sapd/Calls.aspx,Blue,a tbd link,26,8
08/01/26, 8:21:05,3400 E Southcross Blvd,78223,Crimes Against Person Calls,Threats,4210,EAST,SAPD-2026-1044067,29.378614,-98.429281,1785633665000,http://www.sanantonio.gov/sapd/Calls.aspx,Red,a tbd link,26,8
08/01/26, 1:21:20,12400 Ih 10 W,78230,Other Calls,Disturbance,7230,PRUE,SAPD-2026-1042535,29.556794,-98.58756,1785608480000,http://www.sanantonio.gov/sapd/Calls.aspx,Blue,a tbd link,26,8
08/01/26,10:17:03 AM,100 W Rampart,78216,Other Calls,Assist the Public,3320,NORTH,SAPD-2026-1041840,29.512894,-98.494387,1785597423000,http://www.sanantonio.gov/sapd/Calls.aspx,Blue,a tbd link,26,8
08/01/26, 4:57:08,Us Hwy 90 W / Sw Loop 410,78227,Traffic Calls,Traffic Related,6360,SOUTH,SAPD-2026-1043324,29.396961,-98.649759,1785621428000,http://www.sanantonio.gov/sapd/Calls.aspx,Yellow,a tbd link,26,8
08/01/26, 8:19:17,6500 MOSS OAK,78229,Crimes Against Person Calls,Assault In Progress,7110,PRUE,SAPD-2026-1044054,29.490442,-98.561747,1785633557000,http://www.sanantonio.gov/sapd/Calls.aspx,Red,a tbd link,26,8
08/01/26, 1:19:50,8000 Culebra Rd,78251,Property Crime Calls,Criminal Mischief,5320,WEST,SAPD-2026-1042532,29.465468,-98.646756,1785608390000,http://www.sanantonio.gov/sapd/Calls.aspx,Green,a tbd link,26,8
08/01/26,10:14:52 AM,2600-2898 N LOOP 1604 W EB,78248,Traffic Calls,Traffic Related,7240,PRUE,SAPD-2026-1041830,29.602222,-98.537272,1785597292000,http://www.sanantonio.gov/sapd/Calls.aspx,Yellow,a tbd link,26,8
08/01/26, 4:55:18,Culebra Commons / Shaenfield Rd,78250,Other Calls,Welfare Check,7360,PRUE,SAPD-2026-1043312,29.507934,-98.693613,1785621318000,http://www.sanantonio.gov/sapd/Calls.aspx,Blue,a tbd link,26,8
08/01/26, 8:20:04,3131-3199 E Houston St,78219,Traffic Calls,Major Accident,NOT SAPD BEX,SAPD OUTSIDE AREA,SAPD-2026-1044059,29.425031,-98.434935,1785633604000,http://www.sanantonio.gov/sapd/Calls.aspx,Yellow,a tbd link,26,8
08/01/26,10:16:57 AM,5700 Walzem Rd,78218,Other Calls,Visitation Violation,4330,EAST,SAPD-2026-1041841,29.509772,-98.372188,1785597417000,http://www.sanantonio.gov/sapd/Calls.aspx,Blue,a tbd link,26,8
08/01/26, 5:00:13,15900 Gino Park,78247,Crimes Against Person Calls,Suspicious Vehicle,3260,NORTH,SAPD-2026-1043339,29.585924,-98.381917,1785621613000,http://www.sanantonio.gov/sapd/Calls.aspx,Red,a tbd link,26,8
08/01/26, 8:23:54,300 E Cevallos St,78204,Other Calls,Assist the Public,1140,DOWNTOWN,SAPD-2026-1044076,29.408286,-98.497513,1785633834000,http://www.sanantonio.gov/sapd/Calls.aspx,Blue,a tbd link,26,8
08/01/26, 4:57:40,1100 S General Mcmullen,78237,Other Calls,Miscellaneous,5120,WEST,SAPD-2026-1043326,29.412438,-98.556432,1785621460000,http://www.sanantonio.gov/sapd/Calls.aspx,Blue,a tbd link,26,8
08/01/26, 1:19:52,U0 HWY 281 N NB,78260,Traffic Calls,Traffic Related,3150,NORTH,SAPD-2026-1042533,29.701852,-98.450879,1785608392000,http://www.sanantonio.gov/sapd/Calls.aspx,Yellow,a tbd link,26,8
08/01/26, 8:19:50,6400 S New Braunfels Ave,78223,Other Calls,Disturbance,6240,SOUTH,SAPD-2026-1044056,29.362363,-98.451414,1785633590000,http://www.sanantonio.gov/sapd/Calls.aspx,Blue,a tbd link,26,8
08/01/26, 5:01:47,400 Walton Ave,78225,Property Crime Calls,Burglary in Progress,6110,SOUTH,SAPD-2026-1043337,29.39337,-98.527776,1785621707000,http://www.sanantonio.gov/sapd/Calls.aspx,Green,a tbd link,26,8
08/01/26,10:17:45 AM,3600 Growdon Rd,78227,Other Calls,Assist the Public,6310,SOUTH,SAPD-2026-1041844,29.394029,-98.59443,1785597465000,http://www.sanantonio.gov/sapd/Calls.aspx,Blue,a tbd link,26,8
08/01/26, 1:20:43,U0 Hwy 90 W,78236,Property Crime Calls,Criminal Mischief In Progress,6360,SOUTH,SAPD-2026-1042536,29.402264,-98.623968,1785608443000,http://www.sanantonio.gov/sapd/Calls.aspx,Green,a tbd link,26,8
08/01/26, 8:20:23,7400 San Pedro Ave,78216,Other Calls,Disturbance,3320,NORTH,SAPD-2026-1044063,29.518333,-98.498056,1785633623000,http://www.sanantonio.gov/sapd/Calls.aspx,Blue,a tbd link,26,8
08/01/26, 5:02:57,1900 Larkspur,78213,Traffic Calls,Accident Private Property,3110,NORTH,SAPD-2026-1043342,29.546326,-98.523117,1785621777000,http://www.sanantonio.gov/sapd/Calls.aspx,Yellow,a tbd link,26,8
08/01/26,10:20:11 AM,3200 Tampico St,78207,Other Calls,Welfare Check,2350,CENTRAL,SAPD-2026-1041860,29.417032,-98.54464,1785597611000,http://www.sanantonio.gov/sapd/Calls.aspx,Blue,a tbd link,26,8
08/01/26, 1:25:08,Dolores Ave / Culebra Rd,78228,Other Calls,Disturbance,5250,WEST,SAPD-2026-1042557,29.449415,-98.580998,1785608708000,http://www.sanantonio.gov/sapd/Calls.aspx,Blue,a tbd link,26,8
08/01/26, 8:26:18,9100 Wind Crown,78239,Other Calls,Welfare Check,NOT SAPD BEX,SAPD OUTSIDE AREA,SAPD-2026-1044083,29.523048,-98.360176,1785633978000,http://www.sanantonio.gov/sapd/Calls.aspx,Blue,a tbd link,26,8
08/01/26, 5:00:35,500 Ogden St,78212,Other Calls,Assist the Public,1210,DOWNTOWN,SAPD-2026-1043329,29.443259,-98.493438,1785621635000,http://www.sanantonio.gov/sapd/Calls.aspx,Blue,a tbd link,26,8
08/01/26,10:16:35 AM,800 N OLIVE ST,78202,Other Calls,Patrol By,4110,EAST,SAPD-2026-1041836,29.429885,-98.47195,1785597395000,http://www.sanantonio.gov/sapd/Calls.aspx,Blue,a tbd link,26,8
08/01/26, 1:24:07,1100 W Elsmere Place,78201,Property Crime Calls,Burglary,2210,CENTRAL,SAPD-2026-1042550,29.462485,-98.512256,1785608647000,http://www.sanantonio.gov/sapd/Calls.aspx,Green,a tbd link,26,8
08/01/26, 8:24:58,1700 Sw Loop 410,78227,Other Calls,Disturbance,5340,WEST,SAPD-2026-1044075,29.416279,-98.649991,1785633898000,http://www.sanantonio.gov/sapd/Calls.aspx,Blue,a tbd link,26,8
08/01/26, 4:58:39,W Loop 1604 S / Us Hwy 90 W,78245,Traffic Calls,Minor Accident,5340,WEST,SAPD-2026-1043328,29.383884,-98.700659,1785621519000,http://www.sanantonio.gov/sapd/Calls.aspx,Yellow,a tbd link,26,8
08/01/26, 1:21:45,2000 N St Mary's St,78212,Traffic Calls,Minor Accident,1210,DOWNTOWN,SAPD-2026-1042539,29.44485,-98.48571,1785608505000,http://www.sanantonio.gov/sapd/Calls.aspx,Yellow,a tbd link,26,8
08/01/26, 8:23:12,Nw Loop 410 / Fredericksburg Rd,78229,Crimes Against Person Calls,Assault In Progress,7110,PRUE,SAPD-2026-1044071,29.494453,-98.554847,1785633792000,http://www.sanantonio.gov/sapd/Calls.aspx,Red,a tbd link,26,8
08/01/26, 5:01:07,100 Dot,78216,Other Calls,Assist the Public,3310,NORTH,SAPD-2026-1043333,29.497579,-98.497672,1785621667000,http://www.sanantonio.gov/sapd/Calls.aspx,Blue,a tbd link,26,8
08/01/26, 8:24:31,Pleasanton Rd / W Formosa Blvd,78221,Traffic Calls,Major Accident,6150,SOUTH,SAPD-2026-1044074,29.342574,-98.503866,1785633871000,http://www.sanantonio.gov/sapd/Calls.aspx,Yellow,a tbd link,26,8
08/01/26, 1:22:27,11700-11729 Rousseau,78251,Traffic Calls,Major Accident,5360,WEST,SAPD-2026-1042543,29.447855,-98.707377,1785608547000,http://www.sanantonio.gov/sapd/Calls.aspx,Yellow,a tbd link,26,8
08/01/26, 5:03:35,400 Kayton Ave,78210,Other Calls,Suspicious Person,4150,EAST,SAPD-2026-1043343,29.397415,-98.467215,1785621815000,http://www.sanantonio.gov/sapd/Calls.aspx,Blue,a tbd link,26,8
08/01/26,10:18:21 AM,100 Renner Dr,78201,Other Calls,Suspicious Person,5230,WEST,SAPD-2026-1041847,29.482615,-98.535111,1785597501000,http://www.sanantonio.gov/sapd/Calls.aspx,Blue,a tbd link,26,8
08/01/26, 8:25:40,Pleasanton Rd / E Petaluma Blvd,78221,Traffic Calls,Minor Accident,6250,SOUTH,SAPD-2026-1044082,29.339099,-98.50387,1785633940000,http://www.sanantonio.gov/sapd/Calls.aspx,Yellow,a tbd link,26,8
08/01/26, 1:21:43,Rousseau / Military Dr W,78251,Traffic Calls,Major Accident,5360,WEST,SAPD-2026-1042537,29.447934,-98.707377,1785608503000,http://www.sanantonio.gov/sapd/Calls.aspx,Yellow,a tbd link,26,8
08/01/26, 5:07:52,900 S San Manuel,78237,Other Calls,Information,5110,WEST,SAPD-2026-1043358,29.418571,-98.558526,1785622072000,http://www.sanantonio.gov/sapd/Calls.aspx,Blue,a tbd link,26,8
08/01/26,10:23:35 AM,8900 Rich Trace,78251,Other Calls,Miscellaneous,5350,WEST,SAPD-2026-1041891,29.449778,-98.658079,1785597815000,http://www.sanantonio.gov/sapd/Calls.aspx,Blue,a tbd link,26,8
08/01/26, 8:26:07,Lasses Blvd / Quig,78223,Traffic Calls,Traffic Violation,6240,SOUTH,SAPD-2026-1044080,29.355658,-98.445945,1785633967000,http://www.sanantonio.gov/sapd/Calls.aspx,Yellow,a tbd link,26,8
08/01/26, 1:24:37,10300 Ethan Allen Dr,78230,Other Calls,Information,7210,PRUE,SAPD-2026-1042552,29.541281,-98.547809,1785608677000,http://www.sanantonio.gov/sapd/Calls.aspx,Blue,a tbd link,26,8
08/01/26, 5:01:54,10800 Green Lake Dr,78223,Other Calls,SAPD Emergency Call,NOT SAPD BEX,SAPD OUTSIDE AREA,SAPD-2026-1043336,29.309765,-98.387306,1785621714000,http://www.sanantonio.gov/sapd/Calls.aspx,Blue,a tbd link,26,8
08/01/26,10:19:01 AM,16300 SAN PEDRO AVE,,Traffic Calls,Minor Accident,NOT SAPD BEX - 13,SAPD OUTSIDE AREA,SAPD-2026-1041848,29.592225,-98.474019,1785597541000,http://www.sanantonio.gov/sapd/Calls.aspx,Yellow,a tbd link,26,8
08/01/26, 8:26:10,9000 Dugas Dr,78251,Crimes Against Person Calls,Assault In Progress,5360,WEST,SAPD-2026-1044081,29.445383,-98.683792,1785633970000,http://www.sanantonio.gov/sapd/Calls.aspx,Red,a tbd link,26,8
08/01/26, 1:22:03,4547-4599 N LOOP 1604 W WB,78249,Traffic Calls,Traffic Related,7260,PRUE,SAPD-2026-1042541,29.594433,-98.575143,1785608523000,http://www.sanantonio.gov/sapd/Calls.aspx,Yellow,a tbd link,26,8
08/01/26, 5:00:33,1000 VOELCKER,78231,Other Calls,Patrol By,7240,PRUE,SAPD-2026-1043330,29.563409,-98.527922,1785621633000,http://www.sanantonio.gov/sapd/Calls.aspx,Blue,a tbd link,26,8
08/01/26,10:20:09 AM,8100 Mainland,78240,Other Calls,Miscellaneous,7320,PRUE,SAPD-2026-1041855,29.51713,-98.631578,1785597609000,http://www.sanantonio.gov/sapd/Calls.aspx,Blue,a tbd link,26,8
08/01/26, 1:22:42,Military Dr W / Rousseau,78251,Traffic Calls,Major Accident,5360,WEST,SAPD-2026-1042545,29.447934,-98.707377,1785608562000,http://www.sanantonio.gov/sapd/Calls.aspx,Yellow,a tbd link,26,8
08/01/26, 5:01:43,3200 NORTHWESTERN DR,78238,Other Calls,Patrol By,5310,WEST,SAPD-2026-1043335,29.465062,-98.625172,1785621703000,http://www.sanantonio.gov/sapd/Calls.aspx,Blue,a tbd link,26,8
08/01/26,10:20:16 AM,500 Country Ln,78209,Property Crime Calls,Burglary Vehicle,3330,NORTH,SAPD-2026-1041859,29.512777,-98.441834,1785597616000,http://www.sanantonio.gov/sapd/Calls.aspx,Green,a tbd link,26,8
08/01/26, 8:28:18,500 Wayside,78213,Other Calls,Welfare Check,2230,CENTRAL,SAPD-2026-1044088,29.502142,-98.540305,1785634098000,http://www.sanantonio.gov/sapd/Calls.aspx,Blue,a tbd link,26,8
08/01/26, 1:24:10,Military Dr W / Rousseau,78251,Traffic Calls,Minor Accident,5360,WEST,SAPD-2026-1042549,29.447934,-98.707377,1785608650000,http://www.sanantonio.gov/sapd/Calls.aspx,Yellow,a tbd link,26,8
08/01/26,10:19:29 AM,2100 E Houston St,78202,Property Crime Calls,Theft In Progress,4110,EAST,SAPD-2026-1041853,29.425476,-98.462083,1785597569000,http://www.sanantonio.gov/sapd/Calls.aspx,Green,a tbd link,26,8
08/01/26, 5:06:58,13900 Winding Hill,78217,Property Crime Calls,Theft,3240,NORTH,SAPD-2026-1043348,29.568619,-98.406805,1785622018000,http://www.sanantonio.gov/sapd/Calls.aspx,Green,a tbd link,26,8
08/01/26, 8:27:49,10300 Cedarbend Dr,78245,Other Calls,Disturbance,5360,WEST,SAPD-2026-1044085,29.432355,-98.68643,1785634069000,http://www.sanantonio.gov/sapd/Calls.aspx,Blue,a tbd link,26,8
08/01/26, 1:24:25,300 Nw Loop 410,78216,Crimes Against Person Calls,Assault In Progress,3350,NORTH,SAPD-2026-1042553,29.522999,-98.497394,1785608665000,http://www.sanantonio.gov/sapd/Calls.aspx,Red,a tbd link,26,8
08/01/26,10:19:19 AM,1219-1283 BANDERA RD,78228,Traffic Calls,Traffic Related,5220,WEST,SAPD-2026-1041850,29.463237,-98.562867,1785597559000,http://www.sanantonio.gov/sapd/Calls.aspx,Yellow,a tbd link,26,8
08/01/26, 5:06:22,S Brazos St / Saltillo St,78207,Other Calls,Welfare Check,2340,CENTRAL,SAPD-2026-1043346,29.40988,-98.515491,1785621982000,http://www.sanantonio.gov/sapd/Calls.aspx,Blue,a tbd link,26,8
08/01/26, 8:30:32,Classen Rd / Briarcrest Dr,78247,Traffic Calls,Traffic Violation,3240,NORTH,SAPD-2026-1044093,29.581218,-98.402961,1785634232000,http://www.sanantonio.gov/sapd/Calls.aspx,Yellow,a tbd link,26,8
08/01/26, 1:24:53,200 W Cheryl Dr,78228,Other Calls,Assist the Public,5220,WEST,SAPD-2026-1042559,29.460989,-98.563097,1785608693000,http://www.sanantonio.gov/sapd/Calls.aspx,Blue,a tbd link,26,8
08/01/26,10:22:07 AM,1200 Se Military Dr,78214,Traffic Calls,Minor Accident,6260,SOUTH,SAPD-2026-1041866,29.353143,-98.479461,1785597727000,http://www.sanantonio.gov/sapd/Calls.aspx,Yellow,a tbd link,26,8
08/01/26, 5:03:21,US HWY 90 W / SPRINGVALE DR,78227,Traffic Calls,Traffic Related,6360,SOUTH,SAPD-2026-1043341,29.398209,-98.644412,1785621801000,http://www.sanantonio.gov/sapd/Calls.aspx,Yellow,a tbd link,26,8
08/01/26, 8:28:13,Halm Blvd / Airport Blvd,78216,Other Calls,Assist the Public,3330,NORTH,SAPD-2026-1044087,29.518998,-98.477003,1785634093000,http://www.sanantonio.gov/sapd/Calls.aspx,Blue,a tbd link,26,8
08/01/26, 1:26:56,Judson Rd / Nacogdoches Rd,78233,Traffic Calls,Traffic Related,3260,NORTH,SAPD-2026-1042565,29.579739,-98.373013,1785608816000,http://www.sanantonio.gov/sapd/Calls.aspx,Yellow,a tbd link,26,8
08/01/26,10:21:20 AM,30 Ne Loop 410,78216-5822,Traffic Calls,DWI,3350,NORTH,SAPD-2026-1041865,29.521429,-98.490858,1785597680000,http://www.sanantonio.gov/sapd/Calls.aspx,Yellow,a tbd link,26,8
08/01/26, 5:08:01,700 Castroville Rd,78237,Property Crime Calls,Theft,5110,WEST,SAPD-2026-1043352,29.417868,-98.554327,1785622081000,http://www.sanantonio.gov/sapd/Calls.aspx,Green,a tbd link,26,8
08/01/26, 1:25:41,13600 Wycliff Rise,78231,Other Calls,Assist the Public,7240,PRUE,SAPD-2026-1042560,29.567596,-98.530864,1785608741000,http://www.sanantonio.gov/sapd/Calls.aspx,Blue,a tbd link,26,8
08/01/26,10:21:36 AM,7900 W Military Dr,78227,Other Calls,Welfare Check,5150,WEST,SAPD-2026-1041864,29.424483,-98.625388,1785597696000,http://www.sanantonio.gov/sapd/Calls.aspx,Blue,a tbd link,26,8
08/01/26, 5:08:22,800 Proton Rd,78258,Crimes Against Person Calls,Threats,3160,NORTH,SAPD-2026-1043354,29.611939,-98.482012,1785622102000,http://www.sanantonio.gov/sapd/Calls.aspx,Red,a tbd link,26,8
08/01/26, 8:32:23,5700 San Pedro Ave,78212,Other Calls,Patrol By,2210,CENTRAL,SAPD-2026-1044103,29.486241,-98.499277,1785634343000,http://www.sanantonio.gov/sapd/Calls.aspx,Blue,a tbd link,26,8
08/01/26, 1:23:00,Loop 1604 W Access Rd,78258,Other Calls,SAPD Emergency Call,3170,NORTH,SAPD-2026-1042546,29.608822,-98.522845,1785608580000,http://www.sanantonio.gov/sapd/Calls.aspx,Blue,a tbd link,26,8
08/01/26, 5:05:38,8419-8463 FREDERICKSBURG RD,78229,Traffic Calls,Traffic Related,7120,PRUE,SAPD-2026-1043344,29.518505,-98.57277,1785621938000,http://www.sanantonio.gov/sapd/Calls.aspx,Yellow,a tbd link,26,8
08/01/26, 8:29:03,3062-3200 Ih 10 E Eb,78220,Traffic Calls,Traffic Related,4210,EAST,SAPD-2026-1044090,29.407819,-98.437798,1785634143000,http://www.sanantonio.gov/sapd/Calls.aspx,Yellow,a tbd link,26,8
08/01/26,10:20:22 AM,4700-4898 US HWY 90 W EB,78237,Traffic Calls,Traffic Related,6310,SOUTH,SAPD-2026-1041858,29.407325,-98.58571,1785597622000,http://www.sanantonio.gov/sapd/Calls.aspx,Yellow,a tbd link,26,8
08/01/26, 1:26:06,1400 Patricia Dr,78213,Property Crime Calls,Theft of Vehicle,3110,NORTH,SAPD-2026-1042562,29.545823,-98.519581,1785608766000,http://www.sanantonio.gov/sapd/Calls.aspx,Green,a tbd link,26,8
08/01/26, 5:06:50,4700 Rittiman Rd,78218,Other Calls,Suspicious Person,4340,EAST,SAPD-2026-1043351,29.483792,-98.399389,1785622010000,http://www.sanantonio.gov/sapd/Calls.aspx,Blue,a tbd link,26,8
08/01/26, 8:30:19,6500 Fm 78,78244,Other Calls,Disturbance,4320,EAST,SAPD-2026-1044092,29.479505,-98.359414,1785634219000,http://www.sanantonio.gov/sapd/Calls.aspx,Blue,a tbd link,26,8
08/01/26,10:23:02 AM,18600 Salado Canyon,78258,Other Calls,Assist the Public,3170,NORTH,SAPD-2026-1041868,29.616786,-98.546476,1785597782000,http://www.sanantonio.gov/sapd/Calls.aspx,Blue,a tbd link,26,8
08/01/26, 1:24:26,Military Dr W / Rousseau,78251,Traffic Calls,Minor Accident,5360,WEST,SAPD-2026-1042551,29.447934,-98.707377,1785608666000,http://www.sanantonio.gov/sapd/Calls.aspx,Yellow,a tbd link,26,8
08/01/26, 5:12:37,7600 Ih 35 S,78224,Traffic Calls,Minor Accident,6130,SOUTH,SAPD-2026-1043380,29.353135,-98.529885,1785622357000,http://www.sanantonio.gov/sapd/Calls.aspx,Yellow,a tbd link,26,8
08/01/26, 8:30:15,600 Martin Luther King Dr,78203,Other Calls,Disturbance Family,4120,EAST,SAPD-2026-1044095,29.413307,-98.469698,1785634215000,http://www.sanantonio.gov/sapd/Calls.aspx,Blue,a tbd link,26,8
08/01/26,10:23:45 AM,5200 De Zavala Rd,78249,Traffic Calls,Minor Accident,7230,PRUE,SAPD-2026-1041872,29.563452,-98.590031,1785597825000,http://www.sanantonio.gov/sapd/Calls.aspx,Yellow,a tbd link,26,8
08/01/26, 1:25:07,9900 State Hwy 16 S,78224,Other Calls,Disturbance,6160,SOUTH,SAPD-2026-1042555,29.318842,-98.551341,1785608707000,http://www.sanantonio.gov/sapd/Calls.aspx,Blue,a tbd link,26,8
08/01/26, 5:13:48,400 Fair Ave,78210,Other Calls,Property Lost,6220,SOUTH,SAPD-2026-1043371,29.384443,-98.471261,1785622428000,http://www.sanantonio.gov/sapd/Calls.aspx,Blue,a tbd link,26,8
08/01/26, 8:32:28,100 Dartmouth St,78237,Other Calls,Patrol By,2360,CENTRAL,SAPD-2026-1044102,29.435548,-98.54468,1785634348000,http://www.sanantonio.gov/sapd/Calls.aspx,Blue,a tbd link,26,8
08/01/26, 1:27:37,200 Hallie Cv,78227,Other Calls,Miscellaneous,6360,SOUTH,SAPD-2026-1042567,29.361637,-98.639059,1785608857000,http://www.sanantonio.gov/sapd/Calls.aspx,Blue,a tbd link,26,8
08/01/26, 5:09:20,4000 Sherril Brook Dr,78228,Other Calls,Miscellaneous,5260,WEST,SAPD-2026-1043361,29.473075,-98.580681,1785622160000,http://www.sanantonio.gov/sapd/Calls.aspx,Blue,a tbd link,26,8
08/01/26, 8:29:01,Se Loop 410 Eb / Southton Rd,78223,Traffic Calls,Officer Traffic Stop,6280,SOUTH,SAPD-2026-1044089,29.323036,-98.432925,1785634141000,http://www.sanantonio.gov/sapd/Calls.aspx,Yellow,a tbd link,26,8
08/01/26, 5:07:29,W Poplar St / N Zarzamora St,78207,Crimes Against Person Calls,Fight,2320,CENTRAL,SAPD-2026-1043350,29.440723,-98.525431,1785622049000,http://www.sanantonio.gov/sapd/Calls.aspx,Red,a tbd link,26,8
08/01/26,10:24:30 AM,19100 Ridgewood Pkwy,78259,Other Calls,Information,3150,NORTH,SAPD-2026-1041874,29.616388,-98.459605,1785597870000,http://www.sanantonio.gov/sapd/Calls.aspx,Blue,a tbd link,26,8
08/01/26, 1:25:44,100 ALICIA,78228,Other Calls,Disturbance,5130,WEST,SAPD-2026-1042561,29.442871,-98.579718,1785608744000,http://www.sanantonio.gov/sapd/Calls.aspx,Blue,a tbd link,26,8
08/01/26, 8:32:10,3200 Nacogdoches Rd,78217,Other Calls,Disturbance,3360,NORTH,SAPD-2026-1044100,29.528124,-98.435589,1785634330000,http://www.sanantonio.gov/sapd/Calls.aspx,Blue,a tbd link,26,8
08/01/26, 5:06:47,1500 SALTILLO ST,78207,Other Calls,Patrol By,2350,CENTRAL,SAPD-2026-1043347,29.411808,-98.536423,1785622007000,http://www.sanantonio.gov/sapd/Calls.aspx,Blue,a tbd link,26,8
08/01/26,10:31:15 AM,5600 Walzem Rd,78218,Other Calls,Disturbance,4330,EAST,SAPD-2026-1041904,29.510295,-98.377063,1785598275000,http://www.sanantonio.gov/sapd/Calls.aspx,Blue,a tbd link,26,8
08/01/26, 1:26:41,8800 Village Dr,78217,Other Calls,Welfare Check,3370,NORTH,SAPD-2026-1042563,29.519292,-98.429958,1785608801000,http://www.sanantonio.gov/sapd/Calls.aspx,Blue,a tbd link,26,8
08/01/26, 8:32:21,2300 Yantis Ave,78237,Other Calls,Prowler,6310,SOUTH,SAPD-2026-1044101,29.403314,-98.554091,1785634341000,http://www.sanantonio.gov/sapd/Calls.aspx,Blue,a tbd link,26,8
08/01/26, 5:15:23,I0 10 E Access Rd,78154,Traffic Calls,Minor Accident,4310,EAST,SAPD-2026-1043377,29.477721,-98.254167,1785622523000,http://www.sanantonio.gov/sapd/Calls.aspx,Yellow,a tbd link,26,8
08/01/26,10:23:10 AM,7400 San Pedro Ave,78216,Traffic Calls,Minor Accident,3320,NORTH,SAPD-2026-1041869,29.519902,-98.496364,1785597790000,http://www.sanantonio.gov/sapd/Calls.aspx,Yellow,a tbd link,26,8
08/01/26, 1:26:44,9200 Culebra Rd,78251,Other Calls,Disturbance,7370,PRUE,SAPD-2026-1042564,29.482594,-98.667308,1785608804000,http://www.sanantonio.gov/sapd/Calls.aspx,Blue,a tbd link,26,8
08/01/26, 8:32:01,100 Yolanda,78228,Other Calls,Assist the Public,5130,WEST,SAPD-2026-1044099,29.442674,-98.578704,1785634321000,http://www.sanantonio.gov/sapd/Calls.aspx,Blue,a tbd link,26,8
08/01/26, 5:08:30,400 Sumner Dr,78209,Other Calls,Disturbance Loud Music,3340,NORTH,SAPD-2026-1043355,29.488081,-98.439988,1785622110000,http://www.sanantonio.gov/sapd/Calls.aspx,Blue,a tbd link,26,8
08/01/26,10:23:15 AM,8600 Wilma Jean Dr,78224,Property Crime Calls,Theft,6140,SOUTH,SAPD-2026-1041873,29.338824,-98.527012,1785597795000,http://www.sanantonio.gov/sapd/Calls.aspx,Green,a tbd link,26,8
08/01/26, 1:29:24,1200 Brighton Ave,78211,Other Calls,Information,6120,SOUTH,SAPD-2026-1042572,29.375399,-98.523847,1785608964000,http://www.sanantonio.gov/sapd/Calls.aspx,Blue,a tbd link,26,8
08/01/26, 8:31:40,6800 S Zarzamora St,78224,Other Calls,Disturbance,6130,SOUTH,SAPD-2026-1044098,29.360503,-98.533473,1785634300000,http://www.sanantonio.gov/sapd/Calls.aspx,Blue,a tbd link,26,8
08/01/26, 5:12:48,7900 W Loop 1604 N,78250,Other Calls,Suspicious Person,7360,PRUE,SAPD-2026-1043364,29.513811,-98.693966,1785622368000,http://www.sanantonio.gov/sapd/Calls.aspx,Blue,a tbd link,26,8
08/01/26, 1:27:39,5726-5798 Nw Loop 410,78238,Other Calls,Animal Related,5270,WEST,SAPD-2026-1042568,29.481257,-98.602944,1785608859000,http://www.sanantonio.gov/sapd/Calls.aspx,Blue,a tbd link,26,8
08/01/26, 8:34:01,10300 Manor Crk,78245,Crimes Against Person Calls,Threats,5360,WEST,SAPD-2026-1044110,29.427345,-98.696091,1785634441000,http://www.sanantonio.gov/sapd/Calls.aspx,Red,a tbd link,26,8
08/01/26, 5:09:02,1600 W Loop 1604 N,78251,Crimes Against Person Calls,Holdup Alarm In Progress,5360,WEST,SAPD-2026-1043359,29.449869,-98.712461,1785622142000,http://www.sanantonio.gov/sapd/Calls.aspx,Red,a tbd link,26,8
08/01/26, 8:34:07,4100 Terrell Trace,78211,Other Calls,Suspicious Person,6330,SOUTH,SAPD-2026-1044108,29.337514,-98.574654,1785634447000,http://www.sanantonio.gov/sapd/Calls.aspx,Blue,a tbd link,26,8
08/01/26, 1:30:27,13000 Jones Maltsberger Rd,78247,Property Crime Calls,Theft,3220,NORTH,SAPD-2026-1042578,29.559728,-98.459693,1785609027000,http://www.sanantonio.gov/sapd/Calls.aspx,Green,a tbd link,26,8
08/01/26, 5:11:15,900 S Ww White Rd,78220,Other Calls,Suspicious Person,4230,EAST,SAPD-2026-1043362,29.415393,-98.406275,1785622275000,http://www.sanantonio.gov/sapd/Calls.aspx,Blue,a tbd link,26,8
08/01/26,10:24:16 AM,2000 Catfish Pond,78224,Property Crime Calls,Theft,6160,SOUTH,SAPD-2026-1041875,29.310847,-98.540978,1785597856000,http://www.sanantonio.gov/sapd/Calls.aspx,Green,a tbd link,26,8
08/01/26, 8:33:17,16500 Nacogdoches Rd,78247,Other Calls,Disturbance,3260,NORTH,SAPD-2026-1044106,29.590247,-98.354951,1785634397000,http://www.sanantonio.gov/sapd/Calls.aspx,Blue,a tbd link,26,8
08/01/26, 1:27:21,7853-7999 IH 35 S SB,78224,Traffic Calls,Traffic Related,6330,SOUTH,SAPD-2026-1042566,29.34868,-98.538903,1785608841000,http://www.sanantonio.gov/sapd/Calls.aspx,Yellow,a tbd link,26,8
08/01/26, 5:09:13,19300 NW MILITARY HWY,78257,Other Calls,Patrol By,7260,PRUE,SAPD-2026-1043360,29.625894,-98.56941,1785622153000,http://www.sanantonio.gov/sapd/Calls.aspx,Blue,a tbd link,26,8
08/01/26,10:23:38 AM,8100 Blk Ih 35 N Sb,78218,Traffic Calls,Traffic Related,4360,EAST,SAPD-2026-1041871,29.509606,-98.398024,1785597818000,http://www.sanantonio.gov/sapd/Calls.aspx,Yellow,a tbd link,26,8
08/01/26, 8:34:16,3000 Fredericksburg Rd,78201,Other Calls,Disturbance,5230,WEST,SAPD-2026-1044109,29.470965,-98.532872,1785634456000,http://www.sanantonio.gov/sapd/Calls.aspx,Blue,a tbd link,26,8
08/01/26, 1:29:06,500 W Academy Ave,78226,Other Calls,Disturbance,6310,SOUTH,SAPD-2026-1042573,29.395411,-98.551391,1785608946000,http://www.sanantonio.gov/sapd/Calls.aspx,Blue,a tbd link,26,8
08/01/26, 5:14:49,6900 Brookport,78238,Crimes Against Person Calls,Assault In Progress,5310,WEST,SAPD-2026-1043374,29.48047,-98.625982,1785622489000,http://www.sanantonio.gov/sapd/Calls.aspx,Red,a tbd link,26,8
08/01/26,10:25:27 AM,4700 Nw Loop 410,78229,Crimes Against Person Calls,Lewd Conduct,7140,PRUE,SAPD-2026-1041879,29.49,-98.579722,1785597927000,http://www.sanantonio.gov/sapd/Calls.aspx,Red,a tbd link,26,8
08/01/26, 8:33:06,5100 Hillburn Dr,78242,Other Calls,Disturbance Family,6340,SOUTH,SAPD-2026-1044107,29.351181,-98.59725,1785634386000,http://www.sanantonio.gov/sapd/Calls.aspx,Blue,a tbd link,26,8
08/01/26, 1:32:03,300 Guanajuato,78237,Other Calls,Assist the Public,5120,WEST,SAPD-2026-1042581,29.406158,-98.562144,1785609123000,http://www.sanantonio.gov/sapd/Calls.aspx,Blue,a tbd link,26,8
08/01/26, 5:13:42,500 E Edmonds Ave,78214,Crimes Against Person Calls,Suspicious Vehicle,6210,SOUTH,SAPD-2026-1043372,29.376518,-98.489862,1785622422000,http://www.sanantonio.gov/sapd/Calls.aspx,Red,a tbd link,26,8
08/01/26,10:22:40 AM,I0 10 W NB,78230,Traffic Calls,Traffic Related,7210,PRUE,SAPD-2026-1041867,29.527793,-98.558481,1785597760000,http://www.sanantonio.gov/sapd/Calls.aspx,Yellow,a tbd link,26,8
08/01/26, 1:28:35,100 Beatrice Ave,78214,Property Crime Calls,Burglary Vehicle,6210,SOUTH,SAPD-2026-1042571,29.376742,-98.500656,1785608915000,http://www.sanantonio.gov/sapd/Calls.aspx,Green,a tbd link,26,8
08/01/26, 5:13:38,10100 Ih 10 E,78154,Other Calls,Suspicious Person,4310,EAST,SAPD-2026-1043367,29.466308,-98.2906,1785622418000,http://www.sanantonio.gov/sapd/Calls.aspx,Blue,a tbd link,26,8
08/01/26,10:24:00 AM,400 Fitch St,78214,Other Calls,Disturbance,6210,SOUTH,SAPD-2026-1041878,29.370764,-98.504631,1785597840000,http://www.sanantonio.gov/sapd/Calls.aspx,Blue,a tbd link,26,8
08/01/26, 1:29:58,Tezel Rd / Culebra Rd,78250,Other Calls,Disturbance,7330,PRUE,SAPD-2026-1042577,29.484456,-98.666404,1785608998000,http://www.sanantonio.gov/sapd/Calls.aspx,Blue,a tbd link,26,8
08/01/26, 8:35:48,17500 La Cantera Pkwy,78257,Traffic Calls,Accident Private Property,7260,PRUE,SAPD-2026-1044114,29.607315,-98.59869,1785634548000,http://www.sanantonio.gov/sapd/Calls.aspx,Yellow,a tbd link,26,8
08/01/26,10:23:23 AM,3500 MARTIN LUTHER KING DR,78220,Other Calls,Patrol By,4230,EAST,SAPD-2026-1041870,29.413733,-98.418833,1785597803000,http://www.sanantonio.gov/sapd/Calls.aspx,Blue,a tbd link,26,8
08/01/26, 5:15:06,3500 Crosspoint,78217,Other Calls,Miscellaneous,3360,NORTH,SAPD-2026-1043376,29.543595,-98.428736,1785622506000,http://www.sanantonio.gov/sapd/Calls.aspx,Blue,a tbd link,26,8
08/01/26, 1:28:33,U0 HWY 90 W EB,78237,Traffic Calls,Traffic Related,6310,SOUTH,SAPD-2026-1042570,29.404708,-98.5573,1785608913000,http://www.sanantonio.gov/sapd/Calls.aspx,Yellow,a tbd link,26,8
08/01/26, 8:36:04,5600-5699 Jasper Place,78223,Other Calls,SAPD Non-Emergency Call,NOT SAPD BEX,SAPD OUTSIDE AREA,SAPD-2026-1044115,29.319658,-98.379842,1785634564000,http://www.sanantonio.gov/sapd/Calls.aspx,Blue,a tbd link,26,8
08/01/26,10:25:49 AM,400 N New Braunfels Ave,78202,Other Calls,Assist the Public,4110,EAST,SAPD-2026-1041880,29.424676,-98.462785,1785597949000,http://www.sanantonio.gov/sapd/Calls.aspx,Blue,a tbd link,26,8
08/01/26, 5:13:55,7800 Woodchase Dr,78240,Other Calls,Disturbance,7320,PRUE,SAPD-2026-1043373,29.513402,-98.627505,1785622435000,http://www.sanantonio.gov/sapd/Calls.aspx,Blue,a tbd link,26,8
08/01/26, 1:30:05,300-314 N Frank Luke Dr,78226,Other Calls,Welfare Check,6310,SOUTH,SAPD-2026-1042576,29.392347,-98.575358,1785609005000,http://www.sanantonio.gov/sapd/Calls.aspx,Blue,a tbd link,26,8
08/01/26, 8:35:03,13600 O'connor Rd,78233,Crimes Against Person Calls,Assault In Progress,3250,NORTH,SAPD-2026-1044111,29.566446,-98.381689,1785634503000,http://www.sanantonio.gov/sapd/Calls.aspx,Red,a tbd link,26,8
08/01/26,10:26:30 AM,6000 Blanco Rd,78216,Other Calls,Disturbance Family,3310,NORTH,SAPD-2026-1041884,29.511221,-98.506327,1785597990000,http://www.sanantonio.gov/sapd/Calls.aspx,Blue,a tbd link,26,8
08/01/26, 5:13:48,6100 Lakefront,78222,Traffic Calls,Accident Private Property,4250,EAST,SAPD-2026-1043369,29.393123,-98.36859,1785622428000,http://www.sanantonio.gov/sapd/Calls.aspx,Yellow,a tbd link,26,8
08/01/26, 1:29:41,W0 N LOOP 1604 W OFRP HAUSMAN RD,78249,Traffic Calls,Traffic Related,7350,PRUE,SAPD-2026-1042574,29.575503,-98.647215,1785608981000,http://www.sanantonio.gov/sapd/Calls.aspx,Yellow,a tbd link,26,8
08/01/26, 8:39:07,8800 Sarasota Woods,78250,Other Calls,Disturbance Family,7330,PRUE,SAPD-2026-1044121,29.51105,-98.65688,1785634747000,http://www.sanantonio.gov/sapd/Calls.aspx,Blue,a tbd link,26,8
08/01/26,10:26:11 AM,6000 Blanco Rd,78216,Crimes Against Person Calls,Assault In Progress,3310,NORTH,SAPD-2026-1041881,29.511221,-98.506327,1785597971000,http://www.sanantonio.gov/sapd/Calls.aspx,Red,a tbd link,26,8
08/01/26, 5:14:51,4700 Rittiman Rd,78218,Other Calls,Miscellaneous,4340,EAST,SAPD-2026-1043375,29.48407,-98.398801,1785622491000,http://www.sanantonio.gov/sapd/Calls.aspx,Blue,a tbd link,26,8
08/01/26, 8:38:57,5600 Mai Kai Dr,78242,Crimes Against Person Calls,Threats,6350,SOUTH,SAPD-2026-1044120,29.369911,-98.604971,1785634737000,http://www.sanantonio.gov/sapd/Calls.aspx,Red,a tbd link,26,8
08/01/26,10:26:21 AM,14900 Nacogdoches Rd,78233,Other Calls,Welfare Check,3250,NORTH,SAPD-2026-1041883,29.574997,-98.375894,1785597981000,http://www.sanantonio.gov/sapd/Calls.aspx,Blue,a tbd link,26,8
08/01/26, 5:13:17,1200 Ne Loop 410 Eb,78209,Traffic Calls,Traffic Related,3330,NORTH,SAPD-2026-1043366,29.515945,-98.451845,1785622397000,http://www.sanantonio.gov/sapd/Calls.aspx,Yellow,a tbd link,26,8
08/01/26, 5:16:54,8700 Cinnamon Crk,78240,Other Calls,Miscellaneous,7150,PRUE,SAPD-2026-1043382,29.523941,-98.581907,1785622614000,http://www.sanantonio.gov/sapd/Calls.aspx,Blue,a tbd link,26,8
08/01/26, 8:40:07,100 W Rampart,78216,Other Calls,Disturbance,3320,NORTH,SAPD-2026-1044125,29.51339,-98.495271,1785634807000,http://www.sanantonio.gov/sapd/Calls.aspx,Blue,a tbd link,26,8
08/01/26, 1:33:30,9000 Guilbeau Rd,78250,Property Crime Calls,Panhandler,7320,PRUE,SAPD-2026-1042585,29.518069,-98.660928,1785609210000,http://www.sanantonio.gov/sapd/Calls.aspx,Green,a tbd link,26,8
08/01/26, 5:13:50,8600 Utopia Gardens,78223,Other Calls,SAPD Non-Emergency Call,NOT SAPD BEX,SAPD OUTSIDE AREA,SAPD-2026-1043370,29.336777,-98.392056,1785622430000,http://www.sanantonio.gov/sapd/Calls.aspx,Blue,a tbd link,26,8
08/01/26,10:28:23 AM,4300 Hyatt Place Dr,78230-3134,Property Crime Calls,Burglary Vehicle,7220,PRUE,SAPD-2026-1041894,29.538736,-98.567073,1785598103000,http://www.sanantonio.gov/sapd/Calls.aspx,Green,a tbd link,26,8
08/01/26, 8:37:10,7200 Calypso Dawn,78252,Other Calls,Disturbance Family,6360,SOUTH,SAPD-2026-1044118,29.354602,-98.638376,1785634630000,http://www.sanantonio.gov/sapd/Calls.aspx,Blue,a tbd link,26,8
08/01/26, 1:33:58,100 Alicia,78228,Other Calls,Disturbance Family,5130,WEST,SAPD-2026-1042587,29.442871,-98.579718,1785609238000,http://www.sanantonio.gov/sapd/Calls.aspx,Blue,a tbd link,26,8
08/01/26, 5:13:40,3500 Magic Dr,78229,Other Calls,SAPD Emergency Call,7110,PRUE,SAPD-2026-1043368,29.502956,-98.553021,1785622420000,http://www.sanantonio.gov/sapd/Calls.aspx,Blue,a tbd link,26,8
08/01/26,10:26:55 AM,1800 S Laredo St,78207,Traffic Calls,Minor Accident,2340,CENTRAL,SAPD-2026-1041886,29.411722,-98.511906,1785598015000,http://www.sanantonio.gov/sapd/Calls.aspx,Yellow,a tbd link,26,8
08/01/26, 8:36:50,4400 Bikini Dr,78218,Crimes Against Person Calls,Assault In Progress,4350,EAST,SAPD-2026-1044116,29.493186,-98.406434,1785634610000,http://www.sanantonio.gov/sapd/Calls.aspx,Red,a tbd link,26,8
08/01/26, 1:35:28,200 La Vaca St,78210,Property Crime Calls,Criminal Mischief,1110,DOWNTOWN,SAPD-2026-1042590,29.416603,-98.48643,1785609328000,http://www.sanantonio.gov/sapd/Calls.aspx,Green,a tbd link,26,8
08/01/26, 5:15:48,900 E Quincy St,78215,Crimes Against Person Calls,Assault In Progress,1130,DOWNTOWN,SAPD-2026-1043378,29.43936,-98.48613,1785622548000,http://www.sanantonio.gov/sapd/Calls.aspx,Red,a tbd link,26,8
08/01/26,10:28:05 AM,1700-2099 S Laredo St,78207,Traffic Calls,Minor Accident,2340,CENTRAL,SAPD-2026-1041890,29.411723,-98.511917,1785598085000,http://www.sanantonio.gov/sapd/Calls.aspx,Yellow,a tbd link,26,8
08/01/26, 8:45:40,500 Wimberly Blvd,78221,Other Calls,Visitation Violation,6250,SOUTH,SAPD-2026-1044141,29.328772,-98.494158,1785635140000,http://www.sanantonio.gov/sapd/Calls.aspx,Blue,a tbd link,26,8
08/01/26, 1:32:18,300 N FRANK LUKE DR,78241,Crimes Against Person Calls,Shooting In Progress,6310,SOUTH,SAPD-2026-1042582,29.392028,-98.575528,1785609138000,http://www.sanantonio.gov/sapd/Calls.aspx,Red,a tbd link,26,8
08/01/26, 5:17:42,5400 Havencrest Dr,78242,Other Calls,Disturbance,6350,SOUTH,SAPD-2026-1043388,29.365951,-98.601393,1785622662000,http://www.sanantonio.gov/sapd/Calls.aspx,Blue,a tbd link,26,8
08/01/26, 8:37:19,13900 O'connor Rd,78233,Crimes Against Person Calls,Assault In Progress,3210,NORTH,SAPD-2026-1044119,29.567589,-98.384305,1785634639000,http://www.sanantonio.gov/sapd/Calls.aspx,Red,a tbd link,26,8
08/01/26, 1:35:10,6400 Mccullough Ave,78212,Traffic Calls,Traffic Violation,1240,DOWNTOWN,SAPD-2026-1042589,29.487527,-98.491442,1785609310000,http://www.sanantonio.gov/sapd/Calls.aspx,Yellow,a tbd link,26,8
08/01/26, 5:17:41,N0 Loop 410 Eb,78238,Traffic Calls,Traffic Related,5260,WEST,SAPD-2026-1043387,29.484988,-98.593064,1785622661000,http://www.sanantonio.gov/sapd/Calls.aspx,Yellow,a tbd link,26,8
08/01/26, 1:41:21,9100 Bridlewood Ln,78240,Other Calls,Missing Person/Runaway,7150,PRUE,SAPD-2026-1042610,29.526819,-98.578487,1785609681000,http://www.sanantonio.gov/sapd/Calls.aspx,Blue,a tbd link,26,8
08/01/26, 8:40:36,2300 W Travis St,78207,Other Calls,Disturbance,2320,CENTRAL,SAPD-2026-1044128,29.429285,-98.519997,1785634836000,http://www.sanantonio.gov/sapd/Calls.aspx,Blue,a tbd link,26,8
08/01/26, 5:17:35,1600 Madrid,78237,Traffic Calls,Minor Accident,5120,WEST,SAPD-2026-1043386,29.413781,-98.561652,1785622655000,http://www.sanantonio.gov/sapd/Calls.aspx,Yellow,a tbd link,26,8
08/01/26,10:29:36 AM,300 Mayberry Ave,78228,Other Calls,Disturbance,5130,WEST,SAPD-2026-1041897,29.440529,-98.567435,1785598176000,http://www.sanantonio.gov/sapd/Calls.aspx,Blue,a tbd link,26,8
08/01/26, 1:35:47,W Hausman Rd / Jv Bacon Pkwy,78249,Other Calls,Animal Related,7250,PRUE,SAPD-2026-1042591,29.572366,-98.617296,1785609347000,http://www.sanantonio.gov/sapd/Calls.aspx,Blue,a tbd link,26,8
08/01/26, 8:39:56,9501-9515 Westover Hills Blvd,78251,Traffic Calls,Major Accident,5350,WEST,SAPD-2026-1044123,29.473602,-98.671459,1785634796000,http://www.sanantonio.gov/sapd/Calls.aspx,Yellow,a tbd link,26,8
08/01/26, 5:17:24,5100 N Loop 1604 E,78247,Other Calls,Animal Related,3260,NORTH,SAPD-2026-1043389,29.601407,-98.390606,1785622644000,http://www.sanantonio.gov/sapd/Calls.aspx,Blue,a tbd link,26,8
08/01/26,10:27:28 AM,1500 Bandera Rd,78228,Other Calls,Assist the Public,5220,WEST,SAPD-2026-1041885,29.469211,-98.569517,1785598048000,http://www.sanantonio.gov/sapd/Calls.aspx,Blue,a tbd link,26,8
08/01/26, 1:37:30,300 W Cheryl Dr,78228,Other Calls,Disturbance,5220,WEST,SAPD-2026-1042597,29.462384,-98.567458,1785609450000,http://www.sanantonio.gov/sapd/Calls.aspx,Blue,a tbd link,26,8
08/01/26, 8:39:58,7300 N Loop 1604 W,78249,Crimes Against Person Calls,Holdup Alarm In Progress,7250,PRUE,SAPD-2026-1044124,29.587536,-98.63267,1785634798000,http://www.sanantonio.gov/sapd/Calls.aspx,Red,a tbd link,26,8
08/01/26, 5:19:00,7900 Mockingbird Ln,78229,Other Calls,Disturbance,7110,PRUE,SAPD-2026-1043395,29.510775,-98.557222,1785622740000,http://www.sanantonio.gov/sapd/Calls.aspx,Blue,a tbd link,26,8
08/01/26,10:27:40 AM,1400 S ELLISON DR,78245,Other Calls,Patrol By,5360,WEST,SAPD-2026-1041887,29.419738,-98.678525,1785598060000,http://www.sanantonio.gov/sapd/Calls.aspx,Blue,a tbd link,26,8
08/01/26, 1:37:09,Sunset Valley Dr / Cool Valley Dr,78242,Traffic Calls,Traffic Related,6350,SOUTH,SAPD-2026-1042594,29.360359,-98.604063,1785609429000,http://www.sanantonio.gov/sapd/Calls.aspx,Yellow,a tbd link,26,8
08/01/26, 8:43:36,400 K St,78220,Other Calls,Disturbance,4210,EAST,SAPD-2026-1044132,29.403482,-98.440648,1785635016000,http://www.sanantonio.gov/sapd/Calls.aspx,Blue,a tbd link,26,8
08/01/26, 5:18:20,1300 Sw Loop 410,78227,Other Calls,Suspicious Person,5330,WEST,SAPD-2026-1043393,29.422013,-98.649952,1785622700000,http://www.sanantonio.gov/sapd/Calls.aspx,Blue,a tbd link,26,8
08/01/26,10:29:25 AM,7100 San Pedro Ave,78216,Other Calls,Miscellaneous,3320,NORTH,SAPD-2026-1041898,29.512821,-98.497997,1785598165000,http://www.sanantonio.gov/sapd/Calls.aspx,Blue,a tbd link,26,8
08/01/26, 8:44:14,6900 Cutting Crk,78244,Other Calls,Welfare Check,4320,EAST,SAPD-2026-1044136,29.488842,-98.353162,1785635054000,http://www.sanantonio.gov/sapd/Calls.aspx,Blue,a tbd link,26,8
08/01/26, 5:18:20,4000 Horizon Hill Blvd,78229,Traffic Calls,Traffic Related,7110,PRUE,SAPD-2026-1043391,29.51161,-98.557022,1785622700000,http://www.sanantonio.gov/sapd/Calls.aspx,Yellow,a tbd link,26,8
08/01/26,10:27:54 AM,LOOP 1604 W SB,78249,Traffic Calls,Traffic Related,7250,PRUE,SAPD-2026-1041889,29.590683,-98.600594,1785598074000,http://www.sanantonio.gov/sapd/Calls.aspx,Yellow,a tbd link,26,8
08/01/26, 1:38:08,10600 Blk Ih 35 N Sb,78233,Traffic Calls,Traffic Related,3230,NORTH,SAPD-2026-1042598,29.536072,-98.386147,1785609488000,http://www.sanantonio.gov/sapd/Calls.aspx,Yellow,a tbd link,26,8
08/01/26, 8:42:05,7600-7798 Us Hwy 281 N Nb,78216,Traffic Calls,Traffic Related,3330,NORTH,SAPD-2026-1044130,29.504001,-98.479821,1785634925000,http://www.sanantonio.gov/sapd/Calls.aspx,Yellow,a tbd link,26,8
08/01/26,10:29:44 AM,200 Alamo Plaza,78205,Other Calls,Disturbance Loud Music,1110,DOWNTOWN,SAPD-2026-1041899,29.424559,-98.48673,1785598184000,http://www.sanantonio.gov/sapd/Calls.aspx,Blue,a tbd link,26,8
08/01/26, 5:17:24,100 Bailey Ave,78210,Other Calls,Patrol By,4150,EAST,SAPD-2026-1043385,29.394135,-98.472895,1785622644000,http://www.sanantonio.gov/sapd/Calls.aspx,Blue,a tbd link,26,8
08/01/26, 1:37:25,2500 Pleasanton Rd,78221,Crimes Against Person Calls,Holdup Alarm In Progress,6250,SOUTH,SAPD-2026-1042595,29.354529,-98.50389,1785609445000,http://www.sanantonio.gov/sapd/Calls.aspx,Red,a tbd link,26,8
08/01/26, 8:43:49,16500 Nacogdoches Rd,78247,Other Calls,Disturbance,3260,NORTH,SAPD-2026-1044133,29.591469,-98.35543,1785635029000,http://www.sanantonio.gov/sapd/Calls.aspx,Blue,a tbd link,26,8
08/01/26,10:29:17 AM,100 Spaatz St,78211,Other Calls,Ordinance Violation,6140,SOUTH,SAPD-2026-1041906,29.331616,-98.552724,1785598157000,http://www.sanantonio.gov/sapd/Calls.aspx,Blue,a tbd link,26,8
08/01/26, 5:18:42,10200 Tausch Dr,78254,Traffic Calls,Minor Accident,7360,PRUE,SAPD-2026-1043394,29.522934,-98.693511,1785622722000,http://www.sanantonio.gov/sapd/Calls.aspx,Yellow,a tbd link,26,8
08/01/26, 1:37:28,100 Sw Military Dr,78214,Traffic Calls,Minor Accident,6230,SOUTH,SAPD-2026-1042596,29.357185,-98.491759,1785609448000,http://www.sanantonio.gov/sapd/Calls.aspx,Yellow,a tbd link,26,8
08/01/26, 8:42:17,8500 RIVERFRONT PKWY,78223,Other Calls,Patrol By,6270,SOUTH,SAPD-2026-1044129,29.342566,-98.458265,1785634937000,http://www.sanantonio.gov/sapd/Calls.aspx,Blue,a tbd link,26,8
08/01/26,10:29:23 AM,515-1067 US HWY 90 W WB,78204,Traffic Calls,Traffic Related,2340,CENTRAL,SAPD-2026-1041896,29.396864,-98.522843,1785598163000,http://www.sanantonio.gov/sapd/Calls.aspx,Yellow,a tbd link,26,8
08/01/26, 5:17:24,2400 W JETT RD,78264,Other Calls,Patrol By,6160,SOUTH,SAPD-2026-1043383,29.245933,-98.551878,1785622644000,http://www.sanantonio.gov/sapd/Calls.aspx,Blue,a tbd link,26,8
08/01/26, 1:40:00,W Hildebrand Ave / Aganier Ave,78212,Crimes Against Person Calls,Disturbance (Gun Involved),2210,CENTRAL,SAPD-2026-1042601,29.466453,-98.506097,1785609600000,http://www.sanantonio.gov/sapd/Calls.aspx,Red,a tbd link,26,8
08/01/26, 8:50:02,11700 Culebra Rd,78253,Other Calls,SAPD Non-Emergency Call,NOT SAPD BEX,SAPD OUTSIDE AREA,SAPD-2026-1044157,29.500683,-98.724733,1785635402000,http://www.sanantonio.gov/sapd/Calls.aspx,Blue,a tbd link,26,8
08/01/26,10:34:16 AM,500 E Palfrey Ave,78223,Crimes Against Person Calls,Threats,4260,EAST,SAPD-2026-1041910,29.364669,-98.426733,1785598456000,http://www.sanantonio.gov/sapd/Calls.aspx,Red,a tbd link,26,8
08/01/26, 5:19:13,300 E Cevallos St,78204,Other Calls,Disturbance,1140,DOWNTOWN,SAPD-2026-1043397,29.408286,-98.497513,1785622753000,http://www.sanantonio.gov/sapd/Calls.aspx,Blue,a tbd link,26,8
08/01/26, 8:47:49,500 S Frio St,78207,Other Calls,Miscellaneous,2370,CENTRAL,SAPD-2026-1044148,29.421551,-98.504866,1785635269000,http://www.sanantonio.gov/sapd/Calls.aspx,Blue,a tbd link,26,8
08/01/26,10:32:20 AM,18200 Blanco Rd,78258,Other Calls,Disturbance,3170,NORTH,SAPD-2026-1041907,29.610252,-98.507886,1785598340000,http://www.sanantonio.gov/sapd/Calls.aspx,Blue,a tbd link,26,8
08/01/26, 5:23:46,10100 Galesburg,78250,Other Calls,Assist the Public,7370,PRUE,SAPD-2026-1043414,29.509208,-98.688832,1785623026000,http://www.sanantonio.gov/sapd/Calls.aspx,Blue,a tbd link,26,8
08/01/26, 8:46:18,200 W Broadview Dr,78228,Other Calls,Disturbance Loud Music,5260,WEST,SAPD-2026-1044144,29.470138,-98.578181,1785635178000,http://www.sanantonio.gov/sapd/Calls.aspx,Blue,a tbd link,26,8
08/01/26, 5:22:01,4600 E Loop 1604 N,78109,Traffic Calls,Accident Private Property,4310,EAST,SAPD-2026-1043401,29.470902,-98.295703,1785622921000,http://www.sanantonio.gov/sapd/Calls.aspx,Yellow,a tbd link,26,8
08/01/26,10:33:15 AM,3300 Research Plaza,78235,Other Calls,Assist the Public,6270,SOUTH,SAPD-2026-1041911,29.345328,-98.438158,1785598395000,http://www.sanantonio.gov/sapd/Calls.aspx,Blue,a tbd link,26,8
08/01/26, 8:49:22,14800 Vance Jackson,78249,Other Calls,Disturbance Family,7230,PRUE,SAPD-2026-1044160,29.584331,-98.58555,1785635362000,http://www.sanantonio.gov/sapd/Calls.aspx,Blue,a tbd link,26,8
08/01/26, 5:21:45,400 Natalen Ave,78209,Other Calls,Narcotic Laws,1230,DOWNTOWN,SAPD-2026-1043400,29.456011,-98.461433,1785622905000,http://www.sanantonio.gov/sapd/Calls.aspx,Blue,a tbd link,26,8
08/01/26, 1:39:21,20700 Us Hwy 281 N,78258,Property Crime Calls,Panhandler,3150,NORTH,SAPD-2026-1042599,29.633964,-98.455419,1785609561000,http://www.sanantonio.gov/sapd/Calls.aspx,Green,a tbd link,26,8
08/01/26,10:30:19 AM,4500 S ZARZAMORA ST,78211,Other Calls,Patrol By,6120,SOUTH,SAPD-2026-1041901,29.381278,-98.533703,1785598219000,http://www.sanantonio.gov/sapd/Calls.aspx,Blue,a tbd link,26,8
08/01/26, 8:44:45,200-229 Kendalia Ave,78214,Other Calls,Disturbance,6230,SOUTH,SAPD-2026-1044138,29.360483,-98.49737,1785635085000,http://www.sanantonio.gov/sapd/Calls.aspx,Blue,a tbd link,26,8
08/01/26, 5:22:31,12400 Ih 10 W,78230,Other Calls,Disturbance,7230,PRUE,SAPD-2026-1043405,29.556794,-98.58756,1785622951000,http://www.sanantonio.gov/sapd/Calls.aspx,Blue,a tbd link,26,8
08/01/26, 1:42:49,100 Roesler,78220,Other Calls,Welfare Check,4230,EAST,SAPD-2026-1042612,29.402949,-98.413276,1785609769000,http://www.sanantonio.gov/sapd/Calls.aspx,Blue,a tbd link,26,8
08/01/26,10:32:02 AM,I0 10 W NB,78249,Traffic Calls,Traffic Related,7230,PRUE,SAPD-2026-1041905,29.585829,-98.597603,1785598322000,http://www.sanantonio.gov/sapd/Calls.aspx,Yellow,a tbd link,26,8
08/01/26, 8:44:04,700-798 N SANTA ROSA,78207,Other Calls,Patrol By,1130,DOWNTOWN,SAPD-2026-1044134,29.431654,-98.4987,1785635044000,http://www.sanantonio.gov/sapd/Calls.aspx,Blue,a tbd link,26,8
08/01/26, 5:24:29,2000 S ZARZAMORA ST,78207,Other Calls,Disturbance,2340,CENTRAL,SAPD-2026-1043413,29.405793,-98.530169,1785623069000,http://www.sanantonio.gov/sapd/Calls.aspx,Blue,a tbd link,26,8
08/01/26, 1:39:42,11400 Culebra Rd,78253,Traffic Calls,Major Accident,NOT SAPD BEX,SAPD OUTSIDE AREA,SAPD-2026-1042606,29.498672,-98.71745,1785609582000,http://www.sanantonio.gov/sapd/Calls.aspx,Yellow,a tbd link,26,8
08/01/26,10:34:58 AM,State Hwy 151 Sb / Military Dr W,78251,Traffic Calls,Traffic Related,5360,WEST,SAPD-2026-1041914,29.450134,-98.685023,1785598498000,http://www.sanantonio.gov/sapd/Calls.aspx,Yellow,a tbd link,26,8
08/01/26, 8:45:37,200 W Dickson Ave,78214,Other Calls,Disturbance,6230,SOUTH,SAPD-2026-1044140,29.359172,-98.49807,1785635137000,http://www.sanantonio.gov/sapd/Calls.aspx,Blue,a tbd link,26,8
08/01/26, 1:40:26,20 Blk Ne Loop 410 Wb,78216,Traffic Calls,Traffic Related,3350,NORTH,SAPD-2026-1042603,29.520576,-98.492735,1785609626000,http://www.sanantonio.gov/sapd/Calls.aspx,Yellow,a tbd link,26,8
08/01/26,10:36:33 AM,3700 Medical Dr,78229,Other Calls,Welfare Check,7120,PRUE,SAPD-2026-1041923,29.522341,-98.560006,1785598593000,http://www.sanantonio.gov/sapd/Calls.aspx,Blue,a tbd link,26,8
08/01/26, 8:48:18,500 Aaron Place,78221,Other Calls,Disturbance Family,6150,SOUTH,SAPD-2026-1044150,29.349657,-98.511215,1785635298000,http://www.sanantonio.gov/sapd/Calls.aspx,Blue,a tbd link,26,8
08/01/26,10:34:15 AM,W0 N LP 1604W  OFRP RR,78258,Traffic Calls,Traffic Related,3170,NORTH,SAPD-2026-1041909,29.606729,-98.527889,1785598455000,http://www.sanantonio.gov/sapd/Calls.aspx,Yellow,a tbd link,26,8
08/01/26, 5:22:15,13000 Jones Maltsberger Rd,78247,Other Calls,Property Found,3220,NORTH,SAPD-2026-1043422,29.559728,-98.459693,1785622935000,http://www.sanantonio.gov/sapd/Calls.aspx,Blue,a tbd link,26,8
08/01/26, 1:41:41,9500 Southton Rd,78223,Other Calls,Welfare Check,6270,SOUTH,SAPD-2026-1042605,29.324629,-98.432936,1785609701000,http://www.sanantonio.gov/sapd/Calls.aspx,Blue,a tbd link,26,8
08/01/26,10:36:22 AM,11400 Blk Ih 35 S Sb,78073,Traffic Calls,Traffic Related,6160,SOUTH,SAPD-2026-1041921,29.308022,-98.618657,1785598582000,http://www.sanantonio.gov/sapd/Calls.aspx,Yellow,a tbd link,26,8
08/01/26, 8:48:50,9000 Dugas Dr,78251,Other Calls,Disturbance,5360,WEST,SAPD-2026-1044153,29.445383,-98.683792,1785635330000,http://www.sanantonio.gov/sapd/Calls.aspx,Blue,a tbd link,26,8
08/01/26, 5:24:18,10100 Galesburg,78250,Crimes Against Person Calls,Disturbance Family Gun Involved,7370,PRUE,SAPD-2026-1043411,29.509208,-98.688832,1785623058000,http://www.sanantonio.gov/sapd/Calls.aspx,Red,a tbd link,26,8
08/01/26, 1:39:53,LOOP 1604 W,78256,Traffic Calls,Traffic Related,7250,PRUE,SAPD-2026-1042600,29.588696,-98.614239,1785609593000,http://www.sanantonio.gov/sapd/Calls.aspx,Yellow,a tbd link,26,8
08/01/26,10:36:13 AM,Us Hwy 90 W Wb / Nogalitos St,78225,Traffic Calls,Major Accident,2340,CENTRAL,SAPD-2026-1041920,29.396257,-98.515403,1785598573000,http://www.sanantonio.gov/sapd/Calls.aspx,Yellow,a tbd link,26,8
08/01/26, 8:46:39,200 W Dickson Ave,78214,Crimes Against Person Calls,Assault In Progress,6230,SOUTH,SAPD-2026-1044145,29.359172,-98.49807,1785635199000,http://www.sanantonio.gov/sapd/Calls.aspx,Red,a tbd link,26,8
08/01/26, 5:23:47,400 Santos St,78210,Crimes Against Person Calls,Assault In Progress,1110,DOWNTOWN,SAPD-2026-1043409,29.414639,-98.482825,1785623027000,http://www.sanantonio.gov/sapd/Calls.aspx,Red,a tbd link,26,8
08/01/26, 1:42:28,18900 Redland Rd,78259,Other Calls,Disturbance,3150,NORTH,SAPD-2026-1042613,29.615026,-98.458367,1785609748000,http://www.sanantonio.gov/sapd/Calls.aspx,Blue,a tbd link,26,8
08/01/26,10:35:24 AM,515-1067 Us Hwy 90 W Wb,78225,Traffic Calls,Major Accident,2340,CENTRAL,SAPD-2026-1041915,29.396959,-98.524005,1785598524000,http://www.sanantonio.gov/sapd/Calls.aspx,Yellow,a tbd link,26,8
08/01/26, 8:46:22,11900 FLYING ACES RD,78073,Crimes Against Person Calls,Fight,6160,SOUTH,SAPD-2026-1044143,29.30467,-98.61796,1785635182000,http://www.sanantonio.gov/sapd/Calls.aspx,Red,a tbd link,26,8
08/01/26, 5:25:35,600 J ST,78220,Other Calls,Disturbance Neighbor,4210,EAST,SAPD-2026-1043416,29.40447,-98.440038,1785623135000,http://www.sanantonio.gov/sapd/Calls.aspx,Blue,a tbd link,26,8
08/01/26, 1:43:04,14600 Huebner Rd,78230,Other Calls,Welfare Check,7220,PRUE,SAPD-2026-1042615,29.573234,-98.546252,1785609784000,http://www.sanantonio.gov/sapd/Calls.aspx,Blue,a tbd link,26,8
08/01/26,10:35:12 AM,400 Harriman Place,78204,Traffic Calls,Major Accident,2340,CENTRAL,SAPD-2026-1041924,29.397327,-98.524294,1785598512000,http://www.sanantonio.gov/sapd/Calls.aspx,Yellow,a tbd link,26,8
08/01/26, 5:23:19,400 Santos St,78210,Crimes Against Person Calls,Assault In Progress,1110,DOWNTOWN,SAPD-2026-1043408,29.414639,-98.482825,1785622999000,http://www.sanantonio.gov/sapd/Calls.aspx,Red,a tbd link,26,8
08/01/26, 1:42:20,100 Alicia,78228,Other Calls,Disturbance,5130,WEST,SAPD-2026-1042608,29.442871,-98.579718,1785609740000,http://www.sanantonio.gov/sapd/Calls.aspx,Blue,a tbd link,26,8
08/01/26,10:35:41 AM,515-1067 Us Hwy 90 W Wb,78225,Traffic Calls,Major Accident,2340,CENTRAL,SAPD-2026-1041918,29.397048,-98.524875,1785598541000,http://www.sanantonio.gov/sapd/Calls.aspx,Yellow,a tbd link,26,8
08/01/26, 1:42:22,500 Cupples Rd,78237,Other Calls,Patrol By,2350,CENTRAL,SAPD-2026-1042607,29.410223,-98.547608,1785609742000,http://www.sanantonio.gov/sapd/Calls.aspx,Blue,a tbd link,26,8
08/01/26,10:35:00 AM,W0 N LOOP 1604 W OFRP CHASE HILL BLVD,78249,Traffic Calls,Traffic Related,7250,PRUE,SAPD-2026-1041913,29.587108,-98.633203,1785598500000,http://www.sanantonio.gov/sapd/Calls.aspx,Yellow,a tbd link,26,8
08/01/26, 5:26:38,500 S Acme Rd,78237,Other Calls,Welfare Check,5140,WEST,SAPD-2026-1043419,29.426881,-98.588436,1785623198000,http://www.sanantonio.gov/sapd/Calls.aspx,Blue,a tbd link,26,8
08/01/26, 8:47:01,400 S Hackberry St,78203,Other Calls,Disturbance Loud Music,4120,EAST,SAPD-2026-1044147,29.416453,-98.473258,1785635221000,http://www.sanantonio.gov/sapd/Calls.aspx,Blue,a tbd link,26,8
08/01/26, 1:42:24,600 Sw 19th St,78207,Traffic Calls,Traffic Violation,2350,CENTRAL,SAPD-2026-1042609,29.423452,-98.536303,1785609744000,http://www.sanantonio.gov/sapd/Calls.aspx,Yellow,a tbd link,26,8
08/01/26,10:37:03 AM,9200 Vista West Dr,78245,Traffic Calls,Accident Private Property,5330,WEST,SAPD-2026-1041926,29.438745,-98.664958,1785598623000,http://www.sanantonio.gov/sapd/Calls.aspx,Yellow,a tbd link,26,8
08/01/26, 5:27:49,E Euclid Ave / Atlanta Ave,78212,Traffic Calls,Traffic Violation,1210,DOWNTOWN,SAPD-2026-1043426,29.440576,-98.488487,1785623269000,http://www.sanantonio.gov/sapd/Calls.aspx,Yellow,a tbd link,26,8
08/01/26, 8:49:35,12600 Blanco Rd,78231,Traffic Calls,Traffic Related,3110,NORTH,SAPD-2026-1044156,29.555861,-98.518537,1785635375000,http://www.sanantonio.gov/sapd/Calls.aspx,Yellow,a tbd link,26,8
08/01/26, 1:45:11,500 Glendale Ave,78237,Property Crime Calls,Theft of Vehicle,5140,WEST,SAPD-2026-1042617,29.425557,-98.582805,1785609911000,http://www.sanantonio.gov/sapd/Calls.aspx,Green,a tbd link,26,8
08/01/26,10:38:21 AM,Ih 35 N Sb / Eisenhauer Rd,78218,Traffic Calls,Minor Accident,4330,EAST,SAPD-2026-1041931,29.49654,-98.400725,1785598701000,http://www.sanantonio.gov/sapd/Calls.aspx,Yellow,a tbd link,26,8
08/01/26, 5:28:39,5700 Deertail Crk,78251,Crimes Against Person Calls,Assault,5350,WEST,SAPD-2026-1043437,29.487527,-98.68106,1785623319000,http://www.sanantonio.gov/sapd/Calls.aspx,Red,a tbd link,26,8
08/01/26, 8:48:57,3800 Parkdale Dr,78229,Crimes Against Person Calls,Suspicious Person with Gun,7120,PRUE,SAPD-2026-1044154,29.525572,-98.562537,1785635337000,http://www.sanantonio.gov/sapd/Calls.aspx,Red,a tbd link,26,8
08/01/26, 1:45:50,5100 S Flores St,78214,Other Calls,Disturbance,6210,SOUTH,SAPD-2026-1042626,29.375008,-98.499126,1785609950000,http://www.sanantonio.gov/sapd/Calls.aspx,Blue,a tbd link,26,8
08/01/26,10:36:26 AM,EISENHAUER RD / IH 35 N SB,78218,Traffic Calls,Minor Accident,4330,EAST,SAPD-2026-1041922,29.49654,-98.400725,1785598586000,http://www.sanantonio.gov/sapd/Calls.aspx,Yellow,a tbd link,26,8
08/01/26, 5:25:16,900 S San Manuel,78237,Other Calls,Information,5110,WEST,SAPD-2026-1043415,29.418571,-98.558526,1785623116000,http://www.sanantonio.gov/sapd/Calls.aspx,Blue,a tbd link,26,8
08/01/26, 8:50:07,11500 Huebner Rd,78230,Other Calls,Disturbance,7220,PRUE,SAPD-2026-1044159,29.548069,-98.574433,1785635407000,http://www.sanantonio.gov/sapd/Calls.aspx,Blue,a tbd link,26,8
08/01/26,10:35:47 AM,515-1067 Us Hwy 90 W Wb,78225,Traffic Calls,Major Accident,2340,CENTRAL,SAPD-2026-1041919,29.397,-98.524476,1785598547000,http://www.sanantonio.gov/sapd/Calls.aspx,Yellow,a tbd link,26,8
08/01/26, 5:31:07,15101-15199 State Hwy 16 S,78264,Other Calls,Welfare Check,6160,SOUTH,SAPD-2026-1043442,29.2729,-98.573902,1785623467000,http://www.sanantonio.gov/sapd/Calls.aspx,Blue,a tbd link,26,8
08/01/26, 8:51:27,3200 Wurzbach Rd,78238,Crimes Against Person Calls,Fight,5310,WEST,SAPD-2026-1044164,29.466636,-98.623066,1785635487000,http://www.sanantonio.gov/sapd/Calls.aspx,Red,a tbd link,26,8
08/01/26, 5:27:28,1400 Sw Military Dr,78221,Traffic Calls,Accident Private Property,6150,SOUTH,SAPD-2026-1043424,29.356389,-98.515905,1785623248000,http://www.sanantonio.gov/sapd/Calls.aspx,Yellow,a tbd link,26,8
08/01/26, 1:44:26,1400 Saunders,78207,Other Calls,Disturbance Family,2330,CENTRAL,SAPD-2026-1042622,29.423713,-98.513902,1785609866000,http://www.sanantonio.gov/sapd/Calls.aspx,Blue,a tbd link,26,8
08/01/26, 8:58:42,7400 San Pedro Ave,78216,Other Calls,Visitation Violation,3320,NORTH,SAPD-2026-1044240,29.518889,-98.495278,1785635922000,http://www.sanantonio.gov/sapd/Calls.aspx,Blue,a tbd link,26,8
08/01/26, 5:25:52,18900 APPLEWHITE RD,78264,Other Calls,Patrol By,6160,SOUTH,SAPD-2026-1043417,29.237243,-98.547327,1785623152000,http://www.sanantonio.gov/sapd/Calls.aspx,Blue,a tbd link,26,8
08/01/26,10:38:12 AM,1500 Thorain Blvd,78201,Traffic Calls,Minor Accident,2220,CENTRAL,SAPD-2026-1041930,29.481711,-98.519091,1785598692000,http://www.sanantonio.gov/sapd/Calls.aspx,Yellow,a tbd link,26,8
08/01/26, 1:44:55,2400 Harry Wurzbach,78218,Other Calls,Disturbance,4350,EAST,SAPD-2026-1042616,29.485153,-98.430079,1785609895000,http://www.sanantonio.gov/sapd/Calls.aspx,Blue,a tbd link,26,8
08/01/26, 8:52:23,3900 N St Mary's St,78212,Other Calls,Disturbance,1230,DOWNTOWN,SAPD-2026-1044165,29.462057,-98.473368,1785635543000,http://www.sanantonio.gov/sapd/Calls.aspx,Blue,a tbd link,26,8
08/01/26, 5:28:41,Nw 24th St / W Laurel St,78207,Traffic Calls,Minor Accident,2360,CENTRAL,SAPD-2026-1043429,29.445484,-98.540662,1785623321000,http://www.sanantonio.gov/sapd/Calls.aspx,Yellow,a tbd link,26,8
08/01/26,10:38:36 AM,6900 San Pedro Ave,78216,Crimes Against Person Calls,Threats,3310,NORTH,SAPD-2026-1041933,29.504943,-98.50012,1785598716000,http://www.sanantonio.gov/sapd/Calls.aspx,Red,a tbd link,26,8
08/01/26, 1:45:10,9300 Cerro Verde,78224,Property Crime Calls,Burglary,6140,SOUTH,SAPD-2026-1042618,29.328539,-98.531877,1785609910000,http://www.sanantonio.gov/sapd/Calls.aspx,Green,a tbd link,26,8
08/01/26, 8:49:59,Marbach Rd / S Ellison Dr,78245,Crimes Against Person Calls,Disturbance (Knife Involved),5360,WEST,SAPD-2026-1044158,29.417849,-98.678202,1785635399000,http://www.sanantonio.gov/sapd/Calls.aspx,Red,a tbd link,26,8
08/01/26, 5:29:32,500 Ruiz St,78207,Other Calls,Welfare Check,2310,CENTRAL,SAPD-2026-1043431,29.434761,-98.50822,1785623372000,http://www.sanantonio.gov/sapd/Calls.aspx,Blue,a tbd link,26,8
08/01/26,10:37:14 AM,4000 Blk Ih 35 N Nb,78219,Traffic Calls,Major Accident,4310,EAST,SAPD-2026-1041928,29.454142,-98.414946,1785598634000,http://www.sanantonio.gov/sapd/Calls.aspx,Yellow,a tbd link,26,8
08/01/26, 1:45:48,Vista Colina / Kyle Seale Pkwy,78255,Traffic Calls,Major Accident,7350,PRUE,SAPD-2026-1042619,29.609935,-98.648048,1785609948000,http://www.sanantonio.gov/sapd/Calls.aspx,Yellow,a tbd link,26,8
08/01/26, 8:54:40,Aransas Ave / S Hackberry St,78210,Other Calls,Miscellaneous,4120,EAST,SAPD-2026-1044178,29.405197,-98.473244,1785635680000,http://www.sanantonio.gov/sapd/Calls.aspx,Blue,a tbd link,26,8
08/01/26, 5:29:34,600 Nolan St,78202,Other Calls,Miscellaneous,4110,EAST,SAPD-2026-1043432,29.427571,-98.474622,1785623374000,http://www.sanantonio.gov/sapd/Calls.aspx,Blue,a tbd link,26,8
08/01/26, 1:46:02,Ih 35 N Nb / Thousand Oaks Dr,78233,Traffic Calls,Traffic Related,3230,NORTH,SAPD-2026-1042625,29.533154,-98.389359,1785609962000,http://www.sanantonio.gov/sapd/Calls.aspx,Yellow,a tbd link,26,8
08/01/26, 8:52:06,500 Pike Rdg,78221,Other Calls,Welfare Check,6150,SOUTH,SAPD-2026-1044163,29.33791,-98.51094,1785635526000,http://www.sanantonio.gov/sapd/Calls.aspx,Blue,a tbd link,26,8
08/01/26, 5:30:34,11600 Bandera Rd,78249,Traffic Calls,Accident Private Property,7360,PRUE,SAPD-2026-1043439,29.549394,-98.6654,1785623434000,http://www.sanantonio.gov/sapd/Calls.aspx,Yellow,a tbd link,26,8
08/01/26, 1:46:14,100 Hickman St,78212,Crimes Against Person Calls,Assault In Progress,1220,DOWNTOWN,SAPD-2026-1042623,29.446092,-98.504508,1785609974000,http://www.sanantonio.gov/sapd/Calls.aspx,Red,a tbd link,26,8
08/01/26, 8:51:13,400 E Commerce St,78205,Other Calls,Miscellaneous,1110,DOWNTOWN,SAPD-2026-1044161,29.423798,-98.488631,1785635473000,http://www.sanantonio.gov/sapd/Calls.aspx,Blue,a tbd link,26,8
08/01/26, 5:37:51,5300 S Flores St,78214,Other Calls,Animal Related,6210,SOUTH,SAPD-2026-1043469,29.37342,-98.498006,1785623871000,http://www.sanantonio.gov/sapd/Calls.aspx,Blue,a tbd link,26,8
08/01/26,10:37:24 AM,515-1067 Us Hwy 90 W Wb,78225,Traffic Calls,Major Accident,2340,CENTRAL,SAPD-2026-1041929,29.397018,-98.52468,1785598644000,http://www.sanantonio.gov/sapd/Calls.aspx,Yellow,a tbd link,26,8
08/01/26, 1:46:08,14800 Bold Venture,78248,Traffic Calls,Abandoned Vehicle,7240,PRUE,SAPD-2026-1042637,29.577189,-98.524894,1785609968000,http://www.sanantonio.gov/sapd/Calls.aspx,Yellow,a tbd link,26,8
08/01/26, 8:51:29,8097-8519 RIVERFRONT PKWY,78223,Other Calls,Patrol By,6270,SOUTH,SAPD-2026-1044162,29.343529,-98.458166,1785635489000,http://www.sanantonio.gov/sapd/Calls.aspx,Blue,a tbd link,26,8
08/01/26, 5:30:40,200 Rasa Dr,78227,Other Calls,Wanted Person,5340,WEST,SAPD-2026-1043438,29.405323,-98.651862,1785623440000,http://www.sanantonio.gov/sapd/Calls.aspx,Blue,a tbd link,26,8
08/01/26,10:41:55 AM,I0 35 N,78218,Traffic Calls,Minor Accident,4330,EAST,SAPD-2026-1041945,29.514338,-98.396371,1785598915000,http://www.sanantonio.gov/sapd/Calls.aspx,Yellow,a tbd link,26,8
08/01/26, 1:48:07,1000 Rittiman Rd,78218,Property Crime Calls,Theft In Progress,4350,EAST,SAPD-2026-1042633,29.484854,-98.427858,1785610087000,http://www.sanantonio.gov/sapd/Calls.aspx,Green,a tbd link,26,8
08/01/26, 8:54:11,5700 W Commerce St,78237,Other Calls,Animal Related,5130,WEST,SAPD-2026-1044171,29.433025,-98.572945,1785635651000,http://www.sanantonio.gov/sapd/Calls.aspx,Blue,a tbd link,26,8
08/01/26, 5:30:11,500 S Flores St,78204,Traffic Calls,Accident Private Property,1140,DOWNTOWN,SAPD-2026-1043435,29.419357,-98.496503,1785623411000,http://www.sanantonio.gov/sapd/Calls.aspx,Yellow,a tbd link,26,8
08/01/26,10:39:35 AM,5100 Vantage Way,78249,Property Crime Calls,Burglary Vehicle,7340,PRUE,SAPD-2026-1041937,29.548565,-98.587772,1785598775000,http://www.sanantonio.gov/sapd/Calls.aspx,Green,a tbd link,26,8
08/01/26, 1:46:41,US HWY 90 W ACCESS RD / MILITARY DR W,78227,Traffic Calls,Traffic Related,6360,SOUTH,SAPD-2026-1042627,29.400697,-98.627325,1785610001000,http://www.sanantonio.gov/sapd/Calls.aspx,Yellow,a tbd link,26,8
08/01/26, 8:53:47,11000 Ih 10 W,78230-1045,Other Calls,Suspicious Person,7340,PRUE,SAPD-2026-1044168,29.544584,-98.580902,1785635627000,http://www.sanantonio.gov/sapd/Calls.aspx,Blue,a tbd link,26,8
08/01/26, 5:29:46,555-635 Sw Loop 410 Sb,78227,Traffic Calls,Traffic Related,5330,WEST,SAPD-2026-1043433,29.431709,-98.647785,1785623386000,http://www.sanantonio.gov/sapd/Calls.aspx,Yellow,a tbd link,26,8
08/01/26,10:37:03 AM,8500 ROCHELLE RD,78240,Other Calls,Patrol By,7310,PRUE,SAPD-2026-1041925,29.522837,-98.625208,1785598623000,http://www.sanantonio.gov/sapd/Calls.aspx,Blue,a tbd link,26,8
08/01/26, 8:54:51,5700 Stiffkey Dr,78228,Traffic Calls,Minor Accident,5140,WEST,SAPD-2026-1044174,29.444375,-98.599025,1785635691000,http://www.sanantonio.gov/sapd/Calls.aspx,Yellow,a tbd link,26,8
08/01/26, 5:28:13,5300 OLD PEARSALL RD,78242,Other Calls,Patrol By,6340,SOUTH,SAPD-2026-1043425,29.356994,-98.599907,1785623293000,http://www.sanantonio.gov/sapd/Calls.aspx,Blue,a tbd link,26,8
08/01/26,10:39:02 AM,Ih 35 N / Lanark Dr,78218,Traffic Calls,Traffic Related,4360,EAST,SAPD-2026-1041934,29.503287,-98.399628,1785598742000,http://www.sanantonio.gov/sapd/Calls.aspx,Yellow,a tbd link,26,8
08/01/26, 8:53:51,400 S Frio St,78207,Other Calls,Property Found,2370,CENTRAL,SAPD-2026-1044170,29.422234,-98.505906,1785635631000,http://www.sanantonio.gov/sapd/Calls.aspx,Blue,a tbd link,26,8
08/01/26,10:40:34 AM,7000 S Zarzamora St,78224,Traffic Calls,Minor Accident,6130,SOUTH,SAPD-2026-1041939,29.357676,-98.534114,1785598834000,http://www.sanantonio.gov/sapd/Calls.aspx,Yellow,a tbd link,26,8
08/01/26, 5:31:18,6700 S New Braunfels Ave,78223,Crimes Against Person Calls,Assault,6240,SOUTH,SAPD-2026-1043441,29.357934,-98.449869,1785623478000,http://www.sanantonio.gov/sapd/Calls.aspx,Red,a tbd link,26,8
08/01/26, 8:57:50,4700 N Loop 1604 E,78247,Other Calls,Miscellaneous,3260,NORTH,SAPD-2026-1044187,29.601401,-98.398283,1785635870000,http://www.sanantonio.gov/sapd/Calls.aspx,Blue,a tbd link,26,8
08/01/26,10:41:51 AM,6900 N Loop 1604 E,78266,Crimes Against Person Calls,Suspicious Vehicle,3260,NORTH,SAPD-2026-1041944,29.596058,-98.350394,1785598911000,http://www.sanantonio.gov/sapd/Calls.aspx,Red,a tbd link,26,8
08/01/26, 5:36:18,1800 S Zarzamora St,78207,Other Calls,Property Lost,2340,CENTRAL,SAPD-2026-1043463,29.407631,-98.5292,1785623778000,http://www.sanantonio.gov/sapd/Calls.aspx,Blue,a tbd link,26,8
08/01/26, 8:54:57,4300 Wild Oak Dr,78219,Crimes Against Person Calls,Assault In Progress,4310,EAST,SAPD-2026-1044175,29.435171,-98.409919,1785635697000,http://www.sanantonio.gov/sapd/Calls.aspx,Red,a tbd link,26,8
08/01/26,10:40:25 AM,3900 Southport Dr,78223,Property Crime Calls,Recovered Stolen Property,4260,EAST,SAPD-2026-1041938,29.358478,-98.418732,1785598825000,http://www.sanantonio.gov/sapd/Calls.aspx,Green,a tbd link,26,8
08/01/26, 5:34:00,6300 Parkland Oaks Dr,78240,Other Calls,Disturbance Family,7160,PRUE,SAPD-2026-1043453,29.510035,-98.611724,1785623640000,http://www.sanantonio.gov/sapd/Calls.aspx,Blue,a tbd link,26,8
08/01/26, 8:58:26,Blanco Rd / N Loop 1604 W,78258,Traffic Calls,Major Accident,3170,NORTH,SAPD-2026-1044189,29.609095,-98.508481,1785635906000,http://www.sanantonio.gov/sapd/Calls.aspx,Yellow,a tbd link,26,8
08/01/26,10:39:21 AM,100-299 S Frio St,78207,Other Calls,SAPD Emergency Call,2370,CENTRAL,SAPD-2026-1041936,29.425986,-98.503787,1785598761000,http://www.sanantonio.gov/sapd/Calls.aspx,Blue,a tbd link,26,8
08/01/26, 5:33:13,500 S Frio St,78207,Property Crime Calls,Theft of Vehicle,2370,CENTRAL,SAPD-2026-1043452,29.421551,-98.504866,1785623593000,http://www.sanantonio.gov/sapd/Calls.aspx,Green,a tbd link,26,8
08/01/26, 9:04:14,4900 Woodstone,78230,Other Calls,Welfare Check,7230,PRUE,SAPD-2026-1044215,29.55435,-98.577106,1785636254000,http://www.sanantonio.gov/sapd/Calls.aspx,Blue,a tbd link,26,8
08/01/26, 1:46:00,Kyle Seale Pkwy,78255,Traffic Calls,Major Accident,7350,PRUE,SAPD-2026-1042621,29.608009,-98.647865,1785609960000,http://www.sanantonio.gov/sapd/Calls.aspx,Yellow,a tbd link,26,8
08/01/26,10:43:16 AM,5200 King Edward,78229,Other Calls,Information,7140,PRUE,SAPD-2026-1041952,29.497559,-98.587309,1785598996000,http://www.sanantonio.gov/sapd/Calls.aspx,Blue,a tbd link,26,8
08/01/26, 5:33:37,Ih 10 W Nb / Camp Bullis Rd,78257,Traffic Calls,Traffic Related,7260,PRUE,SAPD-2026-1043450,29.62523,-98.609742,1785623617000,http://www.sanantonio.gov/sapd/Calls.aspx,Yellow,a tbd link,26,8
08/01/26, 1:56:05,200 Bank St,78204,Other Calls,Welfare Check,1140,DOWNTOWN,SAPD-2026-1042663,29.399841,-98.499938,1785610565000,http://www.sanantonio.gov/sapd/Calls.aspx,Blue,a tbd link,26,8
08/01/26,10:41:41 AM,1200 Cupples Rd,78226,Traffic Calls,Traffic Related,6310,SOUTH,SAPD-2026-1041943,29.395903,-98.550135,1785598901000,http://www.sanantonio.gov/sapd/Calls.aspx,Yellow,a tbd link,26,8
08/01/26, 5:36:20,1200 Bandera Rd,78228,Other Calls,Miscellaneous,5220,WEST,SAPD-2026-1043458,29.463944,-98.563822,1785623780000,http://www.sanantonio.gov/sapd/Calls.aspx,Blue,a tbd link,26,8
08/01/26, 8:59:41,7200 Blanco Rd,78216,Property Crime Calls,Burglary in Progress,3350,NORTH,SAPD-2026-1044194,29.525594,-98.502,1785635981000,http://www.sanantonio.gov/sapd/Calls.aspx,Green,a tbd link,26,8
08/01/26, 5:37:43,26600 Us Hwy 281 N,78261,Other Calls,Welfare Check,3150,NORTH,SAPD-2026-1043467,29.695302,-98.451374,1785623863000,http://www.sanantonio.gov/sapd/Calls.aspx,Blue,a tbd link,26,8
08/01/26, 1:58:15,1000 Mc Kinley Ave,78210,Other Calls,Welfare Check,4150,EAST,SAPD-2026-1042667,29.392049,-98.471529,1785610695000,http://www.sanantonio.gov/sapd/Calls.aspx,Blue,a tbd link,26,8
08/01/26,10:41:21 AM,7000 S Zarzamora St,78224,Traffic Calls,Minor Accident,6130,SOUTH,SAPD-2026-1041941,29.357889,-98.53411,1785598881000,http://www.sanantonio.gov/sapd/Calls.aspx,Yellow,a tbd link,26,8
08/01/26, 8:58:15,N Loop 1604 W Nb / W Hausman Rd,78249,Traffic Calls,Traffic Related,7350,PRUE,SAPD-2026-1044188,29.570006,-98.651235,1785635895000,http://www.sanantonio.gov/sapd/Calls.aspx,Yellow,a tbd link,26,8
08/01/26, 5:35:49,7000 San Pedro Ave,78216,Other Calls,Fire,3310,NORTH,SAPD-2026-1043457,29.509426,-98.500646,1785623749000,http://www.sanantonio.gov/sapd/Calls.aspx,Blue,a tbd link,26,8
08/01/26, 1:48:40,U0 HWY 281 N NB,78258,Traffic Calls,Traffic Related,3150,NORTH,SAPD-2026-1042634,29.628321,-98.460985,1785610120000,http://www.sanantonio.gov/sapd/Calls.aspx,Yellow,a tbd link,26,8
08/01/26,10:41:17 AM,4600 E Loop 1604 N,78109,Other Calls,Disturbance,4310,EAST,SAPD-2026-1041942,29.468431,-98.295675,1785598877000,http://www.sanantonio.gov/sapd/Calls.aspx,Blue,a tbd link,26,8
08/01/26, 8:57:29,300 Adaes,78207,Other Calls,Disturbance Loud Music,2360,CENTRAL,SAPD-2026-1044184,29.44424,-98.535203,1785635849000,http://www.sanantonio.gov/sapd/Calls.aspx,Blue,a tbd link,26,8
08/01/26, 5:37:30,400 Natalen Ave,78209,Other Calls,Disturbance,1230,DOWNTOWN,SAPD-2026-1043466,29.456011,-98.461433,1785623850000,http://www.sanantonio.gov/sapd/Calls.aspx,Blue,a tbd link,26,8
08/01/26, 1:49:12,20732-20760 US HWY 281 N NB,78258,Traffic Calls,Traffic Related,3150,NORTH,SAPD-2026-1042636,29.63552,-98.457054,1785610152000,http://www.sanantonio.gov/sapd/Calls.aspx,Yellow,a tbd link,26,8
08/01/26,10:41:03 AM,4325-4517 N LOOP 1604 W WB,78249,Traffic Calls,Traffic Related,7260,PRUE,SAPD-2026-1041940,29.597779,-98.567999,1785598863000,http://www.sanantonio.gov/sapd/Calls.aspx,Yellow,a tbd link,26,8
08/01/26, 8:58:15,JONES MALTSBERGER RD / STARCREST DR,78216,Traffic Calls,DWI,3130,NORTH,SAPD-2026-1044191,29.552635,-98.467886,1785635895000,http://www.sanantonio.gov/sapd/Calls.aspx,Yellow,a tbd link,26,8
08/01/26, 5:36:16,3300 Tampico St,78207,Crimes Against Person Calls,Violation of Protective Order,2350,CENTRAL,SAPD-2026-1043460,29.416951,-98.546068,1785623776000,http://www.sanantonio.gov/sapd/Calls.aspx,Red,a tbd link,26,8
08/01/26, 1:51:23,1000 N Hunt Ln,78251,Traffic Calls,Accident Private Property,5360,WEST,SAPD-2026-1042643,29.444826,-98.670976,1785610283000,http://www.sanantonio.gov/sapd/Calls.aspx,Yellow,a tbd link,26,8
08/01/26,10:45:36 AM,2800 Sierra Salinas,78259,Other Calls,Patrol By,3150,NORTH,SAPD-2026-1041960,29.63628,-98.433808,1785599136000,http://www.sanantonio.gov/sapd/Calls.aspx,Blue,a tbd link,26,8
08/01/26, 5:38:16,500 Ruiz St,78207,Other Calls,Welfare Check,2310,CENTRAL,SAPD-2026-1043468,29.434761,-98.50822,1785623896000,http://www.sanantonio.gov/sapd/Calls.aspx,Blue,a tbd link,26,8
08/01/26, 1:51:36,6300 Nw Loop 410,78238,Property Crime Calls,Theft In Progress,5310,WEST,SAPD-2026-1042644,29.468069,-98.62203,1785610296000,http://www.sanantonio.gov/sapd/Calls.aspx,Green,a tbd link,26,8
08/01/26,10:45:59 AM,12800 Nacogdoches Rd,78217,Traffic Calls,Minor Accident,3210,NORTH,SAPD-2026-1041958,29.557013,-98.398912,1785599159000,http://www.sanantonio.gov/sapd/Calls.aspx,Yellow,a tbd link,26,8
08/01/26, 1:51:59,5900 Glacier Sun,78244,Other Calls,Assist the Public,4320,EAST,SAPD-2026-1042649,29.460855,-98.367918,1785610319000,http://www.sanantonio.gov/sapd/Calls.aspx,Blue,a tbd link,26,8
08/01/26, 8:59:53,4900 Nw Loop 410,78229-5312,Property Crime Calls,Criminal Mischief In Progress,5260,WEST,SAPD-2026-1044196,29.487577,-98.58343,1785635993000,http://www.sanantonio.gov/sapd/Calls.aspx,Green,a tbd link,26,8
08/01/26,10:42:04 AM,E0 N LOOP 1604 W OFRP IH 10 N,78256,Traffic Calls,Traffic Related,7250,PRUE,SAPD-2026-1041946,29.588076,-98.621434,1785598924000,http://www.sanantonio.gov/sapd/Calls.aspx,Yellow,a tbd link,26,8
08/01/26, 5:35:47,7000 San Pedro Ave,78216,Other Calls,Fire,3310,NORTH,SAPD-2026-1043455,29.509426,-98.500646,1785623747000,http://www.sanantonio.gov/sapd/Calls.aspx,Blue,a tbd link,26,8
08/01/26, 1:50:57,I0 10 W SB,78230,Traffic Calls,Traffic Related,7340,PRUE,SAPD-2026-1042640,29.547852,-98.583669,1785610257000,http://www.sanantonio.gov/sapd/Calls.aspx,Yellow,a tbd link,26,8
08/01/26, 9:00:49,400 E Cheryl Dr,78228,Other Calls,Miscellaneous,5220,WEST,SAPD-2026-1044198,29.464361,-98.556822,1785636049000,http://www.sanantonio.gov/sapd/Calls.aspx,Blue,a tbd link,26,8
08/01/26,10:43:14 AM,4700-4729 Fredericksburg Rd,78229,Crimes Against Person Calls,Fight,7110,PRUE,SAPD-2026-1041947,29.494624,-98.554939,1785598994000,http://www.sanantonio.gov/sapd/Calls.aspx,Red,a tbd link,26,8
08/01/26, 5:39:35,600 Nolan St,78202,Other Calls,Miscellaneous,4110,EAST,SAPD-2026-1043475,29.427571,-98.474622,1785623975000,http://www.sanantonio.gov/sapd/Calls.aspx,Blue,a tbd link,26,8
08/01/26, 1:55:50,11700 N Weidner Rd,78233,Traffic Calls,Minor Accident,3250,NORTH,SAPD-2026-1042653,29.547325,-98.382287,1785610550000,http://www.sanantonio.gov/sapd/Calls.aspx,Yellow,a tbd link,26,8
08/01/26, 9:00:32,6000 De Zavala Rd,78249,Other Calls,Suspicious Person,7340,PRUE,SAPD-2026-1044203,29.563045,-98.603793,1785636032000,http://www.sanantonio.gov/sapd/Calls.aspx,Blue,a tbd link,26,8
08/01/26,10:43:40 AM,Wurzbach Pkwy Eb / Wetmore Rd,78247,Traffic Calls,Minor Accident,3220,NORTH,SAPD-2026-1041953,29.546132,-98.435922,1785599020000,http://www.sanantonio.gov/sapd/Calls.aspx,Yellow,a tbd link,26,8
08/01/26, 5:40:19,4300-4598 Ne Loop 410 Nb,78218,Traffic Calls,Traffic Related,4340,EAST,SAPD-2026-1043477,29.474543,-98.404023,1785624019000,http://www.sanantonio.gov/sapd/Calls.aspx,Yellow,a tbd link,26,8
08/01/26, 1:51:45,23601-25099 US HWY 281 N SB,78260,Traffic Calls,Traffic Related,3150,NORTH,SAPD-2026-1042645,29.668578,-98.450518,1785610305000,http://www.sanantonio.gov/sapd/Calls.aspx,Yellow,a tbd link,26,8
08/01/26, 9:01:43,3900 N St Mary's St,78212,Other Calls,Disturbance,1230,DOWNTOWN,SAPD-2026-1044201,29.462316,-98.473554,1785636103000,http://www.sanantonio.gov/sapd/Calls.aspx,Blue,a tbd link,26,8
08/01/26,10:44:01 AM,9400 Bear Creek Dr,78245,Crimes Against Person Calls,Suspicious Vehicle,5330,WEST,SAPD-2026-1041955,29.429404,-98.669636,1785599041000,http://www.sanantonio.gov/sapd/Calls.aspx,Red,a tbd link,26,8
08/01/26, 5:36:39,8100-8198 MARBACH RD,78227,Traffic Calls,Traffic Related,5170,WEST,SAPD-2026-1043464,29.41782,-98.648164,1785623799000,http://www.sanantonio.gov/sapd/Calls.aspx,Yellow,a tbd link,26,8
08/01/26, 9:03:00,5500 Fossil Way,78222,Other Calls,Welfare Check,4250,EAST,SAPD-2026-1044208,29.371893,-98.37548,1785636180000,http://www.sanantonio.gov/sapd/Calls.aspx,Blue,a tbd link,26,8
08/01/26,10:46:04 AM,6300 Babcock Rd,78240,Other Calls,Suspicious Person,7310,PRUE,SAPD-2026-1041961,29.543525,-98.614236,1785599164000,http://www.sanantonio.gov/sapd/Calls.aspx,Blue,a tbd link,26,8
08/01/26, 5:40:54,2000 S Zarzamora St,78207,Crimes Against Person Calls,Threats,2340,CENTRAL,SAPD-2026-1043479,29.405076,-98.529915,1785624054000,http://www.sanantonio.gov/sapd/Calls.aspx,Red,a tbd link,26,8
08/01/26, 9:03:13,7900 W Loop 1604 N,78250,Traffic Calls,Accident Private Property,7360,PRUE,SAPD-2026-1044210,29.513811,-98.693966,1785636193000,http://www.sanantonio.gov/sapd/Calls.aspx,Yellow,a tbd link,26,8
08/01/26, 1:54:57,100 Alicia,78228,Other Calls,Disturbance,5130,WEST,SAPD-2026-1042654,29.442686,-98.57974,1785610497000,http://www.sanantonio.gov/sapd/Calls.aspx,Blue,a tbd link,26,8
08/01/26, 5:38:38,3700 S Flores St,78214,Other Calls,Injured/Sick Person,6210,SOUTH,SAPD-2026-1043470,29.387917,-98.503607,1785623918000,http://www.sanantonio.gov/sapd/Calls.aspx,Blue,a tbd link,26,8
08/01/26,10:45:53 AM,S Hackberry St / Essex St,78210,Other Calls,Disturbance,4120,EAST,SAPD-2026-1041957,29.403866,-98.473249,1785599153000,http://www.sanantonio.gov/sapd/Calls.aspx,Blue,a tbd link,26,8
08/01/26, 9:08:05,2300 Se Military Dr,78223,Other Calls,Disturbance,6240,SOUTH,SAPD-2026-1044232,29.353989,-98.4564,1785636485000,http://www.sanantonio.gov/sapd/Calls.aspx,Blue,a tbd link,26,8
08/01/26, 1:53:02,1200 NW 18TH ST,78207,Other Calls,Suspicious Person,2360,CENTRAL,SAPD-2026-1042650,29.442647,-98.531851,1785610382000,http://www.sanantonio.gov/sapd/Calls.aspx,Blue,a tbd link,26,8
08/01/26, 5:39:06,3600 E Houston St,78219,Other Calls,Information,4160,EAST,SAPD-2026-1043473,29.42532,-98.426945,1785623946000,http://www.sanantonio.gov/sapd/Calls.aspx,Blue,a tbd link,26,8
08/01/26,10:46:35 AM,1400 Patricia Dr,78213,Other Calls,Welfare Check,3110,NORTH,SAPD-2026-1041962,29.548041,-98.518564,1785599195000,http://www.sanantonio.gov/sapd/Calls.aspx,Blue,a tbd link,26,8
08/01/26, 9:01:21,500 Fitch St,78214,Other Calls,Disturbance Loud Music,6210,SOUTH,SAPD-2026-1044200,29.370514,-98.506609,1785636081000,http://www.sanantonio.gov/sapd/Calls.aspx,Blue,a tbd link,26,8
08/01/26, 1:55:21,Bulverde Rd / Tpc Pkwy,78259,Other Calls,SAPD Emergency Call,NOT SAPD BEX,SAPD OUTSIDE AREA,SAPD-2026-1042651,29.660967,-98.434869,1785610521000,http://www.sanantonio.gov/sapd/Calls.aspx,Blue,a tbd link,26,8
08/01/26, 5:41:48,Pecan Valley Dr / S New Braunfels Ave,78223,Traffic Calls,Minor Accident,6240,SOUTH,SAPD-2026-1043483,29.357912,-98.448553,1785624108000,http://www.sanantonio.gov/sapd/Calls.aspx,Yellow,a tbd link,26,8
08/01/26,10:43:40 AM,6624-6898 US HWY 90 W EB,78227,Traffic Calls,Traffic Related,6360,SOUTH,SAPD-2026-1041951,29.402877,-98.625578,1785599020000,http://www.sanantonio.gov/sapd/Calls.aspx,Yellow,a tbd link,26,8
08/01/26, 9:02:34,N Loop 1604 W Nb / Babcock Rd,78249,Traffic Calls,Traffic Related,7250,PRUE,SAPD-2026-1044206,29.586982,-98.631227,1785636154000,http://www.sanantonio.gov/sapd/Calls.aspx,Yellow,a tbd link,26,8
08/01/26, 1:56:37,13600 Ih 10 W,78249,Other Calls,Property Found,7250,PRUE,SAPD-2026-1042656,29.573333,-98.595278,1785610597000,http://www.sanantonio.gov/sapd/Calls.aspx,Blue,a tbd link,26,8
08/01/26, 5:42:39,500 Ruiz St,78207,Other Calls,Disturbance Family,2310,CENTRAL,SAPD-2026-1043485,29.434442,-98.508877,1785624159000,http://www.sanantonio.gov/sapd/Calls.aspx,Blue,a tbd link,26,8
08/01/26,10:45:55 AM,1600 Gorman St,78202,Other Calls,Visitation Violation,4130,EAST,SAPD-2026-1041959,29.427004,-98.449547,1785599155000,http://www.sanantonio.gov/sapd/Calls.aspx,Blue,a tbd link,26,8
08/01/26, 1:57:26,4300 Callaghan Rd,78228,Crimes Against Person Calls,Disturbance (Gun Involved),5270,WEST,SAPD-2026-1042658,29.466604,-98.602208,1785610646000,http://www.sanantonio.gov/sapd/Calls.aspx,Red,a tbd link,26,8
08/01/26, 5:43:42,8900 Blk Ih 10 E Eb,78109,Traffic Calls,Traffic Related,4310,EAST,SAPD-2026-1043494,29.460469,-98.310254,1785624222000,http://www.sanantonio.gov/sapd/Calls.aspx,Yellow,a tbd link,26,8
08/01/26,10:46:43 AM,1200 Mt Riga Dr,78213,Property Crime Calls,Theft,3110,NORTH,SAPD-2026-1041963,29.535268,-98.510893,1785599203000,http://www.sanantonio.gov/sapd/Calls.aspx,Green,a tbd link,26,8
08/01/26, 9:02:21,500 W Magnolia Ave,78212,Other Calls,Animal Related,1240,DOWNTOWN,SAPD-2026-1044207,29.454831,-98.501041,1785636141000,http://www.sanantonio.gov/sapd/Calls.aspx,Blue,a tbd link,26,8
08/01/26,10:47:07 AM,2600 Patron,78224,Other Calls,Welfare Check,6140,SOUTH,SAPD-2026-1041965,29.338428,-98.548098,1785599227000,http://www.sanantonio.gov/sapd/Calls.aspx,Blue,a tbd link,26,8
08/01/26, 1:55:33,24438-24498 US HWY 281 N NB,78260,Traffic Calls,Traffic Related,3150,NORTH,SAPD-2026-1042652,29.668354,-98.450245,1785610533000,http://www.sanantonio.gov/sapd/Calls.aspx,Yellow,a tbd link,26,8
08/01/26, 5:41:12,1300 N MAIN AVE,78212,Other Calls,Patrol By,1210,DOWNTOWN,SAPD-2026-1043480,29.440649,-98.494198,1785624072000,http://www.sanantonio.gov/sapd/Calls.aspx,Blue,a tbd link,26,8
08/01/26, 9:04:09,3400 Northeast Pkwy,78218,Other Calls,Animal Related,4350,EAST,SAPD-2026-1044216,29.490743,-98.430481,1785636249000,http://www.sanantonio.gov/sapd/Calls.aspx,Blue,a tbd link,26,8
08/01/26,10:47:32 AM,600 Leopard Holw,78251,Traffic Calls,Traffic Violation,5360,WEST,SAPD-2026-1041966,29.43907,-98.70283,1785599252000,http://www.sanantonio.gov/sapd/Calls.aspx,Yellow,a tbd link,26,8
08/01/26, 1:57:32,9500 Southton Rd,78223,Property Crime Calls,Theft,6270,SOUTH,SAPD-2026-1042660,29.324629,-98.432936,1785610652000,http://www.sanantonio.gov/sapd/Calls.aspx,Green,a tbd link,26,8
08/01/26, 5:43:01,17700 La Cantera Pkwy,78257,Traffic Calls,Accident Private Property,7260,PRUE,SAPD-2026-1043488,29.6087,-98.5946,1785624181000,http://www.sanantonio.gov/sapd/Calls.aspx,Yellow,a tbd link,26,8
08/01/26, 9:01:59,7800 FREDERICKSBURG RD,78229,Traffic Calls,Traffic Related,7110,PRUE,SAPD-2026-1044202,29.512052,-98.564929,1785636119000,http://www.sanantonio.gov/sapd/Calls.aspx,Yellow,a tbd link,26,8
08/01/26,10:47:42 AM,7500 South Sea,78216,Property Crime Calls,Burglary Vehicle,3310,NORTH,SAPD-2026-1041967,29.503164,-98.50626,1785599262000,http://www.sanantonio.gov/sapd/Calls.aspx,Green,a tbd link,26,8
08/01/26, 1:58:20,900 Bandera Rd,78228,Traffic Calls,Accident Private Property,5220,WEST,SAPD-2026-1042659,29.458617,-98.55379,1785610700000,http://www.sanantonio.gov/sapd/Calls.aspx,Yellow,a tbd link,26,8
08/01/26, 5:48:04,200 N Comal St,78207,Other Calls,Missing Person - Endangered,NOT SAPD BEX,SAPD OUTSIDE AREA,SAPD-2026-1043510,29.42769,-98.506862,1785624484000,http://www.sanantonio.gov/sapd/Calls.aspx,Blue,a tbd link,26,8
08/01/26, 9:02:13,8400 NW MILITARY HWY,78231,Other Calls,Patrol By,7220,PRUE,SAPD-2026-1044204,29.551598,-98.532431,1785636133000,http://www.sanantonio.gov/sapd/Calls.aspx,Blue,a tbd link,26,8
08/01/26,10:51:00 AM,300 Zabra Dr,78227,Other Calls,Information,5340,WEST,SAPD-2026-1041976,29.404271,-98.655063,1785599460000,http://www.sanantonio.gov/sapd/Calls.aspx,Blue,a tbd link,26,8
08/01/26, 1:56:23,Vista Colina / Kyle Seale Pkwy,78255,Other Calls,SAPD Non-Emergency Call,7350,PRUE,SAPD-2026-1042655,29.609935,-98.648048,1785610583000,http://www.sanantonio.gov/sapd/Calls.aspx,Blue,a tbd link,26,8
08/01/26, 5:43:04,Medical Dr / Wurzbach Rd,78229,Traffic Calls,Wrong Way Driver,7130,PRUE,SAPD-2026-1043491,29.510322,-98.58022,1785624184000,http://www.sanantonio.gov/sapd/Calls.aspx,Yellow,a tbd link,26,8
08/01/26,10:48:03 AM,16500 US HWY 281 N,78232,Other Calls,Patrol By,3140,NORTH,SAPD-2026-1041968,29.592725,-98.471841,1785599283000,http://www.sanantonio.gov/sapd/Calls.aspx,Blue,a tbd link,26,8
08/01/26, 1:59:42,100 Verne St,78221,Other Calls,Property Found,6150,SOUTH,SAPD-2026-1042665,29.355606,-98.504358,1785610782000,http://www.sanantonio.gov/sapd/Calls.aspx,Blue,a tbd link,26,8
08/01/26, 5:45:28,9500 SOUTHTON RD,78223,Traffic Calls,Minor Accident,6270,SOUTH,SAPD-2026-1043507,29.324629,-98.432936,1785624328000,http://www.sanantonio.gov/sapd/Calls.aspx,Yellow,a tbd link,26,8
08/01/26, 1:58:24,700 S Acme Rd,78237,Property Crime Calls,Theft,5120,WEST,SAPD-2026-1042661,29.4202,-98.5872,1785610704000,http://www.sanantonio.gov/sapd/Calls.aspx,Green,a tbd link,26,8
08/01/26, 9:04:01,2900 Lasses Blvd,78223,Other Calls,Disturbance Loud Music,6240,SOUTH,SAPD-2026-1044213,29.35566,-98.445751,1785636241000,http://www.sanantonio.gov/sapd/Calls.aspx,Blue,a tbd link,26,8
08/01/26, 5:43:33,8000 Bandera Rd,78240,Other Calls,Suspicious Person,7320,PRUE,SAPD-2026-1043493,29.518185,-98.633406,1785624213000,http://www.sanantonio.gov/sapd/Calls.aspx,Blue,a tbd link,26,8
08/01/26,10:53:53 AM,700 Historic Old Hwy 90,78237,Property Crime Calls,Theft of Vehicle,5140,WEST,SAPD-2026-1041987,29.425338,-98.575854,1785599633000,http://www.sanantonio.gov/sapd/Calls.aspx,Green,a tbd link,26,8
08/01/26, 1:59:00,1400 N St Mary's St,78215,Other Calls,Disturbance,1130,DOWNTOWN,SAPD-2026-1042662,29.437517,-98.484403,1785610740000,http://www.sanantonio.gov/sapd/Calls.aspx,Blue,a tbd link,26,8
08/01/26, 9:05:30,5100 Bartmer St,78228,Other Calls,Disturbance Loud Music,5250,WEST,SAPD-2026-1044220,29.451438,-98.586871,1785636330000,http://www.sanantonio.gov/sapd/Calls.aspx,Blue,a tbd link,26,8
08/01/26, 5:45:46,1000 Rittiman Rd,78218,Other Calls,Miscellaneous,4350,EAST,SAPD-2026-1043499,29.484855,-98.427204,1785624346000,http://www.sanantonio.gov/sapd/Calls.aspx,Blue,a tbd link,26,8
08/01/26,10:50:08 AM,100 Windsor,78228,Other Calls,Disturbance,5210,WEST,SAPD-2026-1041971,29.463659,-98.54733,1785599408000,http://www.sanantonio.gov/sapd/Calls.aspx,Blue,a tbd link,26,8
08/01/26, 2:03:03,1400 N Main Ave,78212,Property Crime Calls,Criminal Mischief,1210,DOWNTOWN,SAPD-2026-1042679,29.442304,-98.494519,1785610983000,http://www.sanantonio.gov/sapd/Calls.aspx,Green,a tbd link,26,8
08/01/26, 9:05:35,Blanco Rd / N Loop 1604 W,78258,Traffic Calls,Minor Accident,3170,NORTH,SAPD-2026-1044222,29.609095,-98.508481,1785636335000,http://www.sanantonio.gov/sapd/Calls.aspx,Yellow,a tbd link,26,8
08/01/26, 5:43:06,100 S JOSEPHINE TOBIN,78201,Other Calls,Patrol By,5210,WEST,SAPD-2026-1043487,29.44945,-98.530416,1785624186000,http://www.sanantonio.gov/sapd/Calls.aspx,Blue,a tbd link,26,8
08/01/26,10:50:52 AM,3362-3598 N Loop 1604 W Eb,78231,Traffic Calls,Traffic Related,7260,PRUE,SAPD-2026-1041979,29.601492,-98.548982,1785599452000,http://www.sanantonio.gov/sapd/Calls.aspx,Yellow,a tbd link,26,8
08/01/26, 2:00:52,14300 Potranco Rd,78253,Other Calls,SAPD Non-Emergency Call,NOT SAPD BEX,SAPD OUTSIDE AREA,SAPD-2026-1042668,29.422899,-98.779803,1785610852000,http://www.sanantonio.gov/sapd/Calls.aspx,Blue,a tbd link,26,8
08/01/26, 9:05:49,4500 W Martin St,78237,Other Calls,Disturbance Family,2360,CENTRAL,SAPD-2026-1044224,29.433918,-98.546938,1785636349000,http://www.sanantonio.gov/sapd/Calls.aspx,Blue,a tbd link,26,8
08/01/26, 5:43:20,IH 10 W NB / BOERNE STAGE RD,78257,Other Calls,SAPD Non-Emergency Call,7260,PRUE,SAPD-2026-1043490,29.666529,-98.631453,1785624200000,http://www.sanantonio.gov/sapd/Calls.aspx,Blue,a tbd link,26,8
08/01/26,10:50:31 AM,1000 King Ave,78211,Crimes Against Person Calls,Assault In Progress,6320,SOUTH,SAPD-2026-1041974,29.364736,-98.561448,1785599431000,http://www.sanantonio.gov/sapd/Calls.aspx,Red,a tbd link,26,8
08/01/26, 9:06:29,Us Hwy 281 N / E Evans Rd,78258,Other Calls,Welfare Check,3150,NORTH,SAPD-2026-1044227,29.636848,-98.455941,1785636389000,http://www.sanantonio.gov/sapd/Calls.aspx,Blue,a tbd link,26,8
08/01/26, 5:44:45,Ih 10 W Sb / Wurzbach Rd,78230,Traffic Calls,Major Accident,7150,PRUE,SAPD-2026-1043495,29.53107,-98.562251,1785624285000,http://www.sanantonio.gov/sapd/Calls.aspx,Yellow,a tbd link,26,8
08/01/26,10:51:57 AM,Tezel Rd / Guilbeau Rd,78250,Traffic Calls,Major Accident,7320,PRUE,SAPD-2026-1041980,29.519019,-98.662343,1785599517000,http://www.sanantonio.gov/sapd/Calls.aspx,Yellow,a tbd link,26,8
08/01/26, 2:04:38,3100 La Violeta St,78211,Traffic Calls,Traffic Related,6330,SOUTH,SAPD-2026-1042686,29.352219,-98.557881,1785611078000,http://www.sanantonio.gov/sapd/Calls.aspx,Yellow,a tbd link,26,8
08/01/26,10:50:59 AM,700 SW MILITARY DR,78221,Other Calls,Miscellaneous,6230,SOUTH,SAPD-2026-1041975,29.357781,-98.50269,1785599459000,http://www.sanantonio.gov/sapd/Calls.aspx,Blue,a tbd link,26,8
08/01/26, 9:03:38,T TRL IN TRAVIS PARK,78205,Other Calls,Patrol By,1130,DOWNTOWN,SAPD-2026-1044211,29.428536,-98.488618,1785636218000,http://www.sanantonio.gov/sapd/Calls.aspx,Blue,a tbd link,26,8
08/01/26, 5:54:18,700 E Theo Ave,78210,Other Calls,Visitation Violation,6220,SOUTH,SAPD-2026-1043548,29.385875,-98.494431,1785624858000,http://www.sanantonio.gov/sapd/Calls.aspx,Blue,a tbd link,26,8
08/01/26, 2:03:20,900 S Main Ave,78204,Other Calls,Welfare Check,1140,DOWNTOWN,SAPD-2026-1042681,29.413611,-98.498056,1785611000000,http://www.sanantonio.gov/sapd/Calls.aspx,Blue,a tbd link,26,8
08/01/26,10:51:55 AM,1000 King Ave,78211,Crimes Against Person Calls,Fight,6320,SOUTH,SAPD-2026-1041981,29.36477,-98.561788,1785599515000,http://www.sanantonio.gov/sapd/Calls.aspx,Red,a tbd link,26,8
08/01/26, 9:05:44,1500 Delgado St,78207,Property Crime Calls,Theft,2360,CENTRAL,SAPD-2026-1044223,29.439218,-98.53297,1785636344000,http://www.sanantonio.gov/sapd/Calls.aspx,Green,a tbd link,26,8
08/01/26, 5:47:32,6200 S New Braunfels Ave,78223,Other Calls,Disturbance Neighbor,6240,SOUTH,SAPD-2026-1043506,29.364371,-98.455583,1785624452000,http://www.sanantonio.gov/sapd/Calls.aspx,Blue,a tbd link,26,8
08/01/26, 1:59:49,I0 10 W NB,78249,Traffic Calls,Traffic Related,7230,PRUE,SAPD-2026-1042666,29.574828,-98.59438,1785610789000,http://www.sanantonio.gov/sapd/Calls.aspx,Yellow,a tbd link,26,8
08/01/26,10:52:59 AM,1600 Cable Ranch Rd,78245,Property Crime Calls,Theft,5330,WEST,SAPD-2026-1041984,29.433459,-98.654139,1785599579000,http://www.sanantonio.gov/sapd/Calls.aspx,Green,a tbd link,26,8
08/01/26, 9:05:16,Nw Loop 410 / Evers Rd,78238,Traffic Calls,Traffic Related,7140,PRUE,SAPD-2026-1044219,29.485377,-98.593391,1785636316000,http://www.sanantonio.gov/sapd/Calls.aspx,Yellow,a tbd link,26,8
08/01/26, 5:47:16,3300 Se Military Dr,78235,Property Crime Calls,Shoplifting,6270,SOUTH,SAPD-2026-1043503,29.348258,-98.433573,1785624436000,http://www.sanantonio.gov/sapd/Calls.aspx,Green,a tbd link,26,8
08/01/26, 2:01:30,3200 Sw Military Dr,78211,Traffic Calls,Major Accident,6320,SOUTH,SAPD-2026-1042670,29.357346,-98.54949,1785610890000,http://www.sanantonio.gov/sapd/Calls.aspx,Yellow,a tbd link,26,8
08/01/26,10:54:09 AM,5000 N Loop 1604 E,78247,Other Calls,Information,3260,NORTH,SAPD-2026-1041988,29.600642,-98.392703,1785599649000,http://www.sanantonio.gov/sapd/Calls.aspx,Blue,a tbd link,26,8
08/01/26, 9:06:37,7700 Autumn Park,78249,Property Crime Calls,Criminal Mischief In Progress,7350,PRUE,SAPD-2026-1044228,29.548178,-98.638313,1785636397000,http://www.sanantonio.gov/sapd/Calls.aspx,Green,a tbd link,26,8
08/01/26, 5:45:14,E NAKOMA DR,78216,Traffic Calls,Traffic Related,3120,NORTH,SAPD-2026-1043497,29.549238,-98.488589,1785624314000,http://www.sanantonio.gov/sapd/Calls.aspx,Yellow,a tbd link,26,8
08/01/26,10:53:47 AM,Lanark Dr / Dell Oak Dr,78218,Traffic Calls,Minor Accident,4360,EAST,SAPD-2026-1041990,29.503305,-98.406565,1785599627000,http://www.sanantonio.gov/sapd/Calls.aspx,Yellow,a tbd link,26,8
08/01/26, 9:04:47,2700 Churchill Ave,78109,Other Calls,Disturbance,4310,EAST,SAPD-2026-1044217,29.45446,-98.336251,1785636287000,http://www.sanantonio.gov/sapd/Calls.aspx,Blue,a tbd link,26,8
08/01/26, 5:47:23,1500 Cody St,78208,Traffic Calls,Traffic Related,4130,EAST,SAPD-2026-1043504,29.443145,-98.447638,1785624443000,http://www.sanantonio.gov/sapd/Calls.aspx,Yellow,a tbd link,26,8
08/01/26, 9:05:30,5500 Pecan Springs Rd,78249,Other Calls,Disturbance Loud Music,7230,PRUE,SAPD-2026-1044221,29.578814,-98.594533,1785636330000,http://www.sanantonio.gov/sapd/Calls.aspx,Blue,a tbd link,26,8
08/01/26, 5:48:27,2200 S Ww White Rd,78222,Other Calls,Patrol By,4250,EAST,SAPD-2026-1043509,29.391521,-98.404572,1785624507000,http://www.sanantonio.gov/sapd/Calls.aspx,Blue,a tbd link,26,8
08/01/26, 9:05:09,200 HERMINE BLVD,78212,Other Calls,Patrol By,1240,DOWNTOWN,SAPD-2026-1044218,29.483228,-98.498271,1785636309000,http://www.sanantonio.gov/sapd/Calls.aspx,Blue,a tbd link,26,8
08/01/26, 5:48:03,12811-12899 Independence Ave,78233,Other Calls,Suspicious Person,3250,NORTH,SAPD-2026-1043508,29.557892,-98.367841,1785624483000,http://www.sanantonio.gov/sapd/Calls.aspx,Blue,a tbd link,26,8
08/01/26,10:52:56 AM,8900 STATE HWY 151,78251,Other Calls,Patrol By,5350,WEST,SAPD-2026-1041983,29.445507,-98.664928,1785599576000,http://www.sanantonio.gov/sapd/Calls.aspx,Blue,a tbd link,26,8
08/01/26, 2:01:44,S Flores St / Stonewall Ave,78214,Traffic Calls,Traffic Violation,6210,SOUTH,SAPD-2026-1042672,29.373532,-98.498053,1785610904000,http://www.sanantonio.gov/sapd/Calls.aspx,Yellow,a tbd link,26,8
08/01/26, 9:06:03,STADIUM DR / N ST MARY'S ST,78212,Traffic Calls,Major Accident,1230,DOWNTOWN,SAPD-2026-1044226,29.45513,-98.481231,1785636363000,http://www.sanantonio.gov/sapd/Calls.aspx,Yellow,a tbd link,26,8
08/01/26, 5:46:56,6900 S Zarzamora St,78224,Other Calls,Disturbance,6130,SOUTH,SAPD-2026-1043502,29.359042,-98.534088,1785624416000,http://www.sanantonio.gov/sapd/Calls.aspx,Blue,a tbd link,26,8
08/01/26,10:55:12 AM,200 S Ww White Rd,78219,Other Calls,Disturbance,4240,EAST,SAPD-2026-1041995,29.427819,-98.405116,1785599712000,http://www.sanantonio.gov/sapd/Calls.aspx,Blue,a tbd link,26,8
08/01/26, 2:02:02,14001-14079 NACOGDOCHES RD,78247,Traffic Calls,Major Accident,3260,NORTH,SAPD-2026-1042674,29.569131,-98.383862,1785610922000,http://www.sanantonio.gov/sapd/Calls.aspx,Yellow,a tbd link,26,8
08/01/26, 9:08:45,3200 N St Mary's St,78212,Traffic Calls,Major Accident,1240,DOWNTOWN,SAPD-2026-1044235,29.454318,-98.482624,1785636525000,http://www.sanantonio.gov/sapd/Calls.aspx,Yellow,a tbd link,26,8
08/01/26, 5:47:37,Se Military Dr / S New Braunfels Ave,78223,Other Calls,Disturbance,6240,SOUTH,SAPD-2026-1043505,29.351729,-98.448488,1785624457000,http://www.sanantonio.gov/sapd/Calls.aspx,Blue,a tbd link,26,8
08/01/26,10:53:42 AM,2100 E Houston St,78202,Crimes Against Person Calls,Fight,4110,EAST,SAPD-2026-1041986,29.425476,-98.462083,1785599622000,http://www.sanantonio.gov/sapd/Calls.aspx,Red,a tbd link,26,8
08/01/26, 2:02:31,4800 Goldfield Dr,78218,Crimes Against Person Calls,Assault,4340,EAST,SAPD-2026-1042684,29.482237,-98.397172,1785610951000,http://www.sanantonio.gov/sapd/Calls.aspx,Red,a tbd link,26,8
08/01/26, 9:08:26,100 Brady Blvd,78207,Other Calls,Welfare Check,2340,CENTRAL,SAPD-2026-1044234,29.401996,-98.523745,1785636506000,http://www.sanantonio.gov/sapd/Calls.aspx,Blue,a tbd link,26,8
08/01/26, 5:49:07,3100 Sw Military Dr,78224,Property Crime Calls,Panhandler,6330,SOUTH,SAPD-2026-1043512,29.355717,-98.548612,1785624547000,http://www.sanantonio.gov/sapd/Calls.aspx,Green,a tbd link,26,8
08/01/26, 2:03:37,7900 Pipers Crk,78251,Other Calls,Welfare Check,5320,WEST,SAPD-2026-1042682,29.462739,-98.645364,1785611017000,http://www.sanantonio.gov/sapd/Calls.aspx,Blue,a tbd link,26,8
08/01/26, 9:06:56,18100 Talavera Rdg,78257,Crimes Against Person Calls,Fight,7260,PRUE,SAPD-2026-1044229,29.615045,-98.598728,1785636416000,http://www.sanantonio.gov/sapd/Calls.aspx,Red,a tbd link,26,8
08/01/26, 5:52:53,9900 Ingram Rd,78245,Property Crime Calls,Theft,5330,WEST,SAPD-2026-1043526,29.436988,-98.660794,1785624773000,http://www.sanantonio.gov/sapd/Calls.aspx,Green,a tbd link,26,8
08/01/26, 9:05:53,3100-3249 N St Mary's St,78212,Traffic Calls,Major Accident,1240,DOWNTOWN,SAPD-2026-1044225,29.454314,-98.48263,1785636353000,http://www.sanantonio.gov/sapd/Calls.aspx,Yellow,a tbd link,26,8
08/01/26, 2:01:30,3200 Sw Military Dr,78211,Traffic Calls,Major Accident,6320,SOUTH,SAPD-2026-1042669,29.357346,-98.54949,1785610890000,http://www.sanantonio.gov/sapd/Calls.aspx,Yellow,a tbd link,26,8
08/01/26, 5:48:37,Se Loop 410 Sb / Rigsby Ave,78222,Traffic Calls,Traffic Related,4250,EAST,SAPD-2026-1043511,29.39819,-98.389385,1785624517000,http://www.sanantonio.gov/sapd/Calls.aspx,Yellow,a tbd link,26,8
08/01/26,10:53:34 AM,5140-5198 N LOOP 1604 W EB,78249,Traffic Calls,Traffic Related,7230,PRUE,SAPD-2026-1041985,29.592156,-98.586709,1785599614000,http://www.sanantonio.gov/sapd/Calls.aspx,Yellow,a tbd link,26,8
08/01/26, 9:11:18,1000 S Ellison Dr,78245,Other Calls,Assist the Public,5330,WEST,SAPD-2026-1044245,29.427589,-98.681491,1785636678000,http://www.sanantonio.gov/sapd/Calls.aspx,Blue,a tbd link,26,8
08/01/26, 2:02:15,Stillforest / Misty Brook,78250,Traffic Calls,Abandoned Vehicle,7370,PRUE,SAPD-2026-1042676,29.508207,-98.67406,1785610935000,http://www.sanantonio.gov/sapd/Calls.aspx,Yellow,a tbd link,26,8
08/01/26, 5:48:16,100 Prosperity Dr,78237,Other Calls,Assist the Public,5140,WEST,SAPD-2026-1043522,29.425134,-98.57781,1785624496000,http://www.sanantonio.gov/sapd/Calls.aspx,Blue,a tbd link,26,8
08/01/26,10:55:20 AM,12500 Sw Loop 410,78224,Other Calls,Disturbance,6160,SOUTH,SAPD-2026-1041996,29.318742,-98.554081,1785599720000,http://www.sanantonio.gov/sapd/Calls.aspx,Blue,a tbd link,26,8
08/01/26, 9:08:50,3100 Lancrest Dr,78224,Other Calls,Disturbance Family,6160,SOUTH,SAPD-2026-1044238,29.304986,-98.560326,1785636530000,http://www.sanantonio.gov/sapd/Calls.aspx,Blue,a tbd link,26,8
08/01/26, 2:02:15,8000-8898 IH 10 W SB,78230,Traffic Calls,Traffic Related,7120,PRUE,SAPD-2026-1042675,29.515617,-98.553738,1785610935000,http://www.sanantonio.gov/sapd/Calls.aspx,Yellow,a tbd link,26,8
08/01/26, 5:53:50,8700 Thatch,78240,Other Calls,Miscellaneous,7320,PRUE,SAPD-2026-1043531,29.522795,-98.629155,1785624830000,http://www.sanantonio.gov/sapd/Calls.aspx,Blue,a tbd link,26,8
08/01/26,10:54:58 AM,13500 GEORGE RD,78230,Other Calls,Miscellaneous,7220,PRUE,SAPD-2026-1041992,29.563031,-98.538458,1785599698000,http://www.sanantonio.gov/sapd/Calls.aspx,Blue,a tbd link,26,8
08/01/26, 9:09:07,2000 Broadway,78215,Crimes Against Person Calls,Disturbance (Knife Involved),1230,DOWNTOWN,SAPD-2026-1044239,29.444687,-98.476519,1785636547000,http://www.sanantonio.gov/sapd/Calls.aspx,Red,a tbd link,26,8
08/01/26, 2:02:25,4400-4542 N LOOP 1604 W EB,78249,Traffic Calls,Traffic Related,7230,PRUE,SAPD-2026-1042677,29.596258,-98.570842,1785610945000,http://www.sanantonio.gov/sapd/Calls.aspx,Yellow,a tbd link,26,8
08/01/26, 5:50:56,3300 Se Military Dr,78235,Traffic Calls,Traffic Violation,6270,SOUTH,SAPD-2026-1043518,29.348258,-98.433573,1785624656000,http://www.sanantonio.gov/sapd/Calls.aspx,Yellow,a tbd link,26,8
08/01/26,10:54:26 AM,8400 NW MILITARY HWY,78231,Other Calls,Patrol By,7220,PRUE,SAPD-2026-1041989,29.551598,-98.532431,1785599666000,http://www.sanantonio.gov/sapd/Calls.aspx,Blue,a tbd link,26,8
08/01/26, 2:03:06,14000 Nacogdoches Rd,78247,Traffic Calls,Major Accident,3250,NORTH,SAPD-2026-1042680,29.568146,-98.383942,1785610986000,http://www.sanantonio.gov/sapd/Calls.aspx,Yellow,a tbd link,26,8
08/01/26, 5:51:03,Mainland Dr / Bandera Rd,78250,Other Calls,Welfare Check,7320,PRUE,SAPD-2026-1043519,29.515177,-98.634534,1785624663000,http://www.sanantonio.gov/sapd/Calls.aspx,Blue,a tbd link,26,8
08/01/26,10:55:02 AM,6400 Woodlake Pkwy,78244,Other Calls,SAPD Non-Emergency Call,NOT SAPD BEX,SAPD OUTSIDE AREA,SAPD-2026-1041993,29.484946,-98.347597,1785599702000,http://www.sanantonio.gov/sapd/Calls.aspx,Blue,a tbd link,26,8
08/01/26, 9:08:49,400 W Loop 1604 S,78245,Other Calls,Disturbance,5360,WEST,SAPD-2026-1044236,29.428774,-98.712928,1785636529000,http://www.sanantonio.gov/sapd/Calls.aspx,Blue,a tbd link,26,8
08/01/26, 2:04:33,E Martin St / N St Mary's St,78205,Other Calls,Disturbance,1130,DOWNTOWN,SAPD-2026-1042685,29.429263,-98.491324,1785611073000,http://www.sanantonio.gov/sapd/Calls.aspx,Blue,a tbd link,26,8
08/01/26,10:55:25 AM,5900 W COMMERCE ST,78237,Other Calls,Patrol By,5130,WEST,SAPD-2026-1041997,29.434082,-98.575275,1785599725000,http://www.sanantonio.gov/sapd/Calls.aspx,Blue,a tbd link,26,8
08/01/26, 5:49:15,3400 N St Mary's St,78212,Other Calls,Disturbance,1230,DOWNTOWN,SAPD-2026-1043514,29.45619,-98.480238,1785624555000,http://www.sanantonio.gov/sapd/Calls.aspx,Blue,a tbd link,26,8
08/01/26, 9:08:50,13000 Park Crossing Dr,78217,Other Calls,Disturbance,3240,NORTH,SAPD-2026-1044237,29.560308,-98.415867,1785636530000,http://www.sanantonio.gov/sapd/Calls.aspx,Blue,a tbd link,26,8
08/01/26, 2:06:15,7900 Broadway,78209,Traffic Calls,Traffic Related,3330,NORTH,SAPD-2026-1042690,29.506319,-98.467412,1785611175000,http://www.sanantonio.gov/sapd/Calls.aspx,Yellow,a tbd link,26,8
08/01/26,10:57:11 AM,Sw Military Dr / Wabash St,78224,Other Calls,Welfare Check,6130,SOUTH,SAPD-2026-1042004,29.356644,-98.537078,1785599831000,http://www.sanantonio.gov/sapd/Calls.aspx,Blue,a tbd link,26,8
08/01/26, 5:51:33,20646-21198 IH 10 W NB,78257,Traffic Calls,Traffic Related,7260,PRUE,SAPD-2026-1043521,29.635791,-98.613891,1785624693000,http://www.sanantonio.gov/sapd/Calls.aspx,Yellow,a tbd link,26,8
08/01/26, 9:14:10,1100 Ne Loop 410,78209-1526,Other Calls,Disturbance Family,3360,NORTH,SAPD-2026-1044251,29.516991,-98.455705,1785636850000,http://www.sanantonio.gov/sapd/Calls.aspx,Blue,a tbd link,26,8
08/01/26, 2:06:43,Ih 35 N Nb / O'connor Rd,78233,Traffic Calls,Traffic Related,3230,NORTH,SAPD-2026-1042692,29.545592,-98.368963,1785611203000,http://www.sanantonio.gov/sapd/Calls.aspx,Yellow,a tbd link,26,8
08/01/26,10:58:06 AM,Us Hwy 90 W / Hunt Ln,78227,Traffic Calls,Traffic Related,5340,WEST,SAPD-2026-1042005,29.394085,-98.659761,1785599886000,http://www.sanantonio.gov/sapd/Calls.aspx,Yellow,a tbd link,26,8
08/01/26, 5:51:31,300 Spriggsdale,78220,Other Calls,Disturbance,4160,EAST,SAPD-2026-1043520,29.417825,-98.439728,1785624691000,http://www.sanantonio.gov/sapd/Calls.aspx,Blue,a tbd link,26,8
08/01/26, 9:10:36,1000 N Frio St,78207,Other Calls,Welfare Check,2310,CENTRAL,SAPD-2026-1044242,29.436017,-98.50605,1785636636000,http://www.sanantonio.gov/sapd/Calls.aspx,Blue,a tbd link,26,8
08/01/26, 2:06:53,12500-12838 Us Hwy 281 N Nb,78216,Traffic Calls,Traffic Violation,3130,NORTH,SAPD-2026-1042693,29.55624,-98.485198,1785611213000,http://www.sanantonio.gov/sapd/Calls.aspx,Yellow,a tbd link,26,8
08/01/26,10:56:58 AM,I0 10 W SB,78230,Traffic Calls,Traffic Related,7120,PRUE,SAPD-2026-1042002,29.530335,-98.561487,1785599818000,http://www.sanantonio.gov/sapd/Calls.aspx,Yellow,a tbd link,26,8
08/01/26, 5:50:35,13000 Jones Maltsberger Rd,78247,Other Calls,Miscellaneous,3220,NORTH,SAPD-2026-1043517,29.559728,-98.459693,1785624635000,http://www.sanantonio.gov/sapd/Calls.aspx,Blue,a tbd link,26,8
08/01/26, 2:09:57,1200 Kentucky Ave,78201,Other Calls,Information,5210,WEST,SAPD-2026-1042700,29.446947,-98.531714,1785611397000,http://www.sanantonio.gov/sapd/Calls.aspx,Blue,a tbd link,26,8
08/01/26,10:57:17 AM,W0 HY90 W ONRP HARRIMAN PLACE,78204,Traffic Calls,Traffic Related,2340,CENTRAL,SAPD-2026-1042003,29.396818,-98.521473,1785599837000,http://www.sanantonio.gov/sapd/Calls.aspx,Yellow,a tbd link,26,8
08/01/26, 5:50:20,9700 Airport Blvd,78216,Other Calls,Property Found,SAT1,AIRPORT,SAPD-2026-1043515,29.527705,-98.472816,1785624620000,http://www.sanantonio.gov/sapd/Calls.aspx,Blue,a tbd link,26,8
08/01/26, 9:12:02,1000 S Ellison Dr,78245,Crimes Against Person Calls,Disturbance (Knife Involved),5330,WEST,SAPD-2026-1044244,29.427589,-98.681491,1785636722000,http://www.sanantonio.gov/sapd/Calls.aspx,Red,a tbd link,26,8
08/01/26, 5:52:26,1000 Lovera Blvd,78201,Traffic Calls,Minor Accident,2220,CENTRAL,SAPD-2026-1043523,29.483784,-98.511085,1785624746000,http://www.sanantonio.gov/sapd/Calls.aspx,Yellow,a tbd link,26,8
08/01/26,10:59:07 AM,26900 Us Hwy 281 N,78261,Traffic Calls,Minor Accident,3150,NORTH,SAPD-2026-1042008,29.697463,-98.450837,1785599947000,http://www.sanantonio.gov/sapd/Calls.aspx,Yellow,a tbd link,26,8
08/01/26, 2:10:13,1000 N Loop 1604 E,78232,Other Calls,Narcotic Laws,3160,NORTH,SAPD-2026-1042702,29.611863,-98.477517,1785611413000,http://www.sanantonio.gov/sapd/Calls.aspx,Blue,a tbd link,26,8
08/01/26, 9:15:08,400 Furnish Ave,78204,Other Calls,Welfare Check,1140,DOWNTOWN,SAPD-2026-1044258,29.405637,-98.509229,1785636908000,http://www.sanantonio.gov/sapd/Calls.aspx,Blue,a tbd link,26,8
08/01/26, 5:55:06,3900 Barrington,78217,Crimes Against Person Calls,Disturbance (Gun Involved),3370,NORTH,SAPD-2026-1043535,29.523454,-98.419122,1785624906000,http://www.sanantonio.gov/sapd/Calls.aspx,Red,a tbd link,26,8
08/01/26,10:58:10 AM,TOBIN PARK TRAILHEAD,78217,Other Calls,Patrol By,4360,EAST,SAPD-2026-1042006,29.515485,-98.428003,1785599890000,http://www.sanantonio.gov/sapd/Calls.aspx,Blue,a tbd link,26,8
08/01/26, 2:08:15,900 Bandera Rd,78228,Traffic Calls,Accident Private Property,5220,WEST,SAPD-2026-1042695,29.458617,-98.55379,1785611295000,http://www.sanantonio.gov/sapd/Calls.aspx,Yellow,a tbd link,26,8
08/01/26, 9:12:48,7600 Us Hwy 90 W,78227,Other Calls,Disturbance Loud Music,6360,SOUTH,SAPD-2026-1044247,29.39857,-98.641611,1785636768000,http://www.sanantonio.gov/sapd/Calls.aspx,Blue,a tbd link,26,8
08/01/26, 5:52:00,13000 Jones Maltsberger Rd,78247,Other Calls,Assist the Public,3220,NORTH,SAPD-2026-1043532,29.559728,-98.459693,1785624720000,http://www.sanantonio.gov/sapd/Calls.aspx,Blue,a tbd link,26,8
08/01/26,10:59:46 AM,E Houston St / N New Braunfels Ave,78202,Crimes Against Person Calls,Assault In Progress,4110,EAST,SAPD-2026-1042012,29.425064,-98.461051,1785599986000,http://www.sanantonio.gov/sapd/Calls.aspx,Red,a tbd link,26,8
08/01/26, 2:09:34,Ih 35 N Nb / N Weidner Rd,78233,Traffic Calls,Traffic Related,3230,NORTH,SAPD-2026-1042699,29.539741,-98.37923,1785611374000,http://www.sanantonio.gov/sapd/Calls.aspx,Yellow,a tbd link,26,8
08/01/26, 9:12:02,Ruiz St / Nw 26th St,78228,Other Calls,Patrol By,2360,CENTRAL,SAPD-2026-1044243,29.438094,-98.544005,1785636722000,http://www.sanantonio.gov/sapd/Calls.aspx,Blue,a tbd link,26,8
08/01/26, 5:54:14,8500 Ih 35 S,78211,Other Calls,Miscellaneous,6140,SOUTH,SAPD-2026-1043530,29.338979,-98.554944,1785624854000,http://www.sanantonio.gov/sapd/Calls.aspx,Blue,a tbd link,26,8
08/01/26,11:00:17 AM,300 E Cevallos St,78204,Property Crime Calls,Burglary Vehicle,1140,DOWNTOWN,SAPD-2026-1042014,29.408286,-98.497513,1785600017000,http://www.sanantonio.gov/sapd/Calls.aspx,Green,a tbd link,26,8
08/01/26, 2:08:15,12400 Ih 10 W,78230,Other Calls,Disturbance,7230,PRUE,SAPD-2026-1042694,29.556794,-98.58756,1785611295000,http://www.sanantonio.gov/sapd/Calls.aspx,Blue,a tbd link,26,8
08/01/26, 5:54:30,7300 Oak Manor Dr,78229,Property Crime Calls,Burglary in Progress,7130,PRUE,SAPD-2026-1043540,29.502379,-98.574017,1785624870000,http://www.sanantonio.gov/sapd/Calls.aspx,Green,a tbd link,26,8
08/01/26,10:58:28 AM,5600 LAKEFRONT,78222,Other Calls,Patrol By,4250,EAST,SAPD-2026-1042007,29.395507,-98.38029,1785599908000,http://www.sanantonio.gov/sapd/Calls.aspx,Blue,a tbd link,26,8
08/01/26, 2:08:47,500 Callaghan Rd,78228,Property Crime Calls,Theft In Progress,5160,WEST,SAPD-2026-1042697,29.440898,-98.599874,1785611327000,http://www.sanantonio.gov/sapd/Calls.aspx,Green,a tbd link,26,8
08/01/26, 9:16:04,100 Rockwood Ct,78210,Crimes Against Person Calls,Suspicious Vehicle,6220,SOUTH,SAPD-2026-1044260,29.389391,-98.478855,1785636964000,http://www.sanantonio.gov/sapd/Calls.aspx,Red,a tbd link,26,8
08/01/26,10:59:40 AM,6400 Eckhert Rd,78240,Other Calls,Missing Person - Endangered,7310,PRUE,SAPD-2026-1042011,29.518663,-98.614181,1785599980000,http://www.sanantonio.gov/sapd/Calls.aspx,Blue,a tbd link,26,8
08/01/26, 5:53:15,Utopia Hts / Utopia Ln,78223,Traffic Calls,Traffic Violation,6240,SOUTH,SAPD-2026-1043527,29.35949,-98.437539,1785624795000,http://www.sanantonio.gov/sapd/Calls.aspx,Yellow,a tbd link,26,8
08/01/26, 2:10:27,300 Oneoak,78228,Other Calls,Disturbance,5260,WEST,SAPD-2026-1042701,29.483731,-98.566459,1785611427000,http://www.sanantonio.gov/sapd/Calls.aspx,Blue,a tbd link,26,8
08/01/26, 9:13:16,7400 Obbligato Ln,78266,Crimes Against Person Calls,Assault In Progress,3260,NORTH,SAPD-2026-1044248,29.592986,-98.342386,1785636796000,http://www.sanantonio.gov/sapd/Calls.aspx,Red,a tbd link,26,8
08/01/26,10:59:25 AM,E0 N LOOP 1604 W OFRP W BITTERS RD,78257,Traffic Calls,Traffic Related,7260,PRUE,SAPD-2026-1042009,29.599462,-98.563659,1785599965000,http://www.sanantonio.gov/sapd/Calls.aspx,Yellow,a tbd link,26,8
08/01/26, 5:55:03,Us Hwy 281 N Sb / Jones Maltsberger Rd,78216,Other Calls,Welfare Check,3350,NORTH,SAPD-2026-1043533,29.527808,-98.483683,1785624903000,http://www.sanantonio.gov/sapd/Calls.aspx,Blue,a tbd link,26,8
08/01/26, 2:10:54,17600 Henderson Pass,78232,Property Crime Calls,Burglary Vehicle,3140,NORTH,SAPD-2026-1042704,29.604922,-98.464589,1785611454000,http://www.sanantonio.gov/sapd/Calls.aspx,Green,a tbd link,26,8
08/01/26, 9:13:33,700 Shorleaf,78245,Other Calls,Disturbance,5330,WEST,SAPD-2026-1044250,29.425396,-98.669575,1785636813000,http://www.sanantonio.gov/sapd/Calls.aspx,Blue,a tbd link,26,8
08/01/26,11:00:34 AM,7000 Ih 35 N,78218,Other Calls,Disturbance,4340,EAST,SAPD-2026-1042016,29.495833,-98.399472,1785600034000,http://www.sanantonio.gov/sapd/Calls.aspx,Blue,a tbd link,26,8
08/01/26, 5:57:07,Ih 10 W / Wurzbach Rd,78230,Traffic Calls,Major Accident,7210,PRUE,SAPD-2026-1043538,29.531466,-98.561849,1785625027000,http://www.sanantonio.gov/sapd/Calls.aspx,Yellow,a tbd link,26,8
08/01/26, 2:09:21,800 N Loop 1604 E,78232,Traffic Calls,Minor Accident,3160,NORTH,SAPD-2026-1042698,29.609167,-98.48,1785611361000,http://www.sanantonio.gov/sapd/Calls.aspx,Yellow,a tbd link,26,8
08/01/26, 9:12:54,4500 Longvale Dr,78217,Crimes Against Person Calls,Fight,3370,NORTH,SAPD-2026-1044246,29.530148,-98.402433,1785636774000,http://www.sanantonio.gov/sapd/Calls.aspx,Red,a tbd link,26,8
08/01/26,11:01:50 AM,7000 Ih 35 N,78218,Other Calls,Disturbance,4340,EAST,SAPD-2026-1042022,29.495833,-98.399472,1785600110000,http://www.sanantonio.gov/sapd/Calls.aspx,Blue,a tbd link,26,8
08/01/26, 5:52:42,6300 MEDINA BASE RD,78227,Other Calls,Patrol By,6360,SOUTH,SAPD-2026-1043524,29.368319,-98.631082,1785624762000,http://www.sanantonio.gov/sapd/Calls.aspx,Blue,a tbd link,26,8
08/01/26, 2:08:19,LOOP 1604 W EB,78258,Traffic Calls,Traffic Related,7240,PRUE,SAPD-2026-1042696,29.603366,-98.533044,1785611299000,http://www.sanantonio.gov/sapd/Calls.aspx,Yellow,a tbd link,26,8
08/01/26,11:02:03 AM,2100 S Zarzamora St,78207,Other Calls,Disturbance,2340,CENTRAL,SAPD-2026-1042023,29.401147,-98.5298,1785600123000,http://www.sanantonio.gov/sapd/Calls.aspx,Blue,a tbd link,26,8
08/01/26, 5:52:49,3200 NORTHWESTERN DR,78238,Other Calls,Wanted Person,5310,WEST,SAPD-2026-1043525,29.465062,-98.625172,1785624769000,http://www.sanantonio.gov/sapd/Calls.aspx,Blue,a tbd link,26,8
08/01/26, 2:10:20,13655-13699 Ih 10 W Nb,78249,Traffic Calls,Traffic Related,7230,PRUE,SAPD-2026-1042703,29.575309,-98.594528,1785611420000,http://www.sanantonio.gov/sapd/Calls.aspx,Yellow,a tbd link,26,8
08/01/26, 6:01:31,2300 Nw Military Hwy,78230,Property Crime Calls,Criminal Mischief,7220,PRUE,SAPD-2026-1043552,29.544899,-98.529811,1785625291000,http://www.sanantonio.gov/sapd/Calls.aspx,Green,a tbd link,26,8
08/01/26, 9:18:50,7800 Fredericksburg Rd,78229-3418,Other Calls,Welfare Check,7110,PRUE,SAPD-2026-1044273,29.510642,-98.566472,1785637130000,http://www.sanantonio.gov/sapd/Calls.aspx,Blue,a tbd link,26,8
08/01/26,11:02:01 AM,King Ave / Clarendon,78211,Traffic Calls,Major Accident,6320,SOUTH,SAPD-2026-1042020,29.363985,-98.554212,1785600121000,http://www.sanantonio.gov/sapd/Calls.aspx,Yellow,a tbd link,26,8
08/01/26, 2:11:53,4000 Anton Dr,78223,Crimes Against Person Calls,Threats,4260,EAST,SAPD-2026-1042709,29.363817,-98.417504,1785611513000,http://www.sanantonio.gov/sapd/Calls.aspx,Red,a tbd link,26,8
08/01/26, 5:55:42,4800 Blk Ih 10 W Sb,78201,Traffic Calls,Traffic Related,5240,WEST,SAPD-2026-1043536,29.4719,-98.516291,1785624942000,http://www.sanantonio.gov/sapd/Calls.aspx,Yellow,a tbd link,26,8
08/01/26, 9:14:48,600 Sw 19th St,78207,Property Crime Calls,Theft In Progress,2350,CENTRAL,SAPD-2026-1044256,29.423089,-98.536852,1785636888000,http://www.sanantonio.gov/sapd/Calls.aspx,Green,a tbd link,26,8
08/01/26,11:03:58 AM,900 Manor Dr,78228,Other Calls,Assist the Public,5230,WEST,SAPD-2026-1042029,29.464506,-98.542839,1785600238000,http://www.sanantonio.gov/sapd/Calls.aspx,Blue,a tbd link,26,8
08/01/26, 2:11:05,Ne Loop 410 Wb / Perrin Beitel,78217,Traffic Calls,Major Accident,3370,NORTH,SAPD-2026-1042706,29.516062,-98.411066,1785611465000,http://www.sanantonio.gov/sapd/Calls.aspx,Yellow,a tbd link,26,8
08/01/26, 5:55:00,Se Loop 410 Sb / Rigsby Ave,78222,Traffic Calls,Traffic Related,4250,EAST,SAPD-2026-1043534,29.39819,-98.389385,1785624900000,http://www.sanantonio.gov/sapd/Calls.aspx,Yellow,a tbd link,26,8
08/01/26, 9:15:53,4800 CALLAGHAN RD,78228,Traffic Calls,Minor Accident,5260,WEST,SAPD-2026-1044259,29.475227,-98.594758,1785636953000,http://www.sanantonio.gov/sapd/Calls.aspx,Yellow,a tbd link,26,8
08/01/26,11:04:27 AM,100 Postwood Dr,78228,Other Calls,Assist the Public,5260,WEST,SAPD-2026-1042030,29.480209,-98.577997,1785600267000,http://www.sanantonio.gov/sapd/Calls.aspx,Blue,a tbd link,26,8
08/01/26, 2:11:26,11400 Culebra Rd,78253,Other Calls,Wanted Person,NOT SAPD BEX,SAPD OUTSIDE AREA,SAPD-2026-1042707,29.498672,-98.71745,1785611486000,http://www.sanantonio.gov/sapd/Calls.aspx,Blue,a tbd link,26,8
08/01/26, 5:53:56,11400 Perrin Beitel,78217,Crimes Against Person Calls,Assault,3210,NORTH,SAPD-2026-1043528,29.543736,-98.411375,1785624836000,http://www.sanantonio.gov/sapd/Calls.aspx,Red,a tbd link,26,8
08/01/26, 9:20:50,Leigh St / S Presa St,78210,Property Crime Calls,Theft of Vehicle,1110,DOWNTOWN,SAPD-2026-1044276,29.413564,-98.488072,1785637250000,http://www.sanantonio.gov/sapd/Calls.aspx,Green,a tbd link,26,8
08/01/26,11:04:56 AM,King Ave / Clarendon,78211,Traffic Calls,Minor Accident,6320,SOUTH,SAPD-2026-1042033,29.363985,-98.554212,1785600296000,http://www.sanantonio.gov/sapd/Calls.aspx,Yellow,a tbd link,26,8
08/01/26, 2:12:39,1000 Vanderbilt,78210,Other Calls,Assist the Public,4150,EAST,SAPD-2026-1042708,29.389904,-98.457993,1785611559000,http://www.sanantonio.gov/sapd/Calls.aspx,Blue,a tbd link,26,8
08/01/26, 9:19:29,400 E Cheryl Dr,78228,Other Calls,Welfare Check,5220,WEST,SAPD-2026-1044272,29.464361,-98.556822,1785637169000,http://www.sanantonio.gov/sapd/Calls.aspx,Blue,a tbd link,26,8
08/01/26,11:08:13 AM,6100 Nw Loop 410,78238,Traffic Calls,Minor Accident,5310,WEST,SAPD-2026-1042043,29.469661,-98.616738,1785600493000,http://www.sanantonio.gov/sapd/Calls.aspx,Yellow,a tbd link,26,8
08/01/26, 2:14:41,400 Orchard Willow,78245,Other Calls,Assist the Public,5330,WEST,SAPD-2026-1042713,29.434814,-98.661999,1785611681000,http://www.sanantonio.gov/sapd/Calls.aspx,Blue,a tbd link,26,8
08/01/26, 5:55:55,Se Loop 410 Sb / Rigsby Ave,78222,Traffic Calls,Traffic Related,4250,EAST,SAPD-2026-1043537,29.39819,-98.389385,1785624955000,http://www.sanantonio.gov/sapd/Calls.aspx,Yellow,a tbd link,26,8
08/01/26,11:05:00 AM,Clarendon / King Ave,78211,Traffic Calls,Major Accident,6320,SOUTH,SAPD-2026-1042034,29.363985,-98.554212,1785600300000,http://www.sanantonio.gov/sapd/Calls.aspx,Yellow,a tbd link,26,8
08/01/26, 9:16:25,400 Barrera,78210,Other Calls,Disturbance Loud Music,1110,DOWNTOWN,SAPD-2026-1044261,29.41425,-98.484583,1785636985000,http://www.sanantonio.gov/sapd/Calls.aspx,Blue,a tbd link,26,8
08/01/26, 2:15:38,900 Darby Blvd,78207,Other Calls,Disturbance,6310,SOUTH,SAPD-2026-1042717,29.399892,-98.54752,1785611738000,http://www.sanantonio.gov/sapd/Calls.aspx,Blue,a tbd link,26,8
08/01/26, 5:58:09,Se Loop 410 Sb / Rigsby Ave,78222,Traffic Calls,Traffic Related,4250,EAST,SAPD-2026-1043542,29.39819,-98.389385,1785625089000,http://www.sanantonio.gov/sapd/Calls.aspx,Yellow,a tbd link,26,8
08/01/26,11:08:14 AM,7500 Pipers Ln,78251,Other Calls,Visitation Violation,5320,WEST,SAPD-2026-1042044,29.470184,-98.638128,1785600494000,http://www.sanantonio.gov/sapd/Calls.aspx,Blue,a tbd link,26,8
08/01/26, 9:16:57,9500 Perrin Beitel,78217,Other Calls,Disturbance,3370,NORTH,SAPD-2026-1044264,29.526656,-98.413739,1785637017000,http://www.sanantonio.gov/sapd/Calls.aspx,Blue,a tbd link,26,8
08/01/26, 2:15:44,400 E Young Ave,78214,Other Calls,Disturbance Family,6210,SOUTH,SAPD-2026-1042718,29.375524,-98.492278,1785611744000,http://www.sanantonio.gov/sapd/Calls.aspx,Blue,a tbd link,26,8
08/01/26, 5:57:08,1300 Se Loop 410 Sb,78220,Traffic Calls,Traffic Related,4240,EAST,SAPD-2026-1043539,29.408852,-98.389392,1785625028000,http://www.sanantonio.gov/sapd/Calls.aspx,Yellow,a tbd link,26,8
08/01/26,11:04:28 AM,W0 US HWY 90 W ONRP BRADY BLVD,78237,Traffic Calls,Traffic Related,5120,WEST,SAPD-2026-1042031,29.404539,-98.552866,1785600268000,http://www.sanantonio.gov/sapd/Calls.aspx,Yellow,a tbd link,26,8
08/01/26, 9:18:42,1900 Larkspur,78213,Other Calls,Assist the Public,3110,NORTH,SAPD-2026-1044271,29.546231,-98.5221,1785637122000,http://www.sanantonio.gov/sapd/Calls.aspx,Blue,a tbd link,26,8
08/01/26, 2:17:36,11500 Blk Ih 35 N Nb,78233,Traffic Calls,Traffic Related,3230,NORTH,SAPD-2026-1042723,29.543836,-98.37198,1785611856000,http://www.sanantonio.gov/sapd/Calls.aspx,Yellow,a tbd link,26,8
08/01/26, 5:59:19,1300 Se Loop 410 Sb,78220,Traffic Calls,Traffic Related,4240,EAST,SAPD-2026-1043546,29.408852,-98.389392,1785625159000,http://www.sanantonio.gov/sapd/Calls.aspx,Yellow,a tbd link,26,8
08/01/26,11:06:54 AM,2900 Old Thousand Oaks,78247,Traffic Calls,Minor Accident,3220,NORTH,SAPD-2026-1042040,29.576116,-98.440916,1785600414000,http://www.sanantonio.gov/sapd/Calls.aspx,Yellow,a tbd link,26,8
08/01/26, 9:17:23,700 Nw Loop 410,78216,Property Crime Calls,Theft In Progress,3320,NORTH,SAPD-2026-1044267,29.5175,-98.505,1785637043000,http://www.sanantonio.gov/sapd/Calls.aspx,Green,a tbd link,26,8
08/01/26, 2:15:25,Potranco Rd / Talley Rd,78253,Other Calls,SAPD Non-Emergency Call,NOT SAPD BEX,SAPD OUTSIDE AREA,SAPD-2026-1042714,29.429499,-98.747785,1785611725000,http://www.sanantonio.gov/sapd/Calls.aspx,Blue,a tbd link,26,8
08/01/26, 2:17:41,4100 Rogers Rd,78251,Property Crime Calls,Burglary Vehicle,5350,WEST,SAPD-2026-1042724,29.473987,-98.693198,1785611861000,http://www.sanantonio.gov/sapd/Calls.aspx,Green,a tbd link,26,8
08/01/26,11:08:26 AM,7600 Flower Blf,78240,Other Calls,Welfare Check,7320,PRUE,SAPD-2026-1042045,29.538497,-98.636936,1785600506000,http://www.sanantonio.gov/sapd/Calls.aspx,Blue,a tbd link,26,8
08/01/26, 9:23:08,300 Porter St,78210,Other Calls,Missing Person/Runaway,4120,EAST,SAPD-2026-1044281,29.405912,-98.464641,1785637388000,http://www.sanantonio.gov/sapd/Calls.aspx,Blue,a tbd link,26,8
08/01/26,11:06:11 AM,4100 Medical Dr,78229,Traffic Calls,Abandoned Vehicle,7120,PRUE,SAPD-2026-1042039,29.516805,-98.562575,1785600371000,http://www.sanantonio.gov/sapd/Calls.aspx,Yellow,a tbd link,26,8
08/01/26, 5:58:29,10000-10150 US HWY 281 N,78216,Traffic Calls,Traffic Related,3350,NORTH,SAPD-2026-1043541,29.531351,-98.484998,1785625109000,http://www.sanantonio.gov/sapd/Calls.aspx,Yellow,a tbd link,26,8
08/01/26, 2:16:51,300 Belmont,78202,Crimes Against Person Calls,Suspicious Vehicle with Gun,4140,EAST,SAPD-2026-1042719,29.420345,-98.456104,1785611811000,http://www.sanantonio.gov/sapd/Calls.aspx,Red,a tbd link,26,8
08/01/26, 9:17:15,200 W Travis St,78205,Traffic Calls,Traffic Violation,1120,DOWNTOWN,SAPD-2026-1044266,29.427601,-98.495129,1785637035000,http://www.sanantonio.gov/sapd/Calls.aspx,Yellow,a tbd link,26,8
08/01/26,11:05:50 AM,1900 LARKSPUR DR,78213,Other Calls,Patrol By,3110,NORTH,SAPD-2026-1042035,29.545873,-98.523559,1785600350000,http://www.sanantonio.gov/sapd/Calls.aspx,Blue,a tbd link,26,8
08/01/26, 5:59:05,4671-4699 CALLAGHAN RD,78238,Other Calls,Assist the Public,5270,WEST,SAPD-2026-1043544,29.474968,-98.60057,1785625145000,http://www.sanantonio.gov/sapd/Calls.aspx,Blue,a tbd link,26,8
08/01/26, 2:17:02,300 W Petaluma Blvd,78221,Other Calls,Miscellaneous,6150,SOUTH,SAPD-2026-1042720,29.339758,-98.513268,1785611822000,http://www.sanantonio.gov/sapd/Calls.aspx,Blue,a tbd link,26,8
08/01/26, 9:18:20,400 E Commerce St,78205,Other Calls,Miscellaneous,1110,DOWNTOWN,SAPD-2026-1044269,29.423798,-98.488631,1785637100000,http://www.sanantonio.gov/sapd/Calls.aspx,Blue,a tbd link,26,8
08/01/26,11:06:06 AM,2900-2940 NE LOOP 410 EB,78218,Traffic Calls,Traffic Related,4360,EAST,SAPD-2026-1042036,29.515918,-98.40653,1785600366000,http://www.sanantonio.gov/sapd/Calls.aspx,Yellow,a tbd link,26,8
08/01/26, 6:09:21,500 Ruiz St,78207,Other Calls,Welfare Check,2310,CENTRAL,SAPD-2026-1043581,29.434761,-98.50822,1785625761000,http://www.sanantonio.gov/sapd/Calls.aspx,Blue,a tbd link,26,8
08/01/26, 2:17:34,1000 Vanderbilt,78210,Other Calls,Disturbance,4150,EAST,SAPD-2026-1042721,29.389904,-98.457993,1785611854000,http://www.sanantonio.gov/sapd/Calls.aspx,Blue,a tbd link,26,8
08/01/26, 9:23:42,3200 Nacogdoches Rd,78217,Other Calls,Assist the Public,3360,NORTH,SAPD-2026-1044287,29.528124,-98.435589,1785637422000,http://www.sanantonio.gov/sapd/Calls.aspx,Blue,a tbd link,26,8
08/01/26,11:14:54 AM,7000 Almond Green Dr,78250,Other Calls,Information,7370,PRUE,SAPD-2026-1042076,29.504455,-98.67684,1785600894000,http://www.sanantonio.gov/sapd/Calls.aspx,Blue,a tbd link,26,8
08/01/26, 5:59:30,N0 LOOP 410 ACCESS RD,78238,Traffic Calls,Traffic Related,5270,WEST,SAPD-2026-1043547,29.454153,-98.628651,1785625170000,http://www.sanantonio.gov/sapd/Calls.aspx,Yellow,a tbd link,26,8
08/01/26, 2:18:02,10900 State Hwy 151,78251,Traffic Calls,Minor Accident,5360,WEST,SAPD-2026-1042726,29.46145,-98.69217,1785611882000,http://www.sanantonio.gov/sapd/Calls.aspx,Yellow,a tbd link,26,8
08/01/26, 9:23:35,700 Yellow Wood,78219,Crimes Against Person Calls,Suspicious Vehicle,4310,EAST,SAPD-2026-1044283,29.432707,-98.413181,1785637415000,http://www.sanantonio.gov/sapd/Calls.aspx,Red,a tbd link,26,8
08/01/26, 6:03:13,10900 Antares Forest,78239,Crimes Against Person Calls,Threats,3230,NORTH,SAPD-2026-1043557,29.537499,-98.364471,1785625393000,http://www.sanantonio.gov/sapd/Calls.aspx,Red,a tbd link,26,8
08/01/26, 2:17:35,3200 Wurzbach Rd,78238,Property Crime Calls,Theft,5310,WEST,SAPD-2026-1042722,29.466621,-98.623051,1785611855000,http://www.sanantonio.gov/sapd/Calls.aspx,Green,a tbd link,26,8
08/01/26, 9:23:26,1700 Ann Arbor Dr,78224,Traffic Calls,Minor Accident,6140,SOUTH,SAPD-2026-1044286,29.334053,-98.535379,1785637406000,http://www.sanantonio.gov/sapd/Calls.aspx,Yellow,a tbd link,26,8
08/01/26, 2:18:09,2800 Sw Military Dr,78224,Property Crime Calls,Shoplifting,6330,SOUTH,SAPD-2026-1042727,29.355505,-98.542718,1785611889000,http://www.sanantonio.gov/sapd/Calls.aspx,Green,a tbd link,26,8
08/01/26, 6:02:33,200 Natalen Ave,78209,Traffic Calls,Traffic Related,1230,DOWNTOWN,SAPD-2026-1043554,29.456522,-98.468312,1785625353000,http://www.sanantonio.gov/sapd/Calls.aspx,Yellow,a tbd link,26,8
08/01/26,11:10:00 AM,8000 Jones Maltsberger Rd,78216,Other Calls,Welfare Check,3320,NORTH,SAPD-2026-1042050,29.510096,-98.482144,1785600600000,http://www.sanantonio.gov/sapd/Calls.aspx,Blue,a tbd link,26,8
08/01/26, 9:23:15,900 E Basse Rd,78209,Other Calls,Narcotic Laws,3330,NORTH,SAPD-2026-1044282,29.498206,-98.468452,1785637395000,http://www.sanantonio.gov/sapd/Calls.aspx,Blue,a tbd link,26,8
08/01/26, 2:19:45,12400-12698 Us Hwy 90 W Eb,78245,Traffic Calls,Traffic Related,NOT SAPD BEX,SAPD OUTSIDE AREA,SAPD-2026-1042730,29.375005,-98.744038,1785611985000,http://www.sanantonio.gov/sapd/Calls.aspx,Yellow,a tbd link,26,8
08/01/26, 6:02:11,Roosevelt Ave / School St,78210,Traffic Calls,Minor Accident,6220,SOUTH,SAPD-2026-1043553,29.387572,-98.485733,1785625331000,http://www.sanantonio.gov/sapd/Calls.aspx,Yellow,a tbd link,26,8
08/01/26,11:10:14 AM,13100 Jones Maltsberger Rd,78247,Other Calls,Animal Related,3220,NORTH,SAPD-2026-1042052,29.562231,-98.458083,1785600614000,http://www.sanantonio.gov/sapd/Calls.aspx,Blue,a tbd link,26,8
08/01/26, 9:25:53,4700 Ih 35 S,78214,Other Calls,Welfare Check,6210,SOUTH,SAPD-2026-1044296,29.378781,-98.512561,1785637553000,http://www.sanantonio.gov/sapd/Calls.aspx,Blue,a tbd link,26,8
08/01/26, 2:24:05,7100 Oaklawn,78229,Property Crime Calls,Theft of Vehicle,7110,PRUE,SAPD-2026-1042739,29.499354,-98.556403,1785612245000,http://www.sanantonio.gov/sapd/Calls.aspx,Green,a tbd link,26,8
08/01/26, 6:03:37,Ih 10 E Wb / Martin Luther King Dr,78220,Other Calls,Welfare Check,4160,EAST,SAPD-2026-1043559,29.413159,-98.431932,1785625417000,http://www.sanantonio.gov/sapd/Calls.aspx,Blue,a tbd link,26,8
08/01/26,11:07:51 AM,7301-7499 N LOOP 1604 W SB,78249,Traffic Calls,Traffic Related,7250,PRUE,SAPD-2026-1042041,29.584973,-98.637936,1785600471000,http://www.sanantonio.gov/sapd/Calls.aspx,Yellow,a tbd link,26,8
08/01/26, 9:23:48,900 E Basse Rd,78209,Other Calls,Narcotic Laws,3330,NORTH,SAPD-2026-1044285,29.498206,-98.468452,1785637428000,http://www.sanantonio.gov/sapd/Calls.aspx,Blue,a tbd link,26,8
08/01/26, 2:22:18,813-954 E Hildebrand Ave,78212,Traffic Calls,Major Accident,1230,DOWNTOWN,SAPD-2026-1042733,29.46559,-98.469558,1785612138000,http://www.sanantonio.gov/sapd/Calls.aspx,Yellow,a tbd link,26,8
08/01/26, 6:03:42,4100 E Houston St,78219,Other Calls,Miscellaneous,4230,EAST,SAPD-2026-1043563,29.426439,-98.417106,1785625422000,http://www.sanantonio.gov/sapd/Calls.aspx,Blue,a tbd link,26,8
08/01/26,11:09:56 AM,200 Las Palmas Dr,78237,Traffic Calls,Minor Accident,5110,WEST,SAPD-2026-1042049,29.419888,-98.549078,1785600596000,http://www.sanantonio.gov/sapd/Calls.aspx,Yellow,a tbd link,26,8
08/01/26, 9:23:00,900 W Ashby Place,78212,Other Calls,Disturbance,1220,DOWNTOWN,SAPD-2026-1044280,29.449126,-98.504505,1785637380000,http://www.sanantonio.gov/sapd/Calls.aspx,Blue,a tbd link,26,8
08/01/26, 6:02:39,17500 La Cantera Pkwy,78257,Traffic Calls,Minor Accident,7260,PRUE,SAPD-2026-1043555,29.6062,-98.597057,1785625359000,http://www.sanantonio.gov/sapd/Calls.aspx,Yellow,a tbd link,26,8
08/01/26,11:11:19 AM,11800 Us Hwy 281 N,78216,Other Calls,Suspicious Person,3120,NORTH,SAPD-2026-1042054,29.548691,-98.489153,1785600679000,http://www.sanantonio.gov/sapd/Calls.aspx,Blue,a tbd link,26,8
08/01/26, 9:25:00,Sw 19th St / Ceralvo St,78207,Crimes Against Person Calls,Assault In Progress,2350,CENTRAL,SAPD-2026-1044292,29.407683,-98.53878,1785637500000,http://www.sanantonio.gov/sapd/Calls.aspx,Red,a tbd link,26,8
08/01/26,11:09:41 AM,1400 Ne Loop 410,78209,Property Crime Calls,Theft,3330,NORTH,SAPD-2026-1042051,29.515474,-98.444908,1785600581000,http://www.sanantonio.gov/sapd/Calls.aspx,Green,a tbd link,26,8
08/01/26, 6:03:23,Loop 1604 E,78247,Traffic Calls,DWI,3260,NORTH,SAPD-2026-1043558,29.602484,-98.400915,1785625403000,http://www.sanantonio.gov/sapd/Calls.aspx,Yellow,a tbd link,26,8
08/01/26, 9:25:10,Ih 10 W Sb / West Ave,78201,Traffic Calls,Traffic Violation,2220,CENTRAL,SAPD-2026-1044293,29.481309,-98.52599,1785637510000,http://www.sanantonio.gov/sapd/Calls.aspx,Yellow,a tbd link,26,8
08/01/26,11:08:46 AM,6500 BINZ-ENGLEMAN RD,78244,Other Calls,Patrol By,4320,EAST,SAPD-2026-1042046,29.462742,-98.360773,1785600526000,http://www.sanantonio.gov/sapd/Calls.aspx,Blue,a tbd link,26,8
08/01/26, 6:07:33,4500 Hidden Crk,78238,Other Calls,Missing Person/Runaway,5310,WEST,SAPD-2026-1043573,29.476134,-98.629669,1785625653000,http://www.sanantonio.gov/sapd/Calls.aspx,Blue,a tbd link,26,8
08/01/26, 2:22:42,Broadway / E Hildebrand Ave,78209,Traffic Calls,Major Accident,1230,DOWNTOWN,SAPD-2026-1042735,29.465754,-98.463692,1785612162000,http://www.sanantonio.gov/sapd/Calls.aspx,Yellow,a tbd link,26,8
08/01/26, 9:24:03,15100 Blanco Rd,78232,Other Calls,Disturbance Neighbor,7240,PRUE,SAPD-2026-1044289,29.582666,-98.515372,1785637443000,http://www.sanantonio.gov/sapd/Calls.aspx,Blue,a tbd link,26,8
08/01/26,11:11:21 AM,S0 Lp 410 Onrp Wb Us Hwy 90,78227,Traffic Calls,Traffic Related,5340,WEST,SAPD-2026-1042055,29.394898,-98.65744,1785600681000,http://www.sanantonio.gov/sapd/Calls.aspx,Yellow,a tbd link,26,8
08/01/26, 6:04:29,25600 Overlook Pkwy,78260,Other Calls,Disturbance Loud Music,3150,NORTH,SAPD-2026-1043565,29.679844,-98.456426,1785625469000,http://www.sanantonio.gov/sapd/Calls.aspx,Blue,a tbd link,26,8
08/01/26, 2:22:44,8300 Charger Cir,78221,Other Calls,Disturbance,6150,SOUTH,SAPD-2026-1042738,29.342437,-98.521454,1785612164000,http://www.sanantonio.gov/sapd/Calls.aspx,Blue,a tbd link,26,8
08/01/26, 9:26:33,5100 Sherri Ann Rd,78233,Other Calls,Disturbance,3230,NORTH,SAPD-2026-1044298,29.527063,-98.388906,1785637593000,http://www.sanantonio.gov/sapd/Calls.aspx,Blue,a tbd link,26,8
08/01/26,11:09:41 AM,I0 10 W NB,78213,Traffic Calls,Traffic Related,2230,CENTRAL,SAPD-2026-1042047,29.484856,-98.536002,1785600581000,http://www.sanantonio.gov/sapd/Calls.aspx,Yellow,a tbd link,26,8
08/01/26, 6:04:11,8500 Chimneyhill,78254,Other Calls,Miscellaneous,7360,PRUE,SAPD-2026-1043567,29.520691,-98.667478,1785625451000,http://www.sanantonio.gov/sapd/Calls.aspx,Blue,a tbd link,26,8
08/01/26, 2:25:14,11300 Alamo Ranch,78253,Other Calls,SAPD Non-Emergency Call,NOT SAPD BEX,SAPD OUTSIDE AREA,SAPD-2026-1042743,29.486245,-98.717353,1785612314000,http://www.sanantonio.gov/sapd/Calls.aspx,Blue,a tbd link,26,8
08/01/26, 9:26:23,1900 W Ashby Place,78201,Crimes Against Person Calls,Assault In Progress,5210,WEST,SAPD-2026-1044297,29.450647,-98.525334,1785637583000,http://www.sanantonio.gov/sapd/Calls.aspx,Red,a tbd link,26,8
08/01/26,11:12:17 AM,2300 Ne Loop 410,78217-5602,Other Calls,Disturbance Family,3370,NORTH,SAPD-2026-1042064,29.5167,-98.42014,1785600737000,http://www.sanantonio.gov/sapd/Calls.aspx,Blue,a tbd link,26,8
08/01/26, 2:22:49,E Hildebrand Ave / Brackenridge Dr,78212,Traffic Calls,Major Accident,1230,DOWNTOWN,SAPD-2026-1042737,29.465591,-98.469533,1785612169000,http://www.sanantonio.gov/sapd/Calls.aspx,Yellow,a tbd link,26,8
08/01/26, 9:27:24,N Zarzamora St / W Ashby Place,78201,Crimes Against Person Calls,Fight,5210,WEST,SAPD-2026-1044301,29.450541,-98.524274,1785637644000,http://www.sanantonio.gov/sapd/Calls.aspx,Red,a tbd link,26,8
08/01/26,11:11:28 AM,6500 W Hausman Rd,78249,Other Calls,Patrol By,7250,PRUE,SAPD-2026-1042056,29.572131,-98.618936,1785600688000,http://www.sanantonio.gov/sapd/Calls.aspx,Blue,a tbd link,26,8
08/01/26, 9:26:51,200 Calgary Ave,78226,Other Calls,Disturbance,6310,SOUTH,SAPD-2026-1044299,29.388808,-98.558774,1785637611000,http://www.sanantonio.gov/sapd/Calls.aspx,Blue,a tbd link,26,8
08/01/26, 2:24:28,8200 State Hwy 151,78245,Traffic Calls,Traffic Violation,5160,WEST,SAPD-2026-1042742,29.438888,-98.64947,1785612268000,http://www.sanantonio.gov/sapd/Calls.aspx,Yellow,a tbd link,26,8
08/01/26,11:11:43 AM,3100 ROSELAWN,78226,Other Calls,Patrol By,6310,SOUTH,SAPD-2026-1042059,29.390681,-98.556847,1785600703000,http://www.sanantonio.gov/sapd/Calls.aspx,Blue,a tbd link,26,8
08/01/26, 6:03:44,800 BITTERS RD,78216,Traffic Calls,Major Accident,3130,NORTH,SAPD-2026-1043561,29.563611,-98.480278,1785625424000,http://www.sanantonio.gov/sapd/Calls.aspx,Yellow,a tbd link,26,8
08/01/26, 9:25:16,7100 SAN PEDRO AVE,78216,Traffic Calls,Traffic Related,3320,NORTH,SAPD-2026-1044294,29.512862,-98.498902,1785637516000,http://www.sanantonio.gov/sapd/Calls.aspx,Yellow,a tbd link,26,8
08/01/26, 2:22:42,Brackenridge Dr,78212,Traffic Calls,Major Accident,1230,DOWNTOWN,SAPD-2026-1042734,29.465068,-98.468773,1785612162000,http://www.sanantonio.gov/sapd/Calls.aspx,Yellow,a tbd link,26,8
08/01/26,11:12:05 AM,17000-17098 Wurzbach Pkwy Eb,78247,Traffic Calls,Minor Accident,3220,NORTH,SAPD-2026-1042061,29.546133,-98.43601,1785600725000,http://www.sanantonio.gov/sapd/Calls.aspx,Yellow,a tbd link,26,8
08/01/26, 6:07:15,100 Nw Loop 410,78216,Traffic Calls,Minor Accident,3350,NORTH,SAPD-2026-1043572,29.523434,-98.495058,1785625635000,http://www.sanantonio.gov/sapd/Calls.aspx,Yellow,a tbd link,26,8
08/01/26, 9:31:14,3200 Bolmore,78223,Other Calls,Suspicious Person,4260,EAST,SAPD-2026-1044318,29.364984,-98.437928,1785637874000,http://www.sanantonio.gov/sapd/Calls.aspx,Blue,a tbd link,26,8
08/01/26, 2:22:44,3235-3999 N LOOP 1604 W WB,78257,Traffic Calls,Traffic Related,7260,PRUE,SAPD-2026-1042736,29.601403,-98.554175,1785612164000,http://www.sanantonio.gov/sapd/Calls.aspx,Yellow,a tbd link,26,8
08/01/26,11:12:07 AM,1100 IOWA ST,78203,Other Calls,Patrol By,4120,EAST,SAPD-2026-1042060,29.412004,-98.465375,1785600727000,http://www.sanantonio.gov/sapd/Calls.aspx,Blue,a tbd link,26,8
08/01/26, 6:03:59,201-299 CAMARON,78205,Other Calls,Patrol By,1120,DOWNTOWN,SAPD-2026-1043564,29.426726,-98.496067,1785625439000,http://www.sanantonio.gov/sapd/Calls.aspx,Blue,a tbd link,26,8
08/01/26, 9:29:03,Ih 37 S / S Loop 1604 E,78112,Traffic Calls,DWI,6280,SOUTH,SAPD-2026-1044305,29.21787,-98.411865,1785637743000,http://www.sanantonio.gov/sapd/Calls.aspx,Yellow,a tbd link,26,8
08/01/26, 2:25:16,8200 Creekline Dr,78251,Other Calls,Suspicious Person,5320,WEST,SAPD-2026-1042747,29.466994,-98.650989,1785612316000,http://www.sanantonio.gov/sapd/Calls.aspx,Blue,a tbd link,26,8
08/01/26,11:14:30 AM,800-899 SW MILITARY DR,78221,Other Calls,Welfare Check,6150,SOUTH,SAPD-2026-1042072,29.356689,-98.504741,1785600870000,http://www.sanantonio.gov/sapd/Calls.aspx,Blue,a tbd link,26,8
08/01/26, 6:08:41,1017-1599 Se Loop 410,78220,Traffic Calls,Traffic Related,4240,EAST,SAPD-2026-1043577,29.412928,-98.389767,1785625721000,http://www.sanantonio.gov/sapd/Calls.aspx,Yellow,a tbd link,26,8
08/01/26, 2:27:55,800 Serenade Dr,78216,Other Calls,Animal Related,3120,NORTH,SAPD-2026-1042746,29.543465,-98.504919,1785612475000,http://www.sanantonio.gov/sapd/Calls.aspx,Blue,a tbd link,26,8
08/01/26,11:14:52 AM,12600 Judson Rd,78233,Property Crime Calls,Burglary Vehicle,3250,NORTH,SAPD-2026-1042075,29.554055,-98.359342,1785600892000,http://www.sanantonio.gov/sapd/Calls.aspx,Green,a tbd link,26,8
08/01/26, 6:11:39,15900 La Cantera Pkwy,78256,Crimes Against Person Calls,Suspicious Vehicle,7250,PRUE,SAPD-2026-1043596,29.591914,-98.616243,1785625899000,http://www.sanantonio.gov/sapd/Calls.aspx,Red,a tbd link,26,8
08/01/26, 6:04:57,301-399 CAMARON,78207,Other Calls,Patrol By,1120,DOWNTOWN,SAPD-2026-1043566,29.427664,-98.496239,1785625497000,http://www.sanantonio.gov/sapd/Calls.aspx,Blue,a tbd link,26,8
08/01/26, 6:08:27,8300 Cenizo Pass,78252,Property Crime Calls,Theft,6360,SOUTH,SAPD-2026-1043576,29.345515,-98.631968,1785625707000,http://www.sanantonio.gov/sapd/Calls.aspx,Green,a tbd link,26,8
08/01/26, 6:09:58,300 E Crockett St,78205,Other Calls,Miscellaneous,1110,DOWNTOWN,SAPD-2026-1043585,29.424566,-98.484136,1785625798000,http://www.sanantonio.gov/sapd/Calls.aspx,Blue,a tbd link,26,8
08/01/26, 6:09:57,7900 Ih 35 S,78224,Property Crime Calls,Theft,6140,SOUTH,SAPD-2026-1043589,29.3475,-98.539722,1785625797000,http://www.sanantonio.gov/sapd/Calls.aspx,Green,a tbd link,26,8
08/01/26, 6:09:12,5100 Crow Wing Dr,78242,Property Crime Calls,Theft,6340,SOUTH,SAPD-2026-1043582,29.335982,-98.596561,1785625752000,http://www.sanantonio.gov/sapd/Calls.aspx,Green,a tbd link,26,8
08/01/26, 2:29:00,1300 Delgado St,78207,Other Calls,Disturbance,2360,CENTRAL,SAPD-2026-1042759,29.438834,-98.528767,1785612540000,http://www.sanantonio.gov/sapd/Calls.aspx,Blue,a tbd link,26,8
08/01/26, 2:28:41,5900 Glacier Sun,78244,Crimes Against Person Calls,Assault,4320,EAST,SAPD-2026-1042751,29.460855,-98.367918,1785612521000,http://www.sanantonio.gov/sapd/Calls.aspx,Red,a tbd link,26,8
08/01/26, 2:28:30,11028-11252 Culebra Rd,78253,Traffic Calls,Minor Accident,5350,WEST,SAPD-2026-1042749,29.497084,-98.712245,1785612510000,http://www.sanantonio.gov/sapd/Calls.aspx,Yellow,a tbd link,26,8
08/01/26, 2:29:40,11900-11998 EL ARROYO,78233,Traffic Calls,Minor Accident,3210,NORTH,SAPD-2026-1042755,29.549005,-98.385362,1785612580000,http://www.sanantonio.gov/sapd/Calls.aspx,Yellow,a tbd link,26,8
08/01/26, 2:29:27,W Martin St / Nw 26th St,78207,Traffic Calls,Traffic Related,2360,CENTRAL,SAPD-2026-1042753,29.433706,-98.544542,1785612567000,http://www.sanantonio.gov/sapd/Calls.aspx,Yellow,a tbd link,26,8
08/01/26, 2:31:30,800 E Commerce St,78205,Other Calls,Assist the Public,1110,DOWNTOWN,SAPD-2026-1042765,29.424411,-98.486808,1785612690000,http://www.sanantonio.gov/sapd/Calls.aspx,Blue,a tbd link,26,8
08/01/26, 2:28:26,3900 Anton Dr,78223,Crimes Against Person Calls,Suspicious Vehicle,4260,EAST,SAPD-2026-1042748,29.363879,-98.42026,1785612506000,http://www.sanantonio.gov/sapd/Calls.aspx,Red,a tbd link,26,8
08/01/26, 2:27:30,W0 NE LP 410 OFRP HARRY WURZBACH,78217,Traffic Calls,Traffic Related,3370,NORTH,SAPD-2026-1042744,29.516225,-98.426709,1785612450000,http://www.sanantonio.gov/sapd/Calls.aspx,Yellow,a tbd link,26,8
08/01/26, 2:29:36,7000 Us Hwy 90 W,78227,Other Calls,Disturbance,5150,WEST,SAPD-2026-1042754,29.402889,-98.62967,1785612576000,http://www.sanantonio.gov/sapd/Calls.aspx,Blue,a tbd link,26,8
08/01/26, 2:30:56,Se Military Dr / Mission Rd,78214,Traffic Calls,Traffic Related,6260,SOUTH,SAPD-2026-1042763,29.352966,-98.474212,1785612656000,http://www.sanantonio.gov/sapd/Calls.aspx,Yellow,a tbd link,26,8
08/01/26, 9:29:02,Kendalia Ave / Logwood Ave,78221,Other Calls,Disturbance,6230,SOUTH,SAPD-2026-1044308,29.360069,-98.523138,1785637742000,http://www.sanantonio.gov/sapd/Calls.aspx,Blue,a tbd link,26,8
08/01/26,11:14:36 AM,4900 Champlain Dr,78217,Other Calls,Injured/Sick Person,3240,NORTH,SAPD-2026-1042074,29.566588,-98.388843,1785600876000,http://www.sanantonio.gov/sapd/Calls.aspx,Blue,a tbd link,26,8
08/01/26, 2:29:43,16100 Henderson Pass,78232,Other Calls,Disturbance,3140,NORTH,SAPD-2026-1042756,29.588405,-98.448244,1785612583000,http://www.sanantonio.gov/sapd/Calls.aspx,Blue,a tbd link,26,8
08/01/26, 9:30:24,Horn Blvd / Prue Rd,78240,Traffic Calls,Traffic Violation,7310,PRUE,SAPD-2026-1044315,29.545195,-98.620597,1785637824000,http://www.sanantonio.gov/sapd/Calls.aspx,Yellow,a tbd link,26,8
08/01/26,11:13:56 AM,5000 Prue Rd,78240,Other Calls,Miscellaneous,7310,PRUE,SAPD-2026-1042070,29.543157,-98.583584,1785600836000,http://www.sanantonio.gov/sapd/Calls.aspx,Blue,a tbd link,26,8
08/01/26, 2:30:03,100 Clovis Place,78221,Other Calls,Assist the Public,6150,SOUTH,SAPD-2026-1042758,29.350658,-98.50437,1785612603000,http://www.sanantonio.gov/sapd/Calls.aspx,Blue,a tbd link,26,8
08/01/26, 9:31:08,300 Lexington Ave,78215,Other Calls,Disturbance,1130,DOWNTOWN,SAPD-2026-1044316,29.4335,-98.49049,1785637868000,http://www.sanantonio.gov/sapd/Calls.aspx,Blue,a tbd link,26,8
08/01/26, 2:32:23,8300 Running Horse,78242,Other Calls,Disturbance Family,6340,SOUTH,SAPD-2026-1042771,29.346088,-98.609578,1785612743000,http://www.sanantonio.gov/sapd/Calls.aspx,Blue,a tbd link,26,8
08/01/26, 9:27:59,2100 El Paso St,78207,Other Calls,Disturbance Loud Music,2330,CENTRAL,SAPD-2026-1044302,29.420264,-98.523354,1785637679000,http://www.sanantonio.gov/sapd/Calls.aspx,Blue,a tbd link,26,8
08/01/26, 2:32:07,11300 Bandera Rd,78250,Traffic Calls,Minor Accident,7350,PRUE,SAPD-2026-1042769,29.549462,-98.662698,1785612727000,http://www.sanantonio.gov/sapd/Calls.aspx,Yellow,a tbd link,26,8
08/01/26, 9:30:01,700 S St Mary's St,78205,Traffic Calls,Traffic Violation,1110,DOWNTOWN,SAPD-2026-1044314,29.41721,-98.489881,1785637801000,http://www.sanantonio.gov/sapd/Calls.aspx,Yellow,a tbd link,26,8
08/01/26, 2:30:21,6600-6700 N LOOP 1604 W NB,78256,Traffic Calls,Traffic Related,7250,PRUE,SAPD-2026-1042760,29.588235,-98.620948,1785612621000,http://www.sanantonio.gov/sapd/Calls.aspx,Yellow,a tbd link,26,8
08/01/26, 9:30:03,Ih 35 S / Kendalia Ave,78221,Traffic Calls,Traffic Related,6230,SOUTH,SAPD-2026-1044313,29.360104,-98.523273,1785637803000,http://www.sanantonio.gov/sapd/Calls.aspx,Yellow,a tbd link,26,8
08/01/26, 2:33:02,800-900 Ne Loop 410 Eb,78209,Crimes Against Person Calls,Assault In Progress,3330,NORTH,SAPD-2026-1042773,29.516423,-98.461892,1785612782000,http://www.sanantonio.gov/sapd/Calls.aspx,Red,a tbd link,26,8
08/01/26, 9:29:38,1900 W Ashby Place,78201,Crimes Against Person Calls,Assault In Progress,5210,WEST,SAPD-2026-1044309,29.450647,-98.525334,1785637778000,http://www.sanantonio.gov/sapd/Calls.aspx,Red,a tbd link,26,8
08/01/26, 2:31:14,5401-5799 N LOOP 1604 W WB,78249,Traffic Calls,Traffic Related,7260,PRUE,SAPD-2026-1042764,29.591303,-98.595149,1785612674000,http://www.sanantonio.gov/sapd/Calls.aspx,Yellow,a tbd link,26,8
08/01/26, 9:37:11,7100-7198 Ih 35 S Nb,78221,Traffic Calls,Traffic Related,6150,SOUTH,SAPD-2026-1044331,29.356438,-98.525901,1785638231000,http://www.sanantonio.gov/sapd/Calls.aspx,Yellow,a tbd link,26,8
08/01/26, 2:31:43,3900 PECAN VALLEY DR,78223,Other Calls,Patrol By,4210,EAST,SAPD-2026-1042766,29.384251,-98.430563,1785612703000,http://www.sanantonio.gov/sapd/Calls.aspx,Blue,a tbd link,26,8
08/01/26, 9:32:12,7401-8999 Ih 37 S Sb,78223,Traffic Calls,Traffic Violation,6270,SOUTH,SAPD-2026-1044321,29.337187,-98.419916,1785637932000,http://www.sanantonio.gov/sapd/Calls.aspx,Yellow,a tbd link,26,8
08/01/26, 2:33:59,5700 Alnwick Dr,78228,Traffic Calls,Abandoned Vehicle,5140,WEST,SAPD-2026-1042776,29.445619,-98.600129,1785612839000,http://www.sanantonio.gov/sapd/Calls.aspx,Yellow,a tbd link,26,8
08/01/26, 9:31:49,700 Nw Loop 410,78216,Traffic Calls,Minor Accident,3320,NORTH,SAPD-2026-1044319,29.518525,-98.505199,1785637909000,http://www.sanantonio.gov/sapd/Calls.aspx,Yellow,a tbd link,26,8
08/01/26, 2:33:27,3200 Sw Military Dr,78211,Other Calls,Disturbance,6330,SOUTH,SAPD-2026-1042774,29.357359,-98.549627,1785612807000,http://www.sanantonio.gov/sapd/Calls.aspx,Blue,a tbd link,26,8
08/01/26, 9:34:31,3200 N Loop 1604 E,78259,Property Crime Calls,Theft,3150,NORTH,SAPD-2026-1044324,29.602345,-98.435811,1785638071000,http://www.sanantonio.gov/sapd/Calls.aspx,Green,a tbd link,26,8
08/01/26, 2:35:25,11300 Bandera Rd,78249,Traffic Calls,Accident Private Property,7350,PRUE,SAPD-2026-1042780,29.549752,-98.662494,1785612925000,http://www.sanantonio.gov/sapd/Calls.aspx,Yellow,a tbd link,26,8
08/01/26, 9:32:51,500 H St,78220,Other Calls,Assist the Public,4160,EAST,SAPD-2026-1044323,29.406439,-98.440951,1785637971000,http://www.sanantonio.gov/sapd/Calls.aspx,Blue,a tbd link,26,8
08/01/26, 2:34:22,Sunglo Dr / Commercial Ave,78221,Traffic Calls,Minor Accident,6150,SOUTH,SAPD-2026-1042777,29.352609,-98.516244,1785612862000,http://www.sanantonio.gov/sapd/Calls.aspx,Yellow,a tbd link,26,8
08/01/26, 9:36:03,17600 Bulverde Rd,78259,Other Calls,Disturbance Loud Music,3150,NORTH,SAPD-2026-1044329,29.601525,-98.418319,1785638163000,http://www.sanantonio.gov/sapd/Calls.aspx,Blue,a tbd link,26,8
08/01/26, 2:37:00,7600 Callaghan Rd,78229,Other Calls,Visitation Violation,7110,PRUE,SAPD-2026-1042788,29.5083,-98.558303,1785613020000,http://www.sanantonio.gov/sapd/Calls.aspx,Blue,a tbd link,26,8
08/01/26, 9:35:34,1000 Ericson Dr,78245,Traffic Calls,Minor Accident,5360,WEST,SAPD-2026-1044328,29.426007,-98.688332,1785638134000,http://www.sanantonio.gov/sapd/Calls.aspx,Yellow,a tbd link,26,8
08/01/26, 2:37:27,1000 W Hildebrand Ave,78201,Other Calls,Disturbance,2210,CENTRAL,SAPD-2026-1042791,29.46645,-98.510582,1785613047000,http://www.sanantonio.gov/sapd/Calls.aspx,Blue,a tbd link,26,8
08/01/26, 9:35:01,9700 Potranco Rd,78251,Other Calls,Disturbance,5360,WEST,SAPD-2026-1044326,29.438173,-98.67903,1785638101000,http://www.sanantonio.gov/sapd/Calls.aspx,Blue,a tbd link,26,8
08/01/26, 2:35:41,4400 Callaghan Rd,78228,Other Calls,Wanted Person,5270,WEST,SAPD-2026-1042781,29.468635,-98.602509,1785612941000,http://www.sanantonio.gov/sapd/Calls.aspx,Blue,a tbd link,26,8
08/01/26, 9:34:17,3600 E Houston St,78219,Other Calls,Miscellaneous,4160,EAST,SAPD-2026-1044325,29.42532,-98.426945,1785638057000,http://www.sanantonio.gov/sapd/Calls.aspx,Blue,a tbd link,26,8
08/01/26, 2:37:11,1200 Se Military Dr,78214,Property Crime Calls,Shoplifting,6260,SOUTH,SAPD-2026-1042789,29.353143,-98.479461,1785613031000,http://www.sanantonio.gov/sapd/Calls.aspx,Green,a tbd link,26,8
08/01/26, 9:40:28,2700 Bill Miller Ln,78223,Property Crime Calls,Theft,4220,EAST,SAPD-2026-1044343,29.375397,-98.449671,1785638428000,http://www.sanantonio.gov/sapd/Calls.aspx,Green,a tbd link,26,8
08/01/26, 2:36:24,2900 E COMMERCE ST,78202,Other Calls,Patrol By,4140,EAST,SAPD-2026-1042785,29.419696,-98.444447,1785612984000,http://www.sanantonio.gov/sapd/Calls.aspx,Blue,a tbd link,26,8
08/01/26, 2:40:12,S0 Ih 35 N Ofrp Wb Ih 10 W,78212,Traffic Calls,Minor Accident,1220,DOWNTOWN,SAPD-2026-1042798,29.432389,-98.500571,1785613212000,http://www.sanantonio.gov/sapd/Calls.aspx,Yellow,a tbd link,26,8
08/01/26, 9:36:31,4900 Wurzbach Pkwy,,Other Calls,Disturbance,3230,NORTH,SAPD-2026-1044332,29.53461,-98.395694,1785638191000,http://www.sanantonio.gov/sapd/Calls.aspx,Blue,a tbd link,26,8
08/01/26, 9:35:16,8501-8599 MARRIOTT DR,78229,Traffic Calls,Traffic Related,7120,PRUE,SAPD-2026-1044327,29.517607,-98.571984,1785638116000,http://www.sanantonio.gov/sapd/Calls.aspx,Yellow,a tbd link,26,8
08/01/26, 9:38:30,Pruitt Ave / Lipan,78204,Crimes Against Person Calls,Assault,1140,DOWNTOWN,SAPD-2026-1044334,29.39878,-98.509573,1785638310000,http://www.sanantonio.gov/sapd/Calls.aspx,Red,a tbd link,26,8
08/01/26, 9:39:16,Lipan / Pruitt Ave,78204,Crimes Against Person Calls,Assault,1140,DOWNTOWN,SAPD-2026-1044339,29.39878,-98.509573,1785638356000,http://www.sanantonio.gov/sapd/Calls.aspx,Red,a tbd link,26,8
08/01/26, 9:39:06,6200 S New Braunfels Ave,78223,Other Calls,Welfare Check,6240,SOUTH,SAPD-2026-1044338,29.36437,-98.456419,1785638346000,http://www.sanantonio.gov/sapd/Calls.aspx,Blue,a tbd link,26,8
08/01/26, 9:38:12,1500 St Cloud,78228,Other Calls,Missing Person/Runaway,5220,WEST,SAPD-2026-1044333,29.467844,-98.548859,1785638292000,http://www.sanantonio.gov/sapd/Calls.aspx,Blue,a tbd link,26,8
08/01/26, 9:38:42,Ingram Rd / Nw Loop 410 Wb,78238,Traffic Calls,Traffic Violation,5310,WEST,SAPD-2026-1044335,29.46605,-98.619117,1785638322000,http://www.sanantonio.gov/sapd/Calls.aspx,Yellow,a tbd link,26,8
08/01/26, 9:38:53,7400 Obbligato Ln,78266,Crimes Against Person Calls,Assault In Progress,3260,NORTH,SAPD-2026-1044337,29.592986,-98.342386,1785638333000,http://www.sanantonio.gov/sapd/Calls.aspx,Red,a tbd link,26,8
08/01/26, 9:39:38,9300 Se Loop 410 Eb,78223,Other Calls,Disturbance,6280,SOUTH,SAPD-2026-1044341,29.322165,-98.432289,1785638378000,http://www.sanantonio.gov/sapd/Calls.aspx,Blue,a tbd link,26,8
08/01/26, 9:41:45,1700 S San Jacinto St,78207,Other Calls,Disturbance,2340,CENTRAL,SAPD-2026-1044346,29.41081,-98.517678,1785638505000,http://www.sanantonio.gov/sapd/Calls.aspx,Blue,a tbd link,26,8
08/01/26, 9:44:05,300 W Hollywood Ave,78212,Other Calls,Disturbance Family,1240,DOWNTOWN,SAPD-2026-1044358,29.464123,-98.497424,1785638645000,http://www.sanantonio.gov/sapd/Calls.aspx,Blue,a tbd link,26,8
08/01/26, 9:38:45,300 LOMBRANO ST,78207,Other Calls,Patrol By,1220,DOWNTOWN,SAPD-2026-1044336,29.441241,-98.507601,1785638325000,http://www.sanantonio.gov/sapd/Calls.aspx,Blue,a tbd link,26,8
08/01/26, 9:42:33,Devine Rd / Tuleta,78212,Traffic Calls,Traffic Related,1240,DOWNTOWN,SAPD-2026-1044354,29.464106,-98.479078,1785638553000,http://www.sanantonio.gov/sapd/Calls.aspx,Yellow,a tbd link,26,8
08/01/26, 9:40:43,300 Lackell Ave,78226,Crimes Against Person Calls,Fight,6310,SOUTH,SAPD-2026-1044344,29.387469,-98.56301,1785638443000,http://www.sanantonio.gov/sapd/Calls.aspx,Red,a tbd link,26,8
08/01/26, 9:42:14,800 E Commerce St,78205,Traffic Calls,Traffic Related,1110,DOWNTOWN,SAPD-2026-1044349,29.423149,-98.485219,1785638534000,http://www.sanantonio.gov/sapd/Calls.aspx,Yellow,a tbd link,26,8
08/01/26, 9:41:14,6000 Cedar Path,78249,Other Calls,Disturbance,7340,PRUE,SAPD-2026-1044345,29.546026,-98.600449,1785638474000,http://www.sanantonio.gov/sapd/Calls.aspx,Blue,a tbd link,26,8
08/01/26, 9:42:55,6000 Cedar Path,78249,Other Calls,Suspicious Person,7340,PRUE,SAPD-2026-1044355,29.545995,-98.600576,1785638575000,http://www.sanantonio.gov/sapd/Calls.aspx,Blue,a tbd link,26,8
08/01/26, 9:42:53,1000 N Frio St,78207,Other Calls,Disturbance Family,2310,CENTRAL,SAPD-2026-1044353,29.436017,-98.50605,1785638573000,http://www.sanantonio.gov/sapd/Calls.aspx,Blue,a tbd link,26,8
08/01/26, 9:42:53,2900 N Loop 1604 E,78247,Other Calls,Disturbance,3150,NORTH,SAPD-2026-1044352,29.603105,-98.443047,1785638573000,http://www.sanantonio.gov/sapd/Calls.aspx,Blue,a tbd link,26,8
08/01/26, 9:42:41,10 Bedford Bay,78239,Other Calls,Disturbance,3230,NORTH,SAPD-2026-1044351,29.52977,-98.382188,1785638561000,http://www.sanantonio.gov/sapd/Calls.aspx,Blue,a tbd link,26,8
08/01/26, 9:52:06,3800 San Pedro Ave,78212,Other Calls,Disturbance,1240,DOWNTOWN,SAPD-2026-1044387,29.469962,-98.499284,1785639126000,http://www.sanantonio.gov/sapd/Calls.aspx,Blue,a tbd link,26,8
08/01/26, 9:43:22,5900 Old Pearsall Rd,78242,Property Crime Calls,Theft In Progress,6350,SOUTH,SAPD-2026-1044356,29.347097,-98.614358,1785638602000,http://www.sanantonio.gov/sapd/Calls.aspx,Green,a tbd link,26,8
08/01/26, 9:46:44,6700 N Loop 1604 E,78247,Other Calls,Information,3260,NORTH,SAPD-2026-1044371,29.598406,-98.35732,1785638804000,http://www.sanantonio.gov/sapd/Calls.aspx,Blue,a tbd link,26,8
08/01/26, 9:45:26,3900 Perrin Central,78217,Traffic Calls,Minor Accident,3370,NORTH,SAPD-2026-1044363,29.534079,-98.413539,1785638726000,http://www.sanantonio.gov/sapd/Calls.aspx,Yellow,a tbd link,26,8
08/01/26, 9:48:09,17700 Ih 10 W,78257,Traffic Calls,Accident Private Property,7260,PRUE,SAPD-2026-1044369,29.608333,-98.599167,1785638889000,http://www.sanantonio.gov/sapd/Calls.aspx,Yellow,a tbd link,26,8
08/01/26, 9:44:53,13000 Jones Maltsberger Rd,78247,Crimes Against Person Calls,Threats,3220,NORTH,SAPD-2026-1044365,29.559728,-98.459693,1785638693000,http://www.sanantonio.gov/sapd/Calls.aspx,Red,a tbd link,26,8
08/01/26, 9:44:07,300 W KINGS HWY,78212,Other Calls,Patrol By,1240,DOWNTOWN,SAPD-2026-1044357,29.459962,-98.49742,1785638647000,http://www.sanantonio.gov/sapd/Calls.aspx,Blue,a tbd link,26,8
08/01/26, 9:45:17,100-199 Yoakum Alley,78202,Crimes Against Person Calls,Assault In Progress,4110,EAST,SAPD-2026-1044362,29.434678,-98.472283,1785638717000,http://www.sanantonio.gov/sapd/Calls.aspx,Red,a tbd link,26,8
08/01/26, 9:52:15,Colima St / S Picoso,78207,Other Calls,Suspicious Person,2350,CENTRAL,SAPD-2026-1044383,29.419115,-98.533851,1785639135000,http://www.sanantonio.gov/sapd/Calls.aspx,Blue,a tbd link,26,8
08/01/26, 9:47:52,1300 Cupples Rd,78226,Other Calls,Disturbance,6310,SOUTH,SAPD-2026-1044368,29.394979,-98.549871,1785638872000,http://www.sanantonio.gov/sapd/Calls.aspx,Blue,a tbd link,26,8
08/01/26, 9:46:22,5101-5999 WEST AVE,78213,Traffic Calls,Traffic Related,2220,CENTRAL,SAPD-2026-1044367,29.514867,-98.525943,1785638782000,http://www.sanantonio.gov/sapd/Calls.aspx,Yellow,a tbd link,26,8
08/01/26, 9:48:22,Isom Rd / Us Hwy 281 N Nb,78216,Traffic Calls,Wrong Way Driver,3350,NORTH,SAPD-2026-1044372,29.533339,-98.48772,1785638902000,http://www.sanantonio.gov/sapd/Calls.aspx,Yellow,a tbd link,26,8
08/01/26, 9:51:31,100 Fridell St,78237,Traffic Calls,Minor Accident,5140,WEST,SAPD-2026-1044380,29.429429,-98.572149,1785639091000,http://www.sanantonio.gov/sapd/Calls.aspx,Yellow,a tbd link,26,8
08/01/26, 9:53:21,6500 Marcel Way,78233,Other Calls,Disturbance,3250,NORTH,SAPD-2026-1044389,29.567481,-98.358165,1785639201000,http://www.sanantonio.gov/sapd/Calls.aspx,Blue,a tbd link,26,8
08/01/26, 9:50:13,Utsa Blvd / University Pass,78249,Traffic Calls,Major Accident,7250,PRUE,SAPD-2026-1044376,29.575796,-98.600893,1785639013000,http://www.sanantonio.gov/sapd/Calls.aspx,Yellow,a tbd link,26,8
08/01/26, 9:49:40,7500 Bowdre,78252,Other Calls,SAPD Non-Emergency Call,NOT SAPD BEX,SAPD OUTSIDE AREA,SAPD-2026-1044374,29.357166,-98.738045,1785638980000,http://www.sanantonio.gov/sapd/Calls.aspx,Blue,a tbd link,26,8
08/01/26, 9:52:03,8200 Marbach Rd,78227,Other Calls,Disturbance,5340,WEST,SAPD-2026-1044382,29.417836,-98.652939,1785639123000,http://www.sanantonio.gov/sapd/Calls.aspx,Blue,a tbd link,26,8
08/01/26, 9:51:01,University Pass / Utsa Blvd,78249,Traffic Calls,Major Accident,7250,PRUE,SAPD-2026-1044378,29.575796,-98.600893,1785639061000,http://www.sanantonio.gov/sapd/Calls.aspx,Yellow,a tbd link,26,8
08/01/26, 9:52:37,Huebner Rd / Nw Military Hwy,78231,Other Calls,Suspicious Person,7240,PRUE,SAPD-2026-1044390,29.574929,-98.54471,1785639157000,http://www.sanantonio.gov/sapd/Calls.aspx,Blue,a tbd link,26,8
08/01/26, 9:52:17,3600 Fairmeadows,78211,Crimes Against Person Calls,Violation of Protective Order,6140,SOUTH,SAPD-2026-1044385,29.335483,-98.56595,1785639137000,http://www.sanantonio.gov/sapd/Calls.aspx,Red,a tbd link,26,8
08/01/26, 9:50:33,5734-5799 Utsa Blvd,78249,Traffic Calls,Major Accident,7250,PRUE,SAPD-2026-1044377,29.575597,-98.600429,1785639033000,http://www.sanantonio.gov/sapd/Calls.aspx,Yellow,a tbd link,26,8
08/01/26, 9:54:37,Huebner Rd / Nw Military Hwy,78231,Other Calls,Suspicious Person,7220,PRUE,SAPD-2026-1044395,29.574929,-98.54471,1785639277000,http://www.sanantonio.gov/sapd/Calls.aspx,Blue,a tbd link,26,8
08/01/26, 9:51:48,700 W Mayfield Blvd,78211,Property Crime Calls,Theft,6130,SOUTH,SAPD-2026-1044381,29.362151,-98.535356,1785639108000,http://www.sanantonio.gov/sapd/Calls.aspx,Green,a tbd link,26,8
08/01/26,10:01:50 PM,600 W Lynwood,78212,Other Calls,Ordinance Violation,2210,CENTRAL,SAPD-2026-1044439,29.463196,-98.503367,1785639710000,http://www.sanantonio.gov/sapd/Calls.aspx,Blue,a tbd link,26,8
08/01/26, 9:57:11,13000 Cavern Park Dr,78249,Other Calls,Assist the Public,7350,PRUE,SAPD-2026-1044406,29.562982,-98.63997,1785639431000,http://www.sanantonio.gov/sapd/Calls.aspx,Blue,a tbd link,26,8
08/01/26,10:01:42 PM,George C Beach Ave / Ih 35 N Sb,78218,Traffic Calls,Traffic Related,4310,EAST,SAPD-2026-1044429,29.461581,-98.41061,1785639702000,http://www.sanantonio.gov/sapd/Calls.aspx,Yellow,a tbd link,26,8
08/01/26, 9:55:57,600 Acuna,78237,Other Calls,DOA,5140,WEST,SAPD-2026-1044402,29.42613,-98.568924,1785639357000,http://www.sanantonio.gov/sapd/Calls.aspx,Blue,a tbd link,26,8
08/01/26, 9:54:48,900 W CARGO,78216,Other Calls,Patrol By,SAT1,AIRPORT,SAPD-2026-1044397,29.532163,-98.482311,1785639288000,http://www.sanantonio.gov/sapd/Calls.aspx,Blue,a tbd link,26,8
08/01/26, 9:56:46,1500 Thousand Oaks,78232,Property Crime Calls,Theft of Vehicle In Progress,3140,NORTH,SAPD-2026-1044405,29.590946,-98.469613,1785639406000,http://www.sanantonio.gov/sapd/Calls.aspx,Green,a tbd link,26,8
08/01/26, 9:55:18,Hunters Trl / Huebner Rd,78230,Other Calls,Suspicious Person,7220,PRUE,SAPD-2026-1044399,29.567053,-98.555278,1785639319000,http://www.sanantonio.gov/sapd/Calls.aspx,Blue,a tbd link,26,8
08/01/26, 9:57:37,500 H St,78220,Other Calls,Disturbance,4160,EAST,SAPD-2026-1044408,29.406439,-98.440951,1785639457000,http://www.sanantonio.gov/sapd/Calls.aspx,Blue,a tbd link,26,8
08/01/26, 9:59:13,5300 Blanco Rd,78213,Other Calls,Disturbance,3310,NORTH,SAPD-2026-1044420,29.500592,-98.508314,1785639553000,http://www.sanantonio.gov/sapd/Calls.aspx,Blue,a tbd link,26,8
08/01/26, 9:57:39,4200 Family Tree,78222,Property Crime Calls,Theft,4250,EAST,SAPD-2026-1044407,29.381428,-98.409066,1785639459000,http://www.sanantonio.gov/sapd/Calls.aspx,Green,a tbd link,26,8
08/01/26, 9:58:28,5200 Blanco Rd,78216,Other Calls,Disturbance Loud Music,3310,NORTH,SAPD-2026-1044410,29.496461,-98.5075,1785639508000,http://www.sanantonio.gov/sapd/Calls.aspx,Blue,a tbd link,26,8
08/01/26, 9:58:50,3900 N St Mary's St,78212,Traffic Calls,Traffic Related,1230,DOWNTOWN,SAPD-2026-1044411,29.462316,-98.473554,1785639530000,http://www.sanantonio.gov/sapd/Calls.aspx,Yellow,a tbd link,26,8
08/01/26, 9:58:21,100 Persyn St,78207,Other Calls,Disturbance Family,2350,CENTRAL,SAPD-2026-1044412,29.413784,-98.539289,1785639501000,http://www.sanantonio.gov/sapd/Calls.aspx,Blue,a tbd link,26,8
08/01/26, 9:58:43,3800 Lockhill-selma Rd,78230,Other Calls,Disturbance Neighbor,7230,PRUE,SAPD-2026-1044413,29.565094,-98.559591,1785639523000,http://www.sanantonio.gov/sapd/Calls.aspx,Blue,a tbd link,26,8
08/01/26,10:00:11 PM,600 N Presa St,78205,Traffic Calls,Traffic Violation,1110,DOWNTOWN,SAPD-2026-1044422,29.426014,-98.488718,1785639611000,http://www.sanantonio.gov/sapd/Calls.aspx,Yellow,a tbd link,26,8
08/01/26,10:01:08 PM,1100 E Commerce St,78205,Other Calls,Assist the Public,1110,DOWNTOWN,SAPD-2026-1044425,29.421559,-98.478482,1785639668000,http://www.sanantonio.gov/sapd/Calls.aspx,Blue,a tbd link,26,8
08/01/26, 9:59:13,1400 Babcock Rd,78201,Other Calls,Disturbance Loud Music,5260,WEST,SAPD-2026-1044415,29.488252,-98.565336,1785639553000,http://www.sanantonio.gov/sapd/Calls.aspx,Blue,a tbd link,26,8
08/01/26,10:01:08 PM,Huebner Rd / Nw Military Hwy,78231,Other Calls,Disturbance,7220,PRUE,SAPD-2026-1044426,29.574929,-98.54471,1785639668000,http://www.sanantonio.gov/sapd/Calls.aspx,Blue,a tbd link,26,8
08/01/26,10:00:42 PM,8200 Marbach Rd,78227,Other Calls,Welfare Check,5340,WEST,SAPD-2026-1044423,29.417836,-98.652939,1785639642000,http://www.sanantonio.gov/sapd/Calls.aspx,Blue,a tbd link,26,8
08/01/26, 9:59:38,8200 Marbach Rd,78227,Other Calls,SAPD Emergency Call,5340,WEST,SAPD-2026-1044418,29.417836,-98.652939,1785639578000,http://www.sanantonio.gov/sapd/Calls.aspx,Blue,a tbd link,26,8
08/01/26, 9:59:41,LOOP 1604 E EB,78247,Traffic Calls,Traffic Related,3140,NORTH,SAPD-2026-1044419,29.600931,-98.436969,1785639581000,http://www.sanantonio.gov/sapd/Calls.aspx,Yellow,a tbd link,26,8
08/01/26,10:00:35 PM,7600 Us Hwy 90 W,78227,Other Calls,Disturbance Loud Music,6360,SOUTH,SAPD-2026-1044424,29.39857,-98.641611,1785639635000,http://www.sanantonio.gov/sapd/Calls.aspx,Blue,a tbd link,26,8
08/01/26,10:01:57 PM,8700 Adhinger,78245,Traffic Calls,Traffic Related,5330,WEST,SAPD-2026-1044430,29.431118,-98.656334,1785639717000,http://www.sanantonio.gov/sapd/Calls.aspx,Yellow,a tbd link,26,8
08/01/26,10:01:11 PM,N Loop 1604 W Nb / W Hausman Rd,78249,Traffic Calls,Minor Accident,7350,PRUE,SAPD-2026-1044427,29.570006,-98.651235,1785639671000,http://www.sanantonio.gov/sapd/Calls.aspx,Yellow,a tbd link,26,8
08/01/26,10:01:27 PM,Catalina Ave / Santa Barbara St,78201,Crimes Against Person Calls,Suspicious Vehicle,5240,WEST,SAPD-2026-1044428,29.470345,-98.517362,1785639687000,http://www.sanantonio.gov/sapd/Calls.aspx,Red,a tbd link,26,8
08/01/26,10:04:19 PM,1000 W Lynwood,78201,Other Calls,Suspicious Person,2210,CENTRAL,SAPD-2026-1044434,29.463474,-98.510171,1785639859000,http://www.sanantonio.gov/sapd/Calls.aspx,Blue,a tbd link,26,8
08/01/26,10:05:08 PM,100 Tuleta,78212,Traffic Calls,Traffic Related,1230,DOWNTOWN,SAPD-2026-1044433,29.463545,-98.476488,1785639908000,http://www.sanantonio.gov/sapd/Calls.aspx,Yellow,a tbd link,26,8
08/01/26,10:12:12 PM,W0 Nw Loop 410 Onrp Nw Military Hwy,78213,Other Calls,Miscellaneous,NOT SAPD BEX - 00,SAPD OUTSIDE AREA,SAPD-2026-1044460,29.520932,-98.515502,1785640332000,http://www.sanantonio.gov/sapd/Calls.aspx,Blue,a tbd link,26,8
08/01/26,10:05:56 PM,7200 Wurzbach Rd,78240,Other Calls,Welfare Check,7140,PRUE,SAPD-2026-1044436,29.5031,-98.5858,1785639956000,http://www.sanantonio.gov/sapd/Calls.aspx,Blue,a tbd link,26,8
08/01/26,10:08:30 PM,300 S SAN GABRIEL AVE,78237,Property Crime Calls,Burglary Vehicle,5110,WEST,SAPD-2026-1044449,29.428006,-98.560685,1785640110000,http://www.sanantonio.gov/sapd/Calls.aspx,Green,a tbd link,26,8
08/01/26,10:05:32 PM,500 H St,78220,Crimes Against Person Calls,Assault In Progress,4160,EAST,SAPD-2026-1044435,29.406439,-98.440951,1785639932000,http://www.sanantonio.gov/sapd/Calls.aspx,Red,a tbd link,26,8
08/01/26,10:07:59 PM,Oppenheimer Ave / Verne St,78221,Crimes Against Person Calls,Robbery,6150,SOUTH,SAPD-2026-1044447,29.355608,-98.505664,1785640079000,http://www.sanantonio.gov/sapd/Calls.aspx,Red,a tbd link,26,8
08/01/26,10:15:25 PM,2300 S Navidad,78207,Other Calls,Disturbance,2340,CENTRAL,SAPD-2026-1044470,29.403453,-98.52555,1785640525000,http://www.sanantonio.gov/sapd/Calls.aspx,Blue,a tbd link,26,8
08/01/26,10:10:34 PM,300 E Travis St,78205-1821,Other Calls,Property Lost,1130,DOWNTOWN,SAPD-2026-1044456,29.427359,-98.48917,1785640234000,http://www.sanantonio.gov/sapd/Calls.aspx,Blue,a tbd link,26,8
08/01/26,10:08:19 PM,900 Waverly Ave,78201,Traffic Calls,Abandoned Vehicle,5210,WEST,SAPD-2026-1044446,29.447455,-98.525755,1785640099000,http://www.sanantonio.gov/sapd/Calls.aspx,Yellow,a tbd link,26,8
08/01/26,10:08:53 PM,N Hackberry St / Sherman St,78202,Traffic Calls,Minor Accident,4110,EAST,SAPD-2026-1044451,29.433937,-98.473256,1785640133000,http://www.sanantonio.gov/sapd/Calls.aspx,Yellow,a tbd link,26,8
08/01/26,10:08:00 PM,4200 Southton Forest,78223,Traffic Calls,Traffic Related,6280,SOUTH,SAPD-2026-1044444,29.290334,-98.40941,1785640080000,http://www.sanantonio.gov/sapd/Calls.aspx,Yellow,a tbd link,26,8
08/01/26,10:07:19 PM,300 E TRAVIS ST,78205,Other Calls,Patrol By,1130,DOWNTOWN,SAPD-2026-1044441,29.427977,-98.489275,1785640039000,http://www.sanantonio.gov/sapd/Calls.aspx,Blue,a tbd link,26,8
08/01/26,10:08:46 PM,200 Carmen Place,78207,Other Calls,Disturbance Loud Music,2350,CENTRAL,SAPD-2026-1044453,29.404801,-98.535152,1785640126000,http://www.sanantonio.gov/sapd/Calls.aspx,Blue,a tbd link,26,8
08/01/26,10:09:48 PM,13400 Us Hwy 281 N,78216,Traffic Calls,Traffic Related,3130,NORTH,SAPD-2026-1044455,29.563526,-98.481226,1785640188000,http://www.sanantonio.gov/sapd/Calls.aspx,Yellow,a tbd link,26,8
08/01/26,10:11:35 PM,100 Tuleta,78212,Traffic Calls,Traffic Related,1230,DOWNTOWN,SAPD-2026-1044457,29.463781,-98.4772,1785640295000,http://www.sanantonio.gov/sapd/Calls.aspx,Yellow,a tbd link,26,8
08/01/26,10:12:46 PM,8600 Valentina Way,78245,Other Calls,Disturbance Family,5330,WEST,SAPD-2026-1044462,29.421024,-98.655473,1785640366000,http://www.sanantonio.gov/sapd/Calls.aspx,Blue,a tbd link,26,8
08/01/26,10:20:00 PM,Wetmore Rd / Thousand Oaks Dr,78247,Traffic Calls,Traffic Related,3240,NORTH,SAPD-2026-1044517,29.561445,-98.421783,1785640800000,http://www.sanantonio.gov/sapd/Calls.aspx,Yellow,a tbd link,26,8
08/01/26,10:13:54 PM,Nw Military Hwy / Huebner Rd,78231,Other Calls,Suspicious Person,7220,PRUE,SAPD-2026-1044464,29.574929,-98.54471,1785640434000,http://www.sanantonio.gov/sapd/Calls.aspx,Blue,a tbd link,26,8
08/01/26,10:15:44 PM,11500 Ih 35 N,78233-5304,Crimes Against Person Calls,Threats,3230,NORTH,SAPD-2026-1044471,29.545857,-98.370136,1785640544000,http://www.sanantonio.gov/sapd/Calls.aspx,Red,a tbd link,26,8
08/01/26,10:13:57 PM,200-415 Blue Star,78210,Other Calls,Patrol By,1140,DOWNTOWN,SAPD-2026-1044463,29.406407,-98.494004,1785640437000,http://www.sanantonio.gov/sapd/Calls.aspx,Blue,a tbd link,26,8
08/01/26,10:17:16 PM,5400 Eisenhauer Rd,78218,Other Calls,Disturbance,4330,EAST,SAPD-2026-1044478,29.502262,-98.374446,1785640636000,http://www.sanantonio.gov/sapd/Calls.aspx,Blue,a tbd link,26,8
08/01/26,10:15:14 PM,4200 S New Braunfels Ave,78223,Other Calls,Disturbance,4220,EAST,SAPD-2026-1044469,29.376481,-98.45832,1785640514000,http://www.sanantonio.gov/sapd/Calls.aspx,Blue,a tbd link,26,8
08/01/26,10:14:57 PM,400 Sligo St,78223,Other Calls,Disturbance Loud Music,6270,SOUTH,SAPD-2026-1044468,29.32886,-98.423039,1785640497000,http://www.sanantonio.gov/sapd/Calls.aspx,Blue,a tbd link,26,8
08/01/26,10:14:48 PM,4600 Gardendale,78240,Other Calls,Disturbance Neighbor,7150,PRUE,SAPD-2026-1044466,29.526462,-98.57275,1785640488000,http://www.sanantonio.gov/sapd/Calls.aspx,Blue,a tbd link,26,8
08/01/26,10:16:26 PM,4600 Gardendale,78240,Other Calls,Disturbance Family,7150,PRUE,SAPD-2026-1044473,29.52654,-98.571878,1785640586000,http://www.sanantonio.gov/sapd/Calls.aspx,Blue,a tbd link,26,8
08/01/26,10:16:06 PM,100 Persyn St,78207,Crimes Against Person Calls,Assault In Progress,2350,CENTRAL,SAPD-2026-1044472,29.413593,-98.538667,1785640566000,http://www.sanantonio.gov/sapd/Calls.aspx,Red,a tbd link,26,8
08/01/26,10:17:06 PM,3600 Spanish Branch,78222,Traffic Calls,Minor Accident,4250,EAST,SAPD-2026-1044476,29.38552,-98.380233,1785640626000,http://www.sanantonio.gov/sapd/Calls.aspx,Yellow,a tbd link,26,8
08/01/26,10:19:36 PM,600 Hemisfair Plaza Way,78205,Other Calls,Suspicious Person,1110,DOWNTOWN,SAPD-2026-1044487,29.4192,-98.484835,1785640776000,http://www.sanantonio.gov/sapd/Calls.aspx,Blue,a tbd link,26,8
08/01/26,10:17:39 PM,6600 Babcock Rd,78249,Other Calls,Disturbance Loud Music,7340,PRUE,SAPD-2026-1044480,29.557734,-98.617078,1785640659000,http://www.sanantonio.gov/sapd/Calls.aspx,Blue,a tbd link,26,8
08/01/26,10:17:05 PM,5600 Onyx Way,78222,Other Calls,Disturbance Barking Dog,4250,EAST,SAPD-2026-1044474,29.370646,-98.369841,1785640625000,http://www.sanantonio.gov/sapd/Calls.aspx,Blue,a tbd link,26,8
08/01/26,10:17:04 PM,1000-1099 E Houston St,78202,Property Crime Calls,Burglary Vehicle,1110,DOWNTOWN,SAPD-2026-1044475,29.425083,-98.481179,1785640624000,http://www.sanantonio.gov/sapd/Calls.aspx,Green,a tbd link,26,8
08/01/26,10:19:07 PM,8000 Oakdell Way,78240,Other Calls,Disturbance,7160,PRUE,SAPD-2026-1044485,29.514465,-98.597856,1785640747000,http://www.sanantonio.gov/sapd/Calls.aspx,Blue,a tbd link,26,8
08/01/26,10:19:38 PM,3500 Edge Vw,78259,Other Calls,Suspicious Person,3150,NORTH,SAPD-2026-1044488,29.645166,-98.432802,1785640778000,http://www.sanantonio.gov/sapd/Calls.aspx,Blue,a tbd link,26,8
08/01/26,10:18:35 PM,2700 Churchill Ave,78109,Other Calls,Disturbance,4310,EAST,SAPD-2026-1044481,29.45446,-98.336251,1785640715000,http://www.sanantonio.gov/sapd/Calls.aspx,Blue,a tbd link,26,8
08/01/26,10:20:20 PM,8000 Oakdell Way,78240,Other Calls,Disturbance,7160,PRUE,SAPD-2026-1044491,29.514465,-98.597856,1785640820000,http://www.sanantonio.gov/sapd/Calls.aspx,Blue,a tbd link,26,8
08/01/26,10:18:57 PM,1700 Jackson-keller Rd,78213,Other Calls,Disturbance Loud Music,3310,NORTH,SAPD-2026-1044483,29.510003,-98.523108,1785640737000,http://www.sanantonio.gov/sapd/Calls.aspx,Blue,a tbd link,26,8
08/01/26,10:21:01 PM,Capella Cir / Eclipse Bend,78252,Other Calls,Disturbance Loud Music,6360,SOUTH,SAPD-2026-1044496,29.349601,-98.635588,1785640861000,http://www.sanantonio.gov/sapd/Calls.aspx,Blue,a tbd link,26,8
08/01/26,10:21:32 PM,900 Sunglo Dr,78221,Other Calls,Disturbance,6150,SOUTH,SAPD-2026-1044500,29.352608,-98.519008,1785640892000,http://www.sanantonio.gov/sapd/Calls.aspx,Blue,a tbd link,26,8
08/01/26,10:20:29 PM,100 Tuleta,78212,Traffic Calls,Traffic Related,1230,DOWNTOWN,SAPD-2026-1044492,29.463781,-98.4772,1785640829000,http://www.sanantonio.gov/sapd/Calls.aspx,Yellow,a tbd link,26,8
08/01/26,10:20:00 PM,100 Bailey Ave,78210,Other Calls,Patrol By,4150,EAST,SAPD-2026-1044495,29.39393,-98.472357,1785640800000,http://www.sanantonio.gov/sapd/Calls.aspx,Blue,a tbd link,26,8
08/01/26,10:22:04 PM,300 Riverdale Dr,78228,Other Calls,Disturbance Family,5250,WEST,SAPD-2026-1044502,29.455819,-98.57664,1785640924000,http://www.sanantonio.gov/sapd/Calls.aspx,Blue,a tbd link,26,8
08/01/26,10:21:00 PM,11700 Parliament,78213,Other Calls,Disturbance Loud Music,3110,NORTH,SAPD-2026-1044497,29.546602,-98.51225,1785640860000,http://www.sanantonio.gov/sapd/Calls.aspx,Blue,a tbd link,26,8
08/01/26,10:23:41 PM,U0 Hwy 281 N,78216,Traffic Calls,Traffic Related,3130,NORTH,SAPD-2026-1044506,29.564417,-98.481798,1785641021000,http://www.sanantonio.gov/sapd/Calls.aspx,Yellow,a tbd link,26,8
08/01/26,10:19:43 PM,6300 Us Hwy 90 W,78227,Property Crime Calls,Burglary in Progress,5150,WEST,SAPD-2026-1044489,29.406585,-98.613678,1785640783000,http://www.sanantonio.gov/sapd/Calls.aspx,Green,a tbd link,26,8
08/01/26,10:22:58 PM,W Martin St / N Zarzamora St,78207,Other Calls,Welfare Check,2320,CENTRAL,SAPD-2026-1044504,29.432074,-98.526457,1785640978000,http://www.sanantonio.gov/sapd/Calls.aspx,Blue,a tbd link,26,8
08/01/26,10:20:46 PM,1300 Nolan St,78202,Crimes Against Person Calls,Lewd Conduct,4110,EAST,SAPD-2026-1044493,29.427594,-98.464284,1785640846000,http://www.sanantonio.gov/sapd/Calls.aspx,Red,a tbd link,26,8
08/01/26,10:21:02 PM,200 Tampico St,78207,Other Calls,Disturbance,2370,CENTRAL,SAPD-2026-1044499,29.413152,-98.507564,1785640862000,http://www.sanantonio.gov/sapd/Calls.aspx,Blue,a tbd link,26,8
08/01/26,10:23:50 PM,1300 Vickers Ave,78211,Other Calls,Disturbance Loud Music,6320,SOUTH,SAPD-2026-1044507,29.366447,-98.538863,1785641030000,http://www.sanantonio.gov/sapd/Calls.aspx,Blue,a tbd link,26,8
08/01/26,10:22:54 PM,100 Tuleta,78212,Traffic Calls,Traffic Related,1230,DOWNTOWN,SAPD-2026-1044503,29.463781,-98.4772,1785640974000,http://www.sanantonio.gov/sapd/Calls.aspx,Yellow,a tbd link,26,8
08/01/26,10:21:17 PM,600 Acuna,78237,Other Calls,DOA,5140,WEST,SAPD-2026-1044498,29.42613,-98.568924,1785640877000,http://www.sanantonio.gov/sapd/Calls.aspx,Blue,a tbd link,26,8
08/01/26,10:23:46 PM,7600 Callaghan Rd,78229,Other Calls,Disturbance,7110,PRUE,SAPD-2026-1044505,29.50673,-98.555775,1785641026000,http://www.sanantonio.gov/sapd/Calls.aspx,Blue,a tbd link,26,8
08/01/26,10:24:09 PM,4800 Birdie Ln,78237,Property Crime Calls,Theft,5130,WEST,SAPD-2026-1044508,29.438938,-98.581776,1785641049000,http://www.sanantonio.gov/sapd/Calls.aspx,Green,a tbd link,26,8
08/01/26,10:25:08 PM,3900 N St Mary's St,78212,Traffic Calls,Traffic Related,1230,DOWNTOWN,SAPD-2026-1044511,29.462316,-98.473554,1785641108000,http://www.sanantonio.gov/sapd/Calls.aspx,Yellow,a tbd link,26,8
08/01/26,10:24:56 PM,100 Forrest Ave,78204,Other Calls,Disturbance Loud Music,1140,DOWNTOWN,SAPD-2026-1044510,29.402418,-98.504053,1785641096000,http://www.sanantonio.gov/sapd/Calls.aspx,Blue,a tbd link,26,8
08/01/26,10:26:32 PM,5000 Wiseman Blvd,78251,Other Calls,Disturbance Family,5360,WEST,SAPD-2026-1044516,29.463895,-98.709203,1785641192000,http://www.sanantonio.gov/sapd/Calls.aspx,Blue,a tbd link,26,8
08/01/26,10:25:46 PM,3900 Verde Bosque,78223,Crimes Against Person Calls,Suspicious Vehicle,4260,EAST,SAPD-2026-1044514,29.350474,-98.418295,1785641146000,http://www.sanantonio.gov/sapd/Calls.aspx,Red,a tbd link,26,8
08/01/26,10:26:08 PM,8200 Marbach Rd,78227,Other Calls,Disturbance,5340,WEST,SAPD-2026-1044515,29.417843,-98.654208,1785641168000,http://www.sanantonio.gov/sapd/Calls.aspx,Blue,a tbd link,26,8
08/01/26,10:25:24 PM,200 W Broadview Dr,78228,Other Calls,Disturbance Loud Music,5260,WEST,SAPD-2026-1044513,29.470138,-98.578181,1785641124000,http://www.sanantonio.gov/sapd/Calls.aspx,Blue,a tbd link,26,8
08/01/26,10:27:25 PM,3100 Missile,78217,Property Crime Calls,Theft,3360,NORTH,SAPD-2026-1044519,29.531648,-98.438352,1785641245000,http://www.sanantonio.gov/sapd/Calls.aspx,Green,a tbd link,26,8
08/01/26,10:26:54 PM,500 Oriental Ave,78204,Other Calls,Disturbance Loud Music,2340,CENTRAL,SAPD-2026-1044518,29.401694,-98.520622,1785641214000,http://www.sanantonio.gov/sapd/Calls.aspx,Blue,a tbd link,26,8
08/01/26,10:31:55 PM,200 Wayside,78213,Other Calls,Disturbance Family,2230,CENTRAL,SAPD-2026-1044541,29.502063,-98.528954,1785641515000,http://www.sanantonio.gov/sapd/Calls.aspx,Blue,a tbd link,26,8
08/01/26,10:28:33 PM,200 Rilla Vista Dr,78216,Other Calls,Suspicious Person,3310,NORTH,SAPD-2026-1044525,29.497056,-98.493256,1785641313000,http://www.sanantonio.gov/sapd/Calls.aspx,Blue,a tbd link,26,8
08/01/26,10:27:27 PM,11600 Nacogdoches Rd,78217,Other Calls,Fire,3210,NORTH,SAPD-2026-1044520,29.545588,-98.415333,1785641247000,http://www.sanantonio.gov/sapd/Calls.aspx,Blue,a tbd link,26,8
08/01/26,10:30:14 PM,300 Fargo Ave,78220,Other Calls,Disturbance Family,4160,EAST,SAPD-2026-1044530,29.415875,-98.437173,1785641414000,http://www.sanantonio.gov/sapd/Calls.aspx,Blue,a tbd link,26,8
08/01/26,10:27:47 PM,11600 Nacogdoches Rd,78217,Other Calls,Fire,3210,NORTH,SAPD-2026-1044521,29.545588,-98.415333,1785641267000,http://www.sanantonio.gov/sapd/Calls.aspx,Blue,a tbd link,26,8
08/01/26,10:28:09 PM,11600 Nacogdoches Rd,78217,Other Calls,Fire,3210,NORTH,SAPD-2026-1044523,29.545588,-98.415333,1785641289000,http://www.sanantonio.gov/sapd/Calls.aspx,Blue,a tbd link,26,8
08/01/26,10:28:42 PM,5200 Blanco Rd,78216,Other Calls,Disturbance Loud Music,3310,NORTH,SAPD-2026-1044526,29.496258,-98.506934,1785641322000,http://www.sanantonio.gov/sapd/Calls.aspx,Blue,a tbd link,26,8
08/01/26,10:30:35 PM,1000 Blanco Rd,78212,Other Calls,Disturbance Family,2210,CENTRAL,SAPD-2026-1044534,29.455417,-98.507576,1785641435000,http://www.sanantonio.gov/sapd/Calls.aspx,Blue,a tbd link,26,8
08/01/26,10:30:30 PM,12000 Perrin Beitel,78217,Other Calls,Fire,3210,NORTH,SAPD-2026-1044533,29.550101,-98.408044,1785641430000,http://www.sanantonio.gov/sapd/Calls.aspx,Blue,a tbd link,26,8
08/01/26,10:30:24 PM,900 S Laredo St,78204,Other Calls,Suspicious Person,1140,DOWNTOWN,SAPD-2026-1044532,29.416083,-98.502117,1785641424000,http://www.sanantonio.gov/sapd/Calls.aspx,Blue,a tbd link,26,8
08/01/26,10:30:20 PM,8800 Sw Loop 410,78242,Crimes Against Person Calls,Assault In Progress,6350,SOUTH,SAPD-2026-1044531,29.341007,-98.624496,1785641420000,http://www.sanantonio.gov/sapd/Calls.aspx,Red,a tbd link,26,8
08/01/26,10:31:36 PM,100 Bandera Rd,78228,Other Calls,Disturbance,5220,WEST,SAPD-2026-1044539,29.447257,-98.542411,1785641496000,http://www.sanantonio.gov/sapd/Calls.aspx,Blue,a tbd link,26,8
08/01/26,10:31:17 PM,300 E Craig Place,78212,Other Calls,Disturbance Loud Music,1210,DOWNTOWN,SAPD-2026-1044538,29.451693,-98.486967,1785641477000,http://www.sanantonio.gov/sapd/Calls.aspx,Blue,a tbd link,26,8
08/01/26,10:32:50 PM,Bandera Rd / Mainland Dr,78250,Traffic Calls,Traffic Related,7320,PRUE,SAPD-2026-1044543,29.515177,-98.634534,1785641570000,http://www.sanantonio.gov/sapd/Calls.aspx,Yellow,a tbd link,26,8
08/01/26,10:34:18 PM,8200 Marbach Rd,78227,Other Calls,Disturbance,5340,WEST,SAPD-2026-1044549,29.417843,-98.654208,1785641658000,http://www.sanantonio.gov/sapd/Calls.aspx,Blue,a tbd link,26,8
08/01/26,10:34:03 PM,Blanco Rd / W Bitters Rd,78248,Traffic Calls,Traffic Violation,7240,PRUE,SAPD-2026-1044546,29.579157,-98.514332,1785641643000,http://www.sanantonio.gov/sapd/Calls.aspx,Yellow,a tbd link,26,8
08/01/26,10:34:36 PM,2200 El Paso St,78207,Property Crime Calls,Theft In Progress,2330,CENTRAL,SAPD-2026-1044552,29.420368,-98.524513,1785641676000,http://www.sanantonio.gov/sapd/Calls.aspx,Green,a tbd link,26,8
08/01/26,10:34:43 PM,100 Frances Jean Dr,78223,Other Calls,Disturbance Family,4220,EAST,SAPD-2026-1044553,29.382431,-98.461757,1785641683000,http://www.sanantonio.gov/sapd/Calls.aspx,Blue,a tbd link,26,8
08/01/26,10:34:37 PM,12500 Liberty Hill,78253,Other Calls,SAPD Non-Emergency Call,NOT SAPD BEX,SAPD OUTSIDE AREA,SAPD-2026-1044551,29.45063,-98.74053,1785641677000,http://www.sanantonio.gov/sapd/Calls.aspx,Blue,a tbd link,26,8
08/01/26,10:34:24 PM,5500 Fossil Way,78222,Other Calls,Welfare Check,4250,EAST,SAPD-2026-1044550,29.371893,-98.37548,1785641664000,http://www.sanantonio.gov/sapd/Calls.aspx,Blue,a tbd link,26,8
08/01/26,10:35:05 PM,2500 Jackson-keller Rd,78230,Other Calls,Disturbance Loud Music,7210,PRUE,SAPD-2026-1044556,29.519834,-98.531758,1785641705000,http://www.sanantonio.gov/sapd/Calls.aspx,Blue,a tbd link,26,8
08/01/26,10:39:59 PM,3812-3901 Thousand Oaks Dr,78217,Other Calls,Assist the Public,3240,NORTH,SAPD-2026-1044569,29.560934,-98.42112,1785641999000,http://www.sanantonio.gov/sapd/Calls.aspx,Blue,a tbd link,26,8
08/01/26,10:34:17 PM,3501-4045 US HWY 90 W WB,78237,Traffic Calls,Traffic Related,5120,WEST,SAPD-2026-1044548,29.406155,-98.570233,1785641657000,http://www.sanantonio.gov/sapd/Calls.aspx,Yellow,a tbd link,26,8
08/01/26,10:37:52 PM,9200 S Presa St,78223,Property Crime Calls,Criminal Mischief In Progress,6270,SOUTH,SAPD-2026-1044560,29.328803,-98.440875,1785641872000,http://www.sanantonio.gov/sapd/Calls.aspx,Green,a tbd link,26,8
08/01/26,10:37:50 PM,5100 Usaa Blvd,78240,Property Crime Calls,Theft,7150,PRUE,SAPD-2026-1044561,29.533555,-98.586156,1785641870000,http://www.sanantonio.gov/sapd/Calls.aspx,Green,a tbd link,26,8
08/01/26,10:37:08 PM,8000 Broadway,78209,Crimes Against Person Calls,Disturbance Neighbor Gun Involved,3330,NORTH,SAPD-2026-1044559,29.508912,-98.466432,1785641828000,http://www.sanantonio.gov/sapd/Calls.aspx,Red,a tbd link,26,8
08/01/26,10:36:48 PM,3700 Fredericksburg Rd,78201,Crimes Against Person Calls,Assault In Progress,5230,WEST,SAPD-2026-1044557,29.480015,-98.541509,1785641808000,http://www.sanantonio.gov/sapd/Calls.aspx,Red,a tbd link,26,8
08/01/26,10:39:46 PM,Nw Loop 410 Wb / Evers Rd,78238,Traffic Calls,Traffic Related,7140,PRUE,SAPD-2026-1044567,29.485159,-98.593141,1785641986000,http://www.sanantonio.gov/sapd/Calls.aspx,Yellow,a tbd link,26,8
08/01/26,10:39:19 PM,300 Roslyn Ave,78204,Other Calls,Animal Related,2340,CENTRAL,SAPD-2026-1044565,29.397699,-98.519053,1785641959000,http://www.sanantonio.gov/sapd/Calls.aspx,Blue,a tbd link,26,8
08/01/26,10:41:17 PM,12300 Ih 35 S,78073,Other Calls,Disturbance Loud Music,6160,SOUTH,SAPD-2026-1044571,29.300999,-98.626297,1785642077000,http://www.sanantonio.gov/sapd/Calls.aspx,Blue,a tbd link,26,8
08/01/26,10:38:45 PM,400 SUMNER DR,78209,Other Calls,Patrol By,3340,NORTH,SAPD-2026-1044563,29.488081,-98.439988,1785641925000,http://www.sanantonio.gov/sapd/Calls.aspx,Blue,a tbd link,26,8
08/01/26,10:40:46 PM,8700 Pavilion Place,78250,Other Calls,Disturbance,7320,PRUE,SAPD-2026-1044570,29.509552,-98.648097,1785642046000,http://www.sanantonio.gov/sapd/Calls.aspx,Blue,a tbd link,26,8
08/01/26,10:39:52 PM,800 Sw 34th St,78237,Crimes Against Person Calls,Assault In Progress,5120,WEST,SAPD-2026-1044568,29.416187,-98.569329,1785641992000,http://www.sanantonio.gov/sapd/Calls.aspx,Red,a tbd link,26,8
08/01/26,10:43:11 PM,5500 Presidio Pkwy,78249,Property Crime Calls,Burglary Vehicle,7230,PRUE,SAPD-2026-1044579,29.58529,-98.593477,1785642191000,http://www.sanantonio.gov/sapd/Calls.aspx,Green,a tbd link,26,8
08/01/26,10:41:26 PM,1800 Nogalitos St,78225,Other Calls,Disturbance Loud Music,6110,SOUTH,SAPD-2026-1044572,29.395161,-98.516327,1785642086000,http://www.sanantonio.gov/sapd/Calls.aspx,Blue,a tbd link,26,8
08/01/26,10:43:00 PM,8200 Marbach Rd,78227,Other Calls,Disturbance,5340,WEST,SAPD-2026-1044577,29.417843,-98.654208,1785642180000,http://www.sanantonio.gov/sapd/Calls.aspx,Blue,a tbd link,26,8
08/01/26,10:42:23 PM,10300 Oasis Dr,78216,Other Calls,Disturbance,3350,NORTH,SAPD-2026-1044575,29.533391,-98.491056,1785642143000,http://www.sanantonio.gov/sapd/Calls.aspx,Blue,a tbd link,26,8
08/01/26,10:43:25 PM,5600 Rim Pass,78257,Other Calls,Suspicious Person,7260,PRUE,SAPD-2026-1044578,29.602907,-98.596681,1785642205000,http://www.sanantonio.gov/sapd/Calls.aspx,Blue,a tbd link,26,8
08/01/26,10:43:42 PM,1200 Historic Old Hwy 90,78227,Traffic Calls,Accident Private Property,5120,WEST,SAPD-2026-1044580,29.42011,-98.588212,1785642222000,http://www.sanantonio.gov/sapd/Calls.aspx,Yellow,a tbd link,26,8
08/01/26,10:45:24 PM,5900 Eckhert Rd,78240,Other Calls,Assist the Public,7160,PRUE,SAPD-2026-1044591,29.516975,-98.598874,1785642324000,http://www.sanantonio.gov/sapd/Calls.aspx,Blue,a tbd link,26,8
08/01/26,10:44:30 PM,8500 Mccullough Ave,78216,Other Calls,Disturbance,3320,NORTH,SAPD-2026-1044585,29.516103,-98.492722,1785642270000,http://www.sanantonio.gov/sapd/Calls.aspx,Blue,a tbd link,26,8
08/01/26,10:51:37 PM,5200 Way View Dr,78220,Other Calls,Disturbance Neighbor,4240,EAST,SAPD-2026-1044617,29.420737,-98.377515,1785642697000,http://www.sanantonio.gov/sapd/Calls.aspx,Blue,a tbd link,26,8
08/01/26,10:44:23 PM,Garland St / Cumberland Blvd,78204,Other Calls,Disturbance Loud Music,2340,CENTRAL,SAPD-2026-1044583,29.400819,-98.520613,1785642263000,http://www.sanantonio.gov/sapd/Calls.aspx,Blue,a tbd link,26,8
08/01/26,10:45:04 PM,4900 Nw Loop 410,78229,Other Calls,Disturbance,7140,PRUE,SAPD-2026-1044588,29.489164,-98.583159,1785642304000,http://www.sanantonio.gov/sapd/Calls.aspx,Blue,a tbd link,26,8
08/01/26,10:45:24 PM,2100 S Zarzamora St,78207,Other Calls,Disturbance,2340,CENTRAL,SAPD-2026-1044590,29.401147,-98.5298,1785642324000,http://www.sanantonio.gov/sapd/Calls.aspx,Blue,a tbd link,26,8
08/01/26,10:45:30 PM,1200 Fenfield Ave,78211,Other Calls,Disturbance Loud Music,6320,SOUTH,SAPD-2026-1044592,29.362928,-98.563383,1785642330000,http://www.sanantonio.gov/sapd/Calls.aspx,Blue,a tbd link,26,8
08/01/26,10:49:23 PM,3100 Roosevelt Ave,78214,Other Calls,Disturbance,6230,SOUTH,SAPD-2026-1044604,29.364979,-98.482981,1785642563000,http://www.sanantonio.gov/sapd/Calls.aspx,Blue,a tbd link,26,8
08/01/26,10:47:15 PM,Us Hwy 87 E Access Rd / Rigsby Ave,78222,Other Calls,Disturbance,4240,EAST,SAPD-2026-1044595,29.398309,-98.387722,1785642435000,http://www.sanantonio.gov/sapd/Calls.aspx,Blue,a tbd link,26,8
08/01/26,10:47:31 PM,400 Lackell Ave,78226,Other Calls,Miscellaneous,6310,SOUTH,SAPD-2026-1044596,29.38896,-98.562885,1785642451000,http://www.sanantonio.gov/sapd/Calls.aspx,Blue,a tbd link,26,8
08/01/26,10:49:58 PM,17000 Ih 10 W,78256,Property Crime Calls,Theft,7250,PRUE,SAPD-2026-1044606,29.599894,-98.608986,1785642598000,http://www.sanantonio.gov/sapd/Calls.aspx,Green,a tbd link,26,8
08/01/26,10:48:18 PM,Stahl Rd / Wetmore Rd,78217,Traffic Calls,Traffic Related,3240,NORTH,SAPD-2026-1044598,29.564782,-98.419169,1785642498000,http://www.sanantonio.gov/sapd/Calls.aspx,Yellow,a tbd link,26,8
08/01/26,10:49:13 PM,13000 JONES MALTSBERGER RD,78247,Traffic Calls,Minor Accident,3220,NORTH,SAPD-2026-1044600,29.559728,-98.459693,1785642553000,http://www.sanantonio.gov/sapd/Calls.aspx,Yellow,a tbd link,26,8
08/01/26,10:48:20 PM,1500 Cable Ranch Rd,78245,Other Calls,Welfare Check,5330,WEST,SAPD-2026-1044597,29.425988,-98.654267,1785642500000,http://www.sanantonio.gov/sapd/Calls.aspx,Blue,a tbd link,26,8
08/01/26,10:48:36 PM,7000 Fm 78,78244,Other Calls,Disturbance Loud Music,4320,EAST,SAPD-2026-1044599,29.486028,-98.349437,1785642516000,http://www.sanantonio.gov/sapd/Calls.aspx,Blue,a tbd link,26,8
08/01/26,10:47:44 PM,7000 Culebra Rd,78238,Crimes Against Person Calls,Suspicious Vehicle,5160,WEST,SAPD-2026-1044605,29.45009,-98.626662,1785642464000,http://www.sanantonio.gov/sapd/Calls.aspx,Red,a tbd link,26,8
08/01/26,10:51:26 PM,5500 Kless Dr,78242,Other Calls,Disturbance Family,6340,SOUTH,SAPD-2026-1044612,29.348311,-98.606668,1785642686000,http://www.sanantonio.gov/sapd/Calls.aspx,Blue,a tbd link,26,8
08/01/26,10:49:16 PM,N0 Ih 10 W Onrp Sb N Loop 1604 W,78249,Traffic Calls,Minor Accident,7250,PRUE,SAPD-2026-1044601,29.588788,-98.618211,1785642556000,http://www.sanantonio.gov/sapd/Calls.aspx,Yellow,a tbd link,26,8
08/01/26,10:50:07 PM,2300 Sw Military Dr,78224,Crimes Against Person Calls,Holdup Alarm In Progress,6130,SOUTH,SAPD-2026-1044608,29.354923,-98.531014,1785642607000,http://www.sanantonio.gov/sapd/Calls.aspx,Red,a tbd link,26,8
08/01/26,10:50:48 PM,1300 Nolan St,78202,Other Calls,Disturbance Loud Music,4110,EAST,SAPD-2026-1044610,29.427594,-98.464375,1785642648000,http://www.sanantonio.gov/sapd/Calls.aspx,Blue,a tbd link,26,8
08/01/26,10:50:29 PM,1000 Burleson St,78202,Other Calls,Disturbance,4110,EAST,SAPD-2026-1044609,29.432705,-98.464879,1785642629000,http://www.sanantonio.gov/sapd/Calls.aspx,Blue,a tbd link,26,8
08/01/26,10:54:36 PM,2300 Ne Loop 410,78217-5602,Other Calls,Miscellaneous,3370,NORTH,SAPD-2026-1044625,29.5167,-98.42014,1785642876000,http://www.sanantonio.gov/sapd/Calls.aspx,Blue,a tbd link,26,8
08/01/26,10:53:00 PM,2300 Horal Dr,78227,Property Crime Calls,Burglary in Progress,5340,WEST,SAPD-2026-1044616,29.407625,-98.657603,1785642780000,http://www.sanantonio.gov/sapd/Calls.aspx,Green,a tbd link,26,8
08/01/26,10:54:19 PM,900 S Ellison Dr,78245,Other Calls,Suspicious Person,5330,WEST,SAPD-2026-1044621,29.42839,-98.682909,1785642859000,http://www.sanantonio.gov/sapd/Calls.aspx,Blue,a tbd link,26,8
08/01/26,10:51:37 PM,900 W CARGO,78216,Other Calls,Patrol By,SAT1,AIRPORT,SAPD-2026-1044613,29.532221,-98.480775,1785642697000,http://www.sanantonio.gov/sapd/Calls.aspx,Blue,a tbd link,26,8
08/01/26,10:52:44 PM,5300 Blanco Rd,78216,Other Calls,Disturbance,3310,NORTH,SAPD-2026-1044615,29.500791,-98.509314,1785642764000,http://www.sanantonio.gov/sapd/Calls.aspx,Blue,a tbd link,26,8
08/01/26,10:54:17 PM,1200 Austin Hwy,78209,Other Calls,Injured/Sick Person,3340,NORTH,SAPD-2026-1044620,29.487778,-98.447344,1785642857000,http://www.sanantonio.gov/sapd/Calls.aspx,Blue,a tbd link,26,8
08/01/26,10:56:08 PM,100 Bernice,78228,Other Calls,Assist the Public,5130,WEST,SAPD-2026-1044628,29.442221,-98.577574,1785642968000,http://www.sanantonio.gov/sapd/Calls.aspx,Blue,a tbd link,26,8
08/01/26,10:54:27 PM,300 Spriggsdale,78220,Other Calls,Disturbance,4160,EAST,SAPD-2026-1044623,29.417688,-98.439248,1785642867000,http://www.sanantonio.gov/sapd/Calls.aspx,Blue,a tbd link,26,8
08/01/26,10:54:16 PM,1000 Donaldson Ave,78228,Other Calls,Disturbance,5210,WEST,SAPD-2026-1044622,29.464415,-98.54456,1785642856000,http://www.sanantonio.gov/sapd/Calls.aspx,Blue,a tbd link,26,8
08/01/26,10:54:37 PM,900 Vfw Blvd,78223,Other Calls,Disturbance,6240,SOUTH,SAPD-2026-1044624,29.371521,-98.475678,1785642877000,http://www.sanantonio.gov/sapd/Calls.aspx,Blue,a tbd link,26,8
08/01/26,10:59:22 PM,5700 North Knoll,78240,Other Calls,Missing Person - Endangered,7160,PRUE,SAPD-2026-1044637,29.510027,-98.599992,1785643162000,http://www.sanantonio.gov/sapd/Calls.aspx,Blue,a tbd link,26,8
08/01/26,11:02:27 PM,4500 STERLINGFORD PLACE,78217,Other Calls,Disturbance,3240,NORTH,SAPD-2026-1044655,29.573053,-98.399354,1785643347000,http://www.sanantonio.gov/sapd/Calls.aspx,Blue,a tbd link,26,8
08/01/26,10:56:13 PM,700 E Cesar Chavez Blvd,78205,Other Calls,Disturbance Loud Music,1110,DOWNTOWN,SAPD-2026-1044629,29.417305,-98.485177,1785642973000,http://www.sanantonio.gov/sapd/Calls.aspx,Blue,a tbd link,26,8
08/01/26,10:57:16 PM,400 Vincent St,78211,Other Calls,Disturbance Family,6140,SOUTH,SAPD-2026-1044630,29.327045,-98.562042,1785643036000,http://www.sanantonio.gov/sapd/Calls.aspx,Blue,a tbd link,26,8
08/01/26,10:55:49 PM,5300 Blanco Rd,78213,Crimes Against Person Calls,Assault In Progress,3310,NORTH,SAPD-2026-1044626,29.500592,-98.508314,1785642949000,http://www.sanantonio.gov/sapd/Calls.aspx,Red,a tbd link,26,8
08/01/26,10:57:29 PM,Buena Vista St / S San Jacinto St,78207,Crimes Against Person Calls,Lewd Conduct,2330,CENTRAL,SAPD-2026-1044632,29.426028,-98.515694,1785643049000,http://www.sanantonio.gov/sapd/Calls.aspx,Red,a tbd link,26,8
08/01/26,10:57:25 PM,400 LEXINGTON AVE,78215,Other Calls,Patrol By,1130,DOWNTOWN,SAPD-2026-1044631,29.434246,-98.490671,1785643045000,http://www.sanantonio.gov/sapd/Calls.aspx,Blue,a tbd link,26,8
08/01/26,10:58:59 PM,1500 Thousand Oaks,78232,Other Calls,Disturbance,3140,NORTH,SAPD-2026-1044636,29.590937,-98.467275,1785643139000,http://www.sanantonio.gov/sapd/Calls.aspx,Blue,a tbd link,26,8
08/01/26,11:01:45 PM,3900 Rittiman Rd,78234,Other Calls,Disturbance,4350,EAST,SAPD-2026-1044649,29.4837,-98.416936,1785643305000,http://www.sanantonio.gov/sapd/Calls.aspx,Blue,a tbd link,26,8
08/01/26,10:58:57 PM,5300 Blanco Rd,78213,Crimes Against Person Calls,Fight,3310,NORTH,SAPD-2026-1044635,29.500592,-98.508314,1785643137000,http://www.sanantonio.gov/sapd/Calls.aspx,Red,a tbd link,26,8
08/01/26,10:59:34 PM,3500 Culebra Rd,78228,Crimes Against Person Calls,Assault In Progress,5130,WEST,SAPD-2026-1044638,29.448959,-98.569444,1785643174000,http://www.sanantonio.gov/sapd/Calls.aspx,Red,a tbd link,26,8
08/01/26,11:00:28 PM,5300 Blanco Rd,78213,Other Calls,Disturbance,3310,NORTH,SAPD-2026-1044657,29.500592,-98.508314,1785643228000,http://www.sanantonio.gov/sapd/Calls.aspx,Blue,a tbd link,26,8
08/01/26,10:58:55 PM,Nevada / S New Braunfels Ave,78203,Traffic Calls,Officer Traffic Stop,4120,EAST,SAPD-2026-1044634,29.4146,-98.461248,1785643135000,http://www.sanantonio.gov/sapd/Calls.aspx,Yellow,a tbd link,26,8
08/01/26,10:59:26 PM,100 Soledad St,78205,Other Calls,Disturbance,1120,DOWNTOWN,SAPD-2026-1044643,29.425358,-98.493161,1785643166000,http://www.sanantonio.gov/sapd/Calls.aspx,Blue,a tbd link,26,8
08/01/26,11:01:53 PM,16200 Us Hwy 281 N,,Other Calls,Miscellaneous,3140,NORTH,SAPD-2026-1044651,29.588125,-98.471619,1785643313000,http://www.sanantonio.gov/sapd/Calls.aspx,Blue,a tbd link,26,8
08/01/26,11:01:19 PM,1600 Goliad Rd,78223,Property Crime Calls,Theft In Progress,4220,EAST,SAPD-2026-1044646,29.370662,-98.444902,1785643279000,http://www.sanantonio.gov/sapd/Calls.aspx,Green,a tbd link,26,8
08/01/26,11:01:28 PM,5300 Blanco Rd,78213,Other Calls,Disturbance,3310,NORTH,SAPD-2026-1044652,29.500592,-98.508314,1785643288000,http://www.sanantonio.gov/sapd/Calls.aspx,Blue,a tbd link,26,8
08/01/26,11:00:23 PM,6800 Marimba Place,78227,Property Crime Calls,Burglary,5150,WEST,SAPD-2026-1044641,29.410576,-98.625462,1785643223000,http://www.sanantonio.gov/sapd/Calls.aspx,Green,a tbd link,26,8
08/01/26,11:01:33 PM,7300 N Loop 1604 W,78249,Other Calls,Disturbance,7250,PRUE,SAPD-2026-1044648,29.586099,-98.634385,1785643293000,http://www.sanantonio.gov/sapd/Calls.aspx,Blue,a tbd link,26,8
08/01/26,11:01:28 PM,De Zavala Rd / Brandeis,78249,Other Calls,Suspicious Person,7230,PRUE,SAPD-2026-1044647,29.567638,-98.579794,1785643288000,http://www.sanantonio.gov/sapd/Calls.aspx,Blue,a tbd link,26,8
08/01/26,11:00:58 PM,N ZARZAMORA ST / W POPLAR ST,78207,Other Calls,Fire,2320,CENTRAL,SAPD-2026-1044644,29.440723,-98.525431,1785643258000,http://www.sanantonio.gov/sapd/Calls.aspx,Blue,a tbd link,26,8
08/01/26,11:05:50 PM,Nw 38th St / Aurora Ave,78228,Other Calls,Information,5130,WEST,SAPD-2026-1044667,29.442961,-98.574833,1785643550000,http://www.sanantonio.gov/sapd/Calls.aspx,Blue,a tbd link,26,8
08/01/26,11:02:14 PM,400 Sumner Dr,78209,Other Calls,Patrol By,3340,NORTH,SAPD-2026-1044653,29.48808,-98.439849,1785643334000,http://www.sanantonio.gov/sapd/Calls.aspx,Blue,a tbd link,26,8
08/01/26,11:01:18 PM,1300 N MAIN AVE,78212,Other Calls,Patrol By,1210,DOWNTOWN,SAPD-2026-1044645,29.440747,-98.494328,1785643278000,http://www.sanantonio.gov/sapd/Calls.aspx,Blue,a tbd link,26,8
08/01/26,11:03:13 PM,10800 Ingram Rd,78245,Other Calls,Disturbance Loud Music,5330,WEST,SAPD-2026-1044658,29.42465,-98.667309,1785643393000,http://www.sanantonio.gov/sapd/Calls.aspx,Blue,a tbd link,26,8
08/01/26,11:11:56 PM,Bitters Rd / Us Hwy 281 N,78216,Traffic Calls,Traffic Related,3130,NORTH,SAPD-2026-1044699,29.565135,-98.482733,1785643916000,http://www.sanantonio.gov/sapd/Calls.aspx,Yellow,a tbd link,26,8
08/01/26,11:02:25 PM,3800 S New Braunfels Ave,78223,Other Calls,Disturbance,4220,EAST,SAPD-2026-1044654,29.380449,-98.459007,1785643345000,http://www.sanantonio.gov/sapd/Calls.aspx,Blue,a tbd link,26,8
08/01/26,11:05:06 PM,9300 Ih 10 E Eb,78109,Traffic Calls,Traffic Related,4310,EAST,SAPD-2026-1044661,29.464436,-98.295315,1785643506000,http://www.sanantonio.gov/sapd/Calls.aspx,Yellow,a tbd link,26,8
08/01/26,11:05:32 PM,3900 Rittiman Rd,78234,Other Calls,Disturbance,4350,EAST,SAPD-2026-1044662,29.4837,-98.416936,1785643532000,http://www.sanantonio.gov/sapd/Calls.aspx,Blue,a tbd link,26,8
08/01/26,11:06:59 PM,5400 Ray Ellison Blvd,78242,Other Calls,Animal Related,6350,SOUTH,SAPD-2026-1044669,29.355464,-98.605124,1785643619000,http://www.sanantonio.gov/sapd/Calls.aspx,Blue,a tbd link,26,8
08/01/26,11:08:21 PM,7500 N Loop 1604 E,78233,Traffic Calls,Minor Accident,NOT SAPD BEX,SAPD OUTSIDE AREA,SAPD-2026-1044679,29.578507,-98.341336,1785643701000,http://www.sanantonio.gov/sapd/Calls.aspx,Yellow,a tbd link,26,8
08/01/26,11:05:55 PM,7600 Blanco Rd,78216,Other Calls,Suspicious Person,3110,NORTH,SAPD-2026-1044665,29.529701,-98.505223,1785643555000,http://www.sanantonio.gov/sapd/Calls.aspx,Blue,a tbd link,26,8
08/01/26,11:05:37 PM,14600 Vance Jackson,78249,Other Calls,Disturbance Loud Music,7230,PRUE,SAPD-2026-1044663,29.582884,-98.584869,1785643537000,http://www.sanantonio.gov/sapd/Calls.aspx,Blue,a tbd link,26,8
08/01/26,11:12:44 PM,200 Brandywine Ave,78228,Other Calls,Assist the Public,5250,WEST,SAPD-2026-1044700,29.450897,-98.5737,1785643964000,http://www.sanantonio.gov/sapd/Calls.aspx,Blue,a tbd link,26,8
08/01/26,11:09:42 PM,Rosa Verde / S Leona St,78207,Other Calls,Suspicious Person,2370,CENTRAL,SAPD-2026-1044682,29.417743,-98.503702,1785643782000,http://www.sanantonio.gov/sapd/Calls.aspx,Blue,a tbd link,26,8
08/01/26,11:10:45 PM,7900 Callaghan Rd,78229,Property Crime Calls,Theft,7110,PRUE,SAPD-2026-1044688,29.510496,-98.553184,1785643845000,http://www.sanantonio.gov/sapd/Calls.aspx,Green,a tbd link,26,8
08/01/26,11:06:21 PM,1401-1499 S FLORES ST,78204,Traffic Calls,Traffic Related,1140,DOWNTOWN,SAPD-2026-1044666,29.40918,-98.501238,1785643581000,http://www.sanantonio.gov/sapd/Calls.aspx,Yellow,a tbd link,26,8
08/01/26,11:07:19 PM,15100 JUDSON RD,78247,Traffic Calls,Traffic Related,3260,NORTH,SAPD-2026-1044670,29.586222,-98.377088,1785643639000,http://www.sanantonio.gov/sapd/Calls.aspx,Yellow,a tbd link,26,8
08/01/26,11:09:15 PM,5000 Wiseman Blvd,78251,Other Calls,Disturbance,5360,WEST,SAPD-2026-1044680,29.462878,-98.708522,1785643755000,http://www.sanantonio.gov/sapd/Calls.aspx,Blue,a tbd link,26,8
08/01/26,11:10:36 PM,Ih 10 W / Medical Dr,78229,Traffic Calls,Traffic Related,7120,PRUE,SAPD-2026-1044687,29.52297,-98.556281,1785643836000,http://www.sanantonio.gov/sapd/Calls.aspx,Yellow,a tbd link,26,8
08/01/26,11:07:41 PM,9100 Powhatan Dr,78230,Other Calls,Welfare Check,7210,PRUE,SAPD-2026-1044672,29.522421,-98.549874,1785643661000,http://www.sanantonio.gov/sapd/Calls.aspx,Blue,a tbd link,26,8
08/01/26,11:07:42 PM,Southeast Dr / E Southcross Blvd,78222,Traffic Calls,Officer Traffic Stop,4260,EAST,SAPD-2026-1044673,29.374972,-98.408288,1785643662000,http://www.sanantonio.gov/sapd/Calls.aspx,Yellow,a tbd link,26,8
08/01/26,11:09:47 PM,15600 Ih 10 W,78249,Property Crime Calls,Burglary Vehicle,7230,PRUE,SAPD-2026-1044686,29.584893,-98.596444,1785643787000,http://www.sanantonio.gov/sapd/Calls.aspx,Green,a tbd link,26,8
08/01/26,11:08:37 PM,1300 SAN PEDRO AVE,78212,Other Calls,Patrol By,1220,DOWNTOWN,SAPD-2026-1044677,29.446836,-98.501425,1785643717000,http://www.sanantonio.gov/sapd/Calls.aspx,Blue,a tbd link,26,8
08/01/26,11:08:39 PM,100 SABYAN DR,78218,Other Calls,Patrol By,4350,EAST,SAPD-2026-1044678,29.487759,-98.426039,1785643719000,http://www.sanantonio.gov/sapd/Calls.aspx,Blue,a tbd link,26,8
08/01/26,11:11:17 PM,1700 Jackson-keller Rd,78213,Other Calls,Disturbance Loud Music,3310,NORTH,SAPD-2026-1044691,29.510003,-98.523108,1785643877000,http://www.sanantonio.gov/sapd/Calls.aspx,Blue,a tbd link,26,8
08/01/26,11:09:42 PM,W0 Nw Lp 410 Ofrp Nb Bandera,78229,Traffic Calls,Officer Traffic Stop,7140,PRUE,SAPD-2026-1044681,29.488887,-98.582187,1785643782000,http://www.sanantonio.gov/sapd/Calls.aspx,Yellow,a tbd link,26,8
08/01/26,11:11:27 PM,13000 Blanco Rd,78216,Other Calls,Disturbance Loud Music,7240,PRUE,SAPD-2026-1044693,29.560461,-98.517931,1785643887000,http://www.sanantonio.gov/sapd/Calls.aspx,Blue,a tbd link,26,8
08/01/26,11:12:04 PM,1500 Holbrook,78218,Other Calls,Disturbance,4360,EAST,SAPD-2026-1044697,29.499,-98.419947,1785643924000,http://www.sanantonio.gov/sapd/Calls.aspx,Blue,a tbd link,26,8
08/01/26,11:10:26 PM,800 Kirk Place,78226,Other Calls,SAPD Emergency Call,6310,SOUTH,SAPD-2026-1044684,29.397434,-98.535602,1785643826000,http://www.sanantonio.gov/sapd/Calls.aspx,Blue,a tbd link,26,8
08/01/26,11:13:46 PM,7100 Timber Ridge Dr,78227,Property Crime Calls,Burglary in Progress,5170,WEST,SAPD-2026-1044706,29.422258,-98.633023,1785644026000,http://www.sanantonio.gov/sapd/Calls.aspx,Green,a tbd link,26,8
08/01/26,11:17:08 PM,200 La Vaca St,78210,Other Calls,Information,1110,DOWNTOWN,SAPD-2026-1044721,29.416603,-98.48643,1785644228000,http://www.sanantonio.gov/sapd/Calls.aspx,Blue,a tbd link,26,8
08/01/26,11:14:05 PM,300 Tarasco Dr,78227,Other Calls,Welfare Check,5340,WEST,SAPD-2026-1044707,29.397479,-98.654153,1785644045000,http://www.sanantonio.gov/sapd/Calls.aspx,Blue,a tbd link,26,8
08/01/26,11:14:22 PM,9700 Airport Blvd,78216,Other Calls,Property Lost,SAT1,AIRPORT,SAPD-2026-1044715,29.527705,-98.472816,1785644062000,http://www.sanantonio.gov/sapd/Calls.aspx,Blue,a tbd link,26,8
08/01/26,11:14:44 PM,300 W Magnolia Ave,78212,Other Calls,Suspicious Person,1240,DOWNTOWN,SAPD-2026-1044711,29.455114,-98.497835,1785644084000,http://www.sanantonio.gov/sapd/Calls.aspx,Blue,a tbd link,26,8
08/01/26,11:13:22 PM,1151-1157 HISTORIC OLD HWY 90,78237,Traffic Calls,Traffic Related,5120,WEST,SAPD-2026-1044702,29.421013,-98.586092,1785644002000,http://www.sanantonio.gov/sapd/Calls.aspx,Yellow,a tbd link,26,8
08/01/26,11:15:15 PM,2700 Ne Loop 410,78217,Traffic Calls,Minor Accident,3370,NORTH,SAPD-2026-1044714,29.516679,-98.410764,1785644115000,http://www.sanantonio.gov/sapd/Calls.aspx,Yellow,a tbd link,26,8
08/01/26,11:15:16 PM,5800 Hidden Lake,78222,Other Calls,Disturbance Loud Music,4250,EAST,SAPD-2026-1044713,29.392404,-98.376336,1785644116000,http://www.sanantonio.gov/sapd/Calls.aspx,Blue,a tbd link,26,8
08/01/26,11:17:52 PM,400 Barrera,78210,Crimes Against Person Calls,Threats,1110,DOWNTOWN,SAPD-2026-1044735,29.41425,-98.484583,1785644272000,http://www.sanantonio.gov/sapd/Calls.aspx,Red,a tbd link,26,8
08/01/26,11:19:12 PM,Wurzbach Rd / Tioga Dr,78230,Property Crime Calls,Theft In Progress,7210,PRUE,SAPD-2026-1044731,29.536685,-98.556555,1785644352000,http://www.sanantonio.gov/sapd/Calls.aspx,Green,a tbd link,26,8
08/01/26,11:18:51 PM,4700 W Martin St,78237,Other Calls,Disturbance,2360,CENTRAL,SAPD-2026-1044730,29.434298,-98.549803,1785644331000,http://www.sanantonio.gov/sapd/Calls.aspx,Blue,a tbd link,26,8
08/01/26,11:16:23 PM,100 CAMARON,78205,Other Calls,Patrol By,1120,DOWNTOWN,SAPD-2026-1044717,29.425464,-98.495853,1785644183000,http://www.sanantonio.gov/sapd/Calls.aspx,Blue,a tbd link,26,8
08/01/26,11:18:33 PM,5100 Glen Rdg,78229,Other Calls,Disturbance Loud Music,7140,PRUE,SAPD-2026-1044728,29.491203,-98.589397,1785644313000,http://www.sanantonio.gov/sapd/Calls.aspx,Blue,a tbd link,26,8
08/01/26,11:18:58 PM,6400 Greencastle Dr,78242,Other Calls,Disturbance Loud Music,6350,SOUTH,SAPD-2026-1044733,29.370318,-98.606606,1785644338000,http://www.sanantonio.gov/sapd/Calls.aspx,Blue,a tbd link,26,8
08/01/26,11:23:40 PM,11000 Potranco Rd,78251,Traffic Calls,Minor Accident,5360,WEST,SAPD-2026-1044756,29.435311,-98.709994,1785644620000,http://www.sanantonio.gov/sapd/Calls.aspx,Yellow,a tbd link,26,8
08/01/26,11:19:57 PM,5300 Blanco Rd,78216,Other Calls,Suspicious Person,3310,NORTH,SAPD-2026-1044736,29.499795,-98.507116,1785644397000,http://www.sanantonio.gov/sapd/Calls.aspx,Blue,a tbd link,26,8
08/01/26,11:19:33 PM,Navarro St / E Houston St,78205,Traffic Calls,Traffic Related,1110,DOWNTOWN,SAPD-2026-1044734,29.426484,-98.489766,1785644373000,http://www.sanantonio.gov/sapd/Calls.aspx,Yellow,a tbd link,26,8
08/01/26,11:23:36 PM,6000 Ih 35 N,78218,Other Calls,Missing Person - Endangered,4340,EAST,SAPD-2026-1044755,29.48278,-98.402553,1785644616000,http://www.sanantonio.gov/sapd/Calls.aspx,Blue,a tbd link,26,8
08/01/26,11:20:58 PM,5300 Walzem Rd,78217,Other Calls,Welfare Check,4330,EAST,SAPD-2026-1044740,29.509914,-98.387381,1785644458000,http://www.sanantonio.gov/sapd/Calls.aspx,Blue,a tbd link,26,8
08/01/26,11:18:50 PM,900 BLK ENRIQUE M BARRERA PKWY,78237,Traffic Calls,Traffic Related,5140,WEST,SAPD-2026-1044729,29.423814,-98.579798,1785644330000,http://www.sanantonio.gov/sapd/Calls.aspx,Yellow,a tbd link,26,8
08/01/26,11:21:49 PM,1300 Callaghan Rd,78228,Other Calls,Disturbance,5270,WEST,SAPD-2026-1044743,29.449117,-98.602995,1785644509000,http://www.sanantonio.gov/sapd/Calls.aspx,Blue,a tbd link,26,8
08/01/26,11:20:48 PM,100 Bernice,78228,Property Crime Calls,Burglary in Progress,5130,WEST,SAPD-2026-1044742,29.442221,-98.577574,1785644448000,http://www.sanantonio.gov/sapd/Calls.aspx,Green,a tbd link,26,8
08/01/26,11:19:23 PM,501-519 N NEW BRAUNFELS AVE,78202,Traffic Calls,Traffic Violation,4110,EAST,SAPD-2026-1044732,29.42526,-98.461243,1785644363000,http://www.sanantonio.gov/sapd/Calls.aspx,Yellow,a tbd link,26,8
08/01/26,11:20:56 PM,4400 Vance Jackson Rd,78230,Other Calls,Disturbance Loud Music,7210,PRUE,SAPD-2026-1044739,29.514946,-98.535123,1785644456000,http://www.sanantonio.gov/sapd/Calls.aspx,Blue,a tbd link,26,8
08/01/26,11:22:27 PM,200 Rosabell,78228,Other Calls,Prowler,5130,WEST,SAPD-2026-1044752,29.444034,-98.566503,1785644547000,http://www.sanantonio.gov/sapd/Calls.aspx,Blue,a tbd link,26,8
08/01/26,11:20:27 PM,9800 Potranco Rd,78251,Crimes Against Person Calls,Assault In Progress,5360,WEST,SAPD-2026-1044738,29.436708,-98.684303,1785644427000,http://www.sanantonio.gov/sapd/Calls.aspx,Red,a tbd link,26,8
08/01/26,11:22:34 PM,8000 Bentley Dr,78218,Other Calls,Disturbance,4330,EAST,SAPD-2026-1044747,29.507753,-98.376939,1785644554000,http://www.sanantonio.gov/sapd/Calls.aspx,Blue,a tbd link,26,8
08/01/26,11:23:47 PM,11500 Huebner Rd,78230,Other Calls,Disturbance,7220,PRUE,SAPD-2026-1044758,29.548069,-98.574433,1785644627000,http://www.sanantonio.gov/sapd/Calls.aspx,Blue,a tbd link,26,8
08/01/26,11:24:03 PM,100 Demya,78227,Crimes Against Person Calls,Suspicious Vehicle,5340,WEST,SAPD-2026-1044759,29.406275,-98.650331,1785644643000,http://www.sanantonio.gov/sapd/Calls.aspx,Red,a tbd link,26,8
08/01/26,11:22:07 PM,7300 S New Braunfels Ave,78223,Other Calls,Disturbance,6270,SOUTH,SAPD-2026-1044744,29.353338,-98.448186,1785644527000,http://www.sanantonio.gov/sapd/Calls.aspx,Blue,a tbd link,26,8
08/01/26,11:23:12 PM,1200-1258 Fulton St,78201,Property Crime Calls,Burglary Vehicle In Progress,2210,CENTRAL,SAPD-2026-1044753,29.461601,-98.514533,1785644592000,http://www.sanantonio.gov/sapd/Calls.aspx,Green,a tbd link,26,8
08/01/26,11:22:47 PM,Gunsmoke / Us Hwy 90 W,78227,Traffic Calls,Minor Accident,5170,WEST,SAPD-2026-1044750,29.398814,-98.644738,1785644567000,http://www.sanantonio.gov/sapd/Calls.aspx,Yellow,a tbd link,26,8
08/01/26,11:21:49 PM,3700 N ST MARY'S ST,78209,Other Calls,Patrol By,1230,DOWNTOWN,SAPD-2026-1044741,29.459012,-98.475369,1785644509000,http://www.sanantonio.gov/sapd/Calls.aspx,Blue,a tbd link,26,8
08/01/26,11:22:37 PM,1700 DIANE RD,78220,Other Calls,Patrol By,4240,EAST,SAPD-2026-1044748,29.405631,-98.398086,1785644557000,http://www.sanantonio.gov/sapd/Calls.aspx,Blue,a tbd link,26,8
08/01/26,11:24:06 PM,4400 Sun Vista Ln,78217,Other Calls,Disturbance Loud Music,3370,NORTH,SAPD-2026-1044760,29.526879,-98.404659,1785644646000,http://www.sanantonio.gov/sapd/Calls.aspx,Blue,a tbd link,26,8
08/01/26,11:26:00 PM,Ih 10 W Nb / Culebra Rd,78201,Traffic Calls,Traffic Related,1220,DOWNTOWN,SAPD-2026-1044765,29.444088,-98.51476,1785644760000,http://www.sanantonio.gov/sapd/Calls.aspx,Yellow,a tbd link,26,8
08/01/26,11:23:45 PM,16500 Us Hwy 281 N,78232,Other Calls,Patrol By,3140,NORTH,SAPD-2026-1044757,29.592725,-98.471841,1785644625000,http://www.sanantonio.gov/sapd/Calls.aspx,Blue,a tbd link,26,8
08/01/26,11:31:52 PM,400 Sw 42nd St,78237,Other Calls,Disturbance Family,5140,WEST,SAPD-2026-1044803,29.426675,-98.585835,1785645112000,http://www.sanantonio.gov/sapd/Calls.aspx,Blue,a tbd link,26,8
08/01/26,11:29:58 PM,8800 Adams Hill Dr,78227,Other Calls,Patrol By,5340,WEST,SAPD-2026-1044787,29.410445,-98.659513,1785644998000,http://www.sanantonio.gov/sapd/Calls.aspx,Blue,a tbd link,26,8
08/01/26,11:26:53 PM,11800 Braesview,78213,Other Calls,Disturbance Loud Music,3110,NORTH,SAPD-2026-1044770,29.547893,-98.524347,1785644813000,http://www.sanantonio.gov/sapd/Calls.aspx,Blue,a tbd link,26,8
08/01/26,11:27:45 PM,9300 Valley Rdg,78250,Other Calls,Welfare Check,7370,PRUE,SAPD-2026-1044773,29.498925,-98.685006,1785644865000,http://www.sanantonio.gov/sapd/Calls.aspx,Blue,a tbd link,26,8
08/01/26,11:29:11 PM,4000 W Commerce St,78207,Property Crime Calls,Theft of Vehicle,2360,CENTRAL,SAPD-2026-1044780,29.429826,-98.542853,1785644951000,http://www.sanantonio.gov/sapd/Calls.aspx,Green,a tbd link,26,8
08/01/26,11:25:49 PM,300 Roland Ave,78210,Traffic Calls,Officer Traffic Stop,4210,EAST,SAPD-2026-1044763,29.40225,-98.443066,1785644749000,http://www.sanantonio.gov/sapd/Calls.aspx,Yellow,a tbd link,26,8
08/01/26,11:25:59 PM,100-298 NW 36TH ST,78237,Traffic Calls,Traffic Related,5130,WEST,SAPD-2026-1044764,29.432722,-98.571719,1785644759000,http://www.sanantonio.gov/sapd/Calls.aspx,Yellow,a tbd link,26,8
08/01/26,11:27:59 PM,4700 Rigsby Ave,78220,Other Calls,Disturbance Loud Music,4240,EAST,SAPD-2026-1044774,29.39857,-98.397227,1785644879000,http://www.sanantonio.gov/sapd/Calls.aspx,Blue,a tbd link,26,8
08/01/26,11:27:07 PM,N0 Ih 10 W Ofrp Hildebrand Ave,78201,Traffic Calls,DWI,2210,CENTRAL,SAPD-2026-1044771,29.463818,-98.515614,1785644827000,http://www.sanantonio.gov/sapd/Calls.aspx,Yellow,a tbd link,26,8
08/01/26,11:26:47 PM,1601-1699 S FLORES ST,78204,Traffic Calls,Traffic Related,1140,DOWNTOWN,SAPD-2026-1044769,29.407716,-98.501778,1785644807000,http://www.sanantonio.gov/sapd/Calls.aspx,Yellow,a tbd link,26,8
08/01/26,11:29:25 PM,100 Dorsey Dr,78221,Traffic Calls,Major Accident,6150,SOUTH,SAPD-2026-1044782,29.334615,-98.505603,1785644965000,http://www.sanantonio.gov/sapd/Calls.aspx,Yellow,a tbd link,26,8
08/01/26,11:28:54 PM,100 Emerald Ash,78221,Other Calls,Disturbance Loud Music,6160,SOUTH,SAPD-2026-1044779,29.319028,-98.503111,1785644934000,http://www.sanantonio.gov/sapd/Calls.aspx,Blue,a tbd link,26,8
08/01/26,11:29:41 PM,3200 Bolmore,78223,Other Calls,Disturbance,4260,EAST,SAPD-2026-1044783,29.364984,-98.437928,1785644981000,http://www.sanantonio.gov/sapd/Calls.aspx,Blue,a tbd link,26,8
08/01/26,11:31:25 PM,5000 Galahad Dr,78218,Other Calls,Welfare Check,4330,EAST,SAPD-2026-1044800,29.50342,-98.392984,1785645085000,http://www.sanantonio.gov/sapd/Calls.aspx,Blue,a tbd link,26,8
08/01/26,11:28:44 PM,9700 Airport Blvd,78216,Other Calls,Welfare Check,SAT1,AIRPORT,SAPD-2026-1044786,29.527705,-98.472816,1785644924000,http://www.sanantonio.gov/sapd/Calls.aspx,Blue,a tbd link,26,8
08/01/26,11:28:24 PM,1200 N FRIO ST,78207,Other Calls,Patrol By,2310,CENTRAL,SAPD-2026-1044776,29.437855,-98.505994,1785644904000,http://www.sanantonio.gov/sapd/Calls.aspx,Blue,a tbd link,26,8
08/01/26,11:29:37 PM,2900 Lasses Blvd,78223,Other Calls,Disturbance Loud Music,6240,SOUTH,SAPD-2026-1044784,29.35566,-98.445751,1785644977000,http://www.sanantonio.gov/sapd/Calls.aspx,Blue,a tbd link,26,8
08/01/26,11:29:59 PM,3300 Weir Ave,78226,Other Calls,Disturbance,6310,SOUTH,SAPD-2026-1044789,29.398412,-98.558881,1785644999000,http://www.sanantonio.gov/sapd/Calls.aspx,Blue,a tbd link,26,8
08/01/26,11:31:21 PM,2400 Nw Military Hwy,78230,Property Crime Calls,Theft,7220,PRUE,SAPD-2026-1044799,29.546142,-98.530754,1785645081000,http://www.sanantonio.gov/sapd/Calls.aspx,Green,a tbd link,26,8
08/01/26,11:30:58 PM,2600 Se Military Dr,78223,Other Calls,Miscellaneous,6240,SOUTH,SAPD-2026-1044795,29.353889,-98.451111,1785645058000,http://www.sanantonio.gov/sapd/Calls.aspx,Blue,a tbd link,26,8
08/01/26,11:30:12 PM,900 Probandt St,78204,Property Crime Calls,Theft In Progress,1140,DOWNTOWN,SAPD-2026-1044792,29.397293,-98.49587,1785645012000,http://www.sanantonio.gov/sapd/Calls.aspx,Green,a tbd link,26,8
08/01/26,11:30:47 PM,100 Labor St,78210,Other Calls,Disturbance,1110,DOWNTOWN,SAPD-2026-1044793,29.415478,-98.48357,1785645047000,http://www.sanantonio.gov/sapd/Calls.aspx,Blue,a tbd link,26,8
08/01/26,11:29:50 PM,100 S JOSEPHINE TOBIN,78201,Other Calls,Patrol By,5210,WEST,SAPD-2026-1044785,29.44945,-98.530416,1785644990000,http://www.sanantonio.gov/sapd/Calls.aspx,Blue,a tbd link,26,8
08/01/26,11:30:56 PM,900 Vance Jackson Rd,78201,Crimes Against Person Calls,Assault In Progress,5230,WEST,SAPD-2026-1044794,29.480474,-98.534923,1785645056000,http://www.sanantonio.gov/sapd/Calls.aspx,Red,a tbd link,26,8
08/01/26,11:34:03 PM,300 W Cheryl Dr,78228,Crimes Against Person Calls,Threats,5220,WEST,SAPD-2026-1044813,29.461798,-98.567439,1785645243000,http://www.sanantonio.gov/sapd/Calls.aspx,Red,a tbd link,26,8
08/01/26,11:33:52 PM,1300 Gardina St,78201,Other Calls,Disturbance,5230,WEST,SAPD-2026-1044810,29.479509,-98.53591,1785645232000,http://www.sanantonio.gov/sapd/Calls.aspx,Blue,a tbd link,26,8
08/01/26,11:35:45 PM,5100 Quintard St,78214,Other Calls,Visitation Violation,6210,SOUTH,SAPD-2026-1044824,29.374338,-98.489637,1785645345000,http://www.sanantonio.gov/sapd/Calls.aspx,Blue,a tbd link,26,8
08/01/26,11:31:14 PM,I0 10 W SB,78201,Traffic Calls,Traffic Related,5240,WEST,SAPD-2026-1044797,29.474273,-98.517386,1785645074000,http://www.sanantonio.gov/sapd/Calls.aspx,Yellow,a tbd link,26,8
08/01/26,11:32:30 PM,4100 Tropical Dr,78218,Other Calls,Disturbance Loud Music,4350,EAST,SAPD-2026-1044806,29.492345,-98.412654,1785645150000,http://www.sanantonio.gov/sapd/Calls.aspx,Blue,a tbd link,26,8
08/01/26,11:34:29 PM,200 W Commerce St,78205,Other Calls,Disturbance,1120,DOWNTOWN,SAPD-2026-1044818,29.4253,-98.494762,1785645269000,http://www.sanantonio.gov/sapd/Calls.aspx,Blue,a tbd link,26,8
08/01/26,11:32:13 PM,E Crockett St / N New Braunfels Ave,78202,Traffic Calls,Officer Traffic Stop,4120,EAST,SAPD-2026-1044804,29.423378,-98.461243,1785645133000,http://www.sanantonio.gov/sapd/Calls.aspx,Yellow,a tbd link,26,8
08/01/26,11:34:21 PM,700 E Cesar Chavez Blvd,78205,Other Calls,Disturbance Loud Music,1110,DOWNTOWN,SAPD-2026-1044814,29.417486,-98.484684,1785645261000,http://www.sanantonio.gov/sapd/Calls.aspx,Blue,a tbd link,26,8
08/01/26,11:34:14 PM,18800 Redland Rd,78259,Property Crime Calls,Burglary Vehicle In Progress,3150,NORTH,SAPD-2026-1044815,29.616153,-98.449093,1785645254000,http://www.sanantonio.gov/sapd/Calls.aspx,Green,a tbd link,26,8
08/01/26,11:34:51 PM,10700 Ih 10 W,78230,Other Calls,Disturbance,7220,PRUE,SAPD-2026-1044821,29.541094,-98.571753,1785645291000,http://www.sanantonio.gov/sapd/Calls.aspx,Blue,a tbd link,26,8
08/01/26,11:36:00 PM,600 S Santa Rosa,78204-3128,Other Calls,Disturbance,1140,DOWNTOWN,SAPD-2026-1044826,29.419578,-98.499108,1785645360000,http://www.sanantonio.gov/sapd/Calls.aspx,Blue,a tbd link,26,8
08/01/26,11:33:52 PM,300 Seeling,78228,Traffic Calls,Major Accident,5220,WEST,SAPD-2026-1044812,29.463584,-98.551967,1785645232000,http://www.sanantonio.gov/sapd/Calls.aspx,Yellow,a tbd link,26,8
08/01/26,11:34:48 PM,4300 W Commerce St,78237,Other Calls,Disturbance,2360,CENTRAL,SAPD-2026-1044819,29.430044,-98.546833,1785645288000,http://www.sanantonio.gov/sapd/Calls.aspx,Blue,a tbd link,26,8
08/01/26,11:36:48 PM,11000 Potranco Rd,78251,Traffic Calls,Minor Accident,5360,WEST,SAPD-2026-1044831,29.435311,-98.709994,1785645408000,http://www.sanantonio.gov/sapd/Calls.aspx,Yellow,a tbd link,26,8
08/01/26,11:36:43 PM,100 Glorietta,78202,Other Calls,Ordinance Violation,4110,EAST,SAPD-2026-1044830,29.424408,-98.474639,1785645403000,http://www.sanantonio.gov/sapd/Calls.aspx,Blue,a tbd link,26,8
08/01/26,11:37:38 PM,800 E Sunshine Dr,78228,Other Calls,Information,5220,WEST,SAPD-2026-1044836,29.473527,-98.558866,1785645458000,http://www.sanantonio.gov/sapd/Calls.aspx,Blue,a tbd link,26,8
08/01/26,11:35:17 PM,1000 CINCINNATI AVE,78201,Other Calls,Patrol By,5210,WEST,SAPD-2026-1044820,29.449756,-98.526834,1785645317000,http://www.sanantonio.gov/sapd/Calls.aspx,Blue,a tbd link,26,8
08/01/26,11:38:14 PM,9000 Paseo Grande,78245,Crimes Against Person Calls,Suspicious Vehicle,5330,WEST,SAPD-2026-1044843,29.429769,-98.662772,1785645494000,http://www.sanantonio.gov/sapd/Calls.aspx,Red,a tbd link,26,8
08/01/26,11:37:57 PM,E0 Us Hy90 W Onrp Nb Sw Lp 410,78227,Traffic Calls,Minor Accident,6360,SOUTH,SAPD-2026-1044840,29.397487,-98.647167,1785645477000,http://www.sanantonio.gov/sapd/Calls.aspx,Yellow,a tbd link,26,8
08/01/26,11:40:50 PM,2100 S Zarzamora St,78207,Other Calls,Suspicious Person,2340,CENTRAL,SAPD-2026-1044850,29.401505,-98.530392,1785645650000,http://www.sanantonio.gov/sapd/Calls.aspx,Blue,a tbd link,26,8
08/01/26,11:36:59 PM,200 ALEXANDER RD,78201,Other Calls,Patrol By,5210,WEST,SAPD-2026-1044832,29.450767,-98.527758,1785645419000,http://www.sanantonio.gov/sapd/Calls.aspx,Blue,a tbd link,26,8
08/01/26,11:38:32 PM,1500 Mission Rd,78210,Other Calls,Disturbance Loud Music,6220,SOUTH,SAPD-2026-1044844,29.382494,-98.490333,1785645512000,http://www.sanantonio.gov/sapd/Calls.aspx,Blue,a tbd link,26,8
08/01/26,11:43:15 PM,5900 Fairbrook Dr,78242,Other Calls,Disturbance Neighbor,6350,SOUTH,SAPD-2026-1044855,29.352476,-98.613581,1785645795000,http://www.sanantonio.gov/sapd/Calls.aspx,Blue,a tbd link,26,8
08/01/26,11:40:14 PM,7900 Remuda Dr,78227,Other Calls,Disturbance,5170,WEST,SAPD-2026-1044846,29.415114,-98.644293,1785645614000,http://www.sanantonio.gov/sapd/Calls.aspx,Blue,a tbd link,26,8
08/01/26,11:41:59 PM,6000 Glade Valley Dr,78242,Other Calls,Disturbance,6350,SOUTH,SAPD-2026-1044852,29.349832,-98.617651,1785645719000,http://www.sanantonio.gov/sapd/Calls.aspx,Blue,a tbd link,26,8
08/01/26,11:41:36 PM,11100 W Loop 1604 N,78254,Other Calls,Disturbance Loud Music,7360,PRUE,SAPD-2026-1044847,29.535259,-98.681397,1785645696000,http://www.sanantonio.gov/sapd/Calls.aspx,Blue,a tbd link,26,8
08/01/26,11:41:47 PM,200 ALEXANDER RD,78201,Other Calls,Patrol By,5210,WEST,SAPD-2026-1044849,29.450801,-98.527742,1785645707000,http://www.sanantonio.gov/sapd/Calls.aspx,Blue,a tbd link,26,8
08/01/26,11:46:42 PM,11000 Culebra Rd,78253,Other Calls,Injured/Sick Person,5350,WEST,SAPD-2026-1044869,29.496108,-98.70986,1785646002000,http://www.sanantonio.gov/sapd/Calls.aspx,Blue,a tbd link,26,8
08/01/26,11:50:11 PM,4900 Nw Loop 410,78229-5312,Other Calls,Miscellaneous,5260,WEST,SAPD-2026-1044885,29.487577,-98.58343,1785646211000,http://www.sanantonio.gov/sapd/Calls.aspx,Blue,a tbd link,26,8
08/01/26,11:50:20 PM,10800 Bandera Rd,78254,Other Calls,Disturbance Family,7360,PRUE,SAPD-2026-1044882,29.543006,-98.657903,1785646220000,http://www.sanantonio.gov/sapd/Calls.aspx,Blue,a tbd link,26,8
08/01/26,11:45:12 PM,2800 SIERRA SALINAS,78259,Other Calls,Patrol By,3150,NORTH,SAPD-2026-1044861,29.636288,-98.433793,1785645912000,http://www.sanantonio.gov/sapd/Calls.aspx,Blue,a tbd link,26,8
08/01/26,11:48:58 PM,1900 Sw Military Dr,78221,Property Crime Calls,Theft of Vehicle,6150,SOUTH,SAPD-2026-1044874,29.355281,-98.52372,1785646138000,http://www.sanantonio.gov/sapd/Calls.aspx,Green,a tbd link,26,8
08/01/26,11:48:19 PM,8700 Prince Hts,78254,Traffic Calls,Minor Accident,7320,PRUE,SAPD-2026-1044872,29.523982,-98.658822,1785646099000,http://www.sanantonio.gov/sapd/Calls.aspx,Yellow,a tbd link,26,8
08/01/26,11:47:54 PM,9500 SOUTHTON RD,78223,Crimes Against Person Calls,Disturbance (Gun Involved),6270,SOUTH,SAPD-2026-1044870,29.325006,-98.432939,1785646074000,http://www.sanantonio.gov/sapd/Calls.aspx,Red,a tbd link,26,8
08/01/26,11:50:43 PM,400 Sw 42nd St,78237,Crimes Against Person Calls,Assault In Progress,5140,WEST,SAPD-2026-1044888,29.426675,-98.585835,1785646243000,http://www.sanantonio.gov/sapd/Calls.aspx,Red,a tbd link,26,8
08/01/26,11:49:08 PM,300 Bristol Ave,78214,Other Calls,Disturbance,6210,SOUTH,SAPD-2026-1044877,29.371501,-98.4915,1785646148000,http://www.sanantonio.gov/sapd/Calls.aspx,Blue,a tbd link,26,8
08/01/26,11:48:42 PM,12000 Culebra Rd,78253,Property Crime Calls,Burglary in Progress,5350,WEST,SAPD-2026-1044873,29.505375,-98.730411,1785646122000,http://www.sanantonio.gov/sapd/Calls.aspx,Green,a tbd link,26,8
08/01/26,11:50:38 PM,Ne Loop 410 Eb / Us Hwy 281 N Sb,78216,Traffic Calls,Minor Accident,3330,NORTH,SAPD-2026-1044884,29.520157,-98.479928,1785646238000,http://www.sanantonio.gov/sapd/Calls.aspx,Yellow,a tbd link,26,8
08/01/26,11:48:03 PM,900 W CARGO,78216,Other Calls,Patrol By,SAT1,AIRPORT,SAPD-2026-1044871,29.532163,-98.482311,1785646083000,http://www.sanantonio.gov/sapd/Calls.aspx,Blue,a tbd link,26,8
08/01/26,11:50:52 PM,100 Porter St,78210,Other Calls,Disturbance,4120,EAST,SAPD-2026-1044887,29.405909,-98.469456,1785646252000,http://www.sanantonio.gov/sapd/Calls.aspx,Blue,a tbd link,26,8
08/01/26,11:51:35 PM,5000 Galahad Dr,78218,Other Calls,Missing Person/Runaway,4330,EAST,SAPD-2026-1044892,29.503415,-98.394345,1785646295000,http://www.sanantonio.gov/sapd/Calls.aspx,Blue,a tbd link,26,8
08/01/26,11:52:12 PM,5600 Presidio Pkwy,78249,Property Crime Calls,Burglary Vehicle,7230,PRUE,SAPD-2026-1044894,29.584539,-98.595264,1785646332000,http://www.sanantonio.gov/sapd/Calls.aspx,Green,a tbd link,26,8
08/01/26,11:50:07 PM,100 W Grayson St,78212,Other Calls,Disturbance Loud Music,1210,DOWNTOWN,SAPD-2026-1044880,29.444601,-98.481941,1785646207000,http://www.sanantonio.gov/sapd/Calls.aspx,Blue,a tbd link,26,8
08/01/26,11:51:23 PM,7800 Van Ness Dr,78251,Other Calls,Disturbance Loud Music,5320,WEST,SAPD-2026-1044889,29.454753,-98.644455,1785646283000,http://www.sanantonio.gov/sapd/Calls.aspx,Blue,a tbd link,26,8
08/01/26,11:52:04 PM,Culebra Rd / W Loop 1604 N,78251,Other Calls,Welfare Check,5350,WEST,SAPD-2026-1044893,29.493769,-98.704183,1785646324000,http://www.sanantonio.gov/sapd/Calls.aspx,Blue,a tbd link,26,8
08/01/26,11:52:49 PM,Rosillo Creek Blvd / Fm 1346,78220,Crimes Against Person Calls,Suspicious Vehicle,4240,EAST,SAPD-2026-1044901,29.422355,-98.372436,1785646369000,http://www.sanantonio.gov/sapd/Calls.aspx,Red,a tbd link,26,8
08/01/26,11:52:29 PM,100 Tremlett,78210,Other Calls,Disturbance Loud Music,6220,SOUTH,SAPD-2026-1044896,29.389556,-98.480932,1785646349000,http://www.sanantonio.gov/sapd/Calls.aspx,Blue,a tbd link,26,8
08/01/26,11:51:35 PM,500 Walton Ave,78225,Crimes Against Person Calls,Fight,6110,SOUTH,SAPD-2026-1044891,29.393483,-98.529053,1785646295000,http://www.sanantonio.gov/sapd/Calls.aspx,Red,a tbd link,26,8
08/01/26,11:52:21 PM,4500 N Loop 1604 E,78247,Other Calls,Disturbance,3260,NORTH,SAPD-2026-1044897,29.60133,-98.401358,1785646341000,http://www.sanantonio.gov/sapd/Calls.aspx,Blue,a tbd link,26,8
08/01/26,11:51:27 PM,1400 S ZARZAMORA ST,78207,Other Calls,Patrol By,2330,CENTRAL,SAPD-2026-1044890,29.414244,-98.528608,1785646287000,http://www.sanantonio.gov/sapd/Calls.aspx,Blue,a tbd link,26,8
08/01/26,11:57:34 PM,5600 Presidio Pkwy,78249,Property Crime Calls,Burglary Vehicle,7230,PRUE,SAPD-2026-1044928,29.584845,-98.595711,1785646654000,http://www.sanantonio.gov/sapd/Calls.aspx,Green,a tbd link,26,8
08/01/26,11:54:18 PM,3900 Nogalitos St,78211,Other Calls,Animal Related,6120,SOUTH,SAPD-2026-1044907,29.376041,-98.533013,1785646458000,http://www.sanantonio.gov/sapd/Calls.aspx,Blue,a tbd link,26,8
08/01/26,11:55:03 PM,7100 Us Hwy 90 W,78227,Other Calls,Disturbance,5150,WEST,SAPD-2026-1044911,29.402306,-98.630933,1785646503000,http://www.sanantonio.gov/sapd/Calls.aspx,Blue,a tbd link,26,8
08/01/26,11:55:02 PM,5700 Landmark Pkwy,78249,Other Calls,Disturbance,7230,PRUE,SAPD-2026-1044912,29.586979,-98.59583,1785646502000,http://www.sanantonio.gov/sapd/Calls.aspx,Blue,a tbd link,26,8
08/01/26,11:57:12 PM,200 Porter St,78210,Other Calls,Suspicious Person,4120,EAST,SAPD-2026-1044927,29.405911,-98.467673,1785646632000,http://www.sanantonio.gov/sapd/Calls.aspx,Blue,a tbd link,26,8
08/01/26,11:56:02 PM,2200 Bandera Rd,78228,Property Crime Calls,Theft,5260,WEST,SAPD-2026-1044918,29.475585,-98.582677,1785646562000,http://www.sanantonio.gov/sapd/Calls.aspx,Green,a tbd link,26,8
08/01/26,11:55:07 PM,3300 Saunders,78207,Crimes Against Person Calls,Suspicious Vehicle,2330,CENTRAL,SAPD-2026-1044914,29.425691,-98.535518,1785646507000,http://www.sanantonio.gov/sapd/Calls.aspx,Red,a tbd link,26,8
08/01/26,11:53:03 PM,1500 SALTILLO ST,78207,Other Calls,Patrol By,2350,CENTRAL,SAPD-2026-1044900,29.411714,-98.536347,1785646383000,http://www.sanantonio.gov/sapd/Calls.aspx,Blue,a tbd link,26,8
08/01/26,11:55:46 PM,100 Labor St,78210,Other Calls,Disturbance,1110,DOWNTOWN,SAPD-2026-1044921,29.415478,-98.48357,1785646546000,http://www.sanantonio.gov/sapd/Calls.aspx,Blue,a tbd link,26,8
08/01/26,11:54:37 PM,6400 Wurzbach Rd,78229,Property Crime Calls,Burglary in Progress,7140,PRUE,SAPD-2026-1044908,29.491879,-98.597794,1785646477000,http://www.sanantonio.gov/sapd/Calls.aspx,Green,a tbd link,26,8
08/01/26,11:56:26 PM,Buckeye / Weizmann,78213,Other Calls,Welfare Check,2220,CENTRAL,SAPD-2026-1044919,29.492053,-98.522473,1785646586000,http://www.sanantonio.gov/sapd/Calls.aspx,Blue,a tbd link,26,8
08/01/26,11:54:56 PM,16200 Us Hwy 281 N,,Other Calls,Miscellaneous,3140,NORTH,SAPD-2026-1044910,29.588125,-98.471619,1785646496000,http://www.sanantonio.gov/sapd/Calls.aspx,Blue,a tbd link,26,8
08/01/26,11:57:10 PM,7600 Us Hwy 90 W,78227,Traffic Calls,Minor Accident,5170,WEST,SAPD-2026-1044926,29.399039,-98.644683,1785646630000,http://www.sanantonio.gov/sapd/Calls.aspx,Yellow,a tbd link,26,8
08/01/26,11:54:04 PM,9500 Southton Rd,78223,Crimes Against Person Calls,Disturbance (Gun Involved),6270,SOUTH,SAPD-2026-1044904,29.325006,-98.432939,1785646444000,http://www.sanantonio.gov/sapd/Calls.aspx,Red,a tbd link,26,8
08/01/26,11:56:08 PM,1300 Mccullough Ave,78212,Crimes Against Person Calls,Shooting,1210,DOWNTOWN,SAPD-2026-1044920,29.441558,-98.491185,1785646568000,http://www.sanantonio.gov/sapd/Calls.aspx,Red,a tbd link,26,8
08/01/26,11:56:41 PM,400 Santos St,78210,Other Calls,Disturbance,1110,DOWNTOWN,SAPD-2026-1044922,29.414639,-98.482825,1785646601000,http://www.sanantonio.gov/sapd/Calls.aspx,Blue,a tbd link,26,8
08/01/26,11:56:55 PM,500 Walton Ave,78225,Other Calls,Disturbance Family,6110,SOUTH,SAPD-2026-1044923,29.393483,-98.529053,1785646615000,http://www.sanantonio.gov/sapd/Calls.aspx,Blue,a tbd link,26,8
08/01/26,11:55:07 PM,900 RIGSBY AVE,78210,Other Calls,Patrol By,4150,EAST,SAPD-2026-1044913,29.398574,-98.456624,1785646507000,http://www.sanantonio.gov/sapd/Calls.aspx,Blue,a tbd link,26,8
08/01/26,11:57:52 PM,1300 Mccullough Ave,78212,Crimes Against Person Calls,Shooting,1210,DOWNTOWN,SAPD-2026-1044930,29.441558,-98.491185,1785646672000,http://www.sanantonio.gov/sapd/Calls.aspx,Red,a tbd link,26,8
08/01/26,11:57:52 PM,1200 SIMS AVE,78225,Other Calls,Disturbance,6110,SOUTH,SAPD-2026-1044943,29.384375,-98.530629,1785646672000,http://www.sanantonio.gov/sapd/Calls.aspx,Blue,a tbd link,26,8
08/01/26,11:55:24 PM,15500 NACOGDOCHES RD,78247,Other Calls,Patrol By,3260,NORTH,SAPD-2026-1044916,29.582004,-98.367219,1785646524000,http://www.sanantonio.gov/sapd/Calls.aspx,Blue,a tbd link,26,8
08/01/26,11:56:05 PM,200 Dawnview Ln,78213,Other Calls,Disturbance,2220,CENTRAL,SAPD-2026-1044917,29.494981,-98.514082,1785646565000,http://www.sanantonio.gov/sapd/Calls.aspx,Blue,a tbd link,26,8
08/01/26,11:57:10 PM,700 Se Loop 410,78220,Crimes Against Person Calls,Assault In Progress,4240,EAST,SAPD-2026-1044925,29.417663,-98.392364,1785646630000,http://www.sanantonio.gov/sapd/Calls.aspx,Red,a tbd link,26,8
08/01/26,11:59:43 PM,10700 Ih 10 W,78230,Other Calls,Disturbance,7220,PRUE,SAPD-2026-1044936,29.540822,-98.572158,1785646783000,http://www.sanantonio.gov/sapd/Calls.aspx,Blue,a tbd link,26,8
08/01/26,11:58:18 PM,Culebra Rd / Potranco Rd,78251,Other Calls,Disturbance,5320,WEST,SAPD-2026-1044931,29.45509,-98.634017,1785646698000,http://www.sanantonio.gov/sapd/Calls.aspx,Blue,a tbd link,26,8
08/01/26,11:59:32 PM,7600 Us Hwy 90 W,78227,Other Calls,Disturbance Loud Music,6360,SOUTH,SAPD-2026-1044934,29.39857,-98.641611,1785646772000,http://www.sanantonio.gov/sapd/Calls.aspx,Blue,a tbd link,26,8
08/01/26,11:58:55 PM,8000 Broadway,78209,Crimes Against Person Calls,Assault In Progress,3330,NORTH,SAPD-2026-1044932,29.508912,-98.466432,1785646735000,http://www.sanantonio.gov/sapd/Calls.aspx,Red,a tbd link,26,8
08/01/26,11:59:59 PM,200 Freiling Dr,78213,Other Calls,Disturbance Loud Music,2230,CENTRAL,SAPD-2026-1044937,29.490682,-98.530145,1785646799000,http://www.sanantonio.gov/sapd/Calls.aspx,Blue,a tbd link,26,8
08/01/26,11:59:48 PM,7200 BRIAR PLACE,78221,Other Calls,Patrol By,6250,SOUTH,SAPD-2026-1044935,29.355207,-98.494619,1785646788000,http://www.sanantonio.gov/sapd/Calls.aspx,Blue,a tbd link,26,8
