Date,Time,Address,Zipcode,Category,ProblemType,PatrolDistrict,Substation,IncidentNumber,LAT,LON,ResponseDate,URL,Color,About,Year,Month
09/01/26,12:00:04 AM,100 Probandt St,78204,Other Calls,Disturbance,1140,DOWNTOWN,SAPD-2026-1190403,29.407257,-98.496319,1788238804000,http://www.sanantonio.gov/sapd/Calls.aspx,Blue,a tbd link,26,9
09/01/26,12:02:24 AM,600 W Silversands Dr,78216,Crimes Against Person Calls,Threats,3120,NORTH,SAPD-2026-1190410,29.548103,-98.502172,1788238944000,http://www.sanantonio.gov/sapd/Calls.aspx,Red,a tbd link,26,9
09/01/26,12:02:48 AM,3400 Fredericksburg Rd,78201-3847,Other Calls,Disturbance,5230,WEST,SAPD-2026-1190411,29.474859,-98.535733,1788238968000,http://www.sanantonio.gov/sapd/Calls.aspx,Blue,a tbd link,26,9
09/01/26,12:00:52 AM,700 Marbauch Ave,78237,Crimes Against Person Calls,Threats,5120,WEST,SAPD-2026-1190406,29.416176,-98.58108,1788238852000,http://www.sanantonio.gov/sapd/Calls.aspx,Red,a tbd link,26,9
09/01/26,12:05:05 AM,21600 Stonewall Pkwy,78256,Crimes Against Person Calls,Suspicious Vehicle,7260,PRUE,SAPD-2026-1190418,29.644413,-98.623703,1788239105000,http://www.sanantonio.gov/sapd/Calls.aspx,Red,a tbd link,26,9
09/01/26,12:03:25 AM,3400 Fredericksburg Rd,78201,Crimes Against Person Calls,Fight,5230,WEST,SAPD-2026-1190413,29.474497,-98.535611,1788239005000,http://www.sanantonio.gov/sapd/Calls.aspx,Red,a tbd link,26,9
09/01/26,12:03:25 AM,21100 Ih 10 W,78257,Other Calls,Suspicious Person,7260,PRUE,SAPD-2026-1190412,29.638189,-98.61654,1788239005000,http://www.sanantonio.gov/sapd/Calls.aspx,Blue,a tbd link,26,9
09/01/26,12:03:54 AM,3400 Fredericksburg Rd,78201,Other Calls,Disturbance,5230,WEST,SAPD-2026-1190415,29.474994,-98.536544,1788239034000,http://www.sanantonio.gov/sapd/Calls.aspx,Blue,a tbd link,26,9
09/01/26,12:06:55 AM,3200 Nacogdoches Rd,78217,Other Calls,Disturbance,3360,NORTH,SAPD-2026-1190422,29.528124,-98.435589,1788239215000,http://www.sanantonio.gov/sapd/Calls.aspx,Blue,a tbd link,26,9
09/01/26,12:05:43 AM,3400 Fredericksburg Rd,78201,Crimes Against Person Calls,Fight,5230,WEST,SAPD-2026-1190419,29.474497,-98.535611,1788239143000,http://www.sanantonio.gov/sapd/Calls.aspx,Red,a tbd link,26,9
09/01/26,12:07:15 AM,4600 Vance Jackson Rd,78230,Other Calls,Animal Related,7210,PRUE,SAPD-2026-1190423,29.517735,-98.535408,1788239235000,http://www.sanantonio.gov/sapd/Calls.aspx,Blue,a tbd link,26,9
09/01/26,12:06:11 AM,700 Vfw Blvd,78214,Other Calls,Miscellaneous,6220,SOUTH,SAPD-2026-1190420,29.368653,-98.477299,1788239171000,http://www.sanantonio.gov/sapd/Calls.aspx,Blue,a tbd link,26,9
09/01/26,12:11:32 AM,400 W BITTERS RD,78216,Other Calls,Disturbance,3120,NORTH,SAPD-2026-1190427,29.569167,-98.488889,1788239492000,http://www.sanantonio.gov/sapd/Calls.aspx,Blue,a tbd link,26,9
09/01/26,12:16:09 AM,Quail Hunt / Coyote Run,78254,Other Calls,SAPD Non-Emergency Call,NOT SAPD BEX,SAPD OUTSIDE AREA,SAPD-2026-1190450,29.539814,-98.732208,1788239769000,http://www.sanantonio.gov/sapd/Calls.aspx,Blue,a tbd link,26,9
09/01/26,12:10:40 AM,Austin St / E Josephine St,78208,Traffic Calls,DWI,NOT SAPD BEX,SAPD OUTSIDE AREA,SAPD-2026-1190429,29.444031,-98.473964,1788239440000,http://www.sanantonio.gov/sapd/Calls.aspx,Yellow,a tbd link,26,9
09/01/26,12:12:11 AM,400 Montrose,78223,Crimes Against Person Calls,Violation of Protective Order,6240,SOUTH,SAPD-2026-1190431,29.369683,-98.462801,1788239531000,http://www.sanantonio.gov/sapd/Calls.aspx,Red,a tbd link,26,9
09/01/26,12:11:11 AM,4100 Medical Dr,78229,Property Crime Calls,Theft,7120,PRUE,SAPD-2026-1190426,29.51704,-98.565214,1788239471000,http://www.sanantonio.gov/sapd/Calls.aspx,Green,a tbd link,26,9
09/01/26,12:11:10 AM,1100 Cupples Rd,78226,Other Calls,Disturbance Family,6310,SOUTH,SAPD-2026-1190425,29.397096,-98.549285,1788239470000,http://www.sanantonio.gov/sapd/Calls.aspx,Blue,a tbd link,26,9
09/01/26,12:11:55 AM,300 W Sayers Ave,78214,Crimes Against Person Calls,Disturbance (Gun Involved),6210,SOUTH,SAPD-2026-1190430,29.374629,-98.501904,1788239515000,http://www.sanantonio.gov/sapd/Calls.aspx,Red,a tbd link,26,9
09/01/26,12:14:12 AM,E Houston St / Navarro St,78205,Other Calls,Disturbance,1130,DOWNTOWN,SAPD-2026-1190438,29.426484,-98.489766,1788239652000,http://www.sanantonio.gov/sapd/Calls.aspx,Blue,a tbd link,26,9
09/01/26,12:18:09 AM,Haven For Hope Way,78207,Crimes Against Person Calls,Threats,2310,CENTRAL,SAPD-2026-1190444,29.431905,-98.507256,1788239889000,http://www.sanantonio.gov/sapd/Calls.aspx,Red,a tbd link,26,9
09/01/26,12:15:40 AM,12200 Valley Forge Cir,78233,Other Calls,Disturbance,3250,NORTH,SAPD-2026-1190440,29.551135,-98.367632,1788239740000,http://www.sanantonio.gov/sapd/Calls.aspx,Blue,a tbd link,26,9
09/01/26,12:14:11 AM,15500 NACOGDOCHES RD,78247,Other Calls,Patrol By,3260,NORTH,SAPD-2026-1190434,29.582004,-98.367219,1788239651000,http://www.sanantonio.gov/sapd/Calls.aspx,Blue,a tbd link,26,9
09/01/26,12:15:06 AM,9800 Airport Blvd,78216,Other Calls,Welfare Check,SAT1,AIRPORT,SAPD-2026-1190439,29.526619,-98.471844,1788239706000,http://www.sanantonio.gov/sapd/Calls.aspx,Blue,a tbd link,26,9
09/01/26,12:16:20 AM,W0 Ih 10 E Ofrp Loop 1604,78109,Traffic Calls,Major Accident,4310,EAST,SAPD-2026-1190441,29.467663,-98.285098,1788239780000,http://www.sanantonio.gov/sapd/Calls.aspx,Yellow,a tbd link,26,9
09/01/26,12:22:36 AM,500 N St Mary's St,,Other Calls,Assist the Public,1130,DOWNTOWN,SAPD-2026-1190460,29.428889,-98.491111,1788240156000,http://www.sanantonio.gov/sapd/Calls.aspx,Blue,a tbd link,26,9
09/01/26,12:17:22 AM,14122-14398 BELL DR,78217,Traffic Calls,Traffic Related,3240,NORTH,SAPD-2026-1190443,29.570264,-98.409814,1788239842000,http://www.sanantonio.gov/sapd/Calls.aspx,Yellow,a tbd link,26,9
09/01/26,12:18:41 AM,400 LEXINGTON AVE,78215,Other Calls,Patrol By,1130,DOWNTOWN,SAPD-2026-1190445,29.434109,-98.490701,1788239921000,http://www.sanantonio.gov/sapd/Calls.aspx,Blue,a tbd link,26,9
09/01/26,12:18:53 AM,6001-6055 FOX CRK,78247,Other Calls,Patrol By,3260,NORTH,SAPD-2026-1190446,29.586314,-98.369494,1788239933000,http://www.sanantonio.gov/sapd/Calls.aspx,Blue,a tbd link,26,9
09/01/26,12:19:31 AM,200 Cactus St,78203,Crimes Against Person Calls,Suspicious Vehicle,4120,EAST,SAPD-2026-1190454,29.414197,-98.472519,1788239971000,http://www.sanantonio.gov/sapd/Calls.aspx,Red,a tbd link,26,9
09/01/26,12:22:20 AM,1500 Upland Dr,78219,Other Calls,Welfare Check,4230,EAST,SAPD-2026-1190456,29.427773,-98.414446,1788240140000,http://www.sanantonio.gov/sapd/Calls.aspx,Blue,a tbd link,26,9
09/01/26,12:22:09 AM,3500 Pleasanton Rd,78221,Other Calls,Disturbance,6250,SOUTH,SAPD-2026-1190463,29.344167,-98.503333,1788240129000,http://www.sanantonio.gov/sapd/Calls.aspx,Blue,a tbd link,26,9
09/01/26,12:23:00 AM,2000 W Huisache Ave,78201,Other Calls,Disturbance,5210,WEST,SAPD-2026-1190459,29.457702,-98.530697,1788240180000,http://www.sanantonio.gov/sapd/Calls.aspx,Blue,a tbd link,26,9
09/01/26,12:21:48 AM,500 S JOSEPHINE TOBIN,78201,Other Calls,Patrol By,5210,WEST,SAPD-2026-1190453,29.451767,-98.535901,1788240108000,http://www.sanantonio.gov/sapd/Calls.aspx,Blue,a tbd link,26,9
09/01/26,12:24:15 AM,9901-10179 Ih 10 E Wb,78154,Traffic Calls,Minor Accident,4310,EAST,SAPD-2026-1190469,29.467281,-98.286039,1788240255000,http://www.sanantonio.gov/sapd/Calls.aspx,Yellow,a tbd link,26,9
09/01/26,12:24:37 AM,3200 Bolmore,78223,Crimes Against Person Calls,Fight,4260,EAST,SAPD-2026-1190470,29.364984,-98.437928,1788240277000,http://www.sanantonio.gov/sapd/Calls.aspx,Red,a tbd link,26,9
09/01/26,12:22:26 AM,Nw Military Hwy / Nw Loop 410,78213,Traffic Calls,Officer Traffic Stop,NOT SAPD BEX - 00,SAPD OUTSIDE AREA,SAPD-2026-1190457,29.521098,-98.510907,1788240146000,http://www.sanantonio.gov/sapd/Calls.aspx,Yellow,a tbd link,26,9
09/01/26,12:23:41 AM,400 Montrose,78223,Crimes Against Person Calls,Assault In Progress,6240,SOUTH,SAPD-2026-1190468,29.370075,-98.461672,1788240221000,http://www.sanantonio.gov/sapd/Calls.aspx,Red,a tbd link,26,9
09/01/26,12:24:18 AM,10900 Westwood Loop,78254,Other Calls,Disturbance,5350,WEST,SAPD-2026-1190486,29.498289,-98.708787,1788240258000,http://www.sanantonio.gov/sapd/Calls.aspx,Blue,a tbd link,26,9
09/01/26,12:23:15 AM,5421-5433 EVERS RD,78238,Traffic Calls,Traffic Related,7140,PRUE,SAPD-2026-1190461,29.485936,-98.594145,1788240195000,http://www.sanantonio.gov/sapd/Calls.aspx,Yellow,a tbd link,26,9
09/01/26,12:24:14 AM,7400 Yarrow Blvd,78224,Crimes Against Person Calls,Robbery,6330,SOUTH,SAPD-2026-1190467,29.353112,-98.542067,1788240254000,http://www.sanantonio.gov/sapd/Calls.aspx,Red,a tbd link,26,9
09/01/26,12:24:20 AM,500 LARKWOOD DR,78209,Other Calls,Patrol By,3340,NORTH,SAPD-2026-1190466,29.50212,-98.450277,1788240260000,http://www.sanantonio.gov/sapd/Calls.aspx,Blue,a tbd link,26,9
09/01/26,12:29:54 AM,400 Hazel St,78207,Crimes Against Person Calls,Disturbance (Knife Involved),2340,CENTRAL,SAPD-2026-1190478,29.407304,-98.522809,1788240594000,http://www.sanantonio.gov/sapd/Calls.aspx,Red,a tbd link,26,9
09/01/26,12:29:57 AM,900 W Huisache Ave,78201,Other Calls,Assist the Public,2210,CENTRAL,SAPD-2026-1190480,29.455211,-98.508292,1788240597000,http://www.sanantonio.gov/sapd/Calls.aspx,Blue,a tbd link,26,9
09/01/26,12:28:38 AM,800-898 W RIDGEWOOD CT,78212,Traffic Calls,Traffic Related,2210,CENTRAL,SAPD-2026-1190476,29.467222,-98.507475,1788240518000,http://www.sanantonio.gov/sapd/Calls.aspx,Yellow,a tbd link,26,9
09/01/26,12:30:24 AM,20800 Blanco Rd,78260,Other Calls,Disturbance,3170,NORTH,SAPD-2026-1190479,29.63625,-98.518683,1788240624000,http://www.sanantonio.gov/sapd/Calls.aspx,Blue,a tbd link,26,9
09/01/26,12:32:43 AM,6700 N Loop 1604 E,78247,Property Crime Calls,Theft of Vehicle,3260,NORTH,SAPD-2026-1190485,29.598406,-98.35732,1788240763000,http://www.sanantonio.gov/sapd/Calls.aspx,Green,a tbd link,26,9
09/01/26,12:32:06 AM,2500 Quintana Rd,78211,Other Calls,Disturbance,6320,SOUTH,SAPD-2026-1190482,29.365908,-98.562961,1788240726000,http://www.sanantonio.gov/sapd/Calls.aspx,Blue,a tbd link,26,9
09/01/26,12:32:50 AM,6000 De Zavala Rd,78249,Other Calls,Disturbance,7340,PRUE,SAPD-2026-1190487,29.565192,-98.602639,1788240770000,http://www.sanantonio.gov/sapd/Calls.aspx,Blue,a tbd link,26,9
09/01/26,12:31:52 AM,20200 HARDY OAK BLVD,78258,Other Calls,Patrol By,3160,NORTH,SAPD-2026-1190481,29.629603,-98.478819,1788240712000,http://www.sanantonio.gov/sapd/Calls.aspx,Blue,a tbd link,26,9
09/01/26,12:32:45 AM,400 E NOTTINGHAM DR,78209,Other Calls,Patrol By,3340,NORTH,SAPD-2026-1190484,29.499549,-98.459048,1788240765000,http://www.sanantonio.gov/sapd/Calls.aspx,Blue,a tbd link,26,9
09/01/26,12:35:09 AM,W0 NE LP 410 OFRP SB HY281 N,78216,Traffic Calls,Traffic Related,3350,NORTH,SAPD-2026-1190490,29.520485,-98.477519,1788240909000,http://www.sanantonio.gov/sapd/Calls.aspx,Yellow,a tbd link,26,9
09/01/26,12:35:40 AM,500 W COMMERCE ST,78207,Other Calls,Patrol By,1120,DOWNTOWN,SAPD-2026-1190491,29.426046,-98.499106,1788240940000,http://www.sanantonio.gov/sapd/Calls.aspx,Blue,a tbd link,26,9
09/01/26,12:38:26 AM,10400 Apple Pie Rd,78224,Other Calls,Disturbance Loud Music,6160,SOUTH,SAPD-2026-1190494,29.313763,-98.544827,1788241106000,http://www.sanantonio.gov/sapd/Calls.aspx,Blue,a tbd link,26,9
09/01/26,12:37:47 AM,1600 Cable Ranch Rd,78245,Other Calls,SAPD Non-Emergency Call,5330,WEST,SAPD-2026-1190493,29.433459,-98.654139,1788241067000,http://www.sanantonio.gov/sapd/Calls.aspx,Blue,a tbd link,26,9
09/01/26,12:38:59 AM,600-629 W Southcross Blvd,78221,Crimes Against Person Calls,Robbery of Individual,6210,SOUTH,SAPD-2026-1190495,29.368256,-98.517577,1788241139000,http://www.sanantonio.gov/sapd/Calls.aspx,Red,a tbd link,26,9
09/01/26,12:39:22 AM,700 CAMARON,78207,Other Calls,Patrol By,1130,DOWNTOWN,SAPD-2026-1190496,29.431675,-98.49792,1788241162000,http://www.sanantonio.gov/sapd/Calls.aspx,Blue,a tbd link,26,9
09/01/26,12:43:34 AM,11100 Vance Jackson,78230,Crimes Against Person Calls,Violation of Protective Order,7220,PRUE,SAPD-2026-1190502,29.544086,-98.557489,1788241414000,http://www.sanantonio.gov/sapd/Calls.aspx,Red,a tbd link,26,9
09/01/26,12:46:01 AM,12400 Starcrest Dr,78232,Other Calls,Suspicious Person,3130,NORTH,SAPD-2026-1190507,29.556319,-98.470869,1788241561000,http://www.sanantonio.gov/sapd/Calls.aspx,Blue,a tbd link,26,9
09/01/26,12:43:28 AM,1800 W Southcross Blvd,78211,Other Calls,SAPD Emergency Call,6120,SOUTH,SAPD-2026-1190501,29.368103,-98.536388,1788241408000,http://www.sanantonio.gov/sapd/Calls.aspx,Blue,a tbd link,26,9
09/01/26,12:47:24 AM,5100 Guinevere Dr,78218,Other Calls,Disturbance Loud Music,4330,EAST,SAPD-2026-1190511,29.502574,-98.391398,1788241644000,http://www.sanantonio.gov/sapd/Calls.aspx,Blue,a tbd link,26,9
09/01/26,12:48:56 AM,9900 Fredericksburg Rd,78240,Other Calls,Disturbance Family,7150,PRUE,SAPD-2026-1190514,29.535139,-98.5775,1788241736000,http://www.sanantonio.gov/sapd/Calls.aspx,Blue,a tbd link,26,9
09/01/26,12:45:55 AM,6400 MCCULLOUGH AVE,78212,Other Calls,Patrol By,1240,DOWNTOWN,SAPD-2026-1190506,29.487178,-98.491702,1788241555000,http://www.sanantonio.gov/sapd/Calls.aspx,Blue,a tbd link,26,9
09/01/26,12:48:11 AM,6500 Camp Bullis Rd,78256,Crimes Against Person Calls,Suspicious Vehicle,7260,PRUE,SAPD-2026-1190513,29.623167,-98.611997,1788241691000,http://www.sanantonio.gov/sapd/Calls.aspx,Red,a tbd link,26,9
09/01/26,12:47:01 AM,300-406 PROBANDT ST,78204,Traffic Calls,DWI,1140,DOWNTOWN,SAPD-2026-1190510,29.404467,-98.49508,1788241621000,http://www.sanantonio.gov/sapd/Calls.aspx,Yellow,a tbd link,26,9
09/01/26,12:48:42 AM,8000 Bentley Dr,78218,Other Calls,Patrol By,4330,EAST,SAPD-2026-1190512,29.507753,-98.376939,1788241722000,http://www.sanantonio.gov/sapd/Calls.aspx,Blue,a tbd link,26,9
09/01/26,12:50:18 AM,1200 Historic Old Hwy 90,78227,Other Calls,Disturbance,5120,WEST,SAPD-2026-1190520,29.42011,-98.588212,1788241818000,http://www.sanantonio.gov/sapd/Calls.aspx,Blue,a tbd link,26,9
09/01/26,12:50:22 AM,SE LOOP 410 WB / S PRESA ST,78223,Crimes Against Person Calls,Assault In Progress,6270,SOUTH,SAPD-2026-1190521,29.324789,-98.427233,1788241822000,http://www.sanantonio.gov/sapd/Calls.aspx,Red,a tbd link,26,9
09/01/26,12:48:45 AM,4900 Blessing St,78228,Other Calls,Miscellaneous,5250,WEST,SAPD-2026-1190517,29.454341,-98.583263,1788241725000,http://www.sanantonio.gov/sapd/Calls.aspx,Blue,a tbd link,26,9
09/01/26,12:50:19 AM,300 W Dickson Ave,78214,Other Calls,Disturbance Family,6230,SOUTH,SAPD-2026-1190519,29.358963,-98.500693,1788241819000,http://www.sanantonio.gov/sapd/Calls.aspx,Blue,a tbd link,26,9
09/01/26,12:52:46 AM,11000 Culebra Rd,78253,Other Calls,Disturbance,5350,WEST,SAPD-2026-1190529,29.496752,-98.70975,1788241966000,http://www.sanantonio.gov/sapd/Calls.aspx,Blue,a tbd link,26,9
09/01/26,12:51:47 AM,9900 Airport Blvd,78216,Other Calls,Suspicious Person,SAT1,AIRPORT,SAPD-2026-1190525,29.525713,-98.474643,1788241907000,http://www.sanantonio.gov/sapd/Calls.aspx,Blue,a tbd link,26,9
09/01/26,12:51:02 AM,700 CULBERSON AVE,78225,Other Calls,Patrol By,6120,SOUTH,SAPD-2026-1190522,29.382133,-98.539463,1788241862000,http://www.sanantonio.gov/sapd/Calls.aspx,Blue,a tbd link,26,9
09/01/26,12:51:36 AM,Oak Park / N New Braunfels Ave,78209,Other Calls,Patrol By,3330,NORTH,SAPD-2026-1190524,29.511449,-98.459009,1788241896000,http://www.sanantonio.gov/sapd/Calls.aspx,Blue,a tbd link,26,9
09/01/26,12:52:00 AM,240-298 W SUNSET RD,78209,Traffic Calls,Traffic Related,3330,NORTH,SAPD-2026-1190526,29.507252,-98.470584,1788241920000,http://www.sanantonio.gov/sapd/Calls.aspx,Yellow,a tbd link,26,9
09/01/26,12:52:59 AM,W0 Ih 10 E Ofrp Loop 1604,78109,Other Calls,Miscellaneous,4310,EAST,SAPD-2026-1190530,29.46777,-98.28464,1788241979000,http://www.sanantonio.gov/sapd/Calls.aspx,Blue,a tbd link,26,9
09/01/26,12:59:07 AM,6400 W Loop 1604 N,78254,Other Calls,Disturbance Family,5350,WEST,SAPD-2026-1190545,29.496458,-98.704236,1788242347000,http://www.sanantonio.gov/sapd/Calls.aspx,Blue,a tbd link,26,9
09/01/26,12:54:07 AM,101-199 CASA BLANCA,78215,Traffic Calls,Traffic Related,1230,DOWNTOWN,SAPD-2026-1190533,29.440303,-98.476768,1788242047000,http://www.sanantonio.gov/sapd/Calls.aspx,Yellow,a tbd link,26,9
09/01/26,12:54:39 AM,3900 PECAN VALLEY DR,78223,Other Calls,Patrol By,4210,EAST,SAPD-2026-1190534,29.384251,-98.430563,1788242079000,http://www.sanantonio.gov/sapd/Calls.aspx,Blue,a tbd link,26,9
09/01/26,12:59:16 AM,500 E Laurel St,78212,Other Calls,Animal Related,1210,DOWNTOWN,SAPD-2026-1190546,29.441575,-98.488989,1788242356000,http://www.sanantonio.gov/sapd/Calls.aspx,Blue,a tbd link,26,9
09/01/26, 1:00:54,5500 War Cloud Dr,78242,Traffic Calls,Minor Accident,6340,SOUTH,SAPD-2026-1190550,29.345044,-98.606274,1788242454000,http://www.sanantonio.gov/sapd/Calls.aspx,Yellow,a tbd link,26,9
09/01/26,12:58:14 AM,3100 HIAWATHA,78210,Other Calls,Patrol By,4210,EAST,SAPD-2026-1190540,29.384037,-98.437081,1788242294000,http://www.sanantonio.gov/sapd/Calls.aspx,Blue,a tbd link,26,9
09/01/26, 1:00:46,8000 Midcrown Dr,78218,Other Calls,Disturbance Loud Music,4330,EAST,SAPD-2026-1190549,29.50712,-98.379558,1788242446000,http://www.sanantonio.gov/sapd/Calls.aspx,Blue,a tbd link,26,9
09/01/26, 1:00:01,5600 Ponderosa Dr,78240,Other Calls,Disturbance Barking Dog,7140,PRUE,SAPD-2026-1190548,29.496857,-98.596821,1788242401000,http://www.sanantonio.gov/sapd/Calls.aspx,Blue,a tbd link,26,9
09/01/26,12:58:43 AM,2501-2599 E HOUSTON ST,78202,Traffic Calls,Traffic Related,4130,EAST,SAPD-2026-1190541,29.425077,-98.452446,1788242323000,http://www.sanantonio.gov/sapd/Calls.aspx,Yellow,a tbd link,26,9
09/01/26,12:59:35 AM,6800 Crested Quail,78250,Property Crime Calls,Criminal Mischief In Progress,7330,PRUE,SAPD-2026-1190547,29.49983,-98.64739,1788242375000,http://www.sanantonio.gov/sapd/Calls.aspx,Green,a tbd link,26,9
09/01/26, 1:02:02,4500 W Martin St,78237,Other Calls,Disturbance,2360,CENTRAL,SAPD-2026-1190552,29.433918,-98.546938,1788242522000,http://www.sanantonio.gov/sapd/Calls.aspx,Blue,a tbd link,26,9
09/01/26, 1:05:05,2800 Babcock Rd,78240,Other Calls,Welfare Check,7160,PRUE,SAPD-2026-1190557,29.511108,-98.591942,1788242705000,http://www.sanantonio.gov/sapd/Calls.aspx,Blue,a tbd link,26,9
09/01/26, 1:04:21,8300 N Loop 1604 W,78249,Other Calls,Disturbance,7350,PRUE,SAPD-2026-1190556,29.570042,-98.649535,1788242661000,http://www.sanantonio.gov/sapd/Calls.aspx,Blue,a tbd link,26,9
09/01/26, 1:07:06,10900 Wurzbach Rd,78230,Other Calls,Information,7220,PRUE,SAPD-2026-1190563,29.543114,-98.552136,1788242826000,http://www.sanantonio.gov/sapd/Calls.aspx,Blue,a tbd link,26,9
09/01/26, 1:07:18,5500 War Cloud Dr,78242,Traffic Calls,Major Accident,6340,SOUTH,SAPD-2026-1190565,29.345067,-98.606423,1788242838000,http://www.sanantonio.gov/sapd/Calls.aspx,Yellow,a tbd link,26,9
09/01/26, 1:06:05,8300 W HAUSMAN RD,78249,Crimes Against Person Calls,Fight,7350,PRUE,SAPD-2026-1190559,29.570288,-98.649108,1788242765000,http://www.sanantonio.gov/sapd/Calls.aspx,Red,a tbd link,26,9
09/01/26, 1:12:12,200 Sunnycrest Dr,78228,Property Crime Calls,Theft,5260,WEST,SAPD-2026-1190572,29.476445,-98.572615,1788243132000,http://www.sanantonio.gov/sapd/Calls.aspx,Green,a tbd link,26,9
09/01/26, 1:07:15,Ih 37 S Nb / Nb Ih 37 S Onrp Priest Rd,78112,Other Calls,SAPD Emergency Call,NOT SAPD BEX,SAPD OUTSIDE AREA,SAPD-2026-1190562,29.184211,-98.425427,1788242835000,http://www.sanantonio.gov/sapd/Calls.aspx,Blue,a tbd link,26,9
09/01/26, 1:08:50,9200 Port Victoria,78242,Other Calls,Suspicious Person,6340,SOUTH,SAPD-2026-1190567,29.33291,-98.598814,1788242930000,http://www.sanantonio.gov/sapd/Calls.aspx,Blue,a tbd link,26,9
09/01/26, 1:12:45,1700 N Loop 1604 W,78248,Other Calls,Disturbance,7240,PRUE,SAPD-2026-1190576,29.608116,-98.520027,1788243165000,http://www.sanantonio.gov/sapd/Calls.aspx,Blue,a tbd link,26,9
09/01/26, 1:08:38,200 E CRAIG PLACE,78212,Other Calls,Patrol By,1210,DOWNTOWN,SAPD-2026-1190566,29.451687,-98.49181,1788242918000,http://www.sanantonio.gov/sapd/Calls.aspx,Blue,a tbd link,26,9
09/01/26, 1:11:24,8700 Bowens Crossing,78250,Other Calls,Disturbance,7360,PRUE,SAPD-2026-1190570,29.525489,-98.685916,1788243084000,http://www.sanantonio.gov/sapd/Calls.aspx,Blue,a tbd link,26,9
09/01/26, 1:12:18,2900 Goliad Rd,78223,Other Calls,Disturbance,6270,SOUTH,SAPD-2026-1190573,29.35387,-98.431269,1788243138000,http://www.sanantonio.gov/sapd/Calls.aspx,Blue,a tbd link,26,9
09/01/26, 1:18:41,2400 Sw 34th St,78237,Crimes Against Person Calls,Suspicious Vehicle,6310,SOUTH,SAPD-2026-1190583,29.404391,-98.571004,1788243521000,http://www.sanantonio.gov/sapd/Calls.aspx,Red,a tbd link,26,9
09/01/26, 1:12:51,5300 La Cresenta Dr,78228,Other Calls,Welfare Check,5250,WEST,SAPD-2026-1190574,29.454998,-98.593369,1788243171000,http://www.sanantonio.gov/sapd/Calls.aspx,Blue,a tbd link,26,9
09/01/26, 1:13:28,14900 Jones Maltsberger Rd,78247,Other Calls,Disturbance,3220,NORTH,SAPD-2026-1190575,29.577476,-98.441975,1788243208000,http://www.sanantonio.gov/sapd/Calls.aspx,Blue,a tbd link,26,9
09/01/26, 1:13:53,5500 War Cloud Dr,78242,Other Calls,Suspicious Person,6340,SOUTH,SAPD-2026-1190577,29.345067,-98.606423,1788243233000,http://www.sanantonio.gov/sapd/Calls.aspx,Blue,a tbd link,26,9
09/01/26, 1:15:45,Embassy Row / W Bitters Rd,78216,Other Calls,Wanted Person,3120,NORTH,SAPD-2026-1190579,29.566786,-98.484897,1788243345000,http://www.sanantonio.gov/sapd/Calls.aspx,Blue,a tbd link,26,9
09/01/26, 1:15:52,100 Bandera Rd,78228,Crimes Against Person Calls,Lewd Conduct,5220,WEST,SAPD-2026-1190578,29.447257,-98.542411,1788243352000,http://www.sanantonio.gov/sapd/Calls.aspx,Red,a tbd link,26,9
09/01/26, 1:17:50,500 Pennystone Ave,78223,Other Calls,Suspicious Person,4210,EAST,SAPD-2026-1190581,29.37862,-98.445473,1788243470000,http://www.sanantonio.gov/sapd/Calls.aspx,Blue,a tbd link,26,9
09/01/26, 1:18:12,400 W Malone,78214,Property Crime Calls,Burglary in Progress,6210,SOUTH,SAPD-2026-1190582,29.387162,-98.5088,1788243492000,http://www.sanantonio.gov/sapd/Calls.aspx,Green,a tbd link,26,9
09/01/26, 1:19:54,7100 WALZEM RD,78244,Traffic Calls,Traffic Related,4330,EAST,SAPD-2026-1190585,29.497329,-98.349203,1788243594000,http://www.sanantonio.gov/sapd/Calls.aspx,Yellow,a tbd link,26,9
09/01/26, 1:20:22,1400 N HAMILTON AVE,78207,Other Calls,Patrol By,2360,CENTRAL,SAPD-2026-1190586,29.442447,-98.529829,1788243622000,http://www.sanantonio.gov/sapd/Calls.aspx,Blue,a tbd link,26,9
09/01/26, 1:20:36,1100 IOWA ST,78203,Other Calls,Patrol By,4120,EAST,SAPD-2026-1190587,29.412004,-98.465375,1788243636000,http://www.sanantonio.gov/sapd/Calls.aspx,Blue,a tbd link,26,9
09/01/26,11:30:42 AM,6000 Ih 10 W,78201,Property Crime Calls,Criminal Mischief,2230,CENTRAL,SAPD-2026-1192212,29.485572,-98.537743,1788280242000,http://www.sanantonio.gov/sapd/Calls.aspx,Green,a tbd link,26,9
09/01/26, 1:22:58,20800 Blanco Rd,78260,Other Calls,Disturbance,3170,NORTH,SAPD-2026-1190589,29.63625,-98.518683,1788243778000,http://www.sanantonio.gov/sapd/Calls.aspx,Blue,a tbd link,26,9
09/01/26, 1:31:34,7400 Us Hwy 90 W,78227,Crimes Against Person Calls,Assault,6360,SOUTH,SAPD-2026-1190607,29.398408,-98.634513,1788244294000,http://www.sanantonio.gov/sapd/Calls.aspx,Red,a tbd link,26,9
09/01/26, 1:24:45,6500 Camp Bullis Rd,78256,Crimes Against Person Calls,Suspicious Vehicle,7260,PRUE,SAPD-2026-1190592,29.623417,-98.611344,1788243885000,http://www.sanantonio.gov/sapd/Calls.aspx,Red,a tbd link,26,9
09/01/26, 8:23:50,General Hudnell Dr / Eb Us Hwy 90 Ofrp Zarzamora,78207,Traffic Calls,Minor Accident,6310,SOUTH,SAPD-2026-1191423,29.39979,-98.533726,1788269030000,http://www.sanantonio.gov/sapd/Calls.aspx,Yellow,a tbd link,26,9
09/01/26,11:29:41 AM,200 S Trinity St,78207,Other Calls,Disturbance,2330,CENTRAL,SAPD-2026-1192214,29.426217,-98.51797,1788280181000,http://www.sanantonio.gov/sapd/Calls.aspx,Blue,a tbd link,26,9
09/01/26, 1:24:47,600 Corliss,78220,Other Calls,Welfare Check,4230,EAST,SAPD-2026-1190593,29.41512,-98.422917,1788243887000,http://www.sanantonio.gov/sapd/Calls.aspx,Blue,a tbd link,26,9
09/01/26, 5:13:46,3100 S Ww White Rd,78222,Traffic Calls,Minor Accident,4260,EAST,SAPD-2026-1193746,29.374543,-98.404502,1788300826000,http://www.sanantonio.gov/sapd/Calls.aspx,Yellow,a tbd link,26,9
09/01/26,11:30:25 AM,900 H St,78220,Property Crime Calls,Theft,4230,EAST,SAPD-2026-1192216,29.406675,-98.432213,1788280225000,http://www.sanantonio.gov/sapd/Calls.aspx,Green,a tbd link,26,9
09/01/26, 8:18:55,460-598 HOT WELLS,78223,Traffic Calls,Traffic Related,6240,SOUTH,SAPD-2026-1191401,29.36867,-98.460477,1788268735000,http://www.sanantonio.gov/sapd/Calls.aspx,Yellow,a tbd link,26,9
09/01/26, 1:27:55,4700 Stringfellow Dr,78223,Other Calls,Disturbance,4210,EAST,SAPD-2026-1190596,29.378224,-98.434017,1788244075000,http://www.sanantonio.gov/sapd/Calls.aspx,Blue,a tbd link,26,9
09/01/26, 5:14:49,1400 Butler Dr,78251,Other Calls,Miscellaneous,5350,WEST,SAPD-2026-1193758,29.453002,-98.664907,1788300889000,http://www.sanantonio.gov/sapd/Calls.aspx,Blue,a tbd link,26,9
09/01/26,11:29:46 AM,S Pecos La Trinidad / Buena Vista St,78207,Traffic Calls,Minor Accident,2370,CENTRAL,SAPD-2026-1192210,29.424733,-98.501657,1788280186000,http://www.sanantonio.gov/sapd/Calls.aspx,Yellow,a tbd link,26,9
09/01/26, 8:19:10,1800-1898 S GENERAL MCMULLEN,78226,Traffic Calls,Traffic Related,6310,SOUTH,SAPD-2026-1191402,29.396931,-98.558008,1788268750000,http://www.sanantonio.gov/sapd/Calls.aspx,Yellow,a tbd link,26,9
09/01/26, 1:28:10,300 W Cheryl Dr,78228,Crimes Against Person Calls,Suspicious Vehicle,5220,WEST,SAPD-2026-1190600,29.461798,-98.567439,1788244090000,http://www.sanantonio.gov/sapd/Calls.aspx,Red,a tbd link,26,9
09/01/26, 5:13:54,Ih 10 E / S Pine St,78210,Traffic Calls,Minor Accident,4150,EAST,SAPD-2026-1193753,29.400823,-98.469587,1788300834000,http://www.sanantonio.gov/sapd/Calls.aspx,Yellow,a tbd link,26,9
09/01/26, 5:18:06,15100 Judson Rd,78247,Crimes Against Person Calls,Lewd Conduct,3260,NORTH,SAPD-2026-1193772,29.587143,-98.377542,1788301086000,http://www.sanantonio.gov/sapd/Calls.aspx,Red,a tbd link,26,9
09/01/26, 5:12:11,W Theo Ave / Carnot,78225,Traffic Calls,Major Accident,6110,SOUTH,SAPD-2026-1193735,29.387891,-98.517653,1788300731000,http://www.sanantonio.gov/sapd/Calls.aspx,Yellow,a tbd link,26,9
09/01/26, 5:12:08,800 W Theo Ave,78225,Traffic Calls,Major Accident,6110,SOUTH,SAPD-2026-1193734,29.387891,-98.517695,1788300728000,http://www.sanantonio.gov/sapd/Calls.aspx,Yellow,a tbd link,26,9
09/01/26, 5:12:23,200-299 W Hildebrand Ave,78212,Traffic Calls,Major Accident,1240,DOWNTOWN,SAPD-2026-1193736,29.466476,-98.495696,1788300743000,http://www.sanantonio.gov/sapd/Calls.aspx,Yellow,a tbd link,26,9
09/01/26, 5:21:50,1400 Kayton Ave,78210,Other Calls,Missing Person - Endangered,4210,EAST,SAPD-2026-1193810,29.397316,-98.446576,1788301310000,http://www.sanantonio.gov/sapd/Calls.aspx,Blue,a tbd link,26,9
09/01/26, 5:12:33,W Hildebrand Ave / Belknap St,78212,Traffic Calls,Major Accident,1240,DOWNTOWN,SAPD-2026-1193737,29.466466,-98.497384,1788300753000,http://www.sanantonio.gov/sapd/Calls.aspx,Yellow,a tbd link,26,9
09/01/26, 5:12:33,W Hildebrand Ave / Belknap St,78212,Traffic Calls,Major Accident,1240,DOWNTOWN,SAPD-2026-1193738,29.466466,-98.497384,1788300753000,http://www.sanantonio.gov/sapd/Calls.aspx,Yellow,a tbd link,26,9
09/01/26, 5:13:10,Belknap St / W Hildebrand Ave,78212,Traffic Calls,Major Accident,1240,DOWNTOWN,SAPD-2026-1193742,29.466466,-98.497384,1788300790000,http://www.sanantonio.gov/sapd/Calls.aspx,Yellow,a tbd link,26,9
09/01/26, 5:13:08,E Russell Place / N St Mary's St,78212,Traffic Calls,Minor Accident,1210,DOWNTOWN,SAPD-2026-1193744,29.451283,-98.486135,1788300788000,http://www.sanantonio.gov/sapd/Calls.aspx,Yellow,a tbd link,26,9
09/01/26, 5:12:39,W Hildebrand Ave / Belknap St,78212,Traffic Calls,Major Accident,1240,DOWNTOWN,SAPD-2026-1193739,29.466466,-98.497384,1788300759000,http://www.sanantonio.gov/sapd/Calls.aspx,Yellow,a tbd link,26,9
09/01/26, 5:14:38,San Pedro Ave / W Hildebrand Ave,78212,Traffic Calls,Major Accident,1240,DOWNTOWN,SAPD-2026-1193756,29.466482,-98.499289,1788300878000,http://www.sanantonio.gov/sapd/Calls.aspx,Yellow,a tbd link,26,9
09/01/26, 5:13:37,800 W Theo Ave,78225,Traffic Calls,Major Accident,6110,SOUTH,SAPD-2026-1193745,29.387891,-98.517865,1788300817000,http://www.sanantonio.gov/sapd/Calls.aspx,Yellow,a tbd link,26,9
09/01/26, 5:22:41,4000 Winter Sunrise Dr,78244,Other Calls,Information,4320,EAST,SAPD-2026-1193891,29.460364,-98.3734,1788301361000,http://www.sanantonio.gov/sapd/Calls.aspx,Blue,a tbd link,26,9
09/01/26, 5:12:46,300-399 W Hildebrand Ave,78212,Traffic Calls,Major Accident,1240,DOWNTOWN,SAPD-2026-1193740,29.466469,-98.497817,1788300766000,http://www.sanantonio.gov/sapd/Calls.aspx,Yellow,a tbd link,26,9
09/01/26, 5:14:36,10600 State Hwy 151,78251,Other Calls,Welfare Check,5360,WEST,SAPD-2026-1193755,29.455943,-98.689569,1788300876000,http://www.sanantonio.gov/sapd/Calls.aspx,Blue,a tbd link,26,9
09/01/26, 5:13:39,800-899 W Theo Ave,78225,Traffic Calls,Major Accident,6110,SOUTH,SAPD-2026-1193747,29.38789,-98.517898,1788300819000,http://www.sanantonio.gov/sapd/Calls.aspx,Yellow,a tbd link,26,9
09/01/26, 5:16:59,400 Sw Military Dr,78221,Traffic Calls,Minor Accident,6250,SOUTH,SAPD-2026-1193765,29.356707,-98.49708,1788301019000,http://www.sanantonio.gov/sapd/Calls.aspx,Yellow,a tbd link,26,9
09/01/26, 5:14:45,1000 W Lynwood,78201,Other Calls,Disturbance,2210,CENTRAL,SAPD-2026-1193757,29.463474,-98.510369,1788300885000,http://www.sanantonio.gov/sapd/Calls.aspx,Blue,a tbd link,26,9
09/01/26, 5:14:28,800-899 W Theo Ave,78225,Traffic Calls,Major Accident,6110,SOUTH,SAPD-2026-1193751,29.38789,-98.517859,1788300868000,http://www.sanantonio.gov/sapd/Calls.aspx,Yellow,a tbd link,26,9
09/01/26, 5:14:54,700 W Theo Ave,78225,Traffic Calls,Major Accident,6110,SOUTH,SAPD-2026-1193759,29.387892,-98.516382,1788300894000,http://www.sanantonio.gov/sapd/Calls.aspx,Yellow,a tbd link,26,9
09/01/26, 5:14:27,400 Sw Military Dr,78221,Traffic Calls,Major Accident,6250,SOUTH,SAPD-2026-1193750,29.356707,-98.49708,1788300867000,http://www.sanantonio.gov/sapd/Calls.aspx,Yellow,a tbd link,26,9
09/01/26, 5:14:13,9800 Airport Blvd,78216,Other Calls,Patrol By,SAT1,AIRPORT,SAPD-2026-1193749,29.526619,-98.471844,1788300853000,http://www.sanantonio.gov/sapd/Calls.aspx,Blue,a tbd link,26,9
09/01/26, 5:17:25,300 Spriggsdale,78220,Other Calls,Assist the Public,4160,EAST,SAPD-2026-1193769,29.417825,-98.439728,1788301045000,http://www.sanantonio.gov/sapd/Calls.aspx,Blue,a tbd link,26,9
09/01/26, 5:17:40,N Loop 1604 E / Us Hwy 281 N,78232,Traffic Calls,Traffic Related,3160,NORTH,SAPD-2026-1193770,29.60883,-98.469003,1788301060000,http://www.sanantonio.gov/sapd/Calls.aspx,Yellow,a tbd link,26,9
09/01/26, 5:21:24,3400 Camino Real,78238,Other Calls,Miscellaneous,5270,WEST,SAPD-2026-1193790,29.468478,-98.604722,1788301284000,http://www.sanantonio.gov/sapd/Calls.aspx,Blue,a tbd link,26,9
09/01/26, 5:18:24,10200 Military Dr W,78251,Other Calls,Welfare Check,5360,WEST,SAPD-2026-1193775,29.449863,-98.685445,1788301104000,http://www.sanantonio.gov/sapd/Calls.aspx,Blue,a tbd link,26,9
09/01/26, 5:17:21,800 E Rector,78216,Crimes Against Person Calls,Child Locked in Vehicle,3320,NORTH,SAPD-2026-1193768,29.516388,-98.480638,1788301041000,http://www.sanantonio.gov/sapd/Calls.aspx,Red,a tbd link,26,9
09/01/26, 5:19:41,9500 W Loop 1604 N,78254,Property Crime Calls,Theft of Vehicle,7360,PRUE,SAPD-2026-1193800,29.531107,-98.683736,1788301181000,http://www.sanantonio.gov/sapd/Calls.aspx,Green,a tbd link,26,9
09/01/26, 5:16:48,3100 N LOOP 1604 W,78231,Other Calls,Patrol By,7240,PRUE,SAPD-2026-1193764,29.600956,-98.540305,1788301008000,http://www.sanantonio.gov/sapd/Calls.aspx,Blue,a tbd link,26,9
09/01/26, 5:19:22,1200 Se Military Dr,78214,Other Calls,Disturbance,6260,SOUTH,SAPD-2026-1193778,29.353143,-98.479461,1788301162000,http://www.sanantonio.gov/sapd/Calls.aspx,Blue,a tbd link,26,9
09/01/26, 5:20:37,15500 Vance Jackson,78249,Other Calls,Miscellaneous,7230,PRUE,SAPD-2026-1193785,29.589573,-98.591067,1788301237000,http://www.sanantonio.gov/sapd/Calls.aspx,Blue,a tbd link,26,9
09/01/26, 5:19:14,3300 W Woodlawn Ave,78228,Crimes Against Person Calls,Violation of Protective Order,5220,WEST,SAPD-2026-1193777,29.457585,-98.559666,1788301154000,http://www.sanantonio.gov/sapd/Calls.aspx,Red,a tbd link,26,9
09/01/26, 5:20:15,300 E Drexel Ave,78210,Traffic Calls,Minor Accident,4150,EAST,SAPD-2026-1193781,29.400564,-98.469225,1788301215000,http://www.sanantonio.gov/sapd/Calls.aspx,Yellow,a tbd link,26,9
09/01/26, 5:20:05,400 PRECIOUS DR,78237,Traffic Calls,Minor Accident,5130,WEST,SAPD-2026-1193780,29.437751,-98.569666,1788301205000,http://www.sanantonio.gov/sapd/Calls.aspx,Yellow,a tbd link,26,9
09/01/26, 5:20:45,9800 State Hwy 151,78251,Other Calls,Welfare Check,5360,WEST,SAPD-2026-1193787,29.449278,-98.685207,1788301245000,http://www.sanantonio.gov/sapd/Calls.aspx,Blue,a tbd link,26,9
09/01/26, 5:20:55,19400 Camino Rdg,78258,Other Calls,Disturbance,3170,NORTH,SAPD-2026-1193791,29.626896,-98.501619,1788301255000,http://www.sanantonio.gov/sapd/Calls.aspx,Blue,a tbd link,26,9
09/01/26, 5:22:44,10000 Nw Military Hwy,78231,Property Crime Calls,Panhandler,7220,PRUE,SAPD-2026-1193794,29.55373,-98.536297,1788301364000,http://www.sanantonio.gov/sapd/Calls.aspx,Green,a tbd link,26,9
09/01/26, 5:23:01,Ih 10 W / Old Fredericksburg Rd,78257,Traffic Calls,Abandoned Vehicle,7250,PRUE,SAPD-2026-1193804,29.598905,-98.600212,1788301381000,http://www.sanantonio.gov/sapd/Calls.aspx,Yellow,a tbd link,26,9
09/01/26, 5:20:32,Us Hwy 281 N Nb / E Nakoma Dr,78216,Traffic Calls,Traffic Related,3130,NORTH,SAPD-2026-1193783,29.548998,-98.48829,1788301232000,http://www.sanantonio.gov/sapd/Calls.aspx,Yellow,a tbd link,26,9
09/01/26, 5:23:31,2152-2199 S Ellison Dr,78245,Other Calls,SAPD Non-Emergency Call,NOT SAPD BEX,SAPD OUTSIDE AREA,SAPD-2026-1193799,29.407333,-98.677927,1788301411000,http://www.sanantonio.gov/sapd/Calls.aspx,Blue,a tbd link,26,9
09/01/26, 5:23:14,200 Parham,78227,Property Crime Calls,Burglary,5140,WEST,SAPD-2026-1193797,29.43622,-98.588409,1788301394000,http://www.sanantonio.gov/sapd/Calls.aspx,Green,a tbd link,26,9
09/01/26, 5:22:32,1400 W Villaret Blvd,78224,Traffic Calls,Minor Accident,6140,SOUTH,SAPD-2026-1193793,29.323303,-98.541564,1788301352000,http://www.sanantonio.gov/sapd/Calls.aspx,Yellow,a tbd link,26,9
09/01/26, 5:20:48,7179-7199 TIMBER RIDGE DR,78227,Other Calls,Suspicious Person,5170,WEST,SAPD-2026-1193786,29.422253,-98.635204,1788301248000,http://www.sanantonio.gov/sapd/Calls.aspx,Blue,a tbd link,26,9
09/01/26, 5:23:12,200 Gillmore Ave,78226,Property Crime Calls,Burglary,6310,SOUTH,SAPD-2026-1193796,29.386088,-98.559463,1788301392000,http://www.sanantonio.gov/sapd/Calls.aspx,Green,a tbd link,26,9
09/01/26, 5:23:49,500 N St Mary's St,,Other Calls,Wanted Person,1130,DOWNTOWN,SAPD-2026-1193803,29.428889,-98.491111,1788301429000,http://www.sanantonio.gov/sapd/Calls.aspx,Blue,a tbd link,26,9
09/01/26, 5:22:58,1200 Austin Hwy,78209,Other Calls,Disturbance,3340,NORTH,SAPD-2026-1193795,29.488753,-98.444391,1788301378000,http://www.sanantonio.gov/sapd/Calls.aspx,Blue,a tbd link,26,9
09/01/26, 5:24:18,E Weidner Rd / Randolph Blvd,78233,Traffic Calls,DWI,3230,NORTH,SAPD-2026-1193807,29.531333,-98.381311,1788301458000,http://www.sanantonio.gov/sapd/Calls.aspx,Yellow,a tbd link,26,9
09/01/26, 5:23:44,5300 Santa Cruz,78228,Other Calls,Visitation Violation,5250,WEST,SAPD-2026-1193802,29.452511,-98.591864,1788301424000,http://www.sanantonio.gov/sapd/Calls.aspx,Blue,a tbd link,26,9
09/01/26, 5:23:57,3700 Newrock,78230,Other Calls,Animal Related,7210,PRUE,SAPD-2026-1193805,29.530816,-98.55591,1788301437000,http://www.sanantonio.gov/sapd/Calls.aspx,Blue,a tbd link,26,9
09/01/26, 5:26:05,9900 San Pedro Ave,78216,Other Calls,Disturbance,3110,NORTH,SAPD-2026-1193816,29.530512,-98.496957,1788301565000,http://www.sanantonio.gov/sapd/Calls.aspx,Blue,a tbd link,26,9
09/01/26, 5:22:15,5700 Errol Flynn Dr,78240,Other Calls,Assist the Public,7160,PRUE,SAPD-2026-1193792,29.502576,-98.600038,1788301335000,http://www.sanantonio.gov/sapd/Calls.aspx,Blue,a tbd link,26,9
09/01/26, 5:24:14,8601-8799 Us Hwy 90 W,78227,Traffic Calls,Minor Accident,5340,WEST,SAPD-2026-1193806,29.394676,-98.658276,1788301454000,http://www.sanantonio.gov/sapd/Calls.aspx,Yellow,a tbd link,26,9
09/01/26, 5:24:40,7000 Grand Valley Dr,78242,Other Calls,Disturbance,6350,SOUTH,SAPD-2026-1193809,29.361003,-98.61175,1788301480000,http://www.sanantonio.gov/sapd/Calls.aspx,Blue,a tbd link,26,9
09/01/26, 5:23:40,6800 San Pedro Ave,78216,Crimes Against Person Calls,Assault In Progress,3310,NORTH,SAPD-2026-1193801,29.503647,-98.500026,1788301420000,http://www.sanantonio.gov/sapd/Calls.aspx,Red,a tbd link,26,9
09/01/26, 5:24:20,IH 35 S SB / SB IH 35 S OFRP W PYRON AVE,78221,Other Calls,Disturbance,6120,SOUTH,SAPD-2026-1193811,29.367847,-98.518718,1788301460000,http://www.sanantonio.gov/sapd/Calls.aspx,Blue,a tbd link,26,9
09/01/26, 5:23:26,1300 SAN PEDRO AVE,78212,Other Calls,Patrol By,1220,DOWNTOWN,SAPD-2026-1193798,29.446471,-98.499875,1788301406000,http://www.sanantonio.gov/sapd/Calls.aspx,Blue,a tbd link,26,9
09/01/26, 5:33:31,600 Hudson,78202,Other Calls,Information,4130,EAST,SAPD-2026-1193875,29.432188,-98.453172,1788302011000,http://www.sanantonio.gov/sapd/Calls.aspx,Blue,a tbd link,26,9
09/01/26, 5:24:29,900 E HILDEBRAND AVE,78212,Other Calls,Patrol By,1230,DOWNTOWN,SAPD-2026-1193808,29.465577,-98.470497,1788301469000,http://www.sanantonio.gov/sapd/Calls.aspx,Blue,a tbd link,26,9
09/01/26, 5:25:41,100 N Rosillo,78207,Other Calls,Disturbance,2320,CENTRAL,SAPD-2026-1193812,29.428308,-98.524047,1788301541000,http://www.sanantonio.gov/sapd/Calls.aspx,Blue,a tbd link,26,9
09/01/26, 5:28:09,Sw 18th St / Santiago St,78207,Other Calls,Welfare Check,2350,CENTRAL,SAPD-2026-1193831,29.417658,-98.53519,1788301689000,http://www.sanantonio.gov/sapd/Calls.aspx,Blue,a tbd link,26,9
09/01/26, 5:25:57,4300 W Commerce St,78237,Crimes Against Person Calls,Cutting In Progress,5110,WEST,SAPD-2026-1193814,29.429806,-98.547532,1788301557000,http://www.sanantonio.gov/sapd/Calls.aspx,Red,a tbd link,26,9
09/01/26, 5:28:36,3000 Redstart Dr,78224,Crimes Against Person Calls,Threats,6160,SOUTH,SAPD-2026-1193827,29.308324,-98.558546,1788301716000,http://www.sanantonio.gov/sapd/Calls.aspx,Red,a tbd link,26,9
09/01/26, 5:27:46,8601-8799 Us Hwy 90 W,78227,Traffic Calls,Minor Accident,5340,WEST,SAPD-2026-1193822,29.394717,-98.658174,1788301666000,http://www.sanantonio.gov/sapd/Calls.aspx,Yellow,a tbd link,26,9
09/01/26, 5:27:43,200 Rounds St,78207,Other Calls,Information,2320,CENTRAL,SAPD-2026-1193821,29.437426,-98.51942,1788301663000,http://www.sanantonio.gov/sapd/Calls.aspx,Blue,a tbd link,26,9
09/01/26, 5:26:03,5900 W COMMERCE ST,78237,Other Calls,Patrol By,5130,WEST,SAPD-2026-1193815,29.432958,-98.577154,1788301563000,http://www.sanantonio.gov/sapd/Calls.aspx,Blue,a tbd link,26,9
09/01/26, 5:28:49,2600 Irwin Dr,78222,Other Calls,Welfare Check,4250,EAST,SAPD-2026-1193838,29.394872,-98.39394,1788301729000,http://www.sanantonio.gov/sapd/Calls.aspx,Blue,a tbd link,26,9
09/01/26, 5:31:12,6900 Quail Branch,78250,Traffic Calls,Traffic Related,7330,PRUE,SAPD-2026-1193843,29.497673,-98.64478,1788301872000,http://www.sanantonio.gov/sapd/Calls.aspx,Yellow,a tbd link,26,9
09/01/26, 5:29:11,Us Hwy 281 N Nb / N St Mary's St,78212,Other Calls,Welfare Check,1240,DOWNTOWN,SAPD-2026-1193836,29.454794,-98.481774,1788301751000,http://www.sanantonio.gov/sapd/Calls.aspx,Blue,a tbd link,26,9
09/01/26, 5:31:38,4800 Lord Rd,78220,Other Calls,Assist the Public,4240,EAST,SAPD-2026-1193846,29.415126,-98.398731,1788301898000,http://www.sanantonio.gov/sapd/Calls.aspx,Blue,a tbd link,26,9
09/01/26, 5:31:54,2400 W Summit Ave,78228,Traffic Calls,Minor Accident,5210,WEST,SAPD-2026-1193848,29.459779,-98.54184,1788301914000,http://www.sanantonio.gov/sapd/Calls.aspx,Yellow,a tbd link,26,9
09/01/26, 5:28:47,N LOOP 1604 W EB / VANCE JACKSON RD,78249,Property Crime Calls,Panhandler,7230,PRUE,SAPD-2026-1193830,29.591848,-98.589405,1788301727000,http://www.sanantonio.gov/sapd/Calls.aspx,Green,a tbd link,26,9
09/01/26, 5:28:32,4338-4399 W Commerce St,78237,Crimes Against Person Calls,Cutting,5110,WEST,SAPD-2026-1193828,29.430133,-98.547418,1788301712000,http://www.sanantonio.gov/sapd/Calls.aspx,Red,a tbd link,26,9
09/01/26, 5:29:14,2400 Waverly Ave,78228,Other Calls,Suspicious Person,5220,WEST,SAPD-2026-1193832,29.449576,-98.552453,1788301754000,http://www.sanantonio.gov/sapd/Calls.aspx,Blue,a tbd link,26,9
09/01/26, 5:30:45,12300 Ih 35 N,78233,Traffic Calls,Minor Accident,3230,NORTH,SAPD-2026-1193841,29.552741,-98.358252,1788301845000,http://www.sanantonio.gov/sapd/Calls.aspx,Yellow,a tbd link,26,9
09/01/26, 5:32:22,E Hildebrand Ave / Us Hwy 281 N Sb,78212,Other Calls,Welfare Check,1230,DOWNTOWN,SAPD-2026-1193851,29.46553,-98.4739,1788301942000,http://www.sanantonio.gov/sapd/Calls.aspx,Blue,a tbd link,26,9
09/01/26, 5:31:45,500 Ranmar Ave,78214,Other Calls,Disturbance Neighbor,6210,SOUTH,SAPD-2026-1193847,29.378006,-98.510518,1788301905000,http://www.sanantonio.gov/sapd/Calls.aspx,Blue,a tbd link,26,9
09/01/26, 5:40:06,5500 Utsa Blvd,78249,Other Calls,Miscellaneous,7230,PRUE,SAPD-2026-1193885,29.575739,-98.59225,1788302406000,http://www.sanantonio.gov/sapd/Calls.aspx,Blue,a tbd link,26,9
09/01/26, 5:31:47,Ih 35 N Nb / Ih 37 S Sb,78215,Traffic Calls,Traffic Violation,1230,DOWNTOWN,SAPD-2026-1193849,29.438957,-98.479033,1788301907000,http://www.sanantonio.gov/sapd/Calls.aspx,Yellow,a tbd link,26,9
09/01/26, 5:31:14,Barchester / Blanco Rd,78216,Traffic Calls,Major Accident,3310,NORTH,SAPD-2026-1193842,29.510646,-98.506816,1788301874000,http://www.sanantonio.gov/sapd/Calls.aspx,Yellow,a tbd link,26,9
09/01/26, 5:32:42,13600 Babcock Rd,78249,Traffic Calls,Minor Accident,7250,PRUE,SAPD-2026-1193852,29.572628,-98.632181,1788301962000,http://www.sanantonio.gov/sapd/Calls.aspx,Yellow,a tbd link,26,9
09/01/26, 5:31:33,7400 Yarrow Blvd,78224,Property Crime Calls,Theft,6330,SOUTH,SAPD-2026-1193844,29.353112,-98.542067,1788301893000,http://www.sanantonio.gov/sapd/Calls.aspx,Green,a tbd link,26,9
09/01/26, 5:33:05,6000 Blanco Rd,78216,Traffic Calls,Major Accident,3310,NORTH,SAPD-2026-1193853,29.511221,-98.506327,1788301985000,http://www.sanantonio.gov/sapd/Calls.aspx,Yellow,a tbd link,26,9
09/01/26, 5:33:23,300 Northaven Dr,78229,Other Calls,Suspicious Person,7110,PRUE,SAPD-2026-1193857,29.494662,-98.55763,1788302003000,http://www.sanantonio.gov/sapd/Calls.aspx,Blue,a tbd link,26,9
09/01/26, 5:33:07,Blaine St / St James St,78202,Other Calls,Disturbance,4110,EAST,SAPD-2026-1193854,29.429398,-98.462551,1788301987000,http://www.sanantonio.gov/sapd/Calls.aspx,Blue,a tbd link,26,9
09/01/26, 5:34:02,3400 Magic Dr,78229,Other Calls,Suspicious Person,7110,PRUE,SAPD-2026-1193858,29.501402,-98.557217,1788302042000,http://www.sanantonio.gov/sapd/Calls.aspx,Blue,a tbd link,26,9
09/01/26, 5:34:08,W Bitters Rd / Blanco Rd,78216,Traffic Calls,Traffic Related,7240,PRUE,SAPD-2026-1193859,29.579157,-98.514332,1788302048000,http://www.sanantonio.gov/sapd/Calls.aspx,Yellow,a tbd link,26,9
09/01/26, 5:34:40,5500 Ih 10 E,78219-4505,Traffic Calls,Minor Accident,4240,EAST,SAPD-2026-1193860,29.43715,-98.381055,1788302080000,http://www.sanantonio.gov/sapd/Calls.aspx,Yellow,a tbd link,26,9
09/01/26, 5:33:18,3100 HIAWATHA,78210,Other Calls,Patrol By,4210,EAST,SAPD-2026-1193855,29.384037,-98.437081,1788301998000,http://www.sanantonio.gov/sapd/Calls.aspx,Blue,a tbd link,26,9
09/01/26, 5:39:13,3000 Broadway,78209,Traffic Calls,Minor Accident,1230,DOWNTOWN,SAPD-2026-1193879,29.454581,-98.471367,1788302353000,http://www.sanantonio.gov/sapd/Calls.aspx,Yellow,a tbd link,26,9
09/01/26, 5:39:18,8000 Floyd Curl,78229,Other Calls,Information,7130,PRUE,SAPD-2026-1193881,29.513894,-98.576894,1788302358000,http://www.sanantonio.gov/sapd/Calls.aspx,Blue,a tbd link,26,9
09/01/26, 5:38:52,7400 Military Dr W,78227,Property Crime Calls,Theft,5150,WEST,SAPD-2026-1193876,29.417396,-98.629655,1788302332000,http://www.sanantonio.gov/sapd/Calls.aspx,Green,a tbd link,26,9
09/01/26, 5:35:45,7200 Blanco Rd,78216,Other Calls,Disturbance,3110,NORTH,SAPD-2026-1193863,29.523696,-98.505353,1788302145000,http://www.sanantonio.gov/sapd/Calls.aspx,Blue,a tbd link,26,9
09/01/26, 5:37:46,300 Stanfield,78210,Property Crime Calls,Theft,4150,EAST,SAPD-2026-1193871,29.388202,-98.460117,1788302266000,http://www.sanantonio.gov/sapd/Calls.aspx,Green,a tbd link,26,9
09/01/26, 5:38:48,100 Berry Branch,78233,Other Calls,Miscellaneous,3250,NORTH,SAPD-2026-1193877,29.548977,-98.37929,1788302328000,http://www.sanantonio.gov/sapd/Calls.aspx,Blue,a tbd link,26,9
09/01/26, 5:37:13,7100 Us Hwy 90 W,78227,Property Crime Calls,Shoplifting In Progress,5150,WEST,SAPD-2026-1193868,29.402228,-98.631199,1788302233000,http://www.sanantonio.gov/sapd/Calls.aspx,Green,a tbd link,26,9
09/01/26, 5:42:57,3200 Bolmore,78223,Other Calls,Information,4260,EAST,SAPD-2026-1193905,29.365561,-98.437156,1788302577000,http://www.sanantonio.gov/sapd/Calls.aspx,Blue,a tbd link,26,9
09/01/26, 5:37:38,11500 Culebra Rd,78253,Other Calls,Miscellaneous,5350,WEST,SAPD-2026-1193870,29.501186,-98.7204,1788302258000,http://www.sanantonio.gov/sapd/Calls.aspx,Blue,a tbd link,26,9
09/01/26, 5:37:13,7100 Us Hwy 90 W,78227,Property Crime Calls,Shoplifting,5150,WEST,SAPD-2026-1193869,29.403486,-98.630906,1788302233000,http://www.sanantonio.gov/sapd/Calls.aspx,Green,a tbd link,26,9
09/01/26, 5:37:17,11700 Raindrop Dr,78216,Property Crime Calls,Theft,3120,NORTH,SAPD-2026-1193884,29.547417,-98.498684,1788302237000,http://www.sanantonio.gov/sapd/Calls.aspx,Green,a tbd link,26,9
09/01/26, 5:37:39,700 W Loop 1604 N,78251,Other Calls,Information,5360,WEST,SAPD-2026-1193880,29.439239,-98.70967,1788302259000,http://www.sanantonio.gov/sapd/Calls.aspx,Blue,a tbd link,26,9
09/01/26, 5:37:12,700 Delgado St,78207,Crimes Against Person Calls,Assault In Progress,2310,CENTRAL,SAPD-2026-1193867,29.437604,-98.515397,1788302232000,http://www.sanantonio.gov/sapd/Calls.aspx,Red,a tbd link,26,9
09/01/26, 5:44:10,Sw Loop 410 / Marbach Rd,78227,Other Calls,Disturbance,5170,WEST,SAPD-2026-1193901,29.417823,-98.649096,1788302650000,http://www.sanantonio.gov/sapd/Calls.aspx,Blue,a tbd link,26,9
09/01/26, 5:42:35,Columbia Sq / Marbach Rd,78227,Other Calls,Welfare Check,5330,WEST,SAPD-2026-1193895,29.417837,-98.653079,1788302555000,http://www.sanantonio.gov/sapd/Calls.aspx,Blue,a tbd link,26,9
09/01/26, 5:36:05,10 Talon Brook,78238,Other Calls,SAPD Emergency Call,5310,WEST,SAPD-2026-1193864,29.482237,-98.615755,1788302165000,http://www.sanantonio.gov/sapd/Calls.aspx,Blue,a tbd link,26,9
09/01/26, 5:38:42,16500 Nacogdoches Rd,78247,Property Crime Calls,Theft,3260,NORTH,SAPD-2026-1193874,29.591469,-98.35543,1788302322000,http://www.sanantonio.gov/sapd/Calls.aspx,Green,a tbd link,26,9
09/01/26, 5:38:58,N Zarzamora St / W Commerce St,78207,Other Calls,Disturbance,2320,CENTRAL,SAPD-2026-1193878,29.428141,-98.526917,1788302338000,http://www.sanantonio.gov/sapd/Calls.aspx,Blue,a tbd link,26,9
09/01/26, 5:38:42,Sta00 Hwy 151 Sb,78245,Traffic Calls,Major Accident,5330,WEST,SAPD-2026-1193873,29.438462,-98.658307,1788302322000,http://www.sanantonio.gov/sapd/Calls.aspx,Yellow,a tbd link,26,9
09/01/26, 5:39:25,S0 Sthy 151 Ofrp Nb Nw Loop 410,78245,Traffic Calls,Minor Accident,5330,WEST,SAPD-2026-1193883,29.437343,-98.65529,1788302365000,http://www.sanantonio.gov/sapd/Calls.aspx,Yellow,a tbd link,26,9
09/01/26, 5:41:36,9100 Coronal Rings,78252,Other Calls,Disturbance,6360,SOUTH,SAPD-2026-1193893,29.337717,-98.638014,1788302496000,http://www.sanantonio.gov/sapd/Calls.aspx,Blue,a tbd link,26,9
09/01/26, 5:38:24,8400-8598 State Hwy 151 Sb,78245,Traffic Calls,Major Accident,5330,WEST,SAPD-2026-1193872,29.43726,-98.655009,1788302304000,http://www.sanantonio.gov/sapd/Calls.aspx,Yellow,a tbd link,26,9
09/01/26, 5:40:36,5500 Gwenda Lea,78242,Other Calls,Disturbance Family,6340,SOUTH,SAPD-2026-1193888,29.349415,-98.606479,1788302436000,http://www.sanantonio.gov/sapd/Calls.aspx,Blue,a tbd link,26,9
09/01/26, 5:40:54,3400 Twining Dr,78211,Other Calls,Disturbance Neighbor,6140,SOUTH,SAPD-2026-1193886,29.323667,-98.563548,1788302454000,http://www.sanantonio.gov/sapd/Calls.aspx,Blue,a tbd link,26,9
09/01/26, 5:40:58,Roosevelt Ave / Wharton St,78210,Traffic Calls,Minor Accident,6220,SOUTH,SAPD-2026-1193887,29.384836,-98.484701,1788302458000,http://www.sanantonio.gov/sapd/Calls.aspx,Yellow,a tbd link,26,9
09/01/26, 5:42:37,9500 Culebra Rd,78251,Other Calls,Welfare Check,7370,PRUE,SAPD-2026-1193896,29.487203,-98.670219,1788302557000,http://www.sanantonio.gov/sapd/Calls.aspx,Blue,a tbd link,26,9
09/01/26, 5:41:32,8100 W HAUSMAN RD,78249,Traffic Calls,Minor Accident,7350,PRUE,SAPD-2026-1193889,29.570511,-98.647239,1788302492000,http://www.sanantonio.gov/sapd/Calls.aspx,Yellow,a tbd link,26,9
09/01/26, 5:41:49,100 N San Ignacio Ave,78237,Other Calls,Welfare Check,5130,WEST,SAPD-2026-1193894,29.433157,-98.561349,1788302509000,http://www.sanantonio.gov/sapd/Calls.aspx,Blue,a tbd link,26,9
09/01/26, 5:43:35,4800 Vance Jackson,78230,Other Calls,Miscellaneous,7210,PRUE,SAPD-2026-1193897,29.521233,-98.534772,1788302615000,http://www.sanantonio.gov/sapd/Calls.aspx,Blue,a tbd link,26,9
09/01/26, 5:48:26,16400 Chase Oak,78232,Traffic Calls,Minor Accident,3140,NORTH,SAPD-2026-1193941,29.595829,-98.451405,1788302906000,http://www.sanantonio.gov/sapd/Calls.aspx,Yellow,a tbd link,26,9
09/01/26, 5:42:45,2400 Ne Loop 410,78217,Other Calls,Assist the Public,3370,NORTH,SAPD-2026-1193899,29.517531,-98.418242,1788302565000,http://www.sanantonio.gov/sapd/Calls.aspx,Blue,a tbd link,26,9
09/01/26, 5:43:56,4100 Eldridge Ave,78237,Other Calls,Miscellaneous,5140,WEST,SAPD-2026-1193898,29.420646,-98.570883,1788302636000,http://www.sanantonio.gov/sapd/Calls.aspx,Blue,a tbd link,26,9
09/01/26, 5:45:15,4500 W Martin St,78237,Crimes Against Person Calls,Threats,2360,CENTRAL,SAPD-2026-1193903,29.433918,-98.546938,1788302715000,http://www.sanantonio.gov/sapd/Calls.aspx,Red,a tbd link,26,9
09/01/26, 5:46:12,19000 Talavera Rdg,78257,Other Calls,Assist the Public,7260,PRUE,SAPD-2026-1193906,29.618783,-98.601261,1788302772000,http://www.sanantonio.gov/sapd/Calls.aspx,Blue,a tbd link,26,9
09/01/26, 5:50:09,W Loop 1604 S / Us Hwy 90 W Wb,78245,Traffic Calls,Minor Accident,5340,WEST,SAPD-2026-1193932,29.382033,-98.70094,1788303009000,http://www.sanantonio.gov/sapd/Calls.aspx,Yellow,a tbd link,26,9
09/01/26, 5:46:02,1400 W Villaret Blvd,78224,Traffic Calls,Minor Accident,6140,SOUTH,SAPD-2026-1193907,29.323303,-98.541564,1788302762000,http://www.sanantonio.gov/sapd/Calls.aspx,Yellow,a tbd link,26,9
09/01/26, 5:45:10,1900 S New Braunfels Ave,78210,Other Calls,Disturbance,4150,EAST,SAPD-2026-1193904,29.400305,-98.461517,1788302710000,http://www.sanantonio.gov/sapd/Calls.aspx,Blue,a tbd link,26,9
09/01/26, 5:50:02,500 Ogden St,78212,Crimes Against Person Calls,Threats,1210,DOWNTOWN,SAPD-2026-1193935,29.443259,-98.493438,1788303002000,http://www.sanantonio.gov/sapd/Calls.aspx,Red,a tbd link,26,9
09/01/26, 5:47:55,Wallace St / Allende,78237,Traffic Calls,Traffic Related,5110,WEST,SAPD-2026-1193912,29.418932,-98.562176,1788302875000,http://www.sanantonio.gov/sapd/Calls.aspx,Yellow,a tbd link,26,9
09/01/26, 5:48:41,600 Stonewall Ave,78214,Other Calls,Welfare Check,6210,SOUTH,SAPD-2026-1193919,29.373501,-98.512101,1788302921000,http://www.sanantonio.gov/sapd/Calls.aspx,Blue,a tbd link,26,9
09/01/26, 5:46:36,Anchor Dr / Brazil Dr,78213,Other Calls,Welfare Check,3110,NORTH,SAPD-2026-1193908,29.541712,-98.526603,1788302796000,http://www.sanantonio.gov/sapd/Calls.aspx,Blue,a tbd link,26,9
09/01/26, 5:48:12,1100 W Russell Place,78201,Other Calls,Suspicious Person,1220,DOWNTOWN,SAPD-2026-1193914,29.451038,-98.507945,1788302892000,http://www.sanantonio.gov/sapd/Calls.aspx,Blue,a tbd link,26,9
09/01/26, 5:48:02,7900 S New Braunfels Ave,78235,Other Calls,Disturbance,6270,SOUTH,SAPD-2026-1193913,29.347977,-98.445631,1788302882000,http://www.sanantonio.gov/sapd/Calls.aspx,Blue,a tbd link,26,9
09/01/26, 5:49:07,2840-2848 Ih 37 S Nb,78210,Traffic Calls,Minor Accident,4150,EAST,SAPD-2026-1193925,29.387487,-98.473064,1788302947000,http://www.sanantonio.gov/sapd/Calls.aspx,Yellow,a tbd link,26,9
09/01/26, 5:49:18,7900 Misty Park Dr,78250,Crimes Against Person Calls,Suspicious Vehicle,7330,PRUE,SAPD-2026-1193926,29.481856,-98.643694,1788302958000,http://www.sanantonio.gov/sapd/Calls.aspx,Red,a tbd link,26,9
09/01/26, 5:48:08,Nw Loop 410 Wb / Military Dr W,78245,Traffic Calls,Minor Accident,5160,WEST,SAPD-2026-1193915,29.442615,-98.638788,1788302888000,http://www.sanantonio.gov/sapd/Calls.aspx,Yellow,a tbd link,26,9
09/01/26, 5:47:03,5200 Round Table,78218,Crimes Against Person Calls,Suspicious Vehicle,4330,EAST,SAPD-2026-1193911,29.505385,-98.386761,1788302823000,http://www.sanantonio.gov/sapd/Calls.aspx,Red,a tbd link,26,9
09/01/26, 5:49:52,1900 S New Braunfels Ave,78210,Property Crime Calls,Burglary Vehicle,4150,EAST,SAPD-2026-1193930,29.400305,-98.461517,1788302992000,http://www.sanantonio.gov/sapd/Calls.aspx,Green,a tbd link,26,9
09/01/26, 5:49:16,100 Ashford Dr,78227,Other Calls,Welfare Check,6360,SOUTH,SAPD-2026-1193923,29.389606,-98.641752,1788302956000,http://www.sanantonio.gov/sapd/Calls.aspx,Blue,a tbd link,26,9
09/01/26, 5:47:11,13000 Jones Maltsberger Rd,78247,Traffic Calls,Traffic Related,3220,NORTH,SAPD-2026-1193920,29.559728,-98.459693,1788302831000,http://www.sanantonio.gov/sapd/Calls.aspx,Yellow,a tbd link,26,9
09/01/26, 5:49:56,5760-6099 Walzem Rd,78239,Traffic Calls,Traffic Violation,4330,EAST,SAPD-2026-1193931,29.509448,-98.371066,1788302996000,http://www.sanantonio.gov/sapd/Calls.aspx,Yellow,a tbd link,26,9
09/01/26, 5:49:50,Culebra Rd / Fm 471 W,78253,Traffic Calls,Major Accident,5350,WEST,SAPD-2026-1193929,29.516909,-98.763452,1788302990000,http://www.sanantonio.gov/sapd/Calls.aspx,Yellow,a tbd link,26,9
09/01/26, 5:55:31,19300 Talavera Rdg,78257,Other Calls,Miscellaneous,7260,PRUE,SAPD-2026-1193960,29.622197,-98.604986,1788303331000,http://www.sanantonio.gov/sapd/Calls.aspx,Blue,a tbd link,26,9
09/01/26, 5:51:20,E0 N Loop 1604 W Ofrp Ih 10 N,78256,Traffic Calls,Traffic Related,7250,PRUE,SAPD-2026-1193939,29.588976,-98.612536,1788303080000,http://www.sanantonio.gov/sapd/Calls.aspx,Yellow,a tbd link,26,9
09/01/26, 5:50:12,8500 Ih 35 S,78211,Other Calls,Drunk,6140,SOUTH,SAPD-2026-1193933,29.338979,-98.554944,1788303012000,http://www.sanantonio.gov/sapd/Calls.aspx,Blue,a tbd link,26,9
09/01/26, 5:48:22,13449-13499 Culebra Rd,78253,Traffic Calls,Major Accident,5350,WEST,SAPD-2026-1193918,29.516088,-98.761329,1788302902000,http://www.sanantonio.gov/sapd/Calls.aspx,Yellow,a tbd link,26,9
09/01/26, 5:51:17,23600 Wilderness Oak,78258,Other Calls,Miscellaneous,3170,NORTH,SAPD-2026-1193938,29.662353,-98.500141,1788303077000,http://www.sanantonio.gov/sapd/Calls.aspx,Blue,a tbd link,26,9
09/01/26, 5:50:43,9500 Console Dr,78229,Property Crime Calls,Burglary Vehicle,7120,PRUE,SAPD-2026-1193943,29.527219,-98.561488,1788303043000,http://www.sanantonio.gov/sapd/Calls.aspx,Green,a tbd link,26,9
09/01/26, 5:52:28,100 Thames Dr,78216,Traffic Calls,Minor Accident,3310,NORTH,SAPD-2026-1193948,29.512219,-98.500668,1788303148000,http://www.sanantonio.gov/sapd/Calls.aspx,Yellow,a tbd link,26,9
09/01/26, 5:49:22,1600 W THOMPSON PLACE,78226,Other Calls,Miscellaneous,6310,SOUTH,SAPD-2026-1193924,29.396432,-98.55464,1788302962000,http://www.sanantonio.gov/sapd/Calls.aspx,Blue,a tbd link,26,9
09/01/26, 5:49:52,13449-13499 Culebra Rd,78253,Traffic Calls,Major Accident,5350,WEST,SAPD-2026-1193928,29.516088,-98.761329,1788302992000,http://www.sanantonio.gov/sapd/Calls.aspx,Yellow,a tbd link,26,9
09/01/26, 5:51:42,Galm Rd / Culebra Rd,78254,Traffic Calls,Major Accident,5350,WEST,SAPD-2026-1193944,29.515085,-98.75877,1788303102000,http://www.sanantonio.gov/sapd/Calls.aspx,Yellow,a tbd link,26,9
09/01/26, 5:52:58,2652-2800 Ih 37 S Nb,78210,Traffic Calls,Major Accident,4150,EAST,SAPD-2026-1193949,29.390085,-98.475345,1788303178000,http://www.sanantonio.gov/sapd/Calls.aspx,Yellow,a tbd link,26,9
09/01/26, 5:51:35,13327-13447 Culebra Rd,78253,Traffic Calls,Major Accident,5350,WEST,SAPD-2026-1193942,29.515085,-98.75877,1788303095000,http://www.sanantonio.gov/sapd/Calls.aspx,Yellow,a tbd link,26,9
09/01/26, 5:53:57,5000 Nw Loop 410,78229,Other Calls,Disturbance,7140,PRUE,SAPD-2026-1193952,29.489925,-98.589241,1788303237000,http://www.sanantonio.gov/sapd/Calls.aspx,Blue,a tbd link,26,9
09/01/26, 5:52:32,100 E Houston St,78205,Crimes Against Person Calls,Holdup Alarm In Progress,1120,DOWNTOWN,SAPD-2026-1193947,29.426429,-98.493527,1788303152000,http://www.sanantonio.gov/sapd/Calls.aspx,Red,a tbd link,26,9
09/01/26, 5:53:12,2700 E Commerce St,78203,Crimes Against Person Calls,Assault In Progress,4140,EAST,SAPD-2026-1193950,29.419205,-98.448449,1788303192000,http://www.sanantonio.gov/sapd/Calls.aspx,Red,a tbd link,26,9
09/01/26, 5:53:33,S0 Hy281 N Ofrp Hildebrand Ave,78212,Traffic Calls,Major Accident,1230,DOWNTOWN,SAPD-2026-1193951,29.468159,-98.474719,1788303213000,http://www.sanantonio.gov/sapd/Calls.aspx,Yellow,a tbd link,26,9
09/01/26, 5:55:21,300 W Bedford Ave,78226,Property Crime Calls,Burglary,6310,SOUTH,SAPD-2026-1193958,29.394188,-98.548209,1788303321000,http://www.sanantonio.gov/sapd/Calls.aspx,Green,a tbd link,26,9
09/01/26, 5:52:27,3700 N ST MARY'S ST,78212,Other Calls,Patrol By,1230,DOWNTOWN,SAPD-2026-1193946,29.459371,-98.477382,1788303147000,http://www.sanantonio.gov/sapd/Calls.aspx,Blue,a tbd link,26,9
09/01/26, 5:55:18,5400 N Loop 1604 W,78249,Other Calls,Disturbance,7230,PRUE,SAPD-2026-1193957,29.590937,-98.591653,1788303318000,http://www.sanantonio.gov/sapd/Calls.aspx,Blue,a tbd link,26,9
09/01/26, 5:56:18,1600 Vance Jackson,78213,Property Crime Calls,Theft,2230,CENTRAL,SAPD-2026-1193966,29.487832,-98.537773,1788303378000,http://www.sanantonio.gov/sapd/Calls.aspx,Green,a tbd link,26,9
09/01/26, 5:54:53,5100 De Zavala Rd,78249,Other Calls,Suspicious Person,7230,PRUE,SAPD-2026-1193959,29.565589,-98.5855,1788303293000,http://www.sanantonio.gov/sapd/Calls.aspx,Blue,a tbd link,26,9
09/01/26, 5:56:19,300 Castroville Rd,78207,Other Calls,Miscellaneous,2350,CENTRAL,SAPD-2026-1193963,29.41971,-98.542587,1788303379000,http://www.sanantonio.gov/sapd/Calls.aspx,Blue,a tbd link,26,9
09/01/26, 5:54:37,8000 Culebra Rd,78251,Property Crime Calls,Theft In Progress,5320,WEST,SAPD-2026-1193954,29.466219,-98.64653,1788303277000,http://www.sanantonio.gov/sapd/Calls.aspx,Green,a tbd link,26,9
09/01/26, 5:55:49,Sunset Haven Dr / Babcock Rd,78249,Other Calls,Disturbance,7340,PRUE,SAPD-2026-1193962,29.557134,-98.614975,1788303349000,http://www.sanantonio.gov/sapd/Calls.aspx,Blue,a tbd link,26,9
09/01/26, 5:56:46,2840-2848 Ih 37 S Nb,78210,Traffic Calls,Major Accident,4150,EAST,SAPD-2026-1193965,29.387696,-98.47329,1788303406000,http://www.sanantonio.gov/sapd/Calls.aspx,Yellow,a tbd link,26,9
09/01/26, 5:54:17,Culebra Rd / Galm Rd,78253,Other Calls,SAPD Emergency Call,5350,WEST,SAPD-2026-1193953,29.515085,-98.75877,1788303257000,http://www.sanantonio.gov/sapd/Calls.aspx,Blue,a tbd link,26,9
09/01/26, 5:58:43,1100 Se Military Dr,78214,Other Calls,Disturbance,6260,SOUTH,SAPD-2026-1193976,29.355287,-98.480623,1788303523000,http://www.sanantonio.gov/sapd/Calls.aspx,Blue,a tbd link,26,9
09/01/26, 5:57:39,O'connor Rd / Ih 35 N,78233,Traffic Calls,Traffic Related,3230,NORTH,SAPD-2026-1193969,29.545362,-98.368738,1788303459000,http://www.sanantonio.gov/sapd/Calls.aspx,Yellow,a tbd link,26,9
09/01/26, 5:58:16,100 Eland Dr,78213,Property Crime Calls,Theft,2230,CENTRAL,SAPD-2026-1193972,29.493137,-98.536566,1788303496000,http://www.sanantonio.gov/sapd/Calls.aspx,Green,a tbd link,26,9
09/01/26, 5:58:09,5800 Babcock Rd,78240,Other Calls,Ordinance Violation,7310,PRUE,SAPD-2026-1193971,29.525394,-98.598923,1788303489000,http://www.sanantonio.gov/sapd/Calls.aspx,Blue,a tbd link,26,9
09/01/26, 5:58:18,3100 Cato Blvd,78223,Crimes Against Person Calls,Suspicious Vehicle,6240,SOUTH,SAPD-2026-1193973,29.356405,-98.440682,1788303498000,http://www.sanantonio.gov/sapd/Calls.aspx,Red,a tbd link,26,9
09/01/26, 5:59:05,S Mittman St / Mc Kinley Ave,78210,Traffic Calls,Abandoned Vehicle,4150,EAST,SAPD-2026-1193983,29.392688,-98.454454,1788303545000,http://www.sanantonio.gov/sapd/Calls.aspx,Yellow,a tbd link,26,9
09/01/26, 6:00:13,1800 Marshall Cross,78214,Property Crime Calls,Recovered Stolen Property,6260,SOUTH,SAPD-2026-1193984,29.318141,-98.468246,1788303613000,http://www.sanantonio.gov/sapd/Calls.aspx,Green,a tbd link,26,9
09/01/26, 5:59:13,N0 Ih 37 S Ofrp Eb Ih 10 E,78210,Traffic Calls,Minor Accident,4150,EAST,SAPD-2026-1193975,29.397433,-98.474905,1788303553000,http://www.sanantonio.gov/sapd/Calls.aspx,Yellow,a tbd link,26,9
09/01/26, 6:00:57,1600 Cable Ranch Rd,78245,Other Calls,Disturbance Family,5330,WEST,SAPD-2026-1193986,29.433459,-98.654139,1788303657000,http://www.sanantonio.gov/sapd/Calls.aspx,Blue,a tbd link,26,9
09/01/26, 5:59:44,7900 Misty Park Dr,78250,Property Crime Calls,Burglary in Progress,7330,PRUE,SAPD-2026-1193978,29.481856,-98.643694,1788303584000,http://www.sanantonio.gov/sapd/Calls.aspx,Green,a tbd link,26,9
09/01/26, 5:59:58,Fresno St / Capitol Ave,78201,Traffic Calls,Minor Accident,2210,CENTRAL,SAPD-2026-1193981,29.474166,-98.513044,1788303598000,http://www.sanantonio.gov/sapd/Calls.aspx,Yellow,a tbd link,26,9
09/01/26, 6:02:57,500 W Broadview Dr,78228,Crimes Against Person Calls,Suspicious Vehicle,5250,WEST,SAPD-2026-1193996,29.458407,-98.581393,1788303777000,http://www.sanantonio.gov/sapd/Calls.aspx,Red,a tbd link,26,9
09/01/26, 6:02:26,11100 Vance Jackson,78230,Traffic Calls,Minor Accident,7220,PRUE,SAPD-2026-1193993,29.544086,-98.557489,1788303746000,http://www.sanantonio.gov/sapd/Calls.aspx,Yellow,a tbd link,26,9
09/01/26, 6:01:09,7300-7598 Ih 35 S,78221,Crimes Against Person Calls,Disturbance (Gun Involved),6150,SOUTH,SAPD-2026-1193988,29.354091,-98.527653,1788303669000,http://www.sanantonio.gov/sapd/Calls.aspx,Red,a tbd link,26,9
09/01/26, 6:04:18,11600 Culebra Rd,78253,Traffic Calls,Minor Accident,5350,WEST,SAPD-2026-1194000,29.502039,-98.722964,1788303858000,http://www.sanantonio.gov/sapd/Calls.aspx,Yellow,a tbd link,26,9
09/01/26, 6:01:43,9900 San Pedro Ave,78216,Other Calls,Disturbance,3110,NORTH,SAPD-2026-1193990,29.530512,-98.496957,1788303703000,http://www.sanantonio.gov/sapd/Calls.aspx,Blue,a tbd link,26,9
09/01/26, 6:01:01,3600 Magic Dr,78229,Crimes Against Person Calls,Disturbance (Gun Involved),7110,PRUE,SAPD-2026-1193987,29.504694,-98.553381,1788303661000,http://www.sanantonio.gov/sapd/Calls.aspx,Red,a tbd link,26,9
09/01/26, 6:02:47,1200 Center St,78202,Crimes Against Person Calls,Threats,4120,EAST,SAPD-2026-1193994,29.422097,-98.462328,1788303767000,http://www.sanantonio.gov/sapd/Calls.aspx,Red,a tbd link,26,9
09/01/26, 6:02:21,800 Rigsby Ave,78210,Other Calls,Disturbance,4150,EAST,SAPD-2026-1193992,29.398459,-98.458986,1788303741000,http://www.sanantonio.gov/sapd/Calls.aspx,Blue,a tbd link,26,9
09/01/26, 6:04:31,7900 Misty Park Dr,78250,Property Crime Calls,Burglary in Progress,7330,PRUE,SAPD-2026-1194003,29.481856,-98.643694,1788303871000,http://www.sanantonio.gov/sapd/Calls.aspx,Green,a tbd link,26,9
09/01/26, 6:04:09,7600 Nw Loop 410,78245,Other Calls,Disturbance,5160,WEST,SAPD-2026-1194002,29.441722,-98.640076,1788303849000,http://www.sanantonio.gov/sapd/Calls.aspx,Blue,a tbd link,26,9
09/01/26, 6:03:38,S Presa St / Devine St,78210,Traffic Calls,Minor Accident,1110,DOWNTOWN,SAPD-2026-1193998,29.412189,-98.4876,1788303818000,http://www.sanantonio.gov/sapd/Calls.aspx,Yellow,a tbd link,26,9
09/01/26, 6:04:34,5900 Old Pearsall Rd,78242,Other Calls,Disturbance,6340,SOUTH,SAPD-2026-1194001,29.345841,-98.614153,1788303874000,http://www.sanantonio.gov/sapd/Calls.aspx,Blue,a tbd link,26,9
09/01/26, 6:06:12,6000 Old Pearsall Rd,78242,Other Calls,Disturbance,6350,SOUTH,SAPD-2026-1194009,29.346042,-98.615348,1788303972000,http://www.sanantonio.gov/sapd/Calls.aspx,Blue,a tbd link,26,9
09/01/26, 6:07:13,100 De Chantle,78201,Property Crime Calls,Recovered Stolen Property,5230,WEST,SAPD-2026-1194013,29.479418,-98.542841,1788304033000,http://www.sanantonio.gov/sapd/Calls.aspx,Green,a tbd link,26,9
09/01/26, 6:08:07,11253-11299 Culebra Rd,78254,Other Calls,Disturbance,5350,WEST,SAPD-2026-1194015,29.497548,-98.713396,1788304087000,http://www.sanantonio.gov/sapd/Calls.aspx,Blue,a tbd link,26,9
09/01/26, 6:06:06,1200 Austin Hwy,78209,Crimes Against Person Calls,Lewd Conduct,3340,NORTH,SAPD-2026-1194005,29.489451,-98.445628,1788303966000,http://www.sanantonio.gov/sapd/Calls.aspx,Red,a tbd link,26,9
09/01/26, 2:48:12,200 Remount Dr,78218,Other Calls,Disturbance Family,4340,EAST,SAPD-2026-1193020,29.493068,-98.393777,1788292092000,http://www.sanantonio.gov/sapd/Calls.aspx,Blue,a tbd link,26,9
09/01/26, 6:07:55,2300 Ne Loop 410,78217,Other Calls,Disturbance,3370,NORTH,SAPD-2026-1194012,29.516708,-98.422608,1788304075000,http://www.sanantonio.gov/sapd/Calls.aspx,Blue,a tbd link,26,9
09/01/26, 6:08:05,11218-11748 Us Hwy 281 N Nb,78216,Traffic Calls,Traffic Related,3350,NORTH,SAPD-2026-1194014,29.546359,-98.489448,1788304085000,http://www.sanantonio.gov/sapd/Calls.aspx,Yellow,a tbd link,26,9
09/01/26, 6:06:43,PLEASANTON RD / E GERALD AVE,78221,Traffic Calls,Traffic Related,6230,SOUTH,SAPD-2026-1194008,29.365713,-98.504001,1788304003000,http://www.sanantonio.gov/sapd/Calls.aspx,Yellow,a tbd link,26,9
09/01/26, 6:09:22,5200 Rigsby Ave,78222,Crimes Against Person Calls,Suspicious Vehicle,4250,EAST,SAPD-2026-1194017,29.397567,-98.388083,1788304162000,http://www.sanantonio.gov/sapd/Calls.aspx,Red,a tbd link,26,9
09/01/26, 6:10:01,Sw Loop 410 / Valley Hi Dr,78227,Traffic Calls,Traffic Related,6360,SOUTH,SAPD-2026-1194020,29.380684,-98.64103,1788304201000,http://www.sanantonio.gov/sapd/Calls.aspx,Yellow,a tbd link,26,9
09/01/26, 6:10:52,4100 Vance Jackson Rd,78230,Other Calls,Disturbance,7210,PRUE,SAPD-2026-1194021,29.512125,-98.53512,1788304252000,http://www.sanantonio.gov/sapd/Calls.aspx,Blue,a tbd link,26,9
09/01/26, 6:14:48,11600 Rousseau,78251,Other Calls,Miscellaneous,5360,WEST,SAPD-2026-1194036,29.444963,-98.707518,1788304488000,http://www.sanantonio.gov/sapd/Calls.aspx,Blue,a tbd link,26,9
09/01/26, 6:12:38,8400 Adams Hill Dr,78227,Property Crime Calls,Theft,5340,WEST,SAPD-2026-1194028,29.410352,-98.652857,1788304358000,http://www.sanantonio.gov/sapd/Calls.aspx,Green,a tbd link,26,9
09/01/26, 6:11:36,5600 Culebra Rd,78228,Property Crime Calls,Burglary,5250,WEST,SAPD-2026-1194025,29.448802,-98.596644,1788304296000,http://www.sanantonio.gov/sapd/Calls.aspx,Green,a tbd link,26,9
09/01/26, 6:11:56,2500 Se Military Dr,78223,Other Calls,Disturbance,6240,SOUTH,SAPD-2026-1194026,29.351834,-98.452575,1788304316000,http://www.sanantonio.gov/sapd/Calls.aspx,Blue,a tbd link,26,9
09/01/26, 6:10:07,200 N Comal St,,Other Calls,Miscellaneous,2310,CENTRAL,SAPD-2026-1194019,29.428096,-98.506795,1788304207000,http://www.sanantonio.gov/sapd/Calls.aspx,Blue,a tbd link,26,9
09/01/26, 6:11:34,5800-5999 Cinnabar Cv,78222,Other Calls,Disturbance Fireworks,4250,EAST,SAPD-2026-1194024,29.368734,-98.371534,1788304294000,http://www.sanantonio.gov/sapd/Calls.aspx,Blue,a tbd link,26,9
09/01/26, 6:12:47,Wurzbach Pkwy / Nw Military Hwy,78231,Traffic Calls,Minor Accident,7220,PRUE,SAPD-2026-1194031,29.557266,-98.534949,1788304367000,http://www.sanantonio.gov/sapd/Calls.aspx,Yellow,a tbd link,26,9
09/01/26, 6:12:43,6300 Golden Valley Dr,78242,Other Calls,Information,6360,SOUTH,SAPD-2026-1194030,29.359989,-98.628059,1788304363000,http://www.sanantonio.gov/sapd/Calls.aspx,Blue,a tbd link,26,9
09/01/26, 6:13:41,11400 RAINDROP DR,78216,Other Calls,Miscellaneous,3120,NORTH,SAPD-2026-1194034,29.543332,-98.502799,1788304421000,http://www.sanantonio.gov/sapd/Calls.aspx,Blue,a tbd link,26,9
09/01/26, 6:15:48,4700 W Commerce St,78237,Other Calls,Disturbance,5110,WEST,SAPD-2026-1194037,29.431225,-98.556106,1788304548000,http://www.sanantonio.gov/sapd/Calls.aspx,Blue,a tbd link,26,9
09/01/26, 6:16:45,Stone Oak Pkwy / Hardy Oak Blvd,78258,Traffic Calls,Traffic Related,3170,NORTH,SAPD-2026-1194038,29.642004,-98.489468,1788304605000,http://www.sanantonio.gov/sapd/Calls.aspx,Yellow,a tbd link,26,9
09/01/26, 6:17:59,1000 W Lynwood,78201,Crimes Against Person Calls,Disturbance (Knife Involved),2210,CENTRAL,SAPD-2026-1194043,29.463474,-98.510369,1788304679000,http://www.sanantonio.gov/sapd/Calls.aspx,Red,a tbd link,26,9
09/01/26, 6:18:42,8801-9129 Us Hwy 90 W Wb,78245,Traffic Calls,Traffic Related,5340,WEST,SAPD-2026-1194047,29.392989,-98.661909,1788304722000,http://www.sanantonio.gov/sapd/Calls.aspx,Yellow,a tbd link,26,9
09/01/26, 6:17:40,11600 Tech Com,78233,Traffic Calls,Traffic Related,3230,NORTH,SAPD-2026-1194044,29.543818,-98.375431,1788304660000,http://www.sanantonio.gov/sapd/Calls.aspx,Yellow,a tbd link,26,9
09/01/26, 6:17:25,9800 Potranco Rd,78245,Other Calls,Disturbance,5330,WEST,SAPD-2026-1194040,29.43613,-98.683784,1788304645000,http://www.sanantonio.gov/sapd/Calls.aspx,Blue,a tbd link,26,9
09/01/26, 6:18:08,Silicon Dr / De Zavala Rd,78249,Traffic Calls,Traffic Related,7340,PRUE,SAPD-2026-1194045,29.563099,-98.593533,1788304688000,http://www.sanantonio.gov/sapd/Calls.aspx,Yellow,a tbd link,26,9
09/01/26, 6:18:45,4600 Warpath Dr,78238,Other Calls,Missing Person/Runaway,5270,WEST,SAPD-2026-1194053,29.476771,-98.605913,1788304725000,http://www.sanantonio.gov/sapd/Calls.aspx,Blue,a tbd link,26,9
09/01/26, 6:17:55,Harry Wurzbach / Rittiman Rd,78209,Traffic Calls,Traffic Related,3340,NORTH,SAPD-2026-1194042,29.484754,-98.430375,1788304675000,http://www.sanantonio.gov/sapd/Calls.aspx,Yellow,a tbd link,26,9
09/01/26, 6:19:17,15500 Wood Sorrel,78247,Traffic Calls,Minor Accident,3240,NORTH,SAPD-2026-1194050,29.585913,-98.403837,1788304757000,http://www.sanantonio.gov/sapd/Calls.aspx,Yellow,a tbd link,26,9
09/01/26, 6:20:39,1300 Sw Loop 410,78227,Traffic Calls,Minor Accident,5330,WEST,SAPD-2026-1194057,29.422719,-98.649937,1788304839000,http://www.sanantonio.gov/sapd/Calls.aspx,Yellow,a tbd link,26,9
09/01/26, 6:20:12,6700 Spring Hurst Dr,78249,Other Calls,Patrol By,7340,PRUE,SAPD-2026-1194055,29.549307,-98.621588,1788304812000,http://www.sanantonio.gov/sapd/Calls.aspx,Blue,a tbd link,26,9
09/01/26, 6:23:02,Us Hwy 90 W / Sw 36th St,78237,Traffic Calls,Traffic Related,5120,WEST,SAPD-2026-1194072,29.406934,-98.574872,1788304982000,http://www.sanantonio.gov/sapd/Calls.aspx,Yellow,a tbd link,26,9
09/01/26, 6:21:54,700 Cottonwood Ave,78225,Property Crime Calls,Theft,6110,SOUTH,SAPD-2026-1194065,29.386302,-98.518322,1788304914000,http://www.sanantonio.gov/sapd/Calls.aspx,Green,a tbd link,26,9
09/01/26, 6:22:25,7781-7833 Ih 35 S,78224,Other Calls,Injured/Sick Person,6330,SOUTH,SAPD-2026-1194069,29.350704,-98.534673,1788304945000,http://www.sanantonio.gov/sapd/Calls.aspx,Blue,a tbd link,26,9
09/01/26, 6:21:40,2800 Winter Gorge,78259,Other Calls,Information,3150,NORTH,SAPD-2026-1194064,29.65774,-98.443422,1788304900000,http://www.sanantonio.gov/sapd/Calls.aspx,Blue,a tbd link,26,9
09/01/26, 6:20:40,2100 W Martin St,78207,Other Calls,Disturbance,2310,CENTRAL,SAPD-2026-1194060,29.431027,-98.515169,1788304840000,http://www.sanantonio.gov/sapd/Calls.aspx,Blue,a tbd link,26,9
09/01/26, 6:20:49,5000 Prue Rd,78240,Other Calls,Miscellaneous,7310,PRUE,SAPD-2026-1194059,29.543157,-98.583584,1788304849000,http://www.sanantonio.gov/sapd/Calls.aspx,Blue,a tbd link,26,9
09/01/26, 6:20:59,12200 Madrigal,78233,Property Crime Calls,Burglary Vehicle In Progress,3210,NORTH,SAPD-2026-1194062,29.551289,-98.389505,1788304859000,http://www.sanantonio.gov/sapd/Calls.aspx,Green,a tbd link,26,9
09/01/26, 6:21:52,E Southcross Blvd / Lyric Ave,78223,Other Calls,Disturbance,4220,EAST,SAPD-2026-1194066,29.375386,-98.451931,1788304912000,http://www.sanantonio.gov/sapd/Calls.aspx,Blue,a tbd link,26,9
09/01/26, 6:22:57,Lyric Ave / E Southcross Blvd,78223,Traffic Calls,Minor Accident,4220,EAST,SAPD-2026-1194070,29.375386,-98.451931,1788304977000,http://www.sanantonio.gov/sapd/Calls.aspx,Yellow,a tbd link,26,9
09/01/26, 6:21:25,1301-1339 Sw Loop 410,78227,Traffic Calls,Minor Accident,5330,WEST,SAPD-2026-1194063,29.423274,-98.649924,1788304885000,http://www.sanantonio.gov/sapd/Calls.aspx,Yellow,a tbd link,26,9
09/01/26, 6:23:53,1800 W Ashby Place,78201,Other Calls,Miscellaneous,5210,WEST,SAPD-2026-1194074,29.450413,-98.522935,1788305033000,http://www.sanantonio.gov/sapd/Calls.aspx,Blue,a tbd link,26,9
09/01/26, 6:24:41,S Ww White Rd / E Houston St,78220,Other Calls,Assist the Public,4230,EAST,SAPD-2026-1194080,29.424019,-98.405545,1788305081000,http://www.sanantonio.gov/sapd/Calls.aspx,Blue,a tbd link,26,9
09/01/26, 6:25:09,8700 Marbach Rd,78227,Other Calls,Welfare Check,5330,WEST,SAPD-2026-1194084,29.418622,-98.658906,1788305109000,http://www.sanantonio.gov/sapd/Calls.aspx,Blue,a tbd link,26,9
09/01/26, 6:24:39,900 Saddlebrook Dr,78245,Other Calls,Missing Person - Endangered,5330,WEST,SAPD-2026-1194079,29.423569,-98.674636,1788305079000,http://www.sanantonio.gov/sapd/Calls.aspx,Blue,a tbd link,26,9
09/01/26, 6:26:14,7000 Culebra Rd,78238,Other Calls,Assist the Public,5160,WEST,SAPD-2026-1194089,29.45009,-98.626662,1788305174000,http://www.sanantonio.gov/sapd/Calls.aspx,Blue,a tbd link,26,9
09/01/26, 6:23:58,5900 Valley Wood,78250,Property Crime Calls,Burglary,7370,PRUE,SAPD-2026-1194075,29.497394,-98.679033,1788305038000,http://www.sanantonio.gov/sapd/Calls.aspx,Green,a tbd link,26,9
09/01/26, 6:26:26,500 S San Gabriel Ave,78237,Other Calls,Miscellaneous,5110,WEST,SAPD-2026-1194092,29.425001,-98.561066,1788305186000,http://www.sanantonio.gov/sapd/Calls.aspx,Blue,a tbd link,26,9
09/01/26, 6:32:25,11700 Quincy Lee Dr,78249,Other Calls,Suspicious Person,7350,PRUE,SAPD-2026-1194115,29.551879,-98.662678,1788305545000,http://www.sanantonio.gov/sapd/Calls.aspx,Blue,a tbd link,26,9
09/01/26, 6:30:20,200 Royston Ave,78225,Traffic Calls,Abandoned Vehicle,6110,SOUTH,SAPD-2026-1194112,29.38654,-98.525589,1788305420000,http://www.sanantonio.gov/sapd/Calls.aspx,Yellow,a tbd link,26,9
09/01/26, 6:23:53,500 SIMS AVE,78225,Other Calls,Information,6110,SOUTH,SAPD-2026-1194073,29.383678,-98.518287,1788305033000,http://www.sanantonio.gov/sapd/Calls.aspx,Blue,a tbd link,26,9
09/01/26, 6:25:03,4100 Medical Dr,78229,Crimes Against Person Calls,Assault In Progress,7120,PRUE,SAPD-2026-1194081,29.514508,-98.563806,1788305103000,http://www.sanantonio.gov/sapd/Calls.aspx,Red,a tbd link,26,9
09/01/26, 6:25:45,2500 Broadway,78215,Other Calls,Miscellaneous,1230,DOWNTOWN,SAPD-2026-1194088,29.450211,-98.474473,1788305145000,http://www.sanantonio.gov/sapd/Calls.aspx,Blue,a tbd link,26,9
09/01/26, 6:27:51,12000 Pewee,78221,Traffic Calls,Traffic Related,6260,SOUTH,SAPD-2026-1194095,29.2941,-98.485654,1788305271000,http://www.sanantonio.gov/sapd/Calls.aspx,Yellow,a tbd link,26,9
09/01/26, 6:27:59,200 Remolino,78237,Other Calls,Information,5120,WEST,SAPD-2026-1194098,29.410719,-98.551188,1788305279000,http://www.sanantonio.gov/sapd/Calls.aspx,Blue,a tbd link,26,9
09/01/26, 6:25:31,1200 Austin Hwy,78209,Crimes Against Person Calls,Robbery In Progress,3340,NORTH,SAPD-2026-1194083,29.48895,-98.446852,1788305131000,http://www.sanantonio.gov/sapd/Calls.aspx,Red,a tbd link,26,9
09/01/26, 6:24:34,4500-4548 TEJASCO,78218,Traffic Calls,Traffic Related,4350,EAST,SAPD-2026-1194078,29.477575,-98.405573,1788305074000,http://www.sanantonio.gov/sapd/Calls.aspx,Yellow,a tbd link,26,9
09/01/26, 6:26:36,800 Karen Ln,78218,Other Calls,Suspicious Person,4350,EAST,SAPD-2026-1194087,29.489377,-98.422305,1788305196000,http://www.sanantonio.gov/sapd/Calls.aspx,Blue,a tbd link,26,9
09/01/26, 6:26:56,6200 S New Braunfels Ave,78223,Other Calls,Disturbance Child Protect Serv,6240,SOUTH,SAPD-2026-1194090,29.364706,-98.456231,1788305216000,http://www.sanantonio.gov/sapd/Calls.aspx,Blue,a tbd link,26,9
09/01/26, 6:25:55,Stone Oak Pkwy / Hardy Oak Blvd,78258,Traffic Calls,Traffic Related,3170,NORTH,SAPD-2026-1194085,29.642004,-98.489468,1788305155000,http://www.sanantonio.gov/sapd/Calls.aspx,Yellow,a tbd link,26,9
09/01/26, 6:29:48,300 Royal Oaks Dr,78209,Property Crime Calls,Theft,3330,NORTH,SAPD-2026-1194103,29.513852,-98.441589,1788305388000,http://www.sanantonio.gov/sapd/Calls.aspx,Green,a tbd link,26,9
09/01/26, 6:27:38,500 Saipan Place,78221,Other Calls,Disturbance Family,6250,SOUTH,SAPD-2026-1194093,29.341292,-98.493651,1788305258000,http://www.sanantonio.gov/sapd/Calls.aspx,Blue,a tbd link,26,9
09/01/26, 6:29:06,8200 Talley Rd,78253,Other Calls,Assist the Public,NOT SAPD BEX,SAPD OUTSIDE AREA,SAPD-2026-1194100,29.517338,-98.773256,1788305346000,http://www.sanantonio.gov/sapd/Calls.aspx,Blue,a tbd link,26,9
09/01/26, 6:33:19,900 Sw 35th St,78237,Other Calls,Information,5120,WEST,SAPD-2026-1194130,29.414072,-98.571478,1788305599000,http://www.sanantonio.gov/sapd/Calls.aspx,Blue,a tbd link,26,9
09/01/26, 6:28:30,500 W Broadview Dr,78228,Crimes Against Person Calls,Suspicious Vehicle,5250,WEST,SAPD-2026-1194099,29.458376,-98.581394,1788305310000,http://www.sanantonio.gov/sapd/Calls.aspx,Red,a tbd link,26,9
09/01/26, 6:28:44,10800 W Loop 1604 N,78254,Traffic Calls,Accident Private Property,7360,PRUE,SAPD-2026-1194102,29.545253,-98.678867,1788305324000,http://www.sanantonio.gov/sapd/Calls.aspx,Yellow,a tbd link,26,9
09/01/26, 6:27:57,3301-3599 E Evans Rd,78259,Traffic Calls,Major Accident,3150,NORTH,SAPD-2026-1194096,29.647239,-98.432918,1788305277000,http://www.sanantonio.gov/sapd/Calls.aspx,Yellow,a tbd link,26,9
09/01/26, 6:29:24,9900 Braun Rd,78254,Traffic Calls,Minor Accident,7360,PRUE,SAPD-2026-1194101,29.537673,-98.685787,1788305364000,http://www.sanantonio.gov/sapd/Calls.aspx,Yellow,a tbd link,26,9
09/01/26, 6:32:42,6200 Valley Pawn,78250,Other Calls,Disturbance Family,7370,PRUE,SAPD-2026-1194117,29.498093,-98.695962,1788305562000,http://www.sanantonio.gov/sapd/Calls.aspx,Blue,a tbd link,26,9
09/01/26, 6:31:43,Stone Oak Pkwy / Hardy Oak Blvd,78258,Traffic Calls,Traffic Related,3170,NORTH,SAPD-2026-1194114,29.642004,-98.489468,1788305503000,http://www.sanantonio.gov/sapd/Calls.aspx,Yellow,a tbd link,26,9
09/01/26, 6:30:20,7950-8198 Us Hwy 281 N Nb,78216,Traffic Calls,Traffic Related,3330,NORTH,SAPD-2026-1194104,29.509744,-98.476652,1788305420000,http://www.sanantonio.gov/sapd/Calls.aspx,Yellow,a tbd link,26,9
09/01/26, 6:30:57,3100 Elgin Ave,78210,Crimes Against Person Calls,Suspicious Person with Knife,4210,EAST,SAPD-2026-1194105,29.388342,-98.443281,1788305457000,http://www.sanantonio.gov/sapd/Calls.aspx,Red,a tbd link,26,9
09/01/26, 6:28:23,2100 Se Loop 410,78220,Other Calls,Miscellaneous,4240,EAST,SAPD-2026-1194097,29.400436,-98.386348,1788305303000,http://www.sanantonio.gov/sapd/Calls.aspx,Blue,a tbd link,26,9
09/01/26, 6:31:30,E Evans Rd / Roan Park,78259,Traffic Calls,Major Accident,3150,NORTH,SAPD-2026-1194108,29.645615,-98.434995,1788305490000,http://www.sanantonio.gov/sapd/Calls.aspx,Yellow,a tbd link,26,9
09/01/26, 6:32:50,4300 Charpak Dr,78109,Other Calls,Missing Person - Endangered,4310,EAST,SAPD-2026-1194120,29.467461,-98.276027,1788305570000,http://www.sanantonio.gov/sapd/Calls.aspx,Blue,a tbd link,26,9
09/01/26, 6:32:01,900 S San Joaquin Ave,78237,Other Calls,Disturbance,5110,WEST,SAPD-2026-1194111,29.418859,-98.564372,1788305521000,http://www.sanantonio.gov/sapd/Calls.aspx,Blue,a tbd link,26,9
09/01/26, 6:32:50,5100 Timber Trace,78250,Other Calls,Property Found,7330,PRUE,SAPD-2026-1194116,29.488547,-98.64924,1788305570000,http://www.sanantonio.gov/sapd/Calls.aspx,Blue,a tbd link,26,9
09/01/26, 6:32:21,18900 Redland Rd,78259,Other Calls,Welfare Check,3150,NORTH,SAPD-2026-1194113,29.615979,-98.457364,1788305541000,http://www.sanantonio.gov/sapd/Calls.aspx,Blue,a tbd link,26,9
09/01/26, 6:31:21,4900 Blue Ranch,78222,Crimes Against Person Calls,Threats,4250,EAST,SAPD-2026-1194107,29.376488,-98.374928,1788305481000,http://www.sanantonio.gov/sapd/Calls.aspx,Red,a tbd link,26,9
09/01/26, 6:33:52,600 Grosvenor Blvd,78221,Other Calls,Disturbance,6150,SOUTH,SAPD-2026-1194124,29.354597,-98.51276,1788305632000,http://www.sanantonio.gov/sapd/Calls.aspx,Blue,a tbd link,26,9
09/01/26, 6:33:08,100 Jeffrey,78201,Other Calls,Disturbance Neighbor,5210,WEST,SAPD-2026-1194119,29.446347,-98.518922,1788305588000,http://www.sanantonio.gov/sapd/Calls.aspx,Blue,a tbd link,26,9
09/01/26, 6:31:53,7000 Culebra Rd,78238,Other Calls,Miscellaneous,5160,WEST,SAPD-2026-1194109,29.45009,-98.626662,1788305513000,http://www.sanantonio.gov/sapd/Calls.aspx,Blue,a tbd link,26,9
09/01/26, 6:35:18,900 S San Joaquin Ave,78237,Other Calls,Disturbance,5110,WEST,SAPD-2026-1194125,29.418859,-98.564372,1788305718000,http://www.sanantonio.gov/sapd/Calls.aspx,Blue,a tbd link,26,9
09/01/26, 6:33:19,1000 Pleasanton Rd,78214,Property Crime Calls,Criminal Mischief In Progress,6210,SOUTH,SAPD-2026-1194118,29.373833,-98.504444,1788305599000,http://www.sanantonio.gov/sapd/Calls.aspx,Green,a tbd link,26,9
09/01/26, 6:34:48,401-477 Ne Loop 410 Wb,78216,Traffic Calls,Minor Accident,3350,NORTH,SAPD-2026-1194122,29.519074,-98.472561,1788305688000,http://www.sanantonio.gov/sapd/Calls.aspx,Yellow,a tbd link,26,9
09/01/26, 6:35:58,1100 Ne Loop 410 Wb,78209,Traffic Calls,Major Accident,3360,NORTH,SAPD-2026-1194127,29.516184,-98.452275,1788305758000,http://www.sanantonio.gov/sapd/Calls.aspx,Yellow,a tbd link,26,9
09/01/26, 6:34:51,7000 Culebra Rd,78238,Other Calls,Information,5160,WEST,SAPD-2026-1194123,29.45009,-98.626662,1788305691000,http://www.sanantonio.gov/sapd/Calls.aspx,Blue,a tbd link,26,9
09/01/26, 6:37:44,3900 Mccullough Ave,78212,Other Calls,Welfare Check,1240,DOWNTOWN,SAPD-2026-1194139,29.466495,-98.491789,1788305864000,http://www.sanantonio.gov/sapd/Calls.aspx,Blue,a tbd link,26,9
09/01/26, 6:37:12,9600 Marbach Rd,78245,Other Calls,Disturbance,5330,WEST,SAPD-2026-1194132,29.417846,-98.677744,1788305832000,http://www.sanantonio.gov/sapd/Calls.aspx,Blue,a tbd link,26,9
09/01/26, 6:35:56,23600 Blk Ih 37 S Nb,78112,Traffic Calls,Traffic Violation,NOT SAPD BEX,SAPD OUTSIDE AREA,SAPD-2026-1194126,29.170285,-98.427121,1788305756000,http://www.sanantonio.gov/sapd/Calls.aspx,Yellow,a tbd link,26,9
09/01/26, 6:39:06,100 Carlisle Ave,78225,Traffic Calls,Minor Accident,6110,SOUTH,SAPD-2026-1194141,29.380402,-98.528116,1788305946000,http://www.sanantonio.gov/sapd/Calls.aspx,Yellow,a tbd link,26,9
09/01/26, 6:38:20,9600 Marbach Rd,78245,Other Calls,Disturbance,5330,WEST,SAPD-2026-1194136,29.417846,-98.677744,1788305900000,http://www.sanantonio.gov/sapd/Calls.aspx,Blue,a tbd link,26,9
09/01/26, 6:37:39,20002-20298 Ih 37 S Nb,78112,Traffic Calls,Traffic Related,6280,SOUTH,SAPD-2026-1194135,29.221222,-98.410901,1788305859000,http://www.sanantonio.gov/sapd/Calls.aspx,Yellow,a tbd link,26,9
09/01/26, 6:39:40,17501-18499 Ih 37 S Sb,78112,Traffic Calls,Traffic Related,6280,SOUTH,SAPD-2026-1194143,29.247037,-98.396371,1788305980000,http://www.sanantonio.gov/sapd/Calls.aspx,Yellow,a tbd link,26,9
09/01/26, 6:38:00,8700 Perrin Beitel,78217,Crimes Against Person Calls,Assault In Progress,3370,NORTH,SAPD-2026-1194134,29.519385,-98.410669,1788305880000,http://www.sanantonio.gov/sapd/Calls.aspx,Red,a tbd link,26,9
09/01/26, 6:38:37,19000 Ih 37 S Nb,78112,Traffic Calls,Traffic Related,6280,SOUTH,SAPD-2026-1194137,29.235941,-98.402366,1788305917000,http://www.sanantonio.gov/sapd/Calls.aspx,Yellow,a tbd link,26,9
09/01/26, 6:40:34,6207-6399 Nw Loop 410 Wb,78238,Traffic Calls,Traffic Related,5310,WEST,SAPD-2026-1194147,29.46735,-98.617898,1788306034000,http://www.sanantonio.gov/sapd/Calls.aspx,Yellow,a tbd link,26,9
09/01/26, 6:38:55,401-477 Ne Loop 410 Wb,78216,Traffic Calls,Major Accident,3350,NORTH,SAPD-2026-1194140,29.51905,-98.47246,1788305935000,http://www.sanantonio.gov/sapd/Calls.aspx,Yellow,a tbd link,26,9
09/01/26, 6:43:24,Hardy Oak Blvd / Stone Oak Pkwy,78258,Traffic Calls,Traffic Related,3170,NORTH,SAPD-2026-1194154,29.642004,-98.489468,1788306204000,http://www.sanantonio.gov/sapd/Calls.aspx,Yellow,a tbd link,26,9
09/01/26, 6:40:02,1700 SE MILITARY DR,78214,Other Calls,Patrol By,6260,SOUTH,SAPD-2026-1194145,29.35156,-98.468787,1788306002000,http://www.sanantonio.gov/sapd/Calls.aspx,Blue,a tbd link,26,9
09/01/26, 6:42:28,7200 Snowden Rd,78240,Other Calls,Assist the Public,7140,PRUE,SAPD-2026-1194153,29.502777,-98.589214,1788306148000,http://www.sanantonio.gov/sapd/Calls.aspx,Blue,a tbd link,26,9
09/01/26, 6:40:18,701-799 NAVARRO ST,78205,Other Calls,Assist the Public,1130,DOWNTOWN,SAPD-2026-1194146,29.42788,-98.489749,1788306018000,http://www.sanantonio.gov/sapd/Calls.aspx,Blue,a tbd link,26,9
09/01/26, 6:45:02,7900 Flower Trl,78244,Other Calls,SAPD Non-Emergency Call,NOT SAPD BEX,SAPD OUTSIDE AREA,SAPD-2026-1194162,29.501977,-98.338201,1788306302000,http://www.sanantonio.gov/sapd/Calls.aspx,Blue,a tbd link,26,9
09/01/26, 6:43:27,Rife Ave / Illg,78211,Crimes Against Person Calls,Suspicious Vehicle,6120,SOUTH,SAPD-2026-1194155,29.380282,-98.53087,1788306207000,http://www.sanantonio.gov/sapd/Calls.aspx,Red,a tbd link,26,9
09/01/26, 6:43:46,500 Gembler Rd,78219,Other Calls,Disturbance,4160,EAST,SAPD-2026-1194157,29.437743,-98.423292,1788306226000,http://www.sanantonio.gov/sapd/Calls.aspx,Blue,a tbd link,26,9
09/01/26, 6:44:51,9600 Marbach Rd,78245,Other Calls,Disturbance,5330,WEST,SAPD-2026-1194158,29.417846,-98.677744,1788306291000,http://www.sanantonio.gov/sapd/Calls.aspx,Blue,a tbd link,26,9
09/01/26, 6:46:04,500 S Frio St,78207,Traffic Calls,Minor Accident,2370,CENTRAL,SAPD-2026-1194164,29.421551,-98.504866,1788306364000,http://www.sanantonio.gov/sapd/Calls.aspx,Yellow,a tbd link,26,9
09/01/26, 6:46:37,Ne Loop 410 Wb / Us Hwy 281 N Sb,78216,Traffic Calls,Minor Accident,3320,NORTH,SAPD-2026-1194165,29.520393,-98.480044,1788306397000,http://www.sanantonio.gov/sapd/Calls.aspx,Yellow,a tbd link,26,9
09/01/26, 6:48:15,1000 N Loop 1604 E,78232,Other Calls,Information,3160,NORTH,SAPD-2026-1194171,29.609835,-98.478043,1788306495000,http://www.sanantonio.gov/sapd/Calls.aspx,Blue,a tbd link,26,9
09/01/26, 6:45:03,200 Westway Dr,78225,Other Calls,Visitation Violation,6110,SOUTH,SAPD-2026-1194159,29.382691,-98.532351,1788306303000,http://www.sanantonio.gov/sapd/Calls.aspx,Blue,a tbd link,26,9
09/01/26, 6:47:40,3700 Binz-engleman Rd,78219,Other Calls,Suspicious Person,4310,EAST,SAPD-2026-1194167,29.453087,-98.423125,1788306460000,http://www.sanantonio.gov/sapd/Calls.aspx,Blue,a tbd link,26,9
09/01/26, 6:49:44,3800 Sage Ridge Dr,78247,Other Calls,Suspicious Person,3220,NORTH,SAPD-2026-1194178,29.563754,-98.428137,1788306584000,http://www.sanantonio.gov/sapd/Calls.aspx,Blue,a tbd link,26,9
09/01/26, 6:47:20,200 W Ridgewood Ct,78212,Other Calls,Assist the Public,1240,DOWNTOWN,SAPD-2026-1194166,29.467016,-98.495804,1788306440000,http://www.sanantonio.gov/sapd/Calls.aspx,Blue,a tbd link,26,9
09/01/26, 6:45:53,N0 Ih 37 S Ofrp Eb Ih 10 E,78210,Traffic Calls,Traffic Related,4150,EAST,SAPD-2026-1194163,29.39478,-98.476051,1788306353000,http://www.sanantonio.gov/sapd/Calls.aspx,Yellow,a tbd link,26,9
09/01/26, 6:48:00,4500 Fortuna St,78237,Traffic Calls,Minor Accident,5130,WEST,SAPD-2026-1194172,29.437037,-98.576747,1788306480000,http://www.sanantonio.gov/sapd/Calls.aspx,Yellow,a tbd link,26,9
09/01/26, 6:49:20,5500 Enrique M Barrera Pkwy,78227,Other Calls,Disturbance,5150,WEST,SAPD-2026-1194174,29.414583,-98.600132,1788306560000,http://www.sanantonio.gov/sapd/Calls.aspx,Blue,a tbd link,26,9
09/01/26, 6:50:36,6300 Nw Loop 410,78238,Property Crime Calls,Theft,5310,WEST,SAPD-2026-1194182,29.468887,-98.620644,1788306636000,http://www.sanantonio.gov/sapd/Calls.aspx,Green,a tbd link,26,9
09/01/26, 6:49:53,400 Barrera,78210,Other Calls,Welfare Check,1110,DOWNTOWN,SAPD-2026-1194179,29.41425,-98.484583,1788306593000,http://www.sanantonio.gov/sapd/Calls.aspx,Blue,a tbd link,26,9
09/01/26, 6:50:24,300 Edgebrook,78213,Other Calls,Welfare Check,2220,CENTRAL,SAPD-2026-1194181,29.493251,-98.514515,1788306624000,http://www.sanantonio.gov/sapd/Calls.aspx,Blue,a tbd link,26,9
09/01/26, 6:52:43,9200 S Presa St,78223,Traffic Calls,DWI,6270,SOUTH,SAPD-2026-1194187,29.329569,-98.4403,1788306763000,http://www.sanantonio.gov/sapd/Calls.aspx,Yellow,a tbd link,26,9
09/01/26, 6:49:07,4900-4998 CRESTWIND DR,78239,Traffic Calls,Traffic Related,NOT SAPD BEX,SAPD OUTSIDE AREA,SAPD-2026-1194173,29.514329,-98.395769,1788306547000,http://www.sanantonio.gov/sapd/Calls.aspx,Yellow,a tbd link,26,9
09/01/26, 6:50:11,5700 Babcock Rd,78240,Other Calls,Suspicious Person,7160,PRUE,SAPD-2026-1194180,29.522089,-98.59874,1788306611000,http://www.sanantonio.gov/sapd/Calls.aspx,Blue,a tbd link,26,9
09/01/26, 6:54:55,8500 Tom Slick,78229,Other Calls,Missing Person/Runaway,7150,PRUE,SAPD-2026-1194194,29.520076,-98.576195,1788306895000,http://www.sanantonio.gov/sapd/Calls.aspx,Blue,a tbd link,26,9
09/01/26, 6:52:40,7700 Pipers Crk,78251,Other Calls,Welfare Check,5320,WEST,SAPD-2026-1194188,29.465951,-98.642305,1788306760000,http://www.sanantonio.gov/sapd/Calls.aspx,Blue,a tbd link,26,9
09/01/26, 6:51:52,State Hwy 151 Sb / Military Dr W,78251,Traffic Calls,Traffic Related,5360,WEST,SAPD-2026-1194183,29.450134,-98.685023,1788306712000,http://www.sanantonio.gov/sapd/Calls.aspx,Yellow,a tbd link,26,9
09/01/26, 6:52:34,12100 Stoney Summit,78247,Other Calls,Information,3220,NORTH,SAPD-2026-1194189,29.562708,-98.437854,1788306754000,http://www.sanantonio.gov/sapd/Calls.aspx,Blue,a tbd link,26,9
09/01/26, 6:54:54,6500 INGRAM RD,78238,Traffic Calls,Minor Accident,5310,WEST,SAPD-2026-1194193,29.466847,-98.620928,1788306894000,http://www.sanantonio.gov/sapd/Calls.aspx,Yellow,a tbd link,26,9
09/01/26, 6:54:56,9200 Warriors Crk,78230,Other Calls,Disturbance Family,7210,PRUE,SAPD-2026-1194198,29.529167,-98.543853,1788306896000,http://www.sanantonio.gov/sapd/Calls.aspx,Blue,a tbd link,26,9
09/01/26, 6:55:31,14000 Flairwood Dr,78233,Other Calls,Information,3250,NORTH,SAPD-2026-1194200,29.569337,-98.373879,1788306931000,http://www.sanantonio.gov/sapd/Calls.aspx,Blue,a tbd link,26,9
09/01/26, 6:55:04,Bulverde Rd / E Evans Rd,78259,Traffic Calls,Traffic Related,3150,NORTH,SAPD-2026-1194201,29.647471,-98.425473,1788306904000,http://www.sanantonio.gov/sapd/Calls.aspx,Yellow,a tbd link,26,9
09/01/26, 6:54:42,1900 W Kings Hwy,78201,Property Crime Calls,Burglary Vehicle,5210,WEST,SAPD-2026-1194197,29.460658,-98.527793,1788306882000,http://www.sanantonio.gov/sapd/Calls.aspx,Green,a tbd link,26,9
09/01/26, 6:54:31,2100 Se Loop 410,78220,Other Calls,Miscellaneous,4240,EAST,SAPD-2026-1194192,29.400436,-98.386348,1788306871000,http://www.sanantonio.gov/sapd/Calls.aspx,Blue,a tbd link,26,9
09/01/26, 6:58:57,4800 Goldfield Dr,78218,Property Crime Calls,Burglary,4340,EAST,SAPD-2026-1194211,29.482237,-98.397172,1788307137000,http://www.sanantonio.gov/sapd/Calls.aspx,Green,a tbd link,26,9
09/01/26, 6:56:56,State Hwy 151 Sb / Military Dr W,78227,Traffic Calls,Traffic Related,5150,WEST,SAPD-2026-1194202,29.433707,-98.630365,1788307016000,http://www.sanantonio.gov/sapd/Calls.aspx,Yellow,a tbd link,26,9
09/01/26, 6:58:14,200 St Francis Ave,78204,Other Calls,Assist the Public,1140,DOWNTOWN,SAPD-2026-1194208,29.402694,-98.499397,1788307094000,http://www.sanantonio.gov/sapd/Calls.aspx,Blue,a tbd link,26,9
09/01/26, 7:00:11,9600 Marbach Rd,78245,Other Calls,Disturbance,5330,WEST,SAPD-2026-1194220,29.417846,-98.677744,1788307211000,http://www.sanantonio.gov/sapd/Calls.aspx,Blue,a tbd link,26,9
09/01/26, 6:57:17,3900 N ST MARY'S ST,78212,Other Calls,Patrol By,1230,DOWNTOWN,SAPD-2026-1194203,29.462365,-98.472521,1788307037000,http://www.sanantonio.gov/sapd/Calls.aspx,Blue,a tbd link,26,9
09/01/26, 7:01:06,9300 Somerset Rd,78211,Other Calls,Disturbance Family,6140,SOUTH,SAPD-2026-1194218,29.330843,-98.572683,1788307266000,http://www.sanantonio.gov/sapd/Calls.aspx,Blue,a tbd link,26,9
09/01/26, 7:00:12,10600 Red Shiner Run,78224,Other Calls,Information,6160,SOUTH,SAPD-2026-1194214,29.311822,-98.537861,1788307212000,http://www.sanantonio.gov/sapd/Calls.aspx,Blue,a tbd link,26,9
09/01/26, 7:03:34,Fresno St / Michigan Ave,78201,Other Calls,Missing Person/Runaway,2210,CENTRAL,SAPD-2026-1194233,29.474163,-98.5113,1788307414000,http://www.sanantonio.gov/sapd/Calls.aspx,Blue,a tbd link,26,9
09/01/26, 7:01:09,600 Stonewall Ave,78214,Other Calls,Disturbance Family,6210,SOUTH,SAPD-2026-1194219,29.373501,-98.512101,1788307269000,http://www.sanantonio.gov/sapd/Calls.aspx,Blue,a tbd link,26,9
09/01/26, 7:02:26,2800 Woodbury St,78217,Crimes Against Person Calls,Disturbance (Gun Involved),3360,NORTH,SAPD-2026-1194225,29.52335,-98.446912,1788307346000,http://www.sanantonio.gov/sapd/Calls.aspx,Red,a tbd link,26,9
09/01/26, 7:03:57,3900 Flagle,78237,Other Calls,Miscellaneous,5130,WEST,SAPD-2026-1194229,29.438153,-98.565848,1788307437000,http://www.sanantonio.gov/sapd/Calls.aspx,Blue,a tbd link,26,9
09/01/26, 7:02:50,9600 Marbach Rd,78245,Other Calls,Disturbance,5330,WEST,SAPD-2026-1194227,29.417846,-98.677744,1788307370000,http://www.sanantonio.gov/sapd/Calls.aspx,Blue,a tbd link,26,9
09/01/26, 7:03:34,Barbuda / Bahama Dr,78227,Crimes Against Person Calls,Suspicious Vehicle,5340,WEST,SAPD-2026-1194231,29.408375,-98.654065,1788307414000,http://www.sanantonio.gov/sapd/Calls.aspx,Red,a tbd link,26,9
09/01/26, 7:05:56,11700 Spring Club,78249,Traffic Calls,Accident Private Property,7340,PRUE,SAPD-2026-1194239,29.55507,-98.624434,1788307556000,http://www.sanantonio.gov/sapd/Calls.aspx,Yellow,a tbd link,26,9
09/01/26, 7:04:07,700 Nw Loop 410,78216,Other Calls,Disturbance,3350,NORTH,SAPD-2026-1194232,29.521351,-98.505436,1788307447000,http://www.sanantonio.gov/sapd/Calls.aspx,Blue,a tbd link,26,9
09/01/26, 7:04:33,10600 State Hwy 151,78251,Traffic Calls,Minor Accident,5360,WEST,SAPD-2026-1194235,29.455943,-98.689569,1788307473000,http://www.sanantonio.gov/sapd/Calls.aspx,Yellow,a tbd link,26,9
09/01/26, 7:02:33,3900 N ST MARY'S ST,78212,Other Calls,Patrol By,1230,DOWNTOWN,SAPD-2026-1194226,29.462156,-98.473131,1788307353000,http://www.sanantonio.gov/sapd/Calls.aspx,Blue,a tbd link,26,9
09/01/26, 7:04:34,Ne Loop 410 Eb / Harry Wurzbach,78209,Traffic Calls,Traffic Related,3330,NORTH,SAPD-2026-1194236,29.515532,-98.438418,1788307474000,http://www.sanantonio.gov/sapd/Calls.aspx,Yellow,a tbd link,26,9
09/01/26, 7:05:23,4100 S NEW BRAUNFELS AVE,78223,Other Calls,Injured/Sick Person,4220,EAST,SAPD-2026-1194238,29.37902,-98.461204,1788307523000,http://www.sanantonio.gov/sapd/Calls.aspx,Blue,a tbd link,26,9
09/01/26, 7:06:17,8100 Ih 35 S,78224,Property Crime Calls,Theft,6330,SOUTH,SAPD-2026-1194241,29.346881,-98.545294,1788307577000,http://www.sanantonio.gov/sapd/Calls.aspx,Green,a tbd link,26,9
09/01/26, 7:12:32,Sunset Haven Dr / Dawn Haven,78249,Other Calls,Suspicious Person,7340,PRUE,SAPD-2026-1194265,29.556776,-98.611011,1788307952000,http://www.sanantonio.gov/sapd/Calls.aspx,Blue,a tbd link,26,9
09/01/26, 7:06:48,100 Grapeland Ave,78214,Other Calls,Disturbance Family,6230,SOUTH,SAPD-2026-1194244,29.367734,-98.497731,1788307608000,http://www.sanantonio.gov/sapd/Calls.aspx,Blue,a tbd link,26,9
09/01/26, 7:08:41,11700 Parliament,78213,Other Calls,Disturbance Family,3110,NORTH,SAPD-2026-1194251,29.547149,-98.512817,1788307721000,http://www.sanantonio.gov/sapd/Calls.aspx,Blue,a tbd link,26,9
09/01/26, 7:10:13,4300 San Luis St,78237,Property Crime Calls,Theft of Vehicle,5110,WEST,SAPD-2026-1194256,29.425978,-98.553182,1788307813000,http://www.sanantonio.gov/sapd/Calls.aspx,Green,a tbd link,26,9
09/01/26, 7:07:21,1300 S General Mcmullen,78237,Traffic Calls,Minor Accident,5120,WEST,SAPD-2026-1194246,29.408965,-98.55677,1788307641000,http://www.sanantonio.gov/sapd/Calls.aspx,Yellow,a tbd link,26,9
09/01/26, 7:10:35,4500 Rittiman Rd,78218,Other Calls,Suspicious Person,4350,EAST,SAPD-2026-1194258,29.484274,-98.404706,1788307835000,http://www.sanantonio.gov/sapd/Calls.aspx,Blue,a tbd link,26,9
09/01/26, 7:07:18,1000 Nevada,78203,Crimes Against Person Calls,Assault In Progress,4120,EAST,SAPD-2026-1194245,29.414614,-98.466386,1788307638000,http://www.sanantonio.gov/sapd/Calls.aspx,Red,a tbd link,26,9
09/01/26, 7:08:37,1400 Culebra Rd,78201,Other Calls,Disturbance,5210,WEST,SAPD-2026-1194250,29.446179,-98.532094,1788307717000,http://www.sanantonio.gov/sapd/Calls.aspx,Blue,a tbd link,26,9
09/01/26, 7:11:45,W Broadview Dr / Overhill,78228,Crimes Against Person Calls,Suspicious Vehicle,5250,WEST,SAPD-2026-1194261,29.457688,-98.581404,1788307905000,http://www.sanantonio.gov/sapd/Calls.aspx,Red,a tbd link,26,9
09/01/26, 7:07:54,11000-11020 IH 35 N,78233,Traffic Calls,Traffic Related,3230,NORTH,SAPD-2026-1194247,29.538482,-98.380982,1788307674000,http://www.sanantonio.gov/sapd/Calls.aspx,Yellow,a tbd link,26,9
09/01/26, 7:09:21,5300 W Loop 1604 N,78253,Property Crime Calls,Shoplifting,5350,WEST,SAPD-2026-1194255,29.493,-98.7097,1788307761000,http://www.sanantonio.gov/sapd/Calls.aspx,Green,a tbd link,26,9
09/01/26, 7:12:18,3800 Pavo Viejo,78223,Traffic Calls,Traffic Violation,4260,EAST,SAPD-2026-1194263,29.350439,-98.420383,1788307938000,http://www.sanantonio.gov/sapd/Calls.aspx,Yellow,a tbd link,26,9
09/01/26, 7:11:05,4200 Valleyfield Dr,78222,Other Calls,Disturbance,4250,EAST,SAPD-2026-1194259,29.376015,-98.416175,1788307865000,http://www.sanantonio.gov/sapd/Calls.aspx,Blue,a tbd link,26,9
09/01/26, 7:12:00,7700 Louis Pasteur,78229,Property Crime Calls,Burglary,7130,PRUE,SAPD-2026-1194262,29.50957,-98.569206,1788307920000,http://www.sanantonio.gov/sapd/Calls.aspx,Green,a tbd link,26,9
09/01/26, 7:09:21,4300 W Commerce St,78237,Crimes Against Person Calls,Cutting In Progress,5110,WEST,SAPD-2026-1194254,29.429806,-98.547532,1788307761000,http://www.sanantonio.gov/sapd/Calls.aspx,Red,a tbd link,26,9
09/01/26, 7:14:24,100 Poppy,78203,Other Calls,Welfare Check,4140,EAST,SAPD-2026-1194272,29.412989,-98.451272,1788308064000,http://www.sanantonio.gov/sapd/Calls.aspx,Blue,a tbd link,26,9
09/01/26, 7:13:37,100 Proctor Blvd,78221,Other Calls,Miscellaneous,6150,SOUTH,SAPD-2026-1194268,29.341483,-98.507391,1788308017000,http://www.sanantonio.gov/sapd/Calls.aspx,Blue,a tbd link,26,9
09/01/26, 7:13:45,1300 Mccullough Ave,78212,Other Calls,DOA,1210,DOWNTOWN,SAPD-2026-1194269,29.441558,-98.491185,1788308025000,http://www.sanantonio.gov/sapd/Calls.aspx,Blue,a tbd link,26,9
09/01/26, 7:17:47,2700 Holly Hill Dr,78222,Property Crime Calls,Theft of Vehicle,4250,EAST,SAPD-2026-1194287,29.393661,-98.390823,1788308267000,http://www.sanantonio.gov/sapd/Calls.aspx,Green,a tbd link,26,9
09/01/26, 7:14:01,400 Aransas Ave,78210,Other Calls,Information,4120,EAST,SAPD-2026-1194270,29.406402,-98.469419,1788308041000,http://www.sanantonio.gov/sapd/Calls.aspx,Blue,a tbd link,26,9
09/01/26, 7:14:40,1300 Rayburn Dr,78224,Property Crime Calls,Burglary in Progress,6130,SOUTH,SAPD-2026-1194276,29.357768,-98.528276,1788308080000,http://www.sanantonio.gov/sapd/Calls.aspx,Green,a tbd link,26,9
09/01/26, 7:15:35,1000 S Flores St,78204,Property Crime Calls,Theft,1140,DOWNTOWN,SAPD-2026-1194281,29.413569,-98.49964,1788308135000,http://www.sanantonio.gov/sapd/Calls.aspx,Green,a tbd link,26,9
09/01/26, 7:14:42,Nw Loop 410 Eb / Callaghan Rd,78229,Other Calls,Fire,5260,WEST,SAPD-2026-1194277,29.489455,-98.574279,1788308082000,http://www.sanantonio.gov/sapd/Calls.aspx,Blue,a tbd link,26,9
09/01/26, 7:15:23,24700 Glass Canyon,78260,Other Calls,SAPD Non-Emergency Call,NOT SAPD BEX,SAPD OUTSIDE AREA,SAPD-2026-1194280,29.671219,-98.489975,1788308123000,http://www.sanantonio.gov/sapd/Calls.aspx,Blue,a tbd link,26,9
09/01/26, 7:16:13,300 Harding Place,78203,Other Calls,Disturbance,4140,EAST,SAPD-2026-1194282,29.412827,-98.45869,1788308173000,http://www.sanantonio.gov/sapd/Calls.aspx,Blue,a tbd link,26,9
09/01/26, 7:14:33,4100-4298 Nw Loop 410 Eb,78229,Other Calls,Fire,5260,WEST,SAPD-2026-1194275,29.489274,-98.564505,1788308073000,http://www.sanantonio.gov/sapd/Calls.aspx,Blue,a tbd link,26,9
09/01/26, 7:16:18,Chase Hill Blvd / Babcock Rd,78255,Crimes Against Person Calls,Suspicious Vehicle,7250,PRUE,SAPD-2026-1194283,29.597406,-98.630107,1788308178000,http://www.sanantonio.gov/sapd/Calls.aspx,Red,a tbd link,26,9
09/01/26, 7:15:26,22200 Goldcrest Run,78260,Crimes Against Person Calls,Assault In Progress,3170,NORTH,SAPD-2026-1194279,29.649499,-98.517438,1788308126000,http://www.sanantonio.gov/sapd/Calls.aspx,Red,a tbd link,26,9
09/01/26, 7:19:48,100 Ralph Ave,78204,Property Crime Calls,Theft,1140,DOWNTOWN,SAPD-2026-1194301,29.404875,-98.509092,1788308388000,http://www.sanantonio.gov/sapd/Calls.aspx,Green,a tbd link,26,9
09/01/26, 7:18:28,800 Big Sky,78245,Other Calls,Miscellaneous,5330,WEST,SAPD-2026-1194289,29.431135,-98.683745,1788308308000,http://www.sanantonio.gov/sapd/Calls.aspx,Blue,a tbd link,26,9
09/01/26, 7:21:15,8800 Braun Mesa,78254,Other Calls,Miscellaneous,7320,PRUE,SAPD-2026-1194299,29.541518,-98.656354,1788308475000,http://www.sanantonio.gov/sapd/Calls.aspx,Blue,a tbd link,26,9
09/01/26, 7:18:35,500 Jennings Ave,78225,Other Calls,Disturbance,6110,SOUTH,SAPD-2026-1194290,29.391962,-98.53053,1788308315000,http://www.sanantonio.gov/sapd/Calls.aspx,Blue,a tbd link,26,9
09/01/26, 7:24:30,200 E Lubbock St,78204,Property Crime Calls,Theft of Vehicle,1140,DOWNTOWN,SAPD-2026-1194309,29.397302,-98.503268,1788308670000,http://www.sanantonio.gov/sapd/Calls.aspx,Green,a tbd link,26,9
09/01/26, 7:20:14,1100 Ranch Falls,78245,Other Calls,SAPD Non-Emergency Call,NOT SAPD BEX,SAPD OUTSIDE AREA,SAPD-2026-1194297,29.422499,-98.747735,1788308414000,http://www.sanantonio.gov/sapd/Calls.aspx,Blue,a tbd link,26,9
09/01/26, 7:17:29,Sw Military Dr / S Zarzamora St,78224,Traffic Calls,Major Accident,6130,SOUTH,SAPD-2026-1194286,29.356638,-98.534134,1788308249000,http://www.sanantonio.gov/sapd/Calls.aspx,Yellow,a tbd link,26,9
09/01/26, 7:22:09,4100 S New Braunfels Ave,78223,Other Calls,Disturbance,4220,EAST,SAPD-2026-1194302,29.3796,-98.4583,1788308529000,http://www.sanantonio.gov/sapd/Calls.aspx,Blue,a tbd link,26,9
09/01/26, 7:18:50,12300 Bret Spgs,78233,Other Calls,Assist the Public,3250,NORTH,SAPD-2026-1194295,29.551821,-98.361925,1788308330000,http://www.sanantonio.gov/sapd/Calls.aspx,Blue,a tbd link,26,9
09/01/26, 7:19:12,3500 Weir Ave,78226,Other Calls,Disturbance,6310,SOUTH,SAPD-2026-1194294,29.399297,-98.561657,1788308352000,http://www.sanantonio.gov/sapd/Calls.aspx,Blue,a tbd link,26,9
09/01/26, 7:19:10,100 Grassmarket,78259,Property Crime Calls,Theft,3150,NORTH,SAPD-2026-1194293,29.622241,-98.416962,1788308350000,http://www.sanantonio.gov/sapd/Calls.aspx,Green,a tbd link,26,9
09/01/26, 7:20:01,4100 Arbor Hts,78251,Traffic Calls,Traffic Related,5320,WEST,SAPD-2026-1194296,29.473628,-98.657486,1788308401000,http://www.sanantonio.gov/sapd/Calls.aspx,Yellow,a tbd link,26,9
09/01/26, 7:18:56,Ih 10 E Eb / Probandt St,78204,Other Calls,Miscellaneous,1140,DOWNTOWN,SAPD-2026-1194292,29.396081,-98.497652,1788308336000,http://www.sanantonio.gov/sapd/Calls.aspx,Blue,a tbd link,26,9
09/01/26, 7:22:00,500 Wilson Blvd,78228,Other Calls,Suspicious Person,5210,WEST,SAPD-2026-1194303,29.451059,-98.53968,1788308520000,http://www.sanantonio.gov/sapd/Calls.aspx,Blue,a tbd link,26,9
09/01/26, 7:23:21,12600 Blanco Rd,78231,Other Calls,Disturbance,3110,NORTH,SAPD-2026-1194305,29.555861,-98.518537,1788308601000,http://www.sanantonio.gov/sapd/Calls.aspx,Blue,a tbd link,26,9
09/01/26, 7:24:26,12900 Fischer Rd,78073,Other Calls,Welfare Check,6160,SOUTH,SAPD-2026-1194306,29.295505,-98.6057,1788308666000,http://www.sanantonio.gov/sapd/Calls.aspx,Blue,a tbd link,26,9
09/01/26, 7:20:59,3800 N ST MARY'S ST,78212,Other Calls,Patrol By,1230,DOWNTOWN,SAPD-2026-1194298,29.460157,-98.476568,1788308459000,http://www.sanantonio.gov/sapd/Calls.aspx,Blue,a tbd link,26,9
09/01/26, 7:27:18,200 E Basse Rd,78209,Other Calls,Assist the Public,3330,NORTH,SAPD-2026-1194318,29.49578,-98.479924,1788308838000,http://www.sanantonio.gov/sapd/Calls.aspx,Blue,a tbd link,26,9
09/01/26, 7:29:30,8200 S Flores St,78221,Other Calls,Miscellaneous,6250,SOUTH,SAPD-2026-1194325,29.343069,-98.485261,1788308970000,http://www.sanantonio.gov/sapd/Calls.aspx,Blue,a tbd link,26,9
09/01/26, 7:25:15,1400 N Elmendorf,78207,Other Calls,Disturbance,2320,CENTRAL,SAPD-2026-1194312,29.442336,-98.527385,1788308715000,http://www.sanantonio.gov/sapd/Calls.aspx,Blue,a tbd link,26,9
09/01/26, 7:25:02,6500 Spring Time Dr,78249,Other Calls,Disturbance,7340,PRUE,SAPD-2026-1194311,29.552215,-98.617044,1788308702000,http://www.sanantonio.gov/sapd/Calls.aspx,Blue,a tbd link,26,9
09/01/26, 7:28:20,5800 Ingram Rd,78228,Other Calls,Disturbance,5270,WEST,SAPD-2026-1194322,29.466152,-98.598808,1788308900000,http://www.sanantonio.gov/sapd/Calls.aspx,Blue,a tbd link,26,9
09/01/26, 7:27:25,5800 Ingram Rd,78228,Other Calls,Disturbance,5270,WEST,SAPD-2026-1194317,29.466152,-98.598808,1788308845000,http://www.sanantonio.gov/sapd/Calls.aspx,Blue,a tbd link,26,9
09/01/26, 7:27:55,Starcrest Dr / Hidden Dr,78217,Traffic Calls,Traffic Related,3370,NORTH,SAPD-2026-1194320,29.519877,-98.422842,1788308875000,http://www.sanantonio.gov/sapd/Calls.aspx,Yellow,a tbd link,26,9
09/01/26, 7:27:16,800 Babcock Rd,78201,Crimes Against Person Calls,Assault In Progress,5230,WEST,SAPD-2026-1194326,29.479478,-98.552725,1788308836000,http://www.sanantonio.gov/sapd/Calls.aspx,Red,a tbd link,26,9
09/01/26, 7:27:16,600 Cupples Rd,78207,Other Calls,Disturbance,2350,CENTRAL,SAPD-2026-1194316,29.407407,-98.547508,1788308836000,http://www.sanantonio.gov/sapd/Calls.aspx,Blue,a tbd link,26,9
09/01/26, 7:28:17,600 Cupples Rd,78207,Other Calls,Disturbance,2350,CENTRAL,SAPD-2026-1194321,29.407407,-98.547508,1788308897000,http://www.sanantonio.gov/sapd/Calls.aspx,Blue,a tbd link,26,9
09/01/26, 7:28:54,900 S San Joaquin Ave,78237,Other Calls,Miscellaneous,5110,WEST,SAPD-2026-1194323,29.418859,-98.564372,1788308934000,http://www.sanantonio.gov/sapd/Calls.aspx,Blue,a tbd link,26,9
09/01/26, 7:29:39,7100 New Laredo Hwy,78211,Other Calls,Disturbance Family,6330,SOUTH,SAPD-2026-1194327,29.356327,-98.560261,1788308979000,http://www.sanantonio.gov/sapd/Calls.aspx,Blue,a tbd link,26,9
09/01/26, 7:30:46,900 H St,78220,Other Calls,Welfare Check,4230,EAST,SAPD-2026-1194329,29.406675,-98.432213,1788309046000,http://www.sanantonio.gov/sapd/Calls.aspx,Blue,a tbd link,26,9
09/01/26, 7:30:34,7600 Callaghan Rd,78229,Other Calls,Disturbance Loud Music,7110,PRUE,SAPD-2026-1194328,29.504974,-98.555164,1788309034000,http://www.sanantonio.gov/sapd/Calls.aspx,Blue,a tbd link,26,9
09/01/26, 7:33:02,500 Cordelia,78237,Other Calls,Miscellaneous,5110,WEST,SAPD-2026-1194340,29.428342,-98.551715,1788309182000,http://www.sanantonio.gov/sapd/Calls.aspx,Blue,a tbd link,26,9
09/01/26, 7:30:45,700 W Mayfield Blvd,78211,Other Calls,Miscellaneous,6130,SOUTH,SAPD-2026-1194336,29.362151,-98.535356,1788309045000,http://www.sanantonio.gov/sapd/Calls.aspx,Blue,a tbd link,26,9
09/01/26, 7:31:51,7000 Quig,78223,Crimes Against Person Calls,Disturbance (Gun Involved),6240,SOUTH,SAPD-2026-1194337,29.356644,-98.447035,1788309111000,http://www.sanantonio.gov/sapd/Calls.aspx,Red,a tbd link,26,9
09/01/26, 7:31:17,6000 Hidden Sunrise Dr,78244,Other Calls,Disturbance,4320,EAST,SAPD-2026-1194333,29.464189,-98.365287,1788309077000,http://www.sanantonio.gov/sapd/Calls.aspx,Blue,a tbd link,26,9
09/01/26, 7:32:27,7600 Nw Loop 410,78245,Property Crime Calls,Panhandler,5160,WEST,SAPD-2026-1194338,29.441722,-98.640076,1788309147000,http://www.sanantonio.gov/sapd/Calls.aspx,Green,a tbd link,26,9
09/01/26, 7:34:56,10100 Ih 10 E,78154,Other Calls,Suspicious Person,4310,EAST,SAPD-2026-1194347,29.466308,-98.2906,1788309296000,http://www.sanantonio.gov/sapd/Calls.aspx,Blue,a tbd link,26,9
09/01/26, 7:33:03,2700 Buena Vista St,78207,Other Calls,Disturbance Neighbor,2330,CENTRAL,SAPD-2026-1194341,29.4272,-98.528411,1788309183000,http://www.sanantonio.gov/sapd/Calls.aspx,Blue,a tbd link,26,9
09/01/26, 7:32:04,Broadway / 8th St,78215,Traffic Calls,Major Accident,1130,DOWNTOWN,SAPD-2026-1194335,29.432621,-98.482649,1788309124000,http://www.sanantonio.gov/sapd/Calls.aspx,Yellow,a tbd link,26,9
09/01/26, 7:32:48,900 H St,78220,Other Calls,Patrol By,4230,EAST,SAPD-2026-1194339,29.406675,-98.432213,1788309168000,http://www.sanantonio.gov/sapd/Calls.aspx,Blue,a tbd link,26,9
09/01/26, 7:33:10,1100 Cincinnati Ave,78201,Other Calls,Miscellaneous,5210,WEST,SAPD-2026-1194343,29.450165,-98.528378,1788309190000,http://www.sanantonio.gov/sapd/Calls.aspx,Blue,a tbd link,26,9
09/01/26, 7:36:46,New Sulphur Spgs / Jasper Holw,78222,Traffic Calls,Traffic Related,4250,EAST,SAPD-2026-1194354,29.365721,-98.373381,1788309406000,http://www.sanantonio.gov/sapd/Calls.aspx,Yellow,a tbd link,26,9
09/01/26, 7:38:06,15600 Market Hill Blvd,78256,Other Calls,Miscellaneous,7250,PRUE,SAPD-2026-1194358,29.590894,-98.622278,1788309486000,http://www.sanantonio.gov/sapd/Calls.aspx,Blue,a tbd link,26,9
09/01/26, 7:34:05,2900 Mancini Way,78109,Other Calls,Suspicious Person,4310,EAST,SAPD-2026-1194346,29.45501,-98.331611,1788309245000,http://www.sanantonio.gov/sapd/Calls.aspx,Blue,a tbd link,26,9
09/01/26, 7:37:16,15300 Judson Rd,78247,Other Calls,Miscellaneous,3260,NORTH,SAPD-2026-1194355,29.588945,-98.376683,1788309436000,http://www.sanantonio.gov/sapd/Calls.aspx,Blue,a tbd link,26,9
09/01/26, 7:36:11,2419-2499 Ingleside Dr,78213,Traffic Calls,Traffic Related,2230,CENTRAL,SAPD-2026-1194352,29.512701,-98.53235,1788309371000,http://www.sanantonio.gov/sapd/Calls.aspx,Yellow,a tbd link,26,9
09/01/26, 7:37:10,5800 Saints Arc Dr,78220,Other Calls,Information,4240,EAST,SAPD-2026-1194356,29.417223,-98.37775,1788309430000,http://www.sanantonio.gov/sapd/Calls.aspx,Blue,a tbd link,26,9
09/01/26, 7:36:54,Ih 35 N Sb / N Pine St,78208,Traffic Calls,Traffic Related,4110,EAST,SAPD-2026-1194353,29.438552,-98.470262,1788309414000,http://www.sanantonio.gov/sapd/Calls.aspx,Yellow,a tbd link,26,9
09/01/26, 7:40:23,5400-5499 Dabney Ln,78227,Other Calls,Disturbance,5120,WEST,SAPD-2026-1194364,29.413891,-98.598327,1788309623000,http://www.sanantonio.gov/sapd/Calls.aspx,Blue,a tbd link,26,9
09/01/26, 7:37:28,Brooklyn Ave / Broadway,78215,Traffic Calls,Minor Accident,1130,DOWNTOWN,SAPD-2026-1194357,29.431914,-98.483455,1788309448000,http://www.sanantonio.gov/sapd/Calls.aspx,Yellow,a tbd link,26,9
09/01/26, 7:35:58,1200 SCENIC KNOLL,78258,Other Calls,Patrol By,3160,NORTH,SAPD-2026-1194348,29.632418,-98.486919,1788309358000,http://www.sanantonio.gov/sapd/Calls.aspx,Blue,a tbd link,26,9
09/01/26, 7:36:15,1500 SALTILLO ST,78207,Other Calls,Patrol By,2350,CENTRAL,SAPD-2026-1194351,29.411794,-98.536283,1788309375000,http://www.sanantonio.gov/sapd/Calls.aspx,Blue,a tbd link,26,9
09/01/26, 7:42:15,300 Becky Renee,78201,Property Crime Calls,Theft,5240,WEST,SAPD-2026-1194375,29.475772,-98.528841,1788309735000,http://www.sanantonio.gov/sapd/Calls.aspx,Green,a tbd link,26,9
09/01/26, 7:38:31,1500-1672 N Loop 1604 E Eb,78232,Traffic Calls,Traffic Related,3160,NORTH,SAPD-2026-1194360,29.609674,-98.471294,1788309511000,http://www.sanantonio.gov/sapd/Calls.aspx,Yellow,a tbd link,26,9
09/01/26, 7:38:10,7800 Chelico,78223,Other Calls,Disturbance,4260,EAST,SAPD-2026-1194362,29.34735,-98.42306,1788309490000,http://www.sanantonio.gov/sapd/Calls.aspx,Blue,a tbd link,26,9
09/01/26, 7:43:01,9000 Shepherds Way,78252,Traffic Calls,Minor Accident,6360,SOUTH,SAPD-2026-1194380,29.33694,-98.631447,1788309781000,http://www.sanantonio.gov/sapd/Calls.aspx,Yellow,a tbd link,26,9
09/01/26, 7:38:47,1600 W Rosewood Ave,78201,Other Calls,Fire,5240,WEST,SAPD-2026-1194361,29.464105,-98.524633,1788309527000,http://www.sanantonio.gov/sapd/Calls.aspx,Blue,a tbd link,26,9
09/01/26, 7:40:31,100 Bailey Ave,78210,Other Calls,Patrol By,4150,EAST,SAPD-2026-1194366,29.39393,-98.472357,1788309631000,http://www.sanantonio.gov/sapd/Calls.aspx,Blue,a tbd link,26,9
09/01/26, 7:41:38,Haven For Hope Way,78207,Other Calls,Narcotic Laws,2310,CENTRAL,SAPD-2026-1194370,29.431905,-98.507256,1788309698000,http://www.sanantonio.gov/sapd/Calls.aspx,Blue,a tbd link,26,9
09/01/26, 7:40:52,4000-4100 W HOUSTON ST,78207,Other Calls,Miscellaneous,2360,CENTRAL,SAPD-2026-1194376,29.430519,-98.543239,1788309652000,http://www.sanantonio.gov/sapd/Calls.aspx,Blue,a tbd link,26,9
09/01/26, 7:41:03,W0 N Loop 1604 W Ofrp Sb Ih 10 W,78249,Traffic Calls,Traffic Related,7260,PRUE,SAPD-2026-1194367,29.591183,-98.597098,1788309663000,http://www.sanantonio.gov/sapd/Calls.aspx,Yellow,a tbd link,26,9
09/01/26, 7:44:37,200 W Broadview Dr,78228,Other Calls,Animal Related,5250,WEST,SAPD-2026-1194392,29.469469,-98.577588,1788309877000,http://www.sanantonio.gov/sapd/Calls.aspx,Blue,a tbd link,26,9
09/01/26, 7:41:59,2100 W Poplar St,78207,Traffic Calls,Minor Accident,2320,CENTRAL,SAPD-2026-1194371,29.440853,-98.526927,1788309719000,http://www.sanantonio.gov/sapd/Calls.aspx,Yellow,a tbd link,26,9
09/01/26, 7:40:42,11101-11299 IH 35 N SB,78233,Traffic Calls,Traffic Related,3230,NORTH,SAPD-2026-1194365,29.541728,-98.376151,1788309642000,http://www.sanantonio.gov/sapd/Calls.aspx,Yellow,a tbd link,26,9
09/01/26, 7:42:22,3600 E Houston St,78219,Other Calls,Assist the Public,4160,EAST,SAPD-2026-1194374,29.42532,-98.426945,1788309742000,http://www.sanantonio.gov/sapd/Calls.aspx,Blue,a tbd link,26,9
09/01/26, 7:45:58,200 E Sonterra Blvd,78258,Other Calls,Miscellaneous,3160,NORTH,SAPD-2026-1194395,29.613908,-98.490164,1788309958000,http://www.sanantonio.gov/sapd/Calls.aspx,Blue,a tbd link,26,9
09/01/26, 7:42:51,16500 Redland Ranch,78247,Traffic Calls,Minor Accident,3140,NORTH,SAPD-2026-1194378,29.59015,-98.434953,1788309771000,http://www.sanantonio.gov/sapd/Calls.aspx,Yellow,a tbd link,26,9
09/01/26, 7:41:14,Culebra Rd / Pipers Crk,78251,Traffic Calls,Officer Traffic Stop,5320,WEST,SAPD-2026-1194368,29.463708,-98.643708,1788309674000,http://www.sanantonio.gov/sapd/Calls.aspx,Yellow,a tbd link,26,9
09/01/26, 7:41:41,S Ww White Rd / Kay Ann Dr,78220,Traffic Calls,Officer Traffic Stop,4230,EAST,SAPD-2026-1194369,29.419333,-98.405548,1788309701000,http://www.sanantonio.gov/sapd/Calls.aspx,Yellow,a tbd link,26,9
09/01/26, 7:44:32,500 Como Ave,78220,Other Calls,Welfare Check,4160,EAST,SAPD-2026-1194383,29.420137,-98.4326,1788309872000,http://www.sanantonio.gov/sapd/Calls.aspx,Blue,a tbd link,26,9
09/01/26, 7:44:03,7000 Culebra Rd,78238,Other Calls,Miscellaneous,5160,WEST,SAPD-2026-1194381,29.45009,-98.626662,1788309843000,http://www.sanantonio.gov/sapd/Calls.aspx,Blue,a tbd link,26,9
09/01/26, 7:42:18,2200 MARTIN LUTHER KING DR,78203,Other Calls,Property Found,4140,EAST,SAPD-2026-1194372,29.413378,-98.449148,1788309738000,http://www.sanantonio.gov/sapd/Calls.aspx,Blue,a tbd link,26,9
09/01/26, 7:45:39,1300 Culebra Rd,78201,Other Calls,Injured/Sick Person,5210,WEST,SAPD-2026-1194397,29.445686,-98.530583,1788309939000,http://www.sanantonio.gov/sapd/Calls.aspx,Blue,a tbd link,26,9
09/01/26, 7:46:20,622-1498 N Loop 1604 E Eb,78232,Traffic Calls,Traffic Related,3160,NORTH,SAPD-2026-1194399,29.609766,-98.471676,1788309980000,http://www.sanantonio.gov/sapd/Calls.aspx,Yellow,a tbd link,26,9
09/01/26, 7:48:13,Us Hwy 281 N Nb / San Pedro Ave Nb,78216,Other Calls,Assist the Public,3350,NORTH,SAPD-2026-1194409,29.54162,-98.491567,1788310093000,http://www.sanantonio.gov/sapd/Calls.aspx,Blue,a tbd link,26,9
09/01/26, 7:46:02,N Loop 1604 W Sb / Bandera Rd,78023,Traffic Calls,Traffic Related,7350,PRUE,SAPD-2026-1194396,29.553687,-98.66721,1788309962000,http://www.sanantonio.gov/sapd/Calls.aspx,Yellow,a tbd link,26,9
09/01/26, 7:44:41,11211-11229 Potranco Rd,78253,Traffic Calls,Major Accident,5360,WEST,SAPD-2026-1194386,29.434837,-98.714852,1788309881000,http://www.sanantonio.gov/sapd/Calls.aspx,Yellow,a tbd link,26,9
09/01/26, 7:47:38,7100 Blk Ih 10 W Nb,78213,Traffic Calls,Traffic Related,2230,CENTRAL,SAPD-2026-1194405,29.499488,-98.548137,1788310058000,http://www.sanantonio.gov/sapd/Calls.aspx,Yellow,a tbd link,26,9
09/01/26, 7:45:46,2378-2598 N Loop 1604 E Eb,78232,Traffic Calls,Traffic Related,3140,NORTH,SAPD-2026-1194394,29.604622,-98.452352,1788309946000,http://www.sanantonio.gov/sapd/Calls.aspx,Yellow,a tbd link,26,9
09/01/26, 7:44:57,11200-11210 Potranco Rd,78253,Traffic Calls,Major Accident,5360,WEST,SAPD-2026-1194387,29.434969,-98.714335,1788309897000,http://www.sanantonio.gov/sapd/Calls.aspx,Yellow,a tbd link,26,9
09/01/26, 7:44:48,Loop 1604 N Access Rd,78254,Traffic Calls,Traffic Related,7360,PRUE,SAPD-2026-1194390,29.552132,-98.667691,1788309888000,http://www.sanantonio.gov/sapd/Calls.aspx,Yellow,a tbd link,26,9
09/01/26, 7:46:30,801-1575 N Loop 1604 E Wb,78232,Traffic Calls,Traffic Related,3160,NORTH,SAPD-2026-1194398,29.610302,-98.477665,1788309990000,http://www.sanantonio.gov/sapd/Calls.aspx,Yellow,a tbd link,26,9
09/01/26, 7:47:01,10600 Nacogdoches Rd,78217,Other Calls,Disturbance Family,3360,NORTH,SAPD-2026-1194402,29.537083,-98.425765,1788310021000,http://www.sanantonio.gov/sapd/Calls.aspx,Blue,a tbd link,26,9
09/01/26, 7:46:52,Potranco Rd / W Loop 1604 N,78253,Traffic Calls,Minor Accident,5360,WEST,SAPD-2026-1194403,29.435519,-98.711935,1788310012000,http://www.sanantonio.gov/sapd/Calls.aspx,Yellow,a tbd link,26,9
09/01/26, 7:46:49,200 Cumberland Blvd,78204,Other Calls,Patrol By,2340,CENTRAL,SAPD-2026-1194400,29.400378,-98.515719,1788310009000,http://www.sanantonio.gov/sapd/Calls.aspx,Blue,a tbd link,26,9
09/01/26, 7:46:52,11300 Bandera Rd,78254,Other Calls,Drunk,7360,PRUE,SAPD-2026-1194401,29.547861,-98.662644,1788310012000,http://www.sanantonio.gov/sapd/Calls.aspx,Blue,a tbd link,26,9
09/01/26, 7:47:34,9261-9299 N Loop 1604 W,78023,Traffic Calls,Traffic Related,7350,PRUE,SAPD-2026-1194406,29.555302,-98.666314,1788310054000,http://www.sanantonio.gov/sapd/Calls.aspx,Yellow,a tbd link,26,9
09/01/26, 7:48:00,11200-11210 Potranco Rd,78253,Traffic Calls,Major Accident,5360,WEST,SAPD-2026-1194408,29.435132,-98.713693,1788310080000,http://www.sanantonio.gov/sapd/Calls.aspx,Yellow,a tbd link,26,9
09/01/26, 7:47:39,900 F St,78220,Other Calls,Property Lost,4230,EAST,SAPD-2026-1194413,29.408488,-98.426998,1788310059000,http://www.sanantonio.gov/sapd/Calls.aspx,Blue,a tbd link,26,9
09/01/26, 7:49:07,Lakefront / Lake Altair,78222,Other Calls,Disturbance,4250,EAST,SAPD-2026-1194415,29.394863,-98.379023,1788310147000,http://www.sanantonio.gov/sapd/Calls.aspx,Blue,a tbd link,26,9
09/01/26, 7:47:37,5000 LORD RD,78220,Other Calls,Patrol By,4240,EAST,SAPD-2026-1194404,29.413565,-98.393737,1788310057000,http://www.sanantonio.gov/sapd/Calls.aspx,Blue,a tbd link,26,9
09/01/26, 7:49:54,Ih 35 N Nb / N New Braunfels Ave,78208,Traffic Calls,Traffic Violation,4110,EAST,SAPD-2026-1194418,29.438345,-98.460949,1788310194000,http://www.sanantonio.gov/sapd/Calls.aspx,Yellow,a tbd link,26,9
09/01/26, 7:51:50,8400 Cranberry Hill,78254,Other Calls,Welfare Check,7320,PRUE,SAPD-2026-1194428,29.519783,-98.660316,1788310310000,http://www.sanantonio.gov/sapd/Calls.aspx,Blue,a tbd link,26,9
09/01/26, 7:50:36,2300 Sw Military Dr,78224,Other Calls,Disturbance,6130,SOUTH,SAPD-2026-1194421,29.354923,-98.531014,1788310236000,http://www.sanantonio.gov/sapd/Calls.aspx,Blue,a tbd link,26,9
09/01/26, 7:50:20,20700 Huebner Rd,78258,Other Calls,Information,3160,NORTH,SAPD-2026-1194420,29.624359,-98.486171,1788310220000,http://www.sanantonio.gov/sapd/Calls.aspx,Blue,a tbd link,26,9
09/01/26, 7:51:47,5800 Ingram Rd,78228,Other Calls,Disturbance,5270,WEST,SAPD-2026-1194426,29.466152,-98.598808,1788310307000,http://www.sanantonio.gov/sapd/Calls.aspx,Blue,a tbd link,26,9
09/01/26, 7:49:35,100 Sw Loop 410,78245,Crimes Against Person Calls,Fight,5160,WEST,SAPD-2026-1194416,29.436719,-98.6452,1788310175000,http://www.sanantonio.gov/sapd/Calls.aspx,Red,a tbd link,26,9
09/01/26, 7:53:37,300 Sharon Dr,78216,Other Calls,Miscellaneous,3310,NORTH,SAPD-2026-1194435,29.501234,-98.490788,1788310417000,http://www.sanantonio.gov/sapd/Calls.aspx,Blue,a tbd link,26,9
09/01/26, 7:51:50,8400 Bandera Rd,78250,Other Calls,Disturbance,7320,PRUE,SAPD-2026-1194427,29.521041,-98.639003,1788310310000,http://www.sanantonio.gov/sapd/Calls.aspx,Blue,a tbd link,26,9
09/01/26, 7:55:55,100 Marietta,78237,Other Calls,Missing Person - Endangered,5120,WEST,SAPD-2026-1194453,29.410661,-98.586364,1788310555000,http://www.sanantonio.gov/sapd/Calls.aspx,Blue,a tbd link,26,9
09/01/26, 7:51:07,100 CAMARON,78205,Other Calls,Patrol By,1120,DOWNTOWN,SAPD-2026-1194424,29.425464,-98.495853,1788310267000,http://www.sanantonio.gov/sapd/Calls.aspx,Blue,a tbd link,26,9
09/01/26, 7:56:30,4700-4898 Us Hwy 90 W Eb,78237,Crimes Against Person Calls,Suspicious Vehicle,6310,SOUTH,SAPD-2026-1194454,29.40732,-98.585674,1788310590000,http://www.sanantonio.gov/sapd/Calls.aspx,Red,a tbd link,26,9
09/01/26, 7:59:10,10800 State Hwy 151,78251,Property Crime Calls,Criminal Mischief,5360,WEST,SAPD-2026-1194466,29.459137,-98.690886,1788310750000,http://www.sanantonio.gov/sapd/Calls.aspx,Green,a tbd link,26,9
09/01/26, 7:51:59,1700 DIANE RD,78220,Other Calls,Patrol By,4240,EAST,SAPD-2026-1194429,29.406288,-98.397957,1788310319000,http://www.sanantonio.gov/sapd/Calls.aspx,Blue,a tbd link,26,9
09/01/26, 7:53:45,5800 Larkmeadow Dr,78233,Property Crime Calls,Burglary Vehicle,3250,NORTH,SAPD-2026-1194437,29.560524,-98.37511,1788310425000,http://www.sanantonio.gov/sapd/Calls.aspx,Green,a tbd link,26,9
09/01/26, 7:56:06,1000 Locke St,78208,Other Calls,Welfare Check,4130,EAST,SAPD-2026-1194448,29.437353,-98.447702,1788310566000,http://www.sanantonio.gov/sapd/Calls.aspx,Blue,a tbd link,26,9
09/01/26, 7:54:40,100 Linda Lou Dr,78223,Property Crime Calls,Theft,6220,SOUTH,SAPD-2026-1194440,29.377907,-98.476226,1788310480000,http://www.sanantonio.gov/sapd/Calls.aspx,Green,a tbd link,26,9
09/01/26, 7:55:36,3200 S Laredo St,78207,Other Calls,Suspicious Person,2350,CENTRAL,SAPD-2026-1194446,29.413844,-98.535083,1788310536000,http://www.sanantonio.gov/sapd/Calls.aspx,Blue,a tbd link,26,9
09/01/26, 7:54:34,N Loop 1604 E / Us Hwy 281 N,78232,Traffic Calls,Traffic Related,3160,NORTH,SAPD-2026-1194441,29.60883,-98.469003,1788310474000,http://www.sanantonio.gov/sapd/Calls.aspx,Yellow,a tbd link,26,9
09/01/26, 7:54:13,400 Walton Ave,78225,Other Calls,Disturbance Loud Music,6110,SOUTH,SAPD-2026-1194438,29.39333,-98.526692,1788310453000,http://www.sanantonio.gov/sapd/Calls.aspx,Blue,a tbd link,26,9
09/01/26, 7:55:23,900 H St,78220,Other Calls,Patrol By,4230,EAST,SAPD-2026-1194444,29.406675,-98.432213,1788310523000,http://www.sanantonio.gov/sapd/Calls.aspx,Blue,a tbd link,26,9
09/01/26, 7:54:56,7100 Stone Fence Rd,78227,Other Calls,Welfare Check,5170,WEST,SAPD-2026-1194442,29.421426,-98.633148,1788310496000,http://www.sanantonio.gov/sapd/Calls.aspx,Blue,a tbd link,26,9
09/01/26, 7:55:24,7100 Stone Fence Rd,78227,Other Calls,Welfare Check,5170,WEST,SAPD-2026-1194447,29.421426,-98.633148,1788310524000,http://www.sanantonio.gov/sapd/Calls.aspx,Blue,a tbd link,26,9
09/01/26, 7:56:07,2100 Calle Del Sol,78226,Property Crime Calls,Theft,6310,SOUTH,SAPD-2026-1194452,29.391733,-98.540185,1788310567000,http://www.sanantonio.gov/sapd/Calls.aspx,Green,a tbd link,26,9
09/01/26, 7:55:26,1700 Logwood Ave,78221,Other Calls,Disturbance,6150,SOUTH,SAPD-2026-1194443,29.337899,-98.523089,1788310526000,http://www.sanantonio.gov/sapd/Calls.aspx,Blue,a tbd link,26,9
09/01/26, 7:58:21,1500 Surfside,78264,Other Calls,SAPD Non-Emergency Call,NOT SAPD BEX,SAPD OUTSIDE AREA,SAPD-2026-1194462,29.141966,-98.473174,1788310701000,http://www.sanantonio.gov/sapd/Calls.aspx,Blue,a tbd link,26,9
09/01/26, 7:57:13,7700 Ih 35 S,78224,Other Calls,Disturbance,6130,SOUTH,SAPD-2026-1194458,29.351946,-98.533064,1788310633000,http://www.sanantonio.gov/sapd/Calls.aspx,Blue,a tbd link,26,9
09/01/26, 7:56:00,900 S Ww White Rd,78220,Crimes Against Person Calls,Disturbance (Gun Involved),4230,EAST,SAPD-2026-1194449,29.416944,-98.405833,1788310560000,http://www.sanantonio.gov/sapd/Calls.aspx,Red,a tbd link,26,9
09/01/26, 7:56:10,900 S Ww White Rd,78220,Other Calls,Disturbance,4230,EAST,SAPD-2026-1194450,29.416667,-98.406111,1788310570000,http://www.sanantonio.gov/sapd/Calls.aspx,Blue,a tbd link,26,9
09/01/26, 7:57:13,W Loop 1604 N Sb / Wiseman Blvd,78251,Other Calls,Welfare Check,5360,WEST,SAPD-2026-1194456,29.465353,-98.711587,1788310633000,http://www.sanantonio.gov/sapd/Calls.aspx,Blue,a tbd link,26,9
09/01/26, 7:57:32,9700 Heritage Farm Dr,78245,Crimes Against Person Calls,Suspicious Vehicle,5330,WEST,SAPD-2026-1194457,29.426081,-98.670796,1788310652000,http://www.sanantonio.gov/sapd/Calls.aspx,Red,a tbd link,26,9
09/01/26, 7:58:20,9700 Heritage Farm Dr,78245,Other Calls,Disturbance Family,5330,WEST,SAPD-2026-1194463,29.426407,-98.672536,1788310700000,http://www.sanantonio.gov/sapd/Calls.aspx,Blue,a tbd link,26,9
09/01/26, 7:57:59,11400 Perrin Beitel,78217,Other Calls,Disturbance,3210,NORTH,SAPD-2026-1194459,29.543638,-98.412444,1788310679000,http://www.sanantonio.gov/sapd/Calls.aspx,Blue,a tbd link,26,9
09/01/26, 7:59:58,18800 Bulverde Rd,78259,Other Calls,Disturbance,3150,NORTH,SAPD-2026-1194469,29.615731,-98.422295,1788310798000,http://www.sanantonio.gov/sapd/Calls.aspx,Blue,a tbd link,26,9
09/01/26, 7:59:00,15000 Miss Ellie,78247,Other Calls,Disturbance Family,3220,NORTH,SAPD-2026-1194468,29.578327,-98.422052,1788310740000,http://www.sanantonio.gov/sapd/Calls.aspx,Blue,a tbd link,26,9
09/01/26, 7:58:50,13700 Us Hwy 281 N,78232,Property Crime Calls,Shoplifting In Progress,3130,NORTH,SAPD-2026-1194464,29.565278,-98.480694,1788310730000,http://www.sanantonio.gov/sapd/Calls.aspx,Green,a tbd link,26,9
09/01/26, 8:07:32,500 W Gramercy Place,78212,Other Calls,Miscellaneous,1240,DOWNTOWN,SAPD-2026-1194487,29.460635,-98.501522,1788311252000,http://www.sanantonio.gov/sapd/Calls.aspx,Blue,a tbd link,26,9
09/01/26, 7:59:28,2100 Se Loop 410,78220,Traffic Calls,Officer Traffic Stop,4240,EAST,SAPD-2026-1194467,29.400436,-98.386348,1788310768000,http://www.sanantonio.gov/sapd/Calls.aspx,Yellow,a tbd link,26,9
09/01/26, 8:21:19,Oblate Dr / Blanco Rd,78216,Other Calls,Welfare Check,3310,NORTH,SAPD-2026-1191411,29.504308,-98.506805,1788268879000,http://www.sanantonio.gov/sapd/Calls.aspx,Blue,a tbd link,26,9
09/01/26, 1:28:14,2300 Ne Loop 410,78217-5602,Crimes Against Person Calls,Assault In Progress,3370,NORTH,SAPD-2026-1190598,29.5167,-98.42014,1788244094000,http://www.sanantonio.gov/sapd/Calls.aspx,Red,a tbd link,26,9
09/01/26, 1:28:46,12300 Wetmore Rd,78247,Other Calls,Injured/Sick Person,3220,NORTH,SAPD-2026-1190601,29.553856,-98.42872,1788244126000,http://www.sanantonio.gov/sapd/Calls.aspx,Blue,a tbd link,26,9
09/01/26, 1:30:30,10400 Apple Pie Rd,78224,Other Calls,Disturbance Loud Music,6160,SOUTH,SAPD-2026-1190604,29.313763,-98.544827,1788244230000,http://www.sanantonio.gov/sapd/Calls.aspx,Blue,a tbd link,26,9
09/01/26, 1:30:35,Culebra Rd / Nw 24th St,78201,Crimes Against Person Calls,Lewd Conduct,5210,WEST,SAPD-2026-1190603,29.446609,-98.540291,1788244235000,http://www.sanantonio.gov/sapd/Calls.aspx,Red,a tbd link,26,9
09/01/26, 1:32:06,Ih 35 N Nb / N St Mary's St,78212,Traffic Calls,Traffic Related,1130,DOWNTOWN,SAPD-2026-1190608,29.440138,-98.48536,1788244326000,http://www.sanantonio.gov/sapd/Calls.aspx,Yellow,a tbd link,26,9
09/01/26,11:31:02 AM,1500 Austin Hwy,78218,Traffic Calls,Traffic Violation,4350,EAST,SAPD-2026-1192213,29.492919,-98.431133,1788280262000,http://www.sanantonio.gov/sapd/Calls.aspx,Yellow,a tbd link,26,9
09/01/26, 8:19:44,VIA PARK AND RIDE STONE OAK PKWY,78258,Traffic Calls,Traffic Related,3160,NORTH,SAPD-2026-1191405,29.649359,-98.452946,1788268784000,http://www.sanantonio.gov/sapd/Calls.aspx,Yellow,a tbd link,26,9
09/01/26, 1:31:07,200 Westfall Ave,78210,Other Calls,Disturbance Barking Dog,4120,EAST,SAPD-2026-1190605,29.402933,-98.473645,1788244267000,http://www.sanantonio.gov/sapd/Calls.aspx,Blue,a tbd link,26,9
09/01/26, 2:50:44,E Magnolia Ave / Home,78212,Traffic Calls,Minor Accident,1240,DOWNTOWN,SAPD-2026-1193034,29.454431,-98.490733,1788292244000,http://www.sanantonio.gov/sapd/Calls.aspx,Yellow,a tbd link,26,9
09/01/26,11:34:22 AM,5500 Ih 10 E,78219-4505,Other Calls,Assist the Public,4240,EAST,SAPD-2026-1192227,29.43715,-98.381055,1788280462000,http://www.sanantonio.gov/sapd/Calls.aspx,Blue,a tbd link,26,9
09/01/26, 8:20:47,Sahara / San Pedro Ave,78216,Other Calls,Miscellaneous,3120,NORTH,SAPD-2026-1191412,29.532852,-98.495869,1788268847000,http://www.sanantonio.gov/sapd/Calls.aspx,Blue,a tbd link,26,9
09/01/26, 1:34:44,4400 Sierra St,78214,Other Calls,Welfare Check,6210,SOUTH,SAPD-2026-1190612,29.381188,-98.49505,1788244484000,http://www.sanantonio.gov/sapd/Calls.aspx,Blue,a tbd link,26,9
09/01/26, 2:45:52,600 BLK E HILDEBRAND AVE,78212,Traffic Calls,Traffic Related,1240,DOWNTOWN,SAPD-2026-1193008,29.465476,-98.479367,1788291952000,http://www.sanantonio.gov/sapd/Calls.aspx,Yellow,a tbd link,26,9
09/01/26,11:35:36 AM,General Hudnell Dr Access Rd / Quintana Rd,78226,Traffic Calls,Traffic Related,6310,SOUTH,SAPD-2026-1192232,29.386966,-98.54896,1788280536000,http://www.sanantonio.gov/sapd/Calls.aspx,Yellow,a tbd link,26,9
09/01/26, 8:21:30,2200 S Trinity St,78207,Other Calls,Ordinance Violation,2340,CENTRAL,SAPD-2026-1191413,29.404529,-98.521154,1788268890000,http://www.sanantonio.gov/sapd/Calls.aspx,Blue,a tbd link,26,9
09/01/26, 1:42:36,4700 Stringfellow Dr,78223,Other Calls,Welfare Check,4210,EAST,SAPD-2026-1190634,29.378686,-98.434106,1788244956000,http://www.sanantonio.gov/sapd/Calls.aspx,Blue,a tbd link,26,9
09/01/26, 2:47:00,Nw Loop 410 / Fredericksburg Rd,78229,Other Calls,Welfare Check,5260,WEST,SAPD-2026-1193015,29.493668,-98.554424,1788292020000,http://www.sanantonio.gov/sapd/Calls.aspx,Blue,a tbd link,26,9
09/01/26,11:31:45 AM,11100 Vance Jackson,78230,Traffic Calls,Accident Private Property,7220,PRUE,SAPD-2026-1192231,29.544086,-98.557489,1788280305000,http://www.sanantonio.gov/sapd/Calls.aspx,Yellow,a tbd link,26,9
09/01/26, 8:22:27,1300-1498 W Loop 1604 N,78251,Traffic Calls,Major Accident,5360,WEST,SAPD-2026-1191415,29.44744,-98.710812,1788268947000,http://www.sanantonio.gov/sapd/Calls.aspx,Yellow,a tbd link,26,9
09/01/26, 1:38:02,Nw Loop 410 Eb / Ingram Rd,78238,Other Calls,Welfare Check,5270,WEST,SAPD-2026-1190620,29.466086,-98.618804,1788244682000,http://www.sanantonio.gov/sapd/Calls.aspx,Blue,a tbd link,26,9
09/01/26,11:32:09 AM,4600 S Flores St,78214,Property Crime Calls,Theft,6210,SOUTH,SAPD-2026-1192220,29.379602,-98.500571,1788280329000,http://www.sanantonio.gov/sapd/Calls.aspx,Green,a tbd link,26,9
09/01/26, 8:23:03,1300 Art Wall Way,78221,Traffic Calls,Abandoned Vehicle,6260,SOUTH,SAPD-2026-1191419,29.290393,-98.480005,1788268983000,http://www.sanantonio.gov/sapd/Calls.aspx,Yellow,a tbd link,26,9
09/01/26, 1:37:56,300 Babcock Rd,78201,Property Crime Calls,Criminal Mischief In Progress,5230,WEST,SAPD-2026-1190619,29.472645,-98.540438,1788244676000,http://www.sanantonio.gov/sapd/Calls.aspx,Green,a tbd link,26,9
09/01/26, 8:22:34,1200 Evans Rd,78258,Other Calls,Miscellaneous,3160,NORTH,SAPD-2026-1191417,29.637654,-98.475381,1788268954000,http://www.sanantonio.gov/sapd/Calls.aspx,Blue,a tbd link,26,9
09/01/26, 2:48:51,1300 Rigsby Ave,78210,Other Calls,Missing Person/Runaway,4210,EAST,SAPD-2026-1193025,29.399332,-98.448025,1788292131000,http://www.sanantonio.gov/sapd/Calls.aspx,Blue,a tbd link,26,9
09/01/26,11:34:14 AM,Cincinnati Ave / N Sabinas,78201,Traffic Calls,Abandoned Vehicle,5210,WEST,SAPD-2026-1192224,29.448871,-98.51763,1788280454000,http://www.sanantonio.gov/sapd/Calls.aspx,Yellow,a tbd link,26,9
09/01/26, 1:36:11,Parkdale Dr / Bluemel Rd,78229,Traffic Calls,Officer Traffic Stop,7120,PRUE,SAPD-2026-1190614,29.525966,-98.561707,1788244571000,http://www.sanantonio.gov/sapd/Calls.aspx,Yellow,a tbd link,26,9
09/01/26, 8:20:47,17953-18599 OLD APPLEWHITE RD,78264,Other Calls,Patrol By,6160,SOUTH,SAPD-2026-1191408,29.243566,-98.547823,1788268847000,http://www.sanantonio.gov/sapd/Calls.aspx,Blue,a tbd link,26,9
09/01/26, 2:49:09,12400 West Ave,78216,Other Calls,Welfare Check,3120,NORTH,SAPD-2026-1193027,29.553197,-98.502206,1788292149000,http://www.sanantonio.gov/sapd/Calls.aspx,Blue,a tbd link,26,9
09/01/26,11:35:37 AM,2400 W Craig Place,78201,Other Calls,Suspicious Person,5210,WEST,SAPD-2026-1192233,29.453929,-98.537127,1788280537000,http://www.sanantonio.gov/sapd/Calls.aspx,Blue,a tbd link,26,9
09/01/26, 1:37:42,5700 Bogart Dr,78240,Crimes Against Person Calls,Assault In Progress,7160,PRUE,SAPD-2026-1190618,29.504811,-98.596788,1788244662000,http://www.sanantonio.gov/sapd/Calls.aspx,Red,a tbd link,26,9
09/01/26, 8:23:22,6900 W Commerce St,78228,Traffic Calls,Minor Accident,5140,WEST,SAPD-2026-1191420,29.435994,-98.596656,1788269002000,http://www.sanantonio.gov/sapd/Calls.aspx,Yellow,a tbd link,26,9
09/01/26, 2:47:45,10300 Western Sun,78240,Property Crime Calls,Theft,7310,PRUE,SAPD-2026-1193017,29.538423,-98.62972,1788292065000,http://www.sanantonio.gov/sapd/Calls.aspx,Green,a tbd link,26,9
09/01/26,11:34:28 AM,300 S Santa Rosa,78207,Crimes Against Person Calls,Assault,1120,DOWNTOWN,SAPD-2026-1192230,29.422478,-98.498873,1788280468000,http://www.sanantonio.gov/sapd/Calls.aspx,Red,a tbd link,26,9
09/01/26, 8:22:34,401-459 HOT WELLS,78223,Traffic Calls,Traffic Related,6240,SOUTH,SAPD-2026-1191416,29.368669,-98.461129,1788268954000,http://www.sanantonio.gov/sapd/Calls.aspx,Yellow,a tbd link,26,9
09/01/26, 1:42:27,I0 10 W Access Rd,78256,Traffic Calls,Traffic Related,7250,PRUE,SAPD-2026-1190632,29.605929,-98.602419,1788244947000,http://www.sanantonio.gov/sapd/Calls.aspx,Yellow,a tbd link,26,9
09/01/26, 2:47:45,2000 N St Mary's St,78212,Crimes Against Person Calls,Threats,1210,DOWNTOWN,SAPD-2026-1193019,29.44485,-98.48571,1788292065000,http://www.sanantonio.gov/sapd/Calls.aspx,Red,a tbd link,26,9
09/01/26,11:34:33 AM,200 Noblewood Dr,78220,Property Crime Calls,Criminal Mischief In Progress,4230,EAST,SAPD-2026-1192228,29.423098,-98.419394,1788280473000,http://www.sanantonio.gov/sapd/Calls.aspx,Green,a tbd link,26,9
09/01/26, 8:24:58,2400 Ne Loop 410,78217,Traffic Calls,Minor Accident,3370,NORTH,SAPD-2026-1191431,29.516844,-98.417258,1788269098000,http://www.sanantonio.gov/sapd/Calls.aspx,Yellow,a tbd link,26,9
09/01/26, 1:37:32,10140-10208 MARBACH RD,78245,Traffic Calls,Traffic Related,NOT SAPD BEX,SAPD OUTSIDE AREA,SAPD-2026-1190616,29.417942,-98.69271,1788244652000,http://www.sanantonio.gov/sapd/Calls.aspx,Yellow,a tbd link,26,9
09/01/26, 1:40:52,9100 Excellence Dr,78252,Other Calls,Disturbance Family,6360,SOUTH,SAPD-2026-1190624,29.337723,-98.629844,1788244852000,http://www.sanantonio.gov/sapd/Calls.aspx,Blue,a tbd link,26,9
09/01/26, 1:39:19,W Poplar St / N Zarzamora St,78207,Crimes Against Person Calls,Assault,2320,CENTRAL,SAPD-2026-1190622,29.440723,-98.525431,1788244759000,http://www.sanantonio.gov/sapd/Calls.aspx,Red,a tbd link,26,9
09/01/26, 1:43:20,12400 Valle De Zavala,78249,Other Calls,Disturbance,7340,PRUE,SAPD-2026-1190638,29.564477,-98.605618,1788245000000,http://www.sanantonio.gov/sapd/Calls.aspx,Blue,a tbd link,26,9
09/01/26, 1:42:13,IH 10 E EB / E HOUSTON ST,78220,Traffic Calls,Minor Accident,4230,EAST,SAPD-2026-1190631,29.424791,-98.421298,1788244933000,http://www.sanantonio.gov/sapd/Calls.aspx,Yellow,a tbd link,26,9
09/01/26, 1:40:51,W Southcross Blvd / Ella,78211,Other Calls,Disturbance Loud Music,6120,SOUTH,SAPD-2026-1190625,29.368109,-98.527438,1788244851000,http://www.sanantonio.gov/sapd/Calls.aspx,Blue,a tbd link,26,9
09/01/26, 1:41:26,1501-1599 AMESTOY,78207,Traffic Calls,Traffic Related,2320,CENTRAL,SAPD-2026-1190626,29.432983,-98.520706,1788244886000,http://www.sanantonio.gov/sapd/Calls.aspx,Yellow,a tbd link,26,9
09/01/26, 1:42:59,20800 Blanco Rd,78260,Other Calls,Disturbance,3170,NORTH,SAPD-2026-1190637,29.63625,-98.518683,1788244979000,http://www.sanantonio.gov/sapd/Calls.aspx,Blue,a tbd link,26,9
09/01/26, 1:41:48,Amestoy / N Cibolo St,78207,Traffic Calls,Officer Traffic Stop,2320,CENTRAL,SAPD-2026-1190628,29.432912,-98.519874,1788244908000,http://www.sanantonio.gov/sapd/Calls.aspx,Yellow,a tbd link,26,9
09/01/26, 1:48:19,5700 Bogart Dr,78240,Crimes Against Person Calls,Assault,7160,PRUE,SAPD-2026-1190646,29.504843,-98.596833,1788245299000,http://www.sanantonio.gov/sapd/Calls.aspx,Red,a tbd link,26,9
09/01/26, 1:44:35,8700 Bowens Crossing,78250,Other Calls,Drowning,7360,PRUE,SAPD-2026-1190640,29.525489,-98.685916,1788245075000,http://www.sanantonio.gov/sapd/Calls.aspx,Blue,a tbd link,26,9
09/01/26, 1:43:32,900 Blk N River Walk,78215,Other Calls,Patrol By,1130,DOWNTOWN,SAPD-2026-1190639,29.431067,-98.48991,1788245012000,http://www.sanantonio.gov/sapd/Calls.aspx,Blue,a tbd link,26,9
09/01/26, 1:45:33,Micklejohn St / N Navidad,78207,Traffic Calls,Major Accident,2320,CENTRAL,SAPD-2026-1190642,29.441924,-98.5207,1788245133000,http://www.sanantonio.gov/sapd/Calls.aspx,Yellow,a tbd link,26,9
09/01/26, 1:45:55,6000 Eckhert Rd,78240,Property Crime Calls,Burglary Vehicle In Progress,7310,PRUE,SAPD-2026-1190641,29.519883,-98.605619,1788245155000,http://www.sanantonio.gov/sapd/Calls.aspx,Green,a tbd link,26,9
09/01/26, 1:46:38,300 DARTMOUTH ST,78237,Other Calls,Patrol By,2360,CENTRAL,SAPD-2026-1190643,29.436264,-98.552077,1788245198000,http://www.sanantonio.gov/sapd/Calls.aspx,Blue,a tbd link,26,9
09/01/26, 1:50:09,7600 Aspen Park Dr,78249,Other Calls,Disturbance Family,7350,PRUE,SAPD-2026-1190649,29.552509,-98.641,1788245409000,http://www.sanantonio.gov/sapd/Calls.aspx,Blue,a tbd link,26,9
09/01/26, 1:50:01,8000 Midcrown Dr,78218,Other Calls,Disturbance Family,4330,EAST,SAPD-2026-1190648,29.507702,-98.37945,1788245401000,http://www.sanantonio.gov/sapd/Calls.aspx,Blue,a tbd link,26,9
09/01/26, 1:50:15,6600 Carrie Ln,78218,Other Calls,Welfare Check,4350,EAST,SAPD-2026-1190650,29.488857,-98.411042,1788245415000,http://www.sanantonio.gov/sapd/Calls.aspx,Blue,a tbd link,26,9
09/01/26, 1:51:44,7300 Culebra Commons,78250,Traffic Calls,Minor Accident,7360,PRUE,SAPD-2026-1190654,29.506125,-98.694972,1788245504000,http://www.sanantonio.gov/sapd/Calls.aspx,Yellow,a tbd link,26,9
09/01/26, 1:53:31,2800 Tillie Dr,78222,Crimes Against Person Calls,Threats,4250,EAST,SAPD-2026-1190658,29.392113,-98.398227,1788245611000,http://www.sanantonio.gov/sapd/Calls.aspx,Red,a tbd link,26,9
09/01/26, 1:54:52,3200 Nacogdoches Rd,78217,Property Crime Calls,Burglary,3360,NORTH,SAPD-2026-1190661,29.528124,-98.435589,1788245692000,http://www.sanantonio.gov/sapd/Calls.aspx,Green,a tbd link,26,9
09/01/26, 1:51:31,400 CAMARON,78207,Other Calls,Patrol By,1120,DOWNTOWN,SAPD-2026-1190651,29.428372,-98.4961,1788245491000,http://www.sanantonio.gov/sapd/Calls.aspx,Blue,a tbd link,26,9
09/01/26, 1:51:34,500-598 BLOOM,78211,Traffic Calls,Traffic Related,6120,SOUTH,SAPD-2026-1190652,29.381155,-98.5322,1788245494000,http://www.sanantonio.gov/sapd/Calls.aspx,Yellow,a tbd link,26,9
09/01/26, 1:54:30,200 Losoya,78205,Crimes Against Person Calls,Disturbance (Gun Involved),1110,DOWNTOWN,SAPD-2026-1190659,29.424233,-98.487665,1788245670000,http://www.sanantonio.gov/sapd/Calls.aspx,Red,a tbd link,26,9
09/01/26, 2:01:06,2300 Fairburn,78228,Other Calls,Disturbance,5250,WEST,SAPD-2026-1190673,29.458573,-98.587162,1788246066000,http://www.sanantonio.gov/sapd/Calls.aspx,Blue,a tbd link,26,9
09/01/26, 1:59:51,200 Eastover Dr,78220,Other Calls,Miscellaneous,4240,EAST,SAPD-2026-1190671,29.422557,-98.39359,1788245991000,http://www.sanantonio.gov/sapd/Calls.aspx,Blue,a tbd link,26,9
09/01/26, 1:57:47,6000 Ih 10 W,78201,Other Calls,Disturbance,2230,CENTRAL,SAPD-2026-1190664,29.485556,-98.536667,1788245867000,http://www.sanantonio.gov/sapd/Calls.aspx,Blue,a tbd link,26,9
09/01/26, 1:55:25,10800 Potranco Rd,78251,Other Calls,Patrol By,5360,WEST,SAPD-2026-1190660,29.434158,-98.707189,1788245725000,http://www.sanantonio.gov/sapd/Calls.aspx,Blue,a tbd link,26,9
09/01/26, 1:57:56,11400 Vance Jackson,78230,Other Calls,Disturbance,7220,PRUE,SAPD-2026-1190665,29.546797,-98.563481,1788245876000,http://www.sanantonio.gov/sapd/Calls.aspx,Blue,a tbd link,26,9
09/01/26, 1:58:43,5700 North Knoll,78240,Other Calls,Welfare Check,7160,PRUE,SAPD-2026-1190667,29.513378,-98.599603,1788245923000,http://www.sanantonio.gov/sapd/Calls.aspx,Blue,a tbd link,26,9
09/01/26, 1:57:27,200 ALEXANDER RD,78201,Other Calls,Patrol By,5210,WEST,SAPD-2026-1190663,29.450767,-98.527758,1788245847000,http://www.sanantonio.gov/sapd/Calls.aspx,Blue,a tbd link,26,9
09/01/26, 1:59:07,3300 Sw Military Dr,78211,Crimes Against Person Calls,Suspicious Vehicle,6330,SOUTH,SAPD-2026-1190670,29.357576,-98.55197,1788245947000,http://www.sanantonio.gov/sapd/Calls.aspx,Red,a tbd link,26,9
09/01/26, 2:01:54,2300 Goliad Rd,78223,Property Crime Calls,Burglary Vehicle In Progress,4260,EAST,SAPD-2026-1190675,29.362286,-98.438936,1788246114000,http://www.sanantonio.gov/sapd/Calls.aspx,Green,a tbd link,26,9
09/01/26, 1:59:36,300-398 TULETA,78209,Other Calls,Patrol By,1230,DOWNTOWN,SAPD-2026-1190669,29.461382,-98.470193,1788245976000,http://www.sanantonio.gov/sapd/Calls.aspx,Blue,a tbd link,26,9
09/01/26, 2:01:36,20800 Blanco Rd,78260,Other Calls,Disturbance,3170,NORTH,SAPD-2026-1190674,29.63625,-98.518683,1788246096000,http://www.sanantonio.gov/sapd/Calls.aspx,Blue,a tbd link,26,9
09/01/26, 2:04:24,500 Sims Ave,78225,Other Calls,Animal Related,6110,SOUTH,SAPD-2026-1190684,29.383873,-98.518269,1788246264000,http://www.sanantonio.gov/sapd/Calls.aspx,Blue,a tbd link,26,9
09/01/26, 2:03:17,1001-1099 CASTROVILLE RD,78237,Traffic Calls,Traffic Related,5120,WEST,SAPD-2026-1190679,29.416132,-98.55599,1788246197000,http://www.sanantonio.gov/sapd/Calls.aspx,Yellow,a tbd link,26,9
09/01/26, 2:04:08,100 St Cloud,78228,Other Calls,Patrol By,5210,WEST,SAPD-2026-1190682,29.45509,-98.550516,1788246248000,http://www.sanantonio.gov/sapd/Calls.aspx,Blue,a tbd link,26,9
09/01/26, 2:05:52,20800 Blanco Rd,78260,Other Calls,Disturbance,3170,NORTH,SAPD-2026-1190689,29.63625,-98.518683,1788246352000,http://www.sanantonio.gov/sapd/Calls.aspx,Blue,a tbd link,26,9
09/01/26, 2:08:58,2800 Thousand Oaks,78232,Other Calls,Disturbance,3140,NORTH,SAPD-2026-1190691,29.578778,-98.441931,1788246538000,http://www.sanantonio.gov/sapd/Calls.aspx,Blue,a tbd link,26,9
09/01/26, 2:11:26,2200 Tpc Pkwy,78259,Crimes Against Person Calls,Suspicious Vehicle,3150,NORTH,SAPD-2026-1190692,29.64715,-98.44913,1788246686000,http://www.sanantonio.gov/sapd/Calls.aspx,Red,a tbd link,26,9
09/01/26, 2:13:16,SCARLETOAK,78220,Traffic Calls,Traffic Related,4230,EAST,SAPD-2026-1190695,29.423238,-98.418707,1788246796000,http://www.sanantonio.gov/sapd/Calls.aspx,Yellow,a tbd link,26,9
09/01/26, 2:17:47,7900 Callaghan Rd,78229,Property Crime Calls,Theft In Progress,7110,PRUE,SAPD-2026-1190699,29.511389,-98.555278,1788247067000,http://www.sanantonio.gov/sapd/Calls.aspx,Green,a tbd link,26,9
09/01/26, 2:17:23,1000 GILLETTE BLVD,78224,Other Calls,Patrol By,6140,SOUTH,SAPD-2026-1190698,29.330219,-98.530898,1788247043000,http://www.sanantonio.gov/sapd/Calls.aspx,Blue,a tbd link,26,9
09/01/26, 2:19:33,800 W Bitters Rd,78232,Traffic Calls,Major Accident,7240,PRUE,SAPD-2026-1190705,29.5817,-98.505183,1788247173000,http://www.sanantonio.gov/sapd/Calls.aspx,Yellow,a tbd link,26,9
09/01/26, 2:20:28,1000 S Frio St,78207-5629,Other Calls,Disturbance,2370,CENTRAL,SAPD-2026-1190706,29.415703,-98.505538,1788247228000,http://www.sanantonio.gov/sapd/Calls.aspx,Blue,a tbd link,26,9
09/01/26, 2:20:12,1100 Leal St,78207,Other Calls,Disturbance Loud Music,2320,CENTRAL,SAPD-2026-1190707,29.434704,-98.519651,1788247212000,http://www.sanantonio.gov/sapd/Calls.aspx,Blue,a tbd link,26,9
09/01/26, 2:20:46,800 W Bitters Rd,78232,Traffic Calls,Major Accident,7240,PRUE,SAPD-2026-1190710,29.5817,-98.505183,1788247246000,http://www.sanantonio.gov/sapd/Calls.aspx,Yellow,a tbd link,26,9
09/01/26, 2:22:39,20800 Blanco Rd,78260,Other Calls,Disturbance,3170,NORTH,SAPD-2026-1190713,29.63625,-98.518683,1788247359000,http://www.sanantonio.gov/sapd/Calls.aspx,Blue,a tbd link,26,9
09/01/26, 2:23:09,500 Heimer Rd,78232,Other Calls,Welfare Check,3130,NORTH,SAPD-2026-1190714,29.569522,-98.471634,1788247389000,http://www.sanantonio.gov/sapd/Calls.aspx,Blue,a tbd link,26,9
09/01/26, 2:26:08,7700 Oakdell Way,78240,Other Calls,Disturbance,7160,PRUE,SAPD-2026-1190718,29.5101,-98.592739,1788247568000,http://www.sanantonio.gov/sapd/Calls.aspx,Blue,a tbd link,26,9
09/01/26, 2:23:41,9700 CELESTE DR,78211,Other Calls,Patrol By,6140,SOUTH,SAPD-2026-1190715,29.322261,-98.557596,1788247421000,http://www.sanantonio.gov/sapd/Calls.aspx,Blue,a tbd link,26,9
09/01/26, 2:27:49,San Pedro Ave / W Hildebrand Ave,78212,Property Crime Calls,Burglary in Progress,1240,DOWNTOWN,SAPD-2026-1190722,29.466482,-98.499289,1788247669000,http://www.sanantonio.gov/sapd/Calls.aspx,Green,a tbd link,26,9
09/01/26, 2:30:43,2000 Cincinnati Ave,78228,Other Calls,Welfare Check,5210,WEST,SAPD-2026-1190725,29.45135,-98.54357,1788247843000,http://www.sanantonio.gov/sapd/Calls.aspx,Blue,a tbd link,26,9
09/01/26, 2:31:19,1700 Lynette,78209,Other Calls,Welfare Check,3330,NORTH,SAPD-2026-1190727,29.515754,-98.468467,1788247879000,http://www.sanantonio.gov/sapd/Calls.aspx,Blue,a tbd link,26,9
09/01/26, 2:31:14,8300 N Loop 1604 W,78249,Other Calls,Disturbance,7350,PRUE,SAPD-2026-1190726,29.570042,-98.649535,1788247874000,http://www.sanantonio.gov/sapd/Calls.aspx,Blue,a tbd link,26,9
09/01/26, 2:39:01,11400 Vance Jackson,78230,Other Calls,Disturbance,7220,PRUE,SAPD-2026-1190734,29.546797,-98.563481,1788248341000,http://www.sanantonio.gov/sapd/Calls.aspx,Blue,a tbd link,26,9
09/01/26, 2:38:00,11300 Huebner Rd,78230,Other Calls,Disturbance,7220,PRUE,SAPD-2026-1190732,29.547115,-98.576229,1788248280000,http://www.sanantonio.gov/sapd/Calls.aspx,Blue,a tbd link,26,9
09/01/26, 2:39:35,200 ALEXANDER RD,78201,Other Calls,Patrol By,5210,WEST,SAPD-2026-1190735,29.450801,-98.527742,1788248375000,http://www.sanantonio.gov/sapd/Calls.aspx,Blue,a tbd link,26,9
09/01/26, 2:41:51,W Hausman Rd / Babcock Rd,78249,Other Calls,Welfare Check,7250,PRUE,SAPD-2026-1190739,29.572059,-98.631516,1788248511000,http://www.sanantonio.gov/sapd/Calls.aspx,Blue,a tbd link,26,9
09/01/26, 2:47:29,4900 E Houston St,78220,Property Crime Calls,Theft,4240,EAST,SAPD-2026-1190748,29.423986,-98.397041,1788248849000,http://www.sanantonio.gov/sapd/Calls.aspx,Green,a tbd link,26,9
09/01/26, 2:45:26,20800 Blanco Rd,78260,Other Calls,Disturbance,3170,NORTH,SAPD-2026-1190742,29.63625,-98.518683,1788248726000,http://www.sanantonio.gov/sapd/Calls.aspx,Blue,a tbd link,26,9
09/01/26, 2:43:58,1000-1098 BASSE RD,78212,Traffic Calls,Traffic Related,2210,CENTRAL,SAPD-2026-1190741,29.488139,-98.49959,1788248638000,http://www.sanantonio.gov/sapd/Calls.aspx,Yellow,a tbd link,26,9
09/01/26, 2:51:07,1900 Larkspur,78213,Other Calls,Suspicious Person,3110,NORTH,SAPD-2026-1190759,29.546231,-98.5221,1788249067000,http://www.sanantonio.gov/sapd/Calls.aspx,Blue,a tbd link,26,9
09/01/26, 2:47:40,1700 N Loop 1604 W,78258,Property Crime Calls,Theft of Vehicle In Progress,3170,NORTH,SAPD-2026-1190749,29.61016,-98.518533,1788248860000,http://www.sanantonio.gov/sapd/Calls.aspx,Green,a tbd link,26,9
09/01/26, 2:45:33,389-499 ALTA SITA,78237,Traffic Calls,Traffic Related,5110,WEST,SAPD-2026-1190743,29.429591,-98.549067,1788248733000,http://www.sanantonio.gov/sapd/Calls.aspx,Yellow,a tbd link,26,9
09/01/26, 2:46:39,1600 PALO ALTO RD,78211,Other Calls,Patrol By,6140,SOUTH,SAPD-2026-1190747,29.335367,-98.552311,1788248799000,http://www.sanantonio.gov/sapd/Calls.aspx,Blue,a tbd link,26,9
09/01/26, 2:53:45,4600 Hamilton Wolfe,78240,Other Calls,Suspicious Person,7150,PRUE,SAPD-2026-1190764,29.522125,-98.577272,1788249225000,http://www.sanantonio.gov/sapd/Calls.aspx,Blue,a tbd link,26,9
09/01/26, 2:51:01,1800 W Thompson Place,78226,Other Calls,Disturbance,6310,SOUTH,SAPD-2026-1190769,29.396862,-98.561025,1788249061000,http://www.sanantonio.gov/sapd/Calls.aspx,Blue,a tbd link,26,9
09/01/26, 2:50:34,2800 Ih 35 N,78208,Crimes Against Person Calls,Shooting In Progress,4130,EAST,SAPD-2026-1190750,29.438903,-98.444139,1788249034000,http://www.sanantonio.gov/sapd/Calls.aspx,Red,a tbd link,26,9
09/01/26, 2:51:09,11200 Potranco Rd,78253,Other Calls,Disturbance,5360,WEST,SAPD-2026-1190752,29.434969,-98.714335,1788249069000,http://www.sanantonio.gov/sapd/Calls.aspx,Blue,a tbd link,26,9
09/01/26, 2:51:39,2800 Ih 35 N,78208,Crimes Against Person Calls,Shooting,4130,EAST,SAPD-2026-1190755,29.438903,-98.444139,1788249099000,http://www.sanantonio.gov/sapd/Calls.aspx,Red,a tbd link,26,9
09/01/26, 2:53:10,1000 Locke St,78208,Crimes Against Person Calls,Robbery of Individual,4130,EAST,SAPD-2026-1190760,29.437353,-98.447702,1788249190000,http://www.sanantonio.gov/sapd/Calls.aspx,Red,a tbd link,26,9
09/01/26, 2:54:17,5200 Wurzbach Pkwy Eb,78233,Other Calls,Disturbance,3230,NORTH,SAPD-2026-1190766,29.540773,-98.389006,1788249257000,http://www.sanantonio.gov/sapd/Calls.aspx,Blue,a tbd link,26,9
09/01/26, 2:55:13,4600 Callaghan Rd,78228,Other Calls,Suspicious Person,5270,WEST,SAPD-2026-1190768,29.474286,-98.602117,1788249313000,http://www.sanantonio.gov/sapd/Calls.aspx,Blue,a tbd link,26,9
09/01/26, 2:52:17,500 Blk River Walk,78215,Other Calls,Patrol By,1110,DOWNTOWN,SAPD-2026-1190756,29.424856,-98.488426,1788249137000,http://www.sanantonio.gov/sapd/Calls.aspx,Blue,a tbd link,26,9
09/01/26, 2:53:16,6900-6956 SAN PEDRO AVE,78216,Other Calls,Patrol By,3310,NORTH,SAPD-2026-1190761,29.507272,-98.499275,1788249196000,http://www.sanantonio.gov/sapd/Calls.aspx,Blue,a tbd link,26,9
09/01/26, 2:59:32,W Commerce St / Sw 39th St,78237,Other Calls,Disturbance,5140,WEST,SAPD-2026-1190777,29.43314,-98.579145,1788249572000,http://www.sanantonio.gov/sapd/Calls.aspx,Blue,a tbd link,26,9
09/01/26, 2:55:09,7800 SOMERSET RD,78211,Other Calls,Patrol By,6330,SOUTH,SAPD-2026-1190765,29.347799,-98.557494,1788249309000,http://www.sanantonio.gov/sapd/Calls.aspx,Blue,a tbd link,26,9
09/01/26, 2:56:45,200 W NUEVA,78207,Other Calls,Patrol By,1120,DOWNTOWN,SAPD-2026-1190773,29.422956,-98.497522,1788249405000,http://www.sanantonio.gov/sapd/Calls.aspx,Blue,a tbd link,26,9
09/01/26, 2:58:44,W Loop 1604 N Sb / Shaenfield Rd,78254,Traffic Calls,Traffic Violation,7360,PRUE,SAPD-2026-1190776,29.515188,-98.69473,1788249524000,http://www.sanantonio.gov/sapd/Calls.aspx,Yellow,a tbd link,26,9
09/01/26, 3:03:17,100 N St Mary's St,78205,Other Calls,Disturbance,1110,DOWNTOWN,SAPD-2026-1190784,29.424819,-98.49155,1788249797000,http://www.sanantonio.gov/sapd/Calls.aspx,Blue,a tbd link,26,9
09/01/26, 3:05:47,Ih 37 S Sb / Southton Rd,78223,Traffic Calls,Traffic Related,6280,SOUTH,SAPD-2026-1190787,29.281765,-98.395857,1788249947000,http://www.sanantonio.gov/sapd/Calls.aspx,Yellow,a tbd link,26,9
09/01/26, 3:14:24,7300 Westglade Place,78227,Other Calls,Disturbance,5170,WEST,SAPD-2026-1190799,29.416135,-98.633818,1788250464000,http://www.sanantonio.gov/sapd/Calls.aspx,Blue,a tbd link,26,9
09/01/26, 3:08:26,16600 Us Hwy 281 N,78232,Property Crime Calls,Burglary in Progress,3140,NORTH,SAPD-2026-1190788,29.594413,-98.472323,1788250106000,http://www.sanantonio.gov/sapd/Calls.aspx,Green,a tbd link,26,9
09/01/26, 3:09:39,1300 Wagner Ave,78211,Other Calls,Suspicious Person,6320,SOUTH,SAPD-2026-1190789,29.364806,-98.538827,1788250179000,http://www.sanantonio.gov/sapd/Calls.aspx,Blue,a tbd link,26,9
09/01/26, 3:12:15,11800 Bandera Rd,78023,Property Crime Calls,Theft,7350,PRUE,SAPD-2026-1190793,29.555214,-98.66757,1788250335000,http://www.sanantonio.gov/sapd/Calls.aspx,Green,a tbd link,26,9
09/01/26, 3:11:20,12500 Sw Loop 410,78224,Other Calls,Disturbance,6160,SOUTH,SAPD-2026-1190791,29.318742,-98.554081,1788250280000,http://www.sanantonio.gov/sapd/Calls.aspx,Blue,a tbd link,26,9
09/01/26, 3:12:01,1009-1099 N ZARZAMORA ST,78207,Traffic Calls,Traffic Related,2320,CENTRAL,SAPD-2026-1190792,29.438409,-98.5257,1788250321000,http://www.sanantonio.gov/sapd/Calls.aspx,Yellow,a tbd link,26,9
09/01/26, 3:14:46,11600 Huebner Rd,78230,Property Crime Calls,Burglary in Progress,7220,PRUE,SAPD-2026-1190798,29.547034,-98.571875,1788250486000,http://www.sanantonio.gov/sapd/Calls.aspx,Green,a tbd link,26,9
09/01/26, 3:14:37,Lone Star Pass,78264,Other Calls,Disturbance,6160,SOUTH,SAPD-2026-1190797,29.267596,-98.538053,1788250477000,http://www.sanantonio.gov/sapd/Calls.aspx,Blue,a tbd link,26,9
09/01/26, 3:17:49,W Hausman Rd / Jv Bacon Pkwy,78249,Other Calls,Welfare Check,7250,PRUE,SAPD-2026-1190801,29.572366,-98.617296,1788250669000,http://www.sanantonio.gov/sapd/Calls.aspx,Blue,a tbd link,26,9
09/01/26, 3:17:20,1300 SAN PEDRO AVE,78212,Other Calls,Patrol By,1220,DOWNTOWN,SAPD-2026-1190800,29.446471,-98.499875,1788250640000,http://www.sanantonio.gov/sapd/Calls.aspx,Blue,a tbd link,26,9
09/01/26, 3:19:42,300 Roslyn Ave,78204,Other Calls,Disturbance Barking Dog,2340,CENTRAL,SAPD-2026-1190804,29.397691,-98.518964,1788250782000,http://www.sanantonio.gov/sapd/Calls.aspx,Blue,a tbd link,26,9
09/01/26, 3:29:33,9000 Jade Cv,78242,Other Calls,Missing Person/Runaway,6340,SOUTH,SAPD-2026-1190818,29.333168,-98.613282,1788251373000,http://www.sanantonio.gov/sapd/Calls.aspx,Blue,a tbd link,26,9
09/01/26, 3:22:05,1100 Leal St,78207,Other Calls,Disturbance Loud Music,2320,CENTRAL,SAPD-2026-1190806,29.434704,-98.519651,1788250925000,http://www.sanantonio.gov/sapd/Calls.aspx,Blue,a tbd link,26,9
09/01/26, 3:23:47,2100 Vera Cruz St,78207,Other Calls,Suspicious Person,2330,CENTRAL,SAPD-2026-1190809,29.417693,-98.526533,1788251027000,http://www.sanantonio.gov/sapd/Calls.aspx,Blue,a tbd link,26,9
09/01/26, 3:27:16,900 Mcilvaine St,78201,Other Calls,Disturbance,2210,CENTRAL,SAPD-2026-1190813,29.473255,-98.508392,1788251236000,http://www.sanantonio.gov/sapd/Calls.aspx,Blue,a tbd link,26,9
09/01/26, 3:24:32,6500-6607 Westfield Dr,78227,Traffic Calls,Officer Traffic Stop,5150,WEST,SAPD-2026-1190810,29.406482,-98.61839,1788251072000,http://www.sanantonio.gov/sapd/Calls.aspx,Yellow,a tbd link,26,9
09/01/26, 3:24:52,7500-7516 POTRANCO RD,78251,Traffic Calls,Traffic Related,5160,WEST,SAPD-2026-1190811,29.454867,-98.634338,1788251092000,http://www.sanantonio.gov/sapd/Calls.aspx,Yellow,a tbd link,26,9
09/01/26, 3:26:54,1800 Lockhill-selma Rd,78213,Crimes Against Person Calls,Fight,3110,NORTH,SAPD-2026-1190812,29.538587,-98.522556,1788251214000,http://www.sanantonio.gov/sapd/Calls.aspx,Red,a tbd link,26,9
09/01/26, 3:28:30,5400 Seahorse Dr,78242,Other Calls,Disturbance Barking Dog,6340,SOUTH,SAPD-2026-1190815,29.331099,-98.610266,1788251310000,http://www.sanantonio.gov/sapd/Calls.aspx,Blue,a tbd link,26,9
09/01/26, 3:30:20,4800 Lord Rd,78220,Other Calls,Disturbance,4240,EAST,SAPD-2026-1190821,29.415126,-98.398731,1788251420000,http://www.sanantonio.gov/sapd/Calls.aspx,Blue,a tbd link,26,9
09/01/26, 3:28:32,600 W COMMERCE ST,78207,Other Calls,Patrol By,1120,DOWNTOWN,SAPD-2026-1190816,29.425687,-98.500257,1788251312000,http://www.sanantonio.gov/sapd/Calls.aspx,Blue,a tbd link,26,9
09/01/26, 3:31:48,4800 Lord Rd,78220,Other Calls,Disturbance,4240,EAST,SAPD-2026-1190822,29.413903,-98.396739,1788251508000,http://www.sanantonio.gov/sapd/Calls.aspx,Blue,a tbd link,26,9
09/01/26, 3:35:28,1800 Thompson Place,78226,Other Calls,Welfare Check,6310,SOUTH,SAPD-2026-1190826,29.397844,-98.560781,1788251728000,http://www.sanantonio.gov/sapd/Calls.aspx,Blue,a tbd link,26,9
09/01/26, 3:36:57,7200 Shady Hollow Ln,78255,Other Calls,Disturbance,7250,PRUE,SAPD-2026-1190832,29.591031,-98.62969,1788251817000,http://www.sanantonio.gov/sapd/Calls.aspx,Blue,a tbd link,26,9
09/01/26, 3:35:59,1500 SALTILLO ST,78207,Other Calls,Patrol By,2350,CENTRAL,SAPD-2026-1190827,29.411714,-98.536347,1788251759000,http://www.sanantonio.gov/sapd/Calls.aspx,Blue,a tbd link,26,9
09/01/26, 3:37:41,100 Interpark Blvd,78216,Other Calls,Wanted Person,3120,NORTH,SAPD-2026-1190836,29.562532,-98.491897,1788251861000,http://www.sanantonio.gov/sapd/Calls.aspx,Blue,a tbd link,26,9
09/01/26, 3:38:26,7200 Shady Hollow Ln,78255,Crimes Against Person Calls,Assault In Progress,7250,PRUE,SAPD-2026-1190833,29.591031,-98.62969,1788251906000,http://www.sanantonio.gov/sapd/Calls.aspx,Red,a tbd link,26,9
09/01/26, 3:39:09,500 Ruiz St,78207,Other Calls,Disturbance,2310,CENTRAL,SAPD-2026-1190835,29.43481,-98.508758,1788251949000,http://www.sanantonio.gov/sapd/Calls.aspx,Blue,a tbd link,26,9
09/01/26, 3:37:20,5700 Rim Pass,78257,Property Crime Calls,Burglary Vehicle In Progress,7260,PRUE,SAPD-2026-1190831,29.602281,-98.598417,1788251840000,http://www.sanantonio.gov/sapd/Calls.aspx,Green,a tbd link,26,9
09/01/26, 3:37:02,100 CAMARON,78205,Other Calls,Patrol By,1120,DOWNTOWN,SAPD-2026-1190829,29.425464,-98.495853,1788251822000,http://www.sanantonio.gov/sapd/Calls.aspx,Blue,a tbd link,26,9
09/01/26, 3:43:05,Ne Loop 410 Eb / Perrin Beitel,78217,Other Calls,Welfare Check,4360,EAST,SAPD-2026-1190841,29.515914,-98.411065,1788252185000,http://www.sanantonio.gov/sapd/Calls.aspx,Blue,a tbd link,26,9
09/01/26, 3:41:24,800 N St Mary's St,78205,Other Calls,Disturbance,1130,DOWNTOWN,SAPD-2026-1190840,29.431874,-98.490101,1788252084000,http://www.sanantonio.gov/sapd/Calls.aspx,Blue,a tbd link,26,9
09/01/26, 3:40:36,200 MERIDA ST,78207,Other Calls,Patrol By,2340,CENTRAL,SAPD-2026-1190837,29.408236,-98.520119,1788252036000,http://www.sanantonio.gov/sapd/Calls.aspx,Blue,a tbd link,26,9
09/01/26, 3:40:49,Thousand Oaks Dr / Henderson Pass,78232,Traffic Calls,Officer Traffic Stop,3140,NORTH,SAPD-2026-1190838,29.586029,-98.451184,1788252049000,http://www.sanantonio.gov/sapd/Calls.aspx,Yellow,a tbd link,26,9
09/01/26, 3:41:09,9000 Hilltop Crossing Dr,78251,Other Calls,Patrol By,5320,WEST,SAPD-2026-1190839,29.474917,-98.660663,1788252069000,http://www.sanantonio.gov/sapd/Calls.aspx,Blue,a tbd link,26,9
09/01/26, 3:44:50,Ne Loop 410 Eb / Austin Hwy,78218,Traffic Calls,Minor Accident,4360,EAST,SAPD-2026-1190844,29.517181,-98.401037,1788252290000,http://www.sanantonio.gov/sapd/Calls.aspx,Yellow,a tbd link,26,9
09/01/26, 3:44:21,5900 Cliffmore,78250,Property Crime Calls,Theft,7370,PRUE,SAPD-2026-1190843,29.493659,-98.683214,1788252261000,http://www.sanantonio.gov/sapd/Calls.aspx,Green,a tbd link,26,9
09/01/26, 3:45:08,LEON CREEK GREENWAY SOUTH LACKLAND,78236,Other Calls,Patrol By,Lackland AFB,SAPD OUTSIDE AREA,SAPD-2026-1190845,29.401029,-98.626619,1788252308000,http://www.sanantonio.gov/sapd/Calls.aspx,Blue,a tbd link,26,9
09/01/26, 3:49:00,8701-8999 Ih 35 N Sb,78218,Traffic Calls,Traffic Related,4330,EAST,SAPD-2026-1190848,29.517266,-98.396286,1788252540000,http://www.sanantonio.gov/sapd/Calls.aspx,Yellow,a tbd link,26,9
09/01/26, 3:52:07,300 Dresden Dr,78213,Other Calls,Assist the Public,2220,CENTRAL,SAPD-2026-1190852,29.498941,-98.517558,1788252727000,http://www.sanantonio.gov/sapd/Calls.aspx,Blue,a tbd link,26,9
09/01/26, 3:51:41,2000 Morales,78207,Other Calls,Disturbance Family,2320,CENTRAL,SAPD-2026-1190851,29.432732,-98.521831,1788252701000,http://www.sanantonio.gov/sapd/Calls.aspx,Blue,a tbd link,26,9
09/01/26, 3:54:08,3200 Bolmore,78223,Other Calls,Welfare Check,4260,EAST,SAPD-2026-1190858,29.364984,-98.437928,1788252848000,http://www.sanantonio.gov/sapd/Calls.aspx,Blue,a tbd link,26,9
09/01/26, 3:48:36,500 S JOSEPHINE TOBIN,78201,Other Calls,Patrol By,5210,WEST,SAPD-2026-1190847,29.451767,-98.535901,1788252516000,http://www.sanantonio.gov/sapd/Calls.aspx,Blue,a tbd link,26,9
09/01/26, 3:52:36,9700 Poteet Jourdanton Fwy,78224,Other Calls,Disturbance,6140,SOUTH,SAPD-2026-1190856,29.321997,-98.554219,1788252756000,http://www.sanantonio.gov/sapd/Calls.aspx,Blue,a tbd link,26,9
09/01/26, 3:54:15,17700 Us Hwy 281 N,78232,Other Calls,Disturbance,3140,NORTH,SAPD-2026-1190859,29.60133,-98.469255,1788252855000,http://www.sanantonio.gov/sapd/Calls.aspx,Blue,a tbd link,26,9
09/01/26, 3:52:24,500 Ruiz St,78207,Other Calls,Disturbance,2310,CENTRAL,SAPD-2026-1190855,29.43481,-98.508758,1788252744000,http://www.sanantonio.gov/sapd/Calls.aspx,Blue,a tbd link,26,9
09/01/26, 3:52:27,9700 Poteet Jourdanton Fwy,78224,Other Calls,SAPD Emergency Call,6140,SOUTH,SAPD-2026-1190853,29.321847,-98.552766,1788252747000,http://www.sanantonio.gov/sapd/Calls.aspx,Blue,a tbd link,26,9
09/01/26, 3:56:37,N0 Loop 410 Eb,78218,Crimes Against Person Calls,Suspicious Vehicle,3230,NORTH,SAPD-2026-1190861,29.521054,-98.395436,1788252997000,http://www.sanantonio.gov/sapd/Calls.aspx,Red,a tbd link,26,9
09/01/26, 3:56:18,Ne Loop 410 / Ih 35 N,78218,Traffic Calls,Traffic Related,3230,NORTH,SAPD-2026-1190860,29.521402,-98.396589,1788252978000,http://www.sanantonio.gov/sapd/Calls.aspx,Yellow,a tbd link,26,9
09/01/26, 3:58:40,5400 Midcrown Dr E,78218,Other Calls,Patrol By,4340,EAST,SAPD-2026-1190863,29.493573,-98.385072,1788253120000,http://www.sanantonio.gov/sapd/Calls.aspx,Blue,a tbd link,26,9
09/01/26, 3:57:43,5800-5828 NW LOOP 410,78238,Traffic Calls,Traffic Related,5270,WEST,SAPD-2026-1190862,29.480057,-98.60494,1788253063000,http://www.sanantonio.gov/sapd/Calls.aspx,Yellow,a tbd link,26,9
09/01/26, 4:00:39,900 W Houston St,78207,Other Calls,Disturbance,2310,CENTRAL,SAPD-2026-1190866,29.427397,-98.504169,1788253239000,http://www.sanantonio.gov/sapd/Calls.aspx,Blue,a tbd link,26,9
09/01/26, 4:04:21,5500 Pecan Springs Rd,78249,Other Calls,Disturbance Family,7230,PRUE,SAPD-2026-1190869,29.578973,-98.593767,1788253461000,http://www.sanantonio.gov/sapd/Calls.aspx,Blue,a tbd link,26,9
09/01/26, 4:04:44,200 Colglazier Ave,78223,Other Calls,Information,4220,EAST,SAPD-2026-1190870,29.372433,-98.439495,1788253484000,http://www.sanantonio.gov/sapd/Calls.aspx,Blue,a tbd link,26,9
09/01/26, 4:01:04,600 Blk River Walk,78215,Other Calls,Patrol By,1110,DOWNTOWN,SAPD-2026-1190867,29.423397,-98.487879,1788253264000,http://www.sanantonio.gov/sapd/Calls.aspx,Blue,a tbd link,26,9
09/01/26, 4:02:49,26200 Timberline Dr,78260,Other Calls,Miscellaneous,NOT SAPD BEX,SAPD OUTSIDE AREA,SAPD-2026-1190873,29.689625,-98.489419,1788253369000,http://www.sanantonio.gov/sapd/Calls.aspx,Blue,a tbd link,26,9
09/01/26, 4:05:14,900 Camaron,78212,Other Calls,Prowler,1220,DOWNTOWN,SAPD-2026-1190872,29.433131,-98.5013,1788253514000,http://www.sanantonio.gov/sapd/Calls.aspx,Blue,a tbd link,26,9
09/01/26, 4:09:15,11400 Vance Jackson,78230,Other Calls,Disturbance Family,7220,PRUE,SAPD-2026-1190877,29.546797,-98.563481,1788253755000,http://www.sanantonio.gov/sapd/Calls.aspx,Blue,a tbd link,26,9
09/01/26, 4:08:22,300 Roslyn Ave,78204,Other Calls,Disturbance Barking Dog,2340,CENTRAL,SAPD-2026-1190875,29.397699,-98.519053,1788253702000,http://www.sanantonio.gov/sapd/Calls.aspx,Blue,a tbd link,26,9
09/01/26, 4:11:42,11500 Culebra Rd,78253,Property Crime Calls,Burglary Vehicle In Progress,5350,WEST,SAPD-2026-1190879,29.501186,-98.7204,1788253902000,http://www.sanantonio.gov/sapd/Calls.aspx,Green,a tbd link,26,9
09/01/26, 4:12:27,3300 Stoney Briar,78247,Crimes Against Person Calls,Assault In Progress,3220,NORTH,SAPD-2026-1190880,29.560351,-98.440142,1788253947000,http://www.sanantonio.gov/sapd/Calls.aspx,Red,a tbd link,26,9
09/01/26, 4:15:26,5400 Callaghan Rd,78228,Other Calls,Disturbance,5260,WEST,SAPD-2026-1190884,29.480263,-98.582822,1788254126000,http://www.sanantonio.gov/sapd/Calls.aspx,Blue,a tbd link,26,9
09/01/26, 4:19:58,4500 Medical Dr,78229,Other Calls,Welfare Check,7130,PRUE,SAPD-2026-1190892,29.507184,-98.578914,1788254398000,http://www.sanantonio.gov/sapd/Calls.aspx,Blue,a tbd link,26,9
09/01/26, 4:13:25,2800 BROADWAY,78209,Other Calls,Patrol By,1230,DOWNTOWN,SAPD-2026-1190881,29.453045,-98.472492,1788254005000,http://www.sanantonio.gov/sapd/Calls.aspx,Blue,a tbd link,26,9
09/01/26, 4:16:00,11600 State Hwy 151,78251,Crimes Against Person Calls,Threats,5350,WEST,SAPD-2026-1190885,29.474167,-98.696117,1788254160000,http://www.sanantonio.gov/sapd/Calls.aspx,Red,a tbd link,26,9
09/01/26, 4:18:26,3400 BROADWAY,78209,Other Calls,Patrol By,1230,DOWNTOWN,SAPD-2026-1190887,29.45775,-98.469064,1788254306000,http://www.sanantonio.gov/sapd/Calls.aspx,Blue,a tbd link,26,9
09/01/26, 4:22:46,400 Endicott St,78214,Other Calls,Suspicious Person,6230,SOUTH,SAPD-2026-1190896,29.35957,-98.5018,1788254566000,http://www.sanantonio.gov/sapd/Calls.aspx,Blue,a tbd link,26,9
09/01/26, 4:24:21,300 Roslyn Ave,78204,Other Calls,Disturbance Barking Dog,2340,CENTRAL,SAPD-2026-1190897,29.397699,-98.519053,1788254661000,http://www.sanantonio.gov/sapd/Calls.aspx,Blue,a tbd link,26,9
09/01/26, 4:22:49,300 E TRAVIS ST,78205,Other Calls,Patrol By,1130,DOWNTOWN,SAPD-2026-1190894,29.427977,-98.489275,1788254569000,http://www.sanantonio.gov/sapd/Calls.aspx,Blue,a tbd link,26,9
09/01/26, 4:31:17,4500 Medical Dr,78229,Other Calls,Welfare Check,7130,PRUE,SAPD-2026-1190905,29.507184,-98.578914,1788255077000,http://www.sanantonio.gov/sapd/Calls.aspx,Blue,a tbd link,26,9
09/01/26, 4:27:04,3600 AVENUE B,78209,Other Calls,Patrol By,1230,DOWNTOWN,SAPD-2026-1190898,29.459902,-98.468736,1788254824000,http://www.sanantonio.gov/sapd/Calls.aspx,Blue,a tbd link,26,9
09/01/26, 4:29:40,11400 Vance Jackson,78230,Property Crime Calls,Burglary in Progress,7220,PRUE,SAPD-2026-1190901,29.546797,-98.563481,1788254980000,http://www.sanantonio.gov/sapd/Calls.aspx,Green,a tbd link,26,9
09/01/26, 4:29:18,11400 Vance Jackson,78230,Other Calls,Disturbance,7220,PRUE,SAPD-2026-1190899,29.546797,-98.563481,1788254958000,http://www.sanantonio.gov/sapd/Calls.aspx,Blue,a tbd link,26,9
09/01/26, 4:31:20,7400 Meadow Cliff,78251,Property Crime Calls,Theft of Vehicle,5320,WEST,SAPD-2026-1190906,29.464681,-98.636967,1788255080000,http://www.sanantonio.gov/sapd/Calls.aspx,Green,a tbd link,26,9
09/01/26, 4:32:50,2000 Ne Loop 410,78217,Other Calls,Welfare Check,3370,NORTH,SAPD-2026-1190909,29.516382,-98.430165,1788255170000,http://www.sanantonio.gov/sapd/Calls.aspx,Blue,a tbd link,26,9
09/01/26, 4:33:04,5400 Midcrown Dr E,78218,Other Calls,Patrol By,4340,EAST,SAPD-2026-1190910,29.493573,-98.385072,1788255184000,http://www.sanantonio.gov/sapd/Calls.aspx,Blue,a tbd link,26,9
09/01/26, 4:30:52,6600 Fm 78,78244,Property Crime Calls,Burglary in Progress,4320,EAST,SAPD-2026-1190904,29.481842,-98.357825,1788255052000,http://www.sanantonio.gov/sapd/Calls.aspx,Green,a tbd link,26,9
09/01/26, 4:33:04,5100 Glen Rdg,78229,Crimes Against Person Calls,Assault In Progress,7140,PRUE,SAPD-2026-1190911,29.491203,-98.589397,1788255184000,http://www.sanantonio.gov/sapd/Calls.aspx,Red,a tbd link,26,9
09/01/26, 4:34:41,5100 Glen Rdg,78229,Crimes Against Person Calls,Fight,7140,PRUE,SAPD-2026-1190912,29.491203,-98.589397,1788255281000,http://www.sanantonio.gov/sapd/Calls.aspx,Red,a tbd link,26,9
09/01/26, 4:36:44,U0 Hwy 90 W,78245,Traffic Calls,Traffic Related,NOT SAPD BEX,SAPD OUTSIDE AREA,SAPD-2026-1190914,29.379121,-98.711856,1788255404000,http://www.sanantonio.gov/sapd/Calls.aspx,Yellow,a tbd link,26,9
09/01/26, 4:38:58,700 Navarro St,78205,Other Calls,Disturbance,1130,DOWNTOWN,SAPD-2026-1190915,29.427882,-98.489964,1788255538000,http://www.sanantonio.gov/sapd/Calls.aspx,Blue,a tbd link,26,9
09/01/26, 4:44:38,5800 Burkley Spgs,78233,Other Calls,Welfare Check,3250,NORTH,SAPD-2026-1190924,29.554142,-98.37326,1788255878000,http://www.sanantonio.gov/sapd/Calls.aspx,Blue,a tbd link,26,9
09/01/26, 4:39:57,2000 W Huisache Ave,78201,Property Crime Calls,Burglary Vehicle,5210,WEST,SAPD-2026-1190918,29.457758,-98.531272,1788255597000,http://www.sanantonio.gov/sapd/Calls.aspx,Green,a tbd link,26,9
09/01/26, 4:41:00,10700 Blk Us Hwy 90 W Eb,78245,Traffic Calls,Major Accident,5340,WEST,SAPD-2026-1190919,29.380948,-98.704418,1788255660000,http://www.sanantonio.gov/sapd/Calls.aspx,Yellow,a tbd link,26,9
09/01/26, 4:39:48,200 S Alamo St,78205,Other Calls,Patrol By,1110,DOWNTOWN,SAPD-2026-1190917,29.422331,-98.4871,1788255588000,http://www.sanantonio.gov/sapd/Calls.aspx,Blue,a tbd link,26,9
09/01/26, 4:43:03,6700 N Loop 1604 E,78247,Other Calls,Welfare Check,3260,NORTH,SAPD-2026-1190922,29.598406,-98.35732,1788255783000,http://www.sanantonio.gov/sapd/Calls.aspx,Blue,a tbd link,26,9
09/01/26, 4:43:26,1500 W Lawndale Dr,78209,Other Calls,Suspicious Person,3330,NORTH,SAPD-2026-1190923,29.509975,-98.469318,1788255806000,http://www.sanantonio.gov/sapd/Calls.aspx,Blue,a tbd link,26,9
09/01/26, 4:41:58,700 CAMARON,78207,Other Calls,Patrol By,1130,DOWNTOWN,SAPD-2026-1190921,29.431675,-98.49792,1788255718000,http://www.sanantonio.gov/sapd/Calls.aspx,Blue,a tbd link,26,9
09/01/26, 4:47:41,585-599 BRACKENRIDGE DR,78212,Other Calls,Patrol By,1230,DOWNTOWN,SAPD-2026-1190925,29.463257,-98.469563,1788256061000,http://www.sanantonio.gov/sapd/Calls.aspx,Blue,a tbd link,26,9
09/01/26, 4:51:50,N St Mary's St / E Euclid Ave,78212,Traffic Calls,Minor Accident,1210,DOWNTOWN,SAPD-2026-1190927,29.442047,-98.485982,1788256310000,http://www.sanantonio.gov/sapd/Calls.aspx,Yellow,a tbd link,26,9
09/01/26, 4:50:20,N Loop 1604 W / Chase Hill Blvd,78249,Other Calls,SAPD Non-Emergency Call,7250,PRUE,SAPD-2026-1190926,29.588418,-98.623891,1788256220000,http://www.sanantonio.gov/sapd/Calls.aspx,Blue,a tbd link,26,9
09/01/26, 4:55:05,7700 Joe Newton,78251,Other Calls,Disturbance,5320,WEST,SAPD-2026-1190930,29.463521,-98.6412,1788256505000,http://www.sanantonio.gov/sapd/Calls.aspx,Blue,a tbd link,26,9
09/01/26, 5:01:06,7700 Joe Newton,78251,Other Calls,Disturbance,5320,WEST,SAPD-2026-1190941,29.46332,-98.640661,1788256866000,http://www.sanantonio.gov/sapd/Calls.aspx,Blue,a tbd link,26,9
09/01/26, 4:55:46,7100 Us Hwy 90 W,78227,Crimes Against Person Calls,Assault In Progress,5150,WEST,SAPD-2026-1190932,29.404758,-98.631636,1788256546000,http://www.sanantonio.gov/sapd/Calls.aspx,Red,a tbd link,26,9
09/01/26, 4:57:22,4500 Medical Dr,78229,Crimes Against Person Calls,Assault,7130,PRUE,SAPD-2026-1190934,29.507184,-98.578914,1788256642000,http://www.sanantonio.gov/sapd/Calls.aspx,Red,a tbd link,26,9
09/01/26, 4:57:16,Rigsby Ave / S New Braunfels Ave,78210,Other Calls,Welfare Check,4150,EAST,SAPD-2026-1190933,29.398453,-98.461238,1788256636000,http://www.sanantonio.gov/sapd/Calls.aspx,Blue,a tbd link,26,9
09/01/26, 4:58:12,900 Bitters Rd,78232,Other Calls,Suspicious Person,3130,NORTH,SAPD-2026-1190935,29.561944,-98.479242,1788256692000,http://www.sanantonio.gov/sapd/Calls.aspx,Blue,a tbd link,26,9
09/01/26, 4:59:28,800 Lovera Blvd,78201,Other Calls,Patrol By,2220,CENTRAL,SAPD-2026-1190938,29.483811,-98.508145,1788256768000,http://www.sanantonio.gov/sapd/Calls.aspx,Blue,a tbd link,26,9
09/01/26, 4:59:25,1300 Gardina St,78201,Crimes Against Person Calls,Suspicious Vehicle,5230,WEST,SAPD-2026-1190937,29.479509,-98.53591,1788256765000,http://www.sanantonio.gov/sapd/Calls.aspx,Red,a tbd link,26,9
09/01/26, 5:06:28,5700 North Knoll,78240,Other Calls,Welfare Check,7160,PRUE,SAPD-2026-1190946,29.51159,-98.599578,1788257188000,http://www.sanantonio.gov/sapd/Calls.aspx,Blue,a tbd link,26,9
09/01/26, 5:08:35,3900 Fredericksburg Rd,78201,Property Crime Calls,Theft of Vehicle,5230,WEST,SAPD-2026-1190949,29.482922,-98.545818,1788257315000,http://www.sanantonio.gov/sapd/Calls.aspx,Green,a tbd link,26,9
09/01/26, 5:07:12,2000 Amerada,78237,Property Crime Calls,Burglary Vehicle,5120,WEST,SAPD-2026-1190948,29.408029,-98.55577,1788257232000,http://www.sanantonio.gov/sapd/Calls.aspx,Green,a tbd link,26,9
09/01/26, 5:10:07,3500 Se Military Dr,78223,Traffic Calls,Minor Accident,4260,EAST,SAPD-2026-1190951,29.3524,-98.4264,1788257407000,http://www.sanantonio.gov/sapd/Calls.aspx,Yellow,a tbd link,26,9
09/01/26, 5:19:36,1100 Leal St,78207,Other Calls,Ordinance Violation,2320,CENTRAL,SAPD-2026-1190985,29.434704,-98.519651,1788257976000,http://www.sanantonio.gov/sapd/Calls.aspx,Blue,a tbd link,26,9
09/01/26, 5:12:54,7000 Westfield Dr,78227,Other Calls,Disturbance,5150,WEST,SAPD-2026-1190954,29.405513,-98.630242,1788257574000,http://www.sanantonio.gov/sapd/Calls.aspx,Blue,a tbd link,26,9
09/01/26, 5:13:56,2600 Nw Loop 410,78230,Property Crime Calls,Panhandler,2230,CENTRAL,SAPD-2026-1190956,29.511181,-98.535158,1788257636000,http://www.sanantonio.gov/sapd/Calls.aspx,Green,a tbd link,26,9
09/01/26, 5:14:43,6900 Military Dr W,78227,Other Calls,Disturbance,5150,WEST,SAPD-2026-1190957,29.406753,-98.629161,1788257683000,http://www.sanantonio.gov/sapd/Calls.aspx,Blue,a tbd link,26,9
09/01/26, 5:15:31,Ih 35 N Nb / Walzem Rd,78218,Traffic Calls,Traffic Related,4330,EAST,SAPD-2026-1190959,29.510274,-98.397684,1788257731000,http://www.sanantonio.gov/sapd/Calls.aspx,Yellow,a tbd link,26,9
09/01/26, 5:15:18,I0 10 E,78154,Traffic Calls,Minor Accident,4310,EAST,SAPD-2026-1190958,29.487891,-98.225346,1788257718000,http://www.sanantonio.gov/sapd/Calls.aspx,Yellow,a tbd link,26,9
09/01/26, 5:15:40,400 LEXINGTON AVE,78215,Other Calls,Patrol By,1130,DOWNTOWN,SAPD-2026-1190960,29.434246,-98.490671,1788257740000,http://www.sanantonio.gov/sapd/Calls.aspx,Blue,a tbd link,26,9
09/01/26, 5:22:04,5500 Pecan Springs Rd,78249,Crimes Against Person Calls,Assault,7230,PRUE,SAPD-2026-1190967,29.578814,-98.594533,1788258124000,http://www.sanantonio.gov/sapd/Calls.aspx,Red,a tbd link,26,9
09/01/26, 5:26:48,100 Casanova,78207,Other Calls,Patrol By,2330,CENTRAL,SAPD-2026-1190975,29.415542,-98.51604,1788258408000,http://www.sanantonio.gov/sapd/Calls.aspx,Blue,a tbd link,26,9
09/01/26, 5:18:26,1500 W Sunshine,78228,Property Crime Calls,Criminal Mischief In Progress,5250,WEST,SAPD-2026-1190965,29.469153,-98.573056,1788257906000,http://www.sanantonio.gov/sapd/Calls.aspx,Green,a tbd link,26,9
09/01/26, 5:18:12,N0 LOOP 410 ACCESS RD,78216,Traffic Calls,Minor Accident,3350,NORTH,SAPD-2026-1190964,29.527738,-98.483368,1788257892000,http://www.sanantonio.gov/sapd/Calls.aspx,Yellow,a tbd link,26,9
09/01/26, 5:21:09,800 N CHERRY ST,78202,Other Calls,Patrol By,1130,DOWNTOWN,SAPD-2026-1190966,29.430628,-98.476804,1788258069000,http://www.sanantonio.gov/sapd/Calls.aspx,Blue,a tbd link,26,9
09/01/26, 5:22:25,200 NOLAN ST,78205,Other Calls,Patrol By,1130,DOWNTOWN,SAPD-2026-1190968,29.427376,-98.479958,1788258145000,http://www.sanantonio.gov/sapd/Calls.aspx,Blue,a tbd link,26,9
09/01/26, 5:24:22,800 Alametos St,78212,Other Calls,Disturbance Family,2210,CENTRAL,SAPD-2026-1190970,29.476931,-98.506537,1788258262000,http://www.sanantonio.gov/sapd/Calls.aspx,Blue,a tbd link,26,9
09/01/26, 5:22:38,Cupples Rd / Roselawn,78226,Traffic Calls,Officer Traffic Stop,6310,SOUTH,SAPD-2026-1190969,29.389928,-98.55021,1788258158000,http://www.sanantonio.gov/sapd/Calls.aspx,Yellow,a tbd link,26,9
09/01/26, 5:26:26,Nw Loop 410 / Bandera Rd,78238,Other Calls,Welfare Check,5270,WEST,SAPD-2026-1190974,29.482451,-98.599652,1788258386000,http://www.sanantonio.gov/sapd/Calls.aspx,Blue,a tbd link,26,9
09/01/26, 5:24:58,800 Alametos St,78212,Other Calls,Fire,2210,CENTRAL,SAPD-2026-1190971,29.476931,-98.506537,1788258298000,http://www.sanantonio.gov/sapd/Calls.aspx,Blue,a tbd link,26,9
09/01/26, 5:24:59,Ih 10 E Eb / Fm 1516 N,78109,Traffic Calls,Traffic Related,4310,EAST,SAPD-2026-1190972,29.45862,-98.317283,1788258299000,http://www.sanantonio.gov/sapd/Calls.aspx,Yellow,a tbd link,26,9
09/01/26, 5:29:45,2400 E Houston St,78202,Other Calls,Welfare Check,4130,EAST,SAPD-2026-1190979,29.425068,-98.456441,1788258585000,http://www.sanantonio.gov/sapd/Calls.aspx,Blue,a tbd link,26,9
09/01/26, 5:29:41,1600 Rob Roy Ln,78251,Other Calls,Welfare Check,5360,WEST,SAPD-2026-1190978,29.455653,-98.707313,1788258581000,http://www.sanantonio.gov/sapd/Calls.aspx,Blue,a tbd link,26,9
09/01/26, 5:28:33,Hancock / E Mayfield Blvd,78214,Other Calls,Disturbance,6230,SOUTH,SAPD-2026-1190977,29.361629,-98.49558,1788258513000,http://www.sanantonio.gov/sapd/Calls.aspx,Blue,a tbd link,26,9
09/01/26, 5:28:04,5300 Roosevelt Ave,78214,Other Calls,SAPD Non-Emergency Call,6250,SOUTH,SAPD-2026-1190976,29.322719,-98.478789,1788258484000,http://www.sanantonio.gov/sapd/Calls.aspx,Blue,a tbd link,26,9
09/01/26, 5:31:30,100 Dallas St,78205,Other Calls,DOA,1130,DOWNTOWN,SAPD-2026-1190980,29.433825,-98.492242,1788258690000,http://www.sanantonio.gov/sapd/Calls.aspx,Blue,a tbd link,26,9
09/01/26, 5:35:46,13500 West Ave,78216,Other Calls,Patrol By,3120,NORTH,SAPD-2026-1190983,29.568052,-98.490446,1788258946000,http://www.sanantonio.gov/sapd/Calls.aspx,Blue,a tbd link,26,9
09/01/26, 5:33:07,600 HEMISFAIR PLAZA WAY,78205,Other Calls,Patrol By,1110,DOWNTOWN,SAPD-2026-1190982,29.4192,-98.484835,1788258787000,http://www.sanantonio.gov/sapd/Calls.aspx,Blue,a tbd link,26,9
09/01/26, 5:37:02,Ih 35 N / Eisenhauer Rd,78218,Other Calls,Welfare Check,4350,EAST,SAPD-2026-1190984,29.496541,-98.401012,1788259022000,http://www.sanantonio.gov/sapd/Calls.aspx,Blue,a tbd link,26,9
09/01/26, 5:42:12,Nw 25th St / Delgado St,78228,Other Calls,Welfare Check,2360,CENTRAL,SAPD-2026-1190990,29.440102,-98.542607,1788259332000,http://www.sanantonio.gov/sapd/Calls.aspx,Blue,a tbd link,26,9
09/01/26, 5:42:18,3200-3314 SW MILITARY DR,78211,Traffic Calls,Traffic Related,6320,SOUTH,SAPD-2026-1190989,29.357467,-98.550803,1788259338000,http://www.sanantonio.gov/sapd/Calls.aspx,Yellow,a tbd link,26,9
09/01/26, 5:46:13,6900 Military Dr W,78227,Other Calls,Suspicious Person,5150,WEST,SAPD-2026-1190993,29.405617,-98.629172,1788259573000,http://www.sanantonio.gov/sapd/Calls.aspx,Blue,a tbd link,26,9
09/01/26, 5:50:52,300 W Cevallos St,78204,Other Calls,Disturbance,1140,DOWNTOWN,SAPD-2026-1190995,29.411195,-98.504344,1788259852000,http://www.sanantonio.gov/sapd/Calls.aspx,Blue,a tbd link,26,9
09/01/26, 5:50:41,12200 Vance Jackson,78230,Crimes Against Person Calls,Assault In Progress,7230,PRUE,SAPD-2026-1190996,29.555256,-98.57549,1788259841000,http://www.sanantonio.gov/sapd/Calls.aspx,Red,a tbd link,26,9
09/01/26, 5:52:45,200 Colglazier Ave,78223,Other Calls,Patrol By,4220,EAST,SAPD-2026-1190998,29.372433,-98.439495,1788259965000,http://www.sanantonio.gov/sapd/Calls.aspx,Blue,a tbd link,26,9
09/01/26, 5:55:33,3200 Bolmore,78223,Other Calls,Miscellaneous,4260,EAST,SAPD-2026-1191003,29.364984,-98.437928,1788260133000,http://www.sanantonio.gov/sapd/Calls.aspx,Blue,a tbd link,26,9
09/01/26, 5:53:46,4300 Stephanie,78237,Other Calls,Suspicious Person,5140,WEST,SAPD-2026-1190999,29.430909,-98.572413,1788260026000,http://www.sanantonio.gov/sapd/Calls.aspx,Blue,a tbd link,26,9
09/01/26, 5:54:02,11200 State Hwy 151,78251,Other Calls,DOA,5360,WEST,SAPD-2026-1191002,29.467225,-98.696111,1788260042000,http://www.sanantonio.gov/sapd/Calls.aspx,Blue,a tbd link,26,9
09/01/26, 5:59:05,Chico / Margil,78225,Other Calls,Welfare Check,6110,SOUTH,SAPD-2026-1191011,29.392847,-98.516141,1788260345000,http://www.sanantonio.gov/sapd/Calls.aspx,Blue,a tbd link,26,9
09/01/26, 5:58:24,3900 Fredericksburg Rd,78201,Other Calls,Injured/Sick Person,5230,WEST,SAPD-2026-1191006,29.484031,-98.54589,1788260304000,http://www.sanantonio.gov/sapd/Calls.aspx,Blue,a tbd link,26,9
09/01/26, 6:00:51,300 W Cheryl Dr,78228,Other Calls,Suspicious Person,5220,WEST,SAPD-2026-1191009,29.463,-98.568612,1788260451000,http://www.sanantonio.gov/sapd/Calls.aspx,Blue,a tbd link,26,9
09/01/26, 6:01:03,1200 Roosevelt Ave,78210,Other Calls,Disturbance,6220,SOUTH,SAPD-2026-1191010,29.392253,-98.486514,1788260463000,http://www.sanantonio.gov/sapd/Calls.aspx,Blue,a tbd link,26,9
09/01/26, 6:10:11,Merton Minter / Wurzbach Rd,78229,Traffic Calls,Traffic Related,7130,PRUE,SAPD-2026-1191016,29.508422,-98.580963,1788261011000,http://www.sanantonio.gov/sapd/Calls.aspx,Yellow,a tbd link,26,9
09/01/26, 6:11:30,10100 Fischer Rd,78073,Crimes Against Person Calls,Suspicious Vehicle,6340,SOUTH,SAPD-2026-1191020,29.320432,-98.625503,1788261090000,http://www.sanantonio.gov/sapd/Calls.aspx,Red,a tbd link,26,9
09/01/26, 6:10:43,6900 N Loop 1604 E,78247,Other Calls,Injured/Sick Person,3260,NORTH,SAPD-2026-1191017,29.592251,-98.353494,1788261043000,http://www.sanantonio.gov/sapd/Calls.aspx,Blue,a tbd link,26,9
09/01/26, 6:11:13,Babcock Rd / N Loop 1604 W Nb,78249,Traffic Calls,Traffic Related,7250,PRUE,SAPD-2026-1191019,29.586982,-98.631227,1788261073000,http://www.sanantonio.gov/sapd/Calls.aspx,Yellow,a tbd link,26,9
09/01/26, 6:20:28,8600 Jones Maltsberger Rd,78216,Other Calls,Patrol By,3320,NORTH,SAPD-2026-1191047,29.518128,-98.484008,1788261628000,http://www.sanantonio.gov/sapd/Calls.aspx,Blue,a tbd link,26,9
09/01/26, 6:15:48,W Hausman Rd / N Loop 1604 W Nb,78249,Traffic Calls,Traffic Related,7350,PRUE,SAPD-2026-1191030,29.570006,-98.651235,1788261348000,http://www.sanantonio.gov/sapd/Calls.aspx,Yellow,a tbd link,26,9
09/01/26, 6:12:42,Cliffbrier / Timber Path,78250,Traffic Calls,Major Accident,7370,PRUE,SAPD-2026-1191022,29.493173,-98.680741,1788261162000,http://www.sanantonio.gov/sapd/Calls.aspx,Yellow,a tbd link,26,9
09/01/26, 6:13:57,7500-7898 N Loop 1604 W Nb,78249,Traffic Calls,Traffic Related,7250,PRUE,SAPD-2026-1191023,29.58389,-98.638658,1788261237000,http://www.sanantonio.gov/sapd/Calls.aspx,Yellow,a tbd link,26,9
09/01/26, 6:15:29,2400 Babcock Rd,78229,Other Calls,Disturbance,7160,PRUE,SAPD-2026-1191029,29.506198,-98.58585,1788261329000,http://www.sanantonio.gov/sapd/Calls.aspx,Blue,a tbd link,26,9
09/01/26, 6:14:49,6200 S Flores St,78214,Other Calls,Disturbance,6230,SOUTH,SAPD-2026-1191026,29.36245,-98.493386,1788261289000,http://www.sanantonio.gov/sapd/Calls.aspx,Blue,a tbd link,26,9
09/01/26, 6:21:45,11800 West Ave,78216,Property Crime Calls,Theft of Vehicle,3120,NORTH,SAPD-2026-1191041,29.55012,-98.505967,1788261705000,http://www.sanantonio.gov/sapd/Calls.aspx,Green,a tbd link,26,9
09/01/26, 6:17:21,N Loop 1604 W Nb / Bandera Rd,78250,Traffic Calls,Traffic Related,7350,PRUE,SAPD-2026-1191031,29.553561,-98.667068,1788261441000,http://www.sanantonio.gov/sapd/Calls.aspx,Yellow,a tbd link,26,9
09/01/26, 6:18:16,W Hausman Rd / N Loop 1604 W Nb,78249,Traffic Calls,Traffic Related,7350,PRUE,SAPD-2026-1191032,29.570006,-98.651235,1788261496000,http://www.sanantonio.gov/sapd/Calls.aspx,Yellow,a tbd link,26,9
09/01/26, 6:27:52,11400 Vance Jackson,78230,Other Calls,Disturbance,7220,PRUE,SAPD-2026-1191055,29.546797,-98.563481,1788262072000,http://www.sanantonio.gov/sapd/Calls.aspx,Blue,a tbd link,26,9
09/01/26, 6:20:42,Loop 1604 N Onrp Braun Rd,78254,Traffic Calls,Traffic Related,7360,PRUE,SAPD-2026-1191038,29.54738,-98.672721,1788261642000,http://www.sanantonio.gov/sapd/Calls.aspx,Yellow,a tbd link,26,9
09/01/26, 6:18:55,3200 Nacogdoches Rd,78217,Other Calls,SAPD Emergency Call,3360,NORTH,SAPD-2026-1191033,29.528124,-98.435589,1788261535000,http://www.sanantonio.gov/sapd/Calls.aspx,Blue,a tbd link,26,9
09/01/26, 6:20:46,Loop 1604 S,78245,Traffic Calls,Traffic Related,5340,WEST,SAPD-2026-1191040,29.380358,-98.700263,1788261646000,http://www.sanantonio.gov/sapd/Calls.aspx,Yellow,a tbd link,26,9
09/01/26, 6:20:57,N Loop 1604 W Nb / Babcock Rd,78249,Traffic Calls,Traffic Related,7250,PRUE,SAPD-2026-1191039,29.586982,-98.631227,1788261657000,http://www.sanantonio.gov/sapd/Calls.aspx,Yellow,a tbd link,26,9
09/01/26, 6:22:41,Bandera Rd / W Loop 1604 N,78250,Traffic Calls,Traffic Related,7360,PRUE,SAPD-2026-1191043,29.553107,-98.666824,1788261761000,http://www.sanantonio.gov/sapd/Calls.aspx,Yellow,a tbd link,26,9
09/01/26, 6:24:52,US HWY 90 W / STATE HWY 211,78245,Traffic Calls,Minor Accident,NOT SAPD BEX,SAPD OUTSIDE AREA,SAPD-2026-1191048,29.374703,-98.764483,1788261892000,http://www.sanantonio.gov/sapd/Calls.aspx,Yellow,a tbd link,26,9
09/01/26, 6:24:25,Loop 1604 W Nb,78249,Traffic Calls,Traffic Related,7250,PRUE,SAPD-2026-1191044,29.590552,-98.60037,1788261865000,http://www.sanantonio.gov/sapd/Calls.aspx,Yellow,a tbd link,26,9
09/01/26, 6:25:46,1300 Gardina St,78201,Other Calls,Suspicious Person,5230,WEST,SAPD-2026-1191051,29.479509,-98.53591,1788261946000,http://www.sanantonio.gov/sapd/Calls.aspx,Blue,a tbd link,26,9
09/01/26, 6:29:57,5000 Kenton Trace,78240,Other Calls,Disturbance Family,7150,PRUE,SAPD-2026-1191062,29.523715,-98.586944,1788262197000,http://www.sanantonio.gov/sapd/Calls.aspx,Blue,a tbd link,26,9
09/01/26, 6:26:58,7500 Nw Loop 410,78238,Other Calls,Disturbance,5160,WEST,SAPD-2026-1191052,29.442471,-98.637275,1788262018000,http://www.sanantonio.gov/sapd/Calls.aspx,Blue,a tbd link,26,9
09/01/26, 6:27:18,2900 Sw Military Dr,78224,Other Calls,Disturbance,6330,SOUTH,SAPD-2026-1191053,29.356923,-98.54492,1788262038000,http://www.sanantonio.gov/sapd/Calls.aspx,Blue,a tbd link,26,9
09/01/26, 6:32:00,3700 Twining Dr,78211,Other Calls,Suspicious Person,6140,SOUTH,SAPD-2026-1191066,29.324541,-98.567434,1788262320000,http://www.sanantonio.gov/sapd/Calls.aspx,Blue,a tbd link,26,9
09/01/26, 6:29:10,N ST MARY'S ST / E QUINCY ST,78215,Other Calls,Patrol By,1130,DOWNTOWN,SAPD-2026-1191059,29.439914,-98.485199,1788262150000,http://www.sanantonio.gov/sapd/Calls.aspx,Blue,a tbd link,26,9
09/01/26, 6:31:27,9500 Airport Blvd,78216,Other Calls,Miscellaneous,SAT1,AIRPORT,SAPD-2026-1191064,29.526536,-98.473271,1788262287000,http://www.sanantonio.gov/sapd/Calls.aspx,Blue,a tbd link,26,9
09/01/26, 6:32:30,9800 Airport Blvd,78216,Traffic Calls,Abandoned Vehicle,SAT1,AIRPORT,SAPD-2026-1191069,29.526619,-98.471844,1788262350000,http://www.sanantonio.gov/sapd/Calls.aspx,Yellow,a tbd link,26,9
09/01/26, 6:32:38,4900 Flipper Dr,78238,Traffic Calls,Traffic Violation,5310,WEST,SAPD-2026-1191068,29.480049,-98.614893,1788262358000,http://www.sanantonio.gov/sapd/Calls.aspx,Yellow,a tbd link,26,9
09/01/26, 6:36:03,3000 Roosevelt Ave,78214,Other Calls,Welfare Check,6220,SOUTH,SAPD-2026-1191073,29.367744,-98.48041,1788262563000,http://www.sanantonio.gov/sapd/Calls.aspx,Blue,a tbd link,26,9
09/01/26, 6:38:22,Rowe Dr / Thousand Oaks Dr,78247,Traffic Calls,Traffic Related,3220,NORTH,SAPD-2026-1191075,29.568918,-98.431506,1788262702000,http://www.sanantonio.gov/sapd/Calls.aspx,Yellow,a tbd link,26,9
09/01/26, 6:39:33,300 San Pedro Ave,78212,Other Calls,Disturbance,1210,DOWNTOWN,SAPD-2026-1191076,29.436173,-98.495767,1788262773000,http://www.sanantonio.gov/sapd/Calls.aspx,Blue,a tbd link,26,9
09/01/26, 6:39:41,2500-2798 Ih 35 S Nb,78204,Traffic Calls,Minor Accident,1140,DOWNTOWN,SAPD-2026-1191082,29.399013,-98.511335,1788262781000,http://www.sanantonio.gov/sapd/Calls.aspx,Yellow,a tbd link,26,9
09/01/26, 6:41:50,8100 W Loop 1604 N,78254,Other Calls,Injured/Sick Person,7360,PRUE,SAPD-2026-1191081,29.515794,-98.6956,1788262910000,http://www.sanantonio.gov/sapd/Calls.aspx,Blue,a tbd link,26,9
09/01/26, 6:45:20,200 W Sunset Rd,78209,Other Calls,DOA,3330,NORTH,SAPD-2026-1191088,29.506648,-98.469789,1788263120000,http://www.sanantonio.gov/sapd/Calls.aspx,Blue,a tbd link,26,9
09/01/26, 6:41:35,Kyle Seale Pkwy / N Loop 1604 W Nb,78249,Traffic Calls,Traffic Related,7350,PRUE,SAPD-2026-1191078,29.57738,-98.644817,1788262895000,http://www.sanantonio.gov/sapd/Calls.aspx,Yellow,a tbd link,26,9
09/01/26, 6:42:22,200 W Sunset Rd,78209,Other Calls,DOA,3330,NORTH,SAPD-2026-1191080,29.506777,-98.469494,1788262942000,http://www.sanantonio.gov/sapd/Calls.aspx,Blue,a tbd link,26,9
09/01/26, 6:44:13,700 S Medina,78207,Other Calls,Suspicious Person,2370,CENTRAL,SAPD-2026-1191086,29.419242,-98.505644,1788263053000,http://www.sanantonio.gov/sapd/Calls.aspx,Blue,a tbd link,26,9
09/01/26, 6:47:30,6000 Montgomery Dr,78239,Other Calls,Disturbance,4330,EAST,SAPD-2026-1191095,29.510986,-98.368844,1788263250000,http://www.sanantonio.gov/sapd/Calls.aspx,Blue,a tbd link,26,9
09/01/26, 6:47:26,19100 Ih 10 W,78257,Other Calls,Suspicious Person,7260,PRUE,SAPD-2026-1191094,29.619522,-98.607484,1788263246000,http://www.sanantonio.gov/sapd/Calls.aspx,Blue,a tbd link,26,9
09/01/26, 6:51:09,8800 Starcrest Dr,78217,Property Crime Calls,Theft of Vehicle,3370,NORTH,SAPD-2026-1191106,29.521439,-98.421831,1788263469000,http://www.sanantonio.gov/sapd/Calls.aspx,Green,a tbd link,26,9
09/01/26, 6:45:39,600 W COMMERCE ST,78207,Other Calls,Patrol By,1120,DOWNTOWN,SAPD-2026-1191089,29.425687,-98.500257,1788263139000,http://www.sanantonio.gov/sapd/Calls.aspx,Blue,a tbd link,26,9
09/01/26, 6:46:01,300 W MITCHELL ST,78204,Other Calls,Patrol By,6210,SOUTH,SAPD-2026-1191091,29.393294,-98.496914,1788263161000,http://www.sanantonio.gov/sapd/Calls.aspx,Blue,a tbd link,26,9
09/01/26, 6:48:58,N Loop 1604 W Nb / Bandera Rd,78250,Traffic Calls,Traffic Related,7350,PRUE,SAPD-2026-1191100,29.553561,-98.667068,1788263338000,http://www.sanantonio.gov/sapd/Calls.aspx,Yellow,a tbd link,26,9
09/01/26, 6:49:09,400 Kraft St,78219,Other Calls,Welfare Check,4160,EAST,SAPD-2026-1191101,29.421111,-98.442222,1788263349000,http://www.sanantonio.gov/sapd/Calls.aspx,Blue,a tbd link,26,9
09/01/26, 6:53:34,100 Brackenridge Ave,78215,Other Calls,Suspicious Person,1230,DOWNTOWN,SAPD-2026-1191111,29.451844,-98.472177,1788263614000,http://www.sanantonio.gov/sapd/Calls.aspx,Blue,a tbd link,26,9
09/01/26, 6:47:21,2800 Sierra Salinas,78259,Other Calls,Patrol By,3150,NORTH,SAPD-2026-1191093,29.63628,-98.433808,1788263241000,http://www.sanantonio.gov/sapd/Calls.aspx,Blue,a tbd link,26,9
09/01/26, 6:47:31,16500 Us Hwy 281 N,78232,Other Calls,Patrol By,3140,NORTH,SAPD-2026-1191096,29.592725,-98.471841,1788263251000,http://www.sanantonio.gov/sapd/Calls.aspx,Blue,a tbd link,26,9
09/01/26, 6:47:41,1200 Scenic Knoll,78258,Other Calls,Patrol By,3160,NORTH,SAPD-2026-1191097,29.632389,-98.48696,1788263261000,http://www.sanantonio.gov/sapd/Calls.aspx,Blue,a tbd link,26,9
09/01/26, 6:47:50,10 Champion Trl,78258,Other Calls,Patrol By,3170,NORTH,SAPD-2026-1191098,29.65176,-98.483306,1788263270000,http://www.sanantonio.gov/sapd/Calls.aspx,Blue,a tbd link,26,9
09/01/26, 6:49:48,8200 Bronco Ln,78227,Other Calls,Welfare Check,5170,WEST,SAPD-2026-1191102,29.409851,-98.64826,1788263388000,http://www.sanantonio.gov/sapd/Calls.aspx,Blue,a tbd link,26,9
09/01/26, 6:55:19,3300 Se Military Dr,78235,Other Calls,Miscellaneous,6270,SOUTH,SAPD-2026-1191115,29.348258,-98.433573,1788263719000,http://www.sanantonio.gov/sapd/Calls.aspx,Blue,a tbd link,26,9
09/01/26, 6:50:12,10000 S Zarzamora St,78224,Other Calls,Disturbance,6160,SOUTH,SAPD-2026-1191104,29.31855,-98.532052,1788263412000,http://www.sanantonio.gov/sapd/Calls.aspx,Blue,a tbd link,26,9
09/01/26, 6:50:51,11600 Ih 35 N,78233,Traffic Calls,Minor Accident,3230,NORTH,SAPD-2026-1191105,29.545946,-98.36913,1788263451000,http://www.sanantonio.gov/sapd/Calls.aspx,Yellow,a tbd link,26,9
09/01/26, 6:52:27,100 Powell,78204,Traffic Calls,Minor Accident,1140,DOWNTOWN,SAPD-2026-1191108,29.402418,-98.510162,1788263547000,http://www.sanantonio.gov/sapd/Calls.aspx,Yellow,a tbd link,26,9
09/01/26, 6:52:35,8400 Country Village,78209,Other Calls,Information,3330,NORTH,SAPD-2026-1191109,29.514377,-98.469453,1788263555000,http://www.sanantonio.gov/sapd/Calls.aspx,Blue,a tbd link,26,9
09/01/26, 6:53:57,7100 Snowden Rd,78240,Other Calls,Disturbance Family,7140,PRUE,SAPD-2026-1191113,29.501436,-98.5895,1788263637000,http://www.sanantonio.gov/sapd/Calls.aspx,Blue,a tbd link,26,9
09/01/26, 6:55:56,3900 Eisenhauer Rd,78218,Other Calls,Suspicious Person,4360,EAST,SAPD-2026-1191117,29.497747,-98.419758,1788263756000,http://www.sanantonio.gov/sapd/Calls.aspx,Blue,a tbd link,26,9
09/01/26, 6:55:57,4700 El Vedado St,78233,Other Calls,Assist the Public,3210,NORTH,SAPD-2026-1191116,29.552009,-98.399303,1788263757000,http://www.sanantonio.gov/sapd/Calls.aspx,Blue,a tbd link,26,9
09/01/26, 6:58:12,3500 Magic Dr,78229,Other Calls,Fire,7110,PRUE,SAPD-2026-1191122,29.503188,-98.555697,1788263892000,http://www.sanantonio.gov/sapd/Calls.aspx,Blue,a tbd link,26,9
09/01/26, 6:57:06,3300 Sw Military Dr,78211,Property Crime Calls,Burglary Vehicle In Progress,6330,SOUTH,SAPD-2026-1191120,29.357666,-98.552945,1788263826000,http://www.sanantonio.gov/sapd/Calls.aspx,Green,a tbd link,26,9
09/01/26, 7:00:14,200 W Sunset Rd,78209,Other Calls,DOA,3330,NORTH,SAPD-2026-1191127,29.506648,-98.469789,1788264014000,http://www.sanantonio.gov/sapd/Calls.aspx,Blue,a tbd link,26,9
09/01/26, 7:00:15,100 Club Dr,78201,Other Calls,Disturbance,5230,WEST,SAPD-2026-1191128,29.465743,-98.527782,1788264015000,http://www.sanantonio.gov/sapd/Calls.aspx,Blue,a tbd link,26,9
09/01/26, 7:05:52,2600 Westward Dr,78227,Property Crime Calls,Criminal Mischief,5150,WEST,SAPD-2026-1191140,29.403619,-98.633386,1788264352000,http://www.sanantonio.gov/sapd/Calls.aspx,Green,a tbd link,26,9
09/01/26, 6:59:51,601-699 W COMMERCE ST,78207,Other Calls,Patrol By,1120,DOWNTOWN,SAPD-2026-1191125,29.42576,-98.500948,1788263991000,http://www.sanantonio.gov/sapd/Calls.aspx,Blue,a tbd link,26,9
09/01/26, 7:00:09,700-798 N HACKBERRY ST,78202,Other Calls,Patrol By,4110,EAST,SAPD-2026-1191126,29.42832,-98.47326,1788264009000,http://www.sanantonio.gov/sapd/Calls.aspx,Blue,a tbd link,26,9
09/01/26, 7:02:41,100 Ascot,78224,Property Crime Calls,Criminal Mischief In Progress,6130,SOUTH,SAPD-2026-1191134,29.357982,-98.528724,1788264161000,http://www.sanantonio.gov/sapd/Calls.aspx,Green,a tbd link,26,9
09/01/26, 7:02:41,600 W Southcross Blvd,78221,Other Calls,Disturbance,6210,SOUTH,SAPD-2026-1191132,29.368259,-98.517242,1788264161000,http://www.sanantonio.gov/sapd/Calls.aspx,Blue,a tbd link,26,9
09/01/26, 7:02:00,7900 Ih 35 S,78224,Traffic Calls,Officer Traffic Stop,6330,SOUTH,SAPD-2026-1191131,29.353052,-98.539092,1788264120000,http://www.sanantonio.gov/sapd/Calls.aspx,Yellow,a tbd link,26,9
09/01/26, 7:05:01,5500 Ghost Hawk,78242,Other Calls,Welfare Check,6340,SOUTH,SAPD-2026-1191137,29.340012,-98.607296,1788264301000,http://www.sanantonio.gov/sapd/Calls.aspx,Blue,a tbd link,26,9
09/01/26, 7:03:42,300 W Quill Dr,78228,Traffic Calls,Major Accident,5250,WEST,SAPD-2026-1191135,29.466157,-98.576966,1788264222000,http://www.sanantonio.gov/sapd/Calls.aspx,Yellow,a tbd link,26,9
09/01/26, 7:08:00,500 W Commerce St,78207,Other Calls,Property Found,1120,DOWNTOWN,SAPD-2026-1191146,29.425409,-98.499614,1788264480000,http://www.sanantonio.gov/sapd/Calls.aspx,Blue,a tbd link,26,9
09/01/26, 7:06:12,400 LEXINGTON AVE,78215,Other Calls,Patrol By,1130,DOWNTOWN,SAPD-2026-1191141,29.434246,-98.490671,1788264372000,http://www.sanantonio.gov/sapd/Calls.aspx,Blue,a tbd link,26,9
09/01/26, 7:07:20,700 Corbin Bend,78221,Property Crime Calls,Burglary Vehicle,6260,SOUTH,SAPD-2026-1191147,29.319565,-98.487578,1788264440000,http://www.sanantonio.gov/sapd/Calls.aspx,Green,a tbd link,26,9
09/01/26, 7:06:44,501-599 STONEGATE DR,78228,Traffic Calls,Traffic Related,5220,WEST,SAPD-2026-1191142,29.45604,-98.553401,1788264404000,http://www.sanantonio.gov/sapd/Calls.aspx,Yellow,a tbd link,26,9
09/01/26, 7:09:01,9800 Westover Hills Blvd,78251,Other Calls,DOA,5350,WEST,SAPD-2026-1191148,29.465056,-98.685331,1788264541000,http://www.sanantonio.gov/sapd/Calls.aspx,Blue,a tbd link,26,9
09/01/26, 7:07:22,400-498 LEXINGTON AVE,78215,Other Calls,Patrol By,1130,DOWNTOWN,SAPD-2026-1191145,29.434546,-98.491048,1788264442000,http://www.sanantonio.gov/sapd/Calls.aspx,Blue,a tbd link,26,9
09/01/26, 7:10:08,1700 Rob Roy Ln,78251,Traffic Calls,Minor Accident,5360,WEST,SAPD-2026-1191151,29.459322,-98.707225,1788264608000,http://www.sanantonio.gov/sapd/Calls.aspx,Yellow,a tbd link,26,9
09/01/26, 7:11:22,11400 O'connor Rd,78233,Traffic Calls,Minor Accident,3230,NORTH,SAPD-2026-1191158,29.544081,-98.368281,1788264682000,http://www.sanantonio.gov/sapd/Calls.aspx,Yellow,a tbd link,26,9
09/01/26, 7:10:37,Ih 35 S / Cottonwood Ave,78214,Traffic Calls,Minor Accident,6210,SOUTH,SAPD-2026-1191156,29.386325,-98.511828,1788264637000,http://www.sanantonio.gov/sapd/Calls.aspx,Yellow,a tbd link,26,9
09/01/26, 7:11:05,Blanco Rd / W Bitters Rd,78248,Traffic Calls,Major Accident,7240,PRUE,SAPD-2026-1191157,29.579157,-98.514332,1788264665000,http://www.sanantonio.gov/sapd/Calls.aspx,Yellow,a tbd link,26,9
09/01/26, 7:10:47,Blanco Rd / W Bitters Rd,78248,Traffic Calls,Major Accident,7240,PRUE,SAPD-2026-1191153,29.579157,-98.514332,1788264647000,http://www.sanantonio.gov/sapd/Calls.aspx,Yellow,a tbd link,26,9
09/01/26, 7:11:38,Blanco Rd / W Bitters Rd,78248,Traffic Calls,Major Accident,7240,PRUE,SAPD-2026-1191159,29.579157,-98.514332,1788264698000,http://www.sanantonio.gov/sapd/Calls.aspx,Yellow,a tbd link,26,9
09/01/26, 7:10:49,9800 Westover Hills Blvd,78251,Other Calls,DOA,5350,WEST,SAPD-2026-1191154,29.465056,-98.685331,1788264649000,http://www.sanantonio.gov/sapd/Calls.aspx,Blue,a tbd link,26,9
09/01/26, 7:10:50,14860-14958 Blanco Rd,78216,Traffic Calls,Major Accident,7240,PRUE,SAPD-2026-1191155,29.579021,-98.514258,1788264650000,http://www.sanantonio.gov/sapd/Calls.aspx,Yellow,a tbd link,26,9
09/01/26, 7:11:47,Culebra Rd / Stillwater Pkwy,78253,Other Calls,SAPD Non-Emergency Call,5350,WEST,SAPD-2026-1191160,29.508392,-98.741781,1788264707000,http://www.sanantonio.gov/sapd/Calls.aspx,Blue,a tbd link,26,9
09/01/26, 7:15:14,Ellana Claire Ct / Charlotte St,78225,Other Calls,Miscellaneous,6110,SOUTH,SAPD-2026-1191173,29.38349,-98.530307,1788264914000,http://www.sanantonio.gov/sapd/Calls.aspx,Blue,a tbd link,26,9
09/01/26, 7:13:04,9400 Braun Pt,78254,Crimes Against Person Calls,Assault In Progress,7360,PRUE,SAPD-2026-1191167,29.538477,-98.678949,1788264784000,http://www.sanantonio.gov/sapd/Calls.aspx,Red,a tbd link,26,9
09/01/26, 7:12:06,3201-3271 W WOODLAWN AVE,78228,Traffic Calls,Traffic Related,5220,WEST,SAPD-2026-1191163,29.456922,-98.556311,1788264726000,http://www.sanantonio.gov/sapd/Calls.aspx,Yellow,a tbd link,26,9
09/01/26, 7:13:32,12600 El Sendero,78233,Traffic Calls,Minor Accident,3210,NORTH,SAPD-2026-1191170,29.550992,-98.394307,1788264812000,http://www.sanantonio.gov/sapd/Calls.aspx,Yellow,a tbd link,26,9
09/01/26, 7:14:17,700 Sw Military Dr,78221,Property Crime Calls,Theft In Progress,6230,SOUTH,SAPD-2026-1191171,29.357781,-98.50269,1788264857000,http://www.sanantonio.gov/sapd/Calls.aspx,Green,a tbd link,26,9
09/01/26, 7:14:45,1300 W Hildebrand Ave,78201,Other Calls,Disturbance,5240,WEST,SAPD-2026-1191172,29.46658,-98.516894,1788264885000,http://www.sanantonio.gov/sapd/Calls.aspx,Blue,a tbd link,26,9
09/01/26, 7:13:26,20351-20375 STONE OAK PKWY,78258,Traffic Calls,Traffic Related,3160,NORTH,SAPD-2026-1191168,29.645361,-98.469974,1788264806000,http://www.sanantonio.gov/sapd/Calls.aspx,Yellow,a tbd link,26,9
09/01/26, 7:18:02,200 Esmeralda Dr,78228,Other Calls,Miscellaneous,5130,WEST,SAPD-2026-1191193,29.44489,-98.569254,1788265082000,http://www.sanantonio.gov/sapd/Calls.aspx,Blue,a tbd link,26,9
09/01/26, 7:21:08,1600 Mardell St,78201,Other Calls,Miscellaneous,2220,CENTRAL,SAPD-2026-1191187,29.484156,-98.52112,1788265268000,http://www.sanantonio.gov/sapd/Calls.aspx,Blue,a tbd link,26,9
09/01/26, 7:16:20,4800 Callaghan Rd,78228,Property Crime Calls,Burglary Vehicle,5260,WEST,SAPD-2026-1191175,29.474824,-98.595019,1788264980000,http://www.sanantonio.gov/sapd/Calls.aspx,Green,a tbd link,26,9
09/01/26, 7:16:40,700 W Mayfield Blvd,78211,Other Calls,Information,6130,SOUTH,SAPD-2026-1191179,29.362151,-98.535356,1788265000000,http://www.sanantonio.gov/sapd/Calls.aspx,Blue,a tbd link,26,9
09/01/26, 7:16:54,2501-2575 CALIZA DR,78259,Traffic Calls,Traffic Related,3150,NORTH,SAPD-2026-1191176,29.635939,-98.442531,1788265014000,http://www.sanantonio.gov/sapd/Calls.aspx,Yellow,a tbd link,26,9
09/01/26, 7:17:37,S0 IH 37 S ONRP PVDR,78223,Traffic Calls,Traffic Related,6240,SOUTH,SAPD-2026-1191177,29.361044,-98.44005,1788265057000,http://www.sanantonio.gov/sapd/Calls.aspx,Yellow,a tbd link,26,9
09/01/26, 7:17:43,EISENHOWER PARK,78257,Other Calls,Patrol By,7260,PRUE,SAPD-2026-1191178,29.6225,-98.572583,1788265063000,http://www.sanantonio.gov/sapd/Calls.aspx,Blue,a tbd link,26,9
09/01/26, 7:18:12,7953-7999 RIVERFRONT PKWY,78214,Other Calls,Patrol By,6260,SOUTH,SAPD-2026-1191180,29.346375,-98.465013,1788265092000,http://www.sanantonio.gov/sapd/Calls.aspx,Blue,a tbd link,26,9
09/01/26, 7:23:10,13600 Somerset Rd,78073,Other Calls,Welfare Check,6160,SOUTH,SAPD-2026-1191194,29.288764,-98.608738,1788265390000,http://www.sanantonio.gov/sapd/Calls.aspx,Blue,a tbd link,26,9
09/01/26, 7:20:08,52-98 DEVINE RD,78212,Traffic Calls,Traffic Related,1240,DOWNTOWN,SAPD-2026-1191184,29.466054,-98.479105,1788265208000,http://www.sanantonio.gov/sapd/Calls.aspx,Yellow,a tbd link,26,9
09/01/26, 7:20:41,3500-3598 EMBASSY,78228,Traffic Calls,Traffic Related,5220,WEST,SAPD-2026-1191186,29.458642,-98.555896,1788265241000,http://www.sanantonio.gov/sapd/Calls.aspx,Yellow,a tbd link,26,9
09/01/26, 7:22:12,10600 Stonecreek Place,78254,Property Crime Calls,Forgery,7360,PRUE,SAPD-2026-1191189,29.545803,-98.667104,1788265332000,http://www.sanantonio.gov/sapd/Calls.aspx,Green,a tbd link,26,9
09/01/26, 7:27:09,20500-20598 Stone Oak Pkwy,78258,Other Calls,Suspicious Person,3160,NORTH,SAPD-2026-1191202,29.645819,-98.467587,1788265629000,http://www.sanantonio.gov/sapd/Calls.aspx,Blue,a tbd link,26,9
09/01/26, 7:21:38,100 POTOSI ST,78207,Other Calls,Patrol By,2330,CENTRAL,SAPD-2026-1191188,29.413422,-98.518302,1788265298000,http://www.sanantonio.gov/sapd/Calls.aspx,Blue,a tbd link,26,9
09/01/26, 7:23:06,400 Bonham,78205-2011,Property Crime Calls,Burglary Vehicle,1130,DOWNTOWN,SAPD-2026-1191192,29.427006,-98.483836,1788265386000,http://www.sanantonio.gov/sapd/Calls.aspx,Green,a tbd link,26,9
09/01/26, 7:25:01,8000 Galaway Bay,78240,Other Calls,Disturbance,7160,PRUE,SAPD-2026-1191199,29.512732,-98.596383,1788265501000,http://www.sanantonio.gov/sapd/Calls.aspx,Blue,a tbd link,26,9
09/01/26, 7:22:25,1400 MIRA VISTA,78228,Other Calls,Miscellaneous,5250,WEST,SAPD-2026-1191190,29.453772,-98.60077,1788265345000,http://www.sanantonio.gov/sapd/Calls.aspx,Blue,a tbd link,26,9
09/01/26, 7:23:53,700 CULBERSON AVE,78211,Other Calls,Patrol By,6120,SOUTH,SAPD-2026-1191196,29.382028,-98.539532,1788265433000,http://www.sanantonio.gov/sapd/Calls.aspx,Blue,a tbd link,26,9
09/01/26, 7:24:25,7300-7398 MARBACH RD,78227,Traffic Calls,Traffic Related,5170,WEST,SAPD-2026-1191197,29.417781,-98.635462,1788265465000,http://www.sanantonio.gov/sapd/Calls.aspx,Yellow,a tbd link,26,9
09/01/26, 7:28:52,7300 Oak Manor Dr,78229,Crimes Against Person Calls,Assault,7130,PRUE,SAPD-2026-1191206,29.501331,-98.575444,1788265732000,http://www.sanantonio.gov/sapd/Calls.aspx,Red,a tbd link,26,9
09/01/26, 7:25:16,4901-4951 MILITARY DR W,78242,Traffic Calls,Traffic Related,Lackland AFB,SAPD OUTSIDE AREA,SAPD-2026-1191200,29.366494,-98.595616,1788265516000,http://www.sanantonio.gov/sapd/Calls.aspx,Yellow,a tbd link,26,9
09/01/26, 7:27:35,20500 STONE OAK PKWY,78258,Traffic Calls,Traffic Related,3160,NORTH,SAPD-2026-1191203,29.64625,-98.466143,1788265655000,http://www.sanantonio.gov/sapd/Calls.aspx,Yellow,a tbd link,26,9
09/01/26, 7:27:56,900 BLK BANDERA RD,78228,Traffic Calls,Traffic Related,5220,WEST,SAPD-2026-1191204,29.45729,-98.55476,1788265676000,http://www.sanantonio.gov/sapd/Calls.aspx,Yellow,a tbd link,26,9
09/01/26, 7:31:24,1300 Roosevelt Ave,78210,Crimes Against Person Calls,Assault In Progress,6220,SOUTH,SAPD-2026-1191214,29.390935,-98.486286,1788265884000,http://www.sanantonio.gov/sapd/Calls.aspx,Red,a tbd link,26,9
09/01/26, 7:30:03,9501-9999 AIRPORT BLVD,78216,Other Calls,Patrol By,SAT1,AIRPORT,SAPD-2026-1191211,29.526701,-98.472599,1788265803000,http://www.sanantonio.gov/sapd/Calls.aspx,Blue,a tbd link,26,9
09/01/26, 7:31:02,3400 BROADWAY,78209,Other Calls,Patrol By,1230,DOWNTOWN,SAPD-2026-1191213,29.45775,-98.469064,1788265862000,http://www.sanantonio.gov/sapd/Calls.aspx,Blue,a tbd link,26,9
09/01/26, 7:34:56,1200 Patricia Dr,78213,Crimes Against Person Calls,Threats,3110,NORTH,SAPD-2026-1191225,29.545653,-98.514856,1788266096000,http://www.sanantonio.gov/sapd/Calls.aspx,Red,a tbd link,26,9
09/01/26, 7:32:52,6900 Huebner Rd,78238,Other Calls,SAPD Non-Emergency Call,NOT SAPD BEX - 6,SAPD OUTSIDE AREA,SAPD-2026-1191219,29.497315,-98.625229,1788265972000,http://www.sanantonio.gov/sapd/Calls.aspx,Blue,a tbd link,26,9
09/01/26, 7:32:06,919-967 BANDERA RD,78228,Traffic Calls,Traffic Related,5220,WEST,SAPD-2026-1191216,29.457578,-98.555363,1788265926000,http://www.sanantonio.gov/sapd/Calls.aspx,Yellow,a tbd link,26,9
09/01/26, 7:34:48,S San Jacinto St / Jean St,78207,Traffic Calls,Minor Accident,2340,CENTRAL,SAPD-2026-1191224,29.411512,-98.517572,1788266088000,http://www.sanantonio.gov/sapd/Calls.aspx,Yellow,a tbd link,26,9
09/01/26, 7:36:25,Us Hwy 90 W / Hunt Ln,78227,Traffic Calls,Abandoned Vehicle,5340,WEST,SAPD-2026-1191231,29.394085,-98.659761,1788266185000,http://www.sanantonio.gov/sapd/Calls.aspx,Yellow,a tbd link,26,9
09/01/26, 7:35:11,S Ww White Rd / Mary Helen Dr,78222,Traffic Calls,Minor Accident,4250,EAST,SAPD-2026-1191226,29.38585,-98.404551,1788266111000,http://www.sanantonio.gov/sapd/Calls.aspx,Yellow,a tbd link,26,9
09/01/26, 7:32:49,1400 MIRA VISTA,78228,Other Calls,Patrol By,5250,WEST,SAPD-2026-1191218,29.454167,-98.600556,1788265969000,http://www.sanantonio.gov/sapd/Calls.aspx,Blue,a tbd link,26,9
09/01/26, 7:33:17,3200 NORTHWESTERN DR,78238,Other Calls,Patrol By,5310,WEST,SAPD-2026-1191220,29.465062,-98.625172,1788265997000,http://www.sanantonio.gov/sapd/Calls.aspx,Blue,a tbd link,26,9
09/01/26, 7:33:27,20401-20517 STONE OAK PKWY,78258,Traffic Calls,Traffic Related,3160,NORTH,SAPD-2026-1191221,29.6458,-98.46851,1788266007000,http://www.sanantonio.gov/sapd/Calls.aspx,Yellow,a tbd link,26,9
09/01/26, 7:34:58,2500 S Ww White Rd,78222,Traffic Calls,Major Accident,4250,EAST,SAPD-2026-1191227,29.385758,-98.404551,1788266098000,http://www.sanantonio.gov/sapd/Calls.aspx,Yellow,a tbd link,26,9
09/01/26, 7:35:53,E Commerce St / S New Braunfels Ave,78203,Traffic Calls,Minor Accident,4120,EAST,SAPD-2026-1191228,29.419428,-98.461249,1788266153000,http://www.sanantonio.gov/sapd/Calls.aspx,Yellow,a tbd link,26,9
09/01/26, 7:36:40,900 Goodhart,78221,Other Calls,Visitation Violation,6250,SOUTH,SAPD-2026-1191232,29.325231,-98.486631,1788266200000,http://www.sanantonio.gov/sapd/Calls.aspx,Blue,a tbd link,26,9
09/01/26, 7:34:21,7624-7798 MARBACH RD,78227,Traffic Calls,Traffic Related,5170,WEST,SAPD-2026-1191222,29.417796,-98.639164,1788266061000,http://www.sanantonio.gov/sapd/Calls.aspx,Yellow,a tbd link,26,9
09/01/26, 7:35:56,830-898 BANDERA RD,78228,Traffic Calls,Traffic Related,5220,WEST,SAPD-2026-1191229,29.456118,-98.553504,1788266156000,http://www.sanantonio.gov/sapd/Calls.aspx,Yellow,a tbd link,26,9
09/01/26, 7:35:56,100 CAMARON,78205,Other Calls,Patrol By,1120,DOWNTOWN,SAPD-2026-1191230,29.425464,-98.495853,1788266156000,http://www.sanantonio.gov/sapd/Calls.aspx,Blue,a tbd link,26,9
09/01/26, 7:38:16,E Mitchell St / Roosevelt Ave,78210,Other Calls,Disturbance,6220,SOUTH,SAPD-2026-1191238,29.391477,-98.486343,1788266296000,http://www.sanantonio.gov/sapd/Calls.aspx,Blue,a tbd link,26,9
09/01/26, 7:39:19,700 Frio City Rd,78207,Traffic Calls,Minor Accident,2340,CENTRAL,SAPD-2026-1191244,29.401866,-98.523686,1788266359000,http://www.sanantonio.gov/sapd/Calls.aspx,Yellow,a tbd link,26,9
09/01/26, 7:38:29,Us Hwy 90 W / Hunt Ln,78227,Traffic Calls,Traffic Related,5340,WEST,SAPD-2026-1191237,29.394085,-98.659761,1788266309000,http://www.sanantonio.gov/sapd/Calls.aspx,Yellow,a tbd link,26,9
09/01/26, 7:37:04,4000 N ST MARY'S ST,78212,Other Calls,Patrol By,1230,DOWNTOWN,SAPD-2026-1191233,29.462207,-98.470467,1788266224000,http://www.sanantonio.gov/sapd/Calls.aspx,Blue,a tbd link,26,9
09/01/26, 7:37:30,S0 LP 410 ONRP WB US HWY 90,78227,Traffic Calls,Traffic Related,5340,WEST,SAPD-2026-1191234,29.403393,-98.649956,1788266250000,http://www.sanantonio.gov/sapd/Calls.aspx,Yellow,a tbd link,26,9
09/01/26, 7:39:07,1100 E Highland Blvd,78210,Crimes Against Person Calls,Lewd Conduct,4150,EAST,SAPD-2026-1191241,29.39628,-98.460211,1788266347000,http://www.sanantonio.gov/sapd/Calls.aspx,Red,a tbd link,26,9
09/01/26, 7:38:24,3100 ROSELAWN,78226,Other Calls,Patrol By,6310,SOUTH,SAPD-2026-1191235,29.390681,-98.556847,1788266304000,http://www.sanantonio.gov/sapd/Calls.aspx,Blue,a tbd link,26,9
09/01/26, 7:40:59,Wurzbach Pkwy Eb / Thousand Oaks Dr,78233,Traffic Calls,Traffic Related,3230,NORTH,SAPD-2026-1191251,29.535938,-98.394046,1788266459000,http://www.sanantonio.gov/sapd/Calls.aspx,Yellow,a tbd link,26,9
09/01/26, 7:39:54,1100 E Highland Blvd,78210,Crimes Against Person Calls,Lewd Conduct,4150,EAST,SAPD-2026-1191246,29.39628,-98.460064,1788266394000,http://www.sanantonio.gov/sapd/Calls.aspx,Red,a tbd link,26,9
09/01/26, 7:39:17,5801-5989 S NEW BRAUNFELS AVE,78223,Traffic Calls,Traffic Related,6240,SOUTH,SAPD-2026-1191242,29.367219,-98.460397,1788266357000,http://www.sanantonio.gov/sapd/Calls.aspx,Yellow,a tbd link,26,9
09/01/26, 7:40:45,6400 Crystal Run,78238,Other Calls,Suspicious Person,5310,WEST,SAPD-2026-1191248,29.479241,-98.615292,1788266445000,http://www.sanantonio.gov/sapd/Calls.aspx,Blue,a tbd link,26,9
09/01/26, 7:45:22,600 S Frio St,78207,Other Calls,Information,2370,CENTRAL,SAPD-2026-1191267,29.420026,-98.504587,1788266722000,http://www.sanantonio.gov/sapd/Calls.aspx,Blue,a tbd link,26,9
09/01/26, 7:40:12,100 JACKSON-KELLER RD,78216,Other Calls,Patrol By,3310,NORTH,SAPD-2026-1191247,29.494921,-98.495303,1788266412000,http://www.sanantonio.gov/sapd/Calls.aspx,Blue,a tbd link,26,9
09/01/26, 7:41:05,S Flores St / E Malone,78214,Crimes Against Person Calls,Lewd Conduct,6210,SOUTH,SAPD-2026-1191249,29.386918,-98.503502,1788266465000,http://www.sanantonio.gov/sapd/Calls.aspx,Red,a tbd link,26,9
09/01/26, 7:41:22,1100-1118 CUPPLES RD,78226,Traffic Calls,Traffic Related,6310,SOUTH,SAPD-2026-1191252,29.398533,-98.549094,1788266482000,http://www.sanantonio.gov/sapd/Calls.aspx,Yellow,a tbd link,26,9
09/01/26, 7:44:13,2500 Monterey St,78207,Traffic Calls,Major Accident,2330,CENTRAL,SAPD-2026-1191259,29.425927,-98.526288,1788266653000,http://www.sanantonio.gov/sapd/Calls.aspx,Yellow,a tbd link,26,9
09/01/26, 7:44:15,9900 State Hwy 16 S,78224,Traffic Calls,Minor Accident,6160,SOUTH,SAPD-2026-1191257,29.318416,-98.552353,1788266655000,http://www.sanantonio.gov/sapd/Calls.aspx,Yellow,a tbd link,26,9
09/01/26, 7:44:39,5600 Se Loop 410,78222,Traffic Calls,Abandoned Vehicle,4260,EAST,SAPD-2026-1191262,29.37065,-98.3963,1788266679000,http://www.sanantonio.gov/sapd/Calls.aspx,Yellow,a tbd link,26,9
09/01/26, 7:44:03,3600 Devon Ave,78223,Other Calls,Animal Related,4260,EAST,SAPD-2026-1191260,29.356103,-98.426688,1788266643000,http://www.sanantonio.gov/sapd/Calls.aspx,Blue,a tbd link,26,9
09/01/26, 7:44:40,700 Cupples Rd,78237,Traffic Calls,Minor Accident,5120,WEST,SAPD-2026-1191266,29.405341,-98.548194,1788266680000,http://www.sanantonio.gov/sapd/Calls.aspx,Yellow,a tbd link,26,9
09/01/26, 7:44:32,Hollyhock Rd / Babcock Rd,78240,Traffic Calls,Traffic Related,7310,PRUE,SAPD-2026-1191265,29.533933,-98.606273,1788266672000,http://www.sanantonio.gov/sapd/Calls.aspx,Yellow,a tbd link,26,9
09/01/26, 7:45:26,Rigsby Ave / Roland Ave,78210,Other Calls,Narcotic Laws,4210,EAST,SAPD-2026-1191268,29.398078,-98.436381,1788266726000,http://www.sanantonio.gov/sapd/Calls.aspx,Blue,a tbd link,26,9
09/01/26, 7:44:46,Se Military Dr / City-base Landing,78223,Traffic Calls,Traffic Related,6270,SOUTH,SAPD-2026-1191264,29.351668,-98.43496,1788266686000,http://www.sanantonio.gov/sapd/Calls.aspx,Yellow,a tbd link,26,9
09/01/26, 7:44:18,9501-9999 AIRPORT BLVD,78216,Other Calls,Patrol By,SAT1,AIRPORT,SAPD-2026-1191258,29.527073,-98.472848,1788266658000,http://www.sanantonio.gov/sapd/Calls.aspx,Blue,a tbd link,26,9
09/01/26, 7:47:20,S Flores St / E Malone,78214,Crimes Against Person Calls,Lewd Conduct,6210,SOUTH,SAPD-2026-1191270,29.386918,-98.503502,1788266840000,http://www.sanantonio.gov/sapd/Calls.aspx,Red,a tbd link,26,9
09/01/26, 7:44:23,2200 BLK CINCINNATI AVE,78228,Traffic Calls,Traffic Related,5220,WEST,SAPD-2026-1191261,29.451905,-98.548532,1788266663000,http://www.sanantonio.gov/sapd/Calls.aspx,Yellow,a tbd link,26,9
09/01/26, 7:44:49,7000 Ih 37 S Nb,78223,Traffic Calls,Minor Accident,4260,EAST,SAPD-2026-1191263,29.360017,-98.435913,1788266689000,http://www.sanantonio.gov/sapd/Calls.aspx,Yellow,a tbd link,26,9
09/01/26, 7:47:32,6000 Callaghan Rd,78228,Traffic Calls,Minor Accident,5260,WEST,SAPD-2026-1191271,29.487583,-98.576177,1788266852000,http://www.sanantonio.gov/sapd/Calls.aspx,Yellow,a tbd link,26,9
09/01/26, 7:47:05,Eb Nw Lp 410 Onrp Bandera / Nw Loop 410 Eb,78238,Traffic Calls,Minor Accident,5260,WEST,SAPD-2026-1191269,29.484922,-98.593257,1788266825000,http://www.sanantonio.gov/sapd/Calls.aspx,Yellow,a tbd link,26,9
09/01/26, 7:48:44,1400 Madrid,78237,Property Crime Calls,Criminal Mischief,5110,WEST,SAPD-2026-1191277,29.416901,-98.561577,1788266924000,http://www.sanantonio.gov/sapd/Calls.aspx,Green,a tbd link,26,9
09/01/26, 7:48:29,5957-6099 Hollyhock Rd,78240,Traffic Calls,Minor Accident,7310,PRUE,SAPD-2026-1191276,29.534084,-98.606023,1788266909000,http://www.sanantonio.gov/sapd/Calls.aspx,Yellow,a tbd link,26,9
09/01/26, 7:47:57,1120-1198 CUPPLES RD,78226,Traffic Calls,Traffic Related,6310,SOUTH,SAPD-2026-1191272,29.397959,-98.549171,1788266877000,http://www.sanantonio.gov/sapd/Calls.aspx,Yellow,a tbd link,26,9
09/01/26, 7:48:01,8500 MISSION RD,78214,Other Calls,Patrol By,6260,SOUTH,SAPD-2026-1191273,29.339105,-98.466933,1788266881000,http://www.sanantonio.gov/sapd/Calls.aspx,Blue,a tbd link,26,9
09/01/26, 7:51:38,1000 S General Mcmullen,78237,Other Calls,Disturbance,5120,WEST,SAPD-2026-1191284,29.416095,-98.555889,1788267098000,http://www.sanantonio.gov/sapd/Calls.aspx,Blue,a tbd link,26,9
09/01/26, 7:53:54,Gus Mccrae Ln,78264,Other Calls,Ordinance Violation,6280,SOUTH,SAPD-2026-1191292,29.213281,-98.426537,1788267234000,http://www.sanantonio.gov/sapd/Calls.aspx,Blue,a tbd link,26,9
09/01/26, 7:49:20,501-599 S NEW BRAUNFELS AVE,78203,Other Calls,Patrol By,4120,EAST,SAPD-2026-1191278,29.413542,-98.46124,1788266960000,http://www.sanantonio.gov/sapd/Calls.aspx,Blue,a tbd link,26,9
09/01/26, 7:52:45,500 K St,78220,Other Calls,Animal Related,4210,EAST,SAPD-2026-1191287,29.403487,-98.440059,1788267165000,http://www.sanantonio.gov/sapd/Calls.aspx,Blue,a tbd link,26,9
09/01/26, 7:49:58,20401-20517 STONE OAK PKWY,78258,Traffic Calls,Traffic Related,3160,NORTH,SAPD-2026-1191279,29.646245,-98.467059,1788266998000,http://www.sanantonio.gov/sapd/Calls.aspx,Yellow,a tbd link,26,9
09/01/26, 7:50:01,900 E HILDEBRAND AVE,78212,Other Calls,Patrol By,1230,DOWNTOWN,SAPD-2026-1191280,29.46559,-98.469604,1788267001000,http://www.sanantonio.gov/sapd/Calls.aspx,Blue,a tbd link,26,9
09/01/26, 7:50:52,800 Rayburn Dr,78221,Other Calls,Disturbance Family,6230,SOUTH,SAPD-2026-1191282,29.358084,-98.517299,1788267052000,http://www.sanantonio.gov/sapd/Calls.aspx,Blue,a tbd link,26,9
09/01/26, 7:53:48,2100 Goliad Rd,78223,Traffic Calls,Minor Accident,4260,EAST,SAPD-2026-1191289,29.364444,-98.439722,1788267228000,http://www.sanantonio.gov/sapd/Calls.aspx,Yellow,a tbd link,26,9
09/01/26, 7:51:26,800-899 Nogalitos St,78204,Traffic Calls,Traffic Related,1140,DOWNTOWN,SAPD-2026-1191283,29.404631,-98.508294,1788267086000,http://www.sanantonio.gov/sapd/Calls.aspx,Yellow,a tbd link,26,9
09/01/26, 7:50:32,6900 BORDER BROOK,78238,Other Calls,Patrol By,5310,WEST,SAPD-2026-1191281,29.47123,-98.627522,1788267032000,http://www.sanantonio.gov/sapd/Calls.aspx,Blue,a tbd link,26,9
09/01/26, 7:53:51,600 Historic Old Hwy 90,78237,Other Calls,Assist the Public,5140,WEST,SAPD-2026-1191291,29.426145,-98.572886,1788267231000,http://www.sanantonio.gov/sapd/Calls.aspx,Blue,a tbd link,26,9
09/01/26, 7:52:34,813-899 BANDERA RD,78228,Traffic Calls,Traffic Related,5220,WEST,SAPD-2026-1191286,29.456436,-98.553921,1788267154000,http://www.sanantonio.gov/sapd/Calls.aspx,Yellow,a tbd link,26,9
09/01/26, 7:54:36,100 Reefridge,78242,Traffic Calls,Minor Accident,6350,SOUTH,SAPD-2026-1191294,29.369005,-98.61676,1788267276000,http://www.sanantonio.gov/sapd/Calls.aspx,Yellow,a tbd link,26,9
09/01/26, 7:53:33,20401-20517 STONE OAK PKWY,78258,Traffic Calls,Traffic Related,3160,NORTH,SAPD-2026-1191288,29.646316,-98.466924,1788267213000,http://www.sanantonio.gov/sapd/Calls.aspx,Yellow,a tbd link,26,9
09/01/26, 8:03:37,700 John Page Dr,78228,Other Calls,Patrol By,5220,WEST,SAPD-2026-1191335,29.467177,-98.55568,1788267817000,http://www.sanantonio.gov/sapd/Calls.aspx,Blue,a tbd link,26,9
09/01/26, 7:57:21,Ih 10 E Wb / E Loop 1604 N,78109,Traffic Calls,Traffic Related,4310,EAST,SAPD-2026-1191301,29.465501,-98.292314,1788267441000,http://www.sanantonio.gov/sapd/Calls.aspx,Yellow,a tbd link,26,9
09/01/26, 7:54:34,2901-2951 WEIR AVE,78226,Traffic Calls,Traffic Related,6310,SOUTH,SAPD-2026-1191293,29.398104,-98.549635,1788267274000,http://www.sanantonio.gov/sapd/Calls.aspx,Yellow,a tbd link,26,9
09/01/26, 7:55:52,400 Fair Ave,78210,Traffic Calls,Major Accident,6220,SOUTH,SAPD-2026-1191296,29.384443,-98.471261,1788267352000,http://www.sanantonio.gov/sapd/Calls.aspx,Yellow,a tbd link,26,9
09/01/26, 7:57:00,Ih 10 E / Lincolnwood Dr,78109,Traffic Calls,Major Accident,4310,EAST,SAPD-2026-1191299,29.462361,-98.305107,1788267420000,http://www.sanantonio.gov/sapd/Calls.aspx,Yellow,a tbd link,26,9
09/01/26, 7:57:04,14100 Ih 35 S,78073,Other Calls,SAPD Non-Emergency Call,NOT SAPD BEX,SAPD OUTSIDE AREA,SAPD-2026-1191300,29.282646,-98.656183,1788267424000,http://www.sanantonio.gov/sapd/Calls.aspx,Blue,a tbd link,26,9
09/01/26, 7:57:52,8801-9279 Ih 10 E,78109,Traffic Calls,Minor Accident,4310,EAST,SAPD-2026-1191306,29.461778,-98.30731,1788267472000,http://www.sanantonio.gov/sapd/Calls.aspx,Yellow,a tbd link,26,9
09/01/26, 7:56:34,426-530 KOEHLER CT,78223,Traffic Calls,Traffic Related,6240,SOUTH,SAPD-2026-1191297,29.366402,-98.459807,1788267394000,http://www.sanantonio.gov/sapd/Calls.aspx,Yellow,a tbd link,26,9
09/01/26, 7:56:55,20351-20375 STONE OAK PKWY,78258,Traffic Calls,Traffic Related,3160,NORTH,SAPD-2026-1191298,29.645353,-98.469992,1788267415000,http://www.sanantonio.gov/sapd/Calls.aspx,Yellow,a tbd link,26,9
09/01/26, 7:58:01,Urban Crest Dr / Harry Wurzbach,78209,Traffic Calls,Major Accident,3340,NORTH,SAPD-2026-1191307,29.505454,-98.43462,1788267481000,http://www.sanantonio.gov/sapd/Calls.aspx,Yellow,a tbd link,26,9
09/01/26, 7:57:48,Urban Crest Dr / Harry Wurzbach,78209,Traffic Calls,Major Accident,3330,NORTH,SAPD-2026-1191305,29.505454,-98.43462,1788267468000,http://www.sanantonio.gov/sapd/Calls.aspx,Yellow,a tbd link,26,9
09/01/26, 7:57:31,E COMMERCE ST / S ALAMO ST,78205,Other Calls,Patrol By,1110,DOWNTOWN,SAPD-2026-1191302,29.423614,-98.48727,1788267451000,http://www.sanantonio.gov/sapd/Calls.aspx,Blue,a tbd link,26,9
09/01/26, 7:57:43,3300-3399 Urban Crest Dr,78209,Traffic Calls,Major Accident,3330,NORTH,SAPD-2026-1191303,29.505453,-98.43462,1788267463000,http://www.sanantonio.gov/sapd/Calls.aspx,Yellow,a tbd link,26,9
09/01/26, 7:59:26,11200 Potranco Rd,78245,Property Crime Calls,Shoplifting In Progress,5360,WEST,SAPD-2026-1191311,29.433692,-98.714133,1788267566000,http://www.sanantonio.gov/sapd/Calls.aspx,Green,a tbd link,26,9
09/01/26, 8:00:39,Ih 10 E Wb / N Foster Rd,78219,Traffic Calls,Major Accident,4310,EAST,SAPD-2026-1191316,29.445188,-98.360739,1788267639000,http://www.sanantonio.gov/sapd/Calls.aspx,Yellow,a tbd link,26,9
09/01/26, 7:58:17,3300-3399 Urban Crest Dr,78209,Traffic Calls,Major Accident,3330,NORTH,SAPD-2026-1191308,29.505425,-98.434981,1788267497000,http://www.sanantonio.gov/sapd/Calls.aspx,Yellow,a tbd link,26,9
09/01/26, 7:58:21,615-699 E HOUSTON ST,78205,Other Calls,Patrol By,1110,DOWNTOWN,SAPD-2026-1191309,29.426472,-98.486344,1788267501000,http://www.sanantonio.gov/sapd/Calls.aspx,Blue,a tbd link,26,9
09/01/26, 7:59:28,3837-3899 Harry Wurzbach,78209,Traffic Calls,Minor Accident,3340,NORTH,SAPD-2026-1191310,29.505275,-98.434621,1788267568000,http://www.sanantonio.gov/sapd/Calls.aspx,Yellow,a tbd link,26,9
09/01/26, 8:00:08,Urban Crest Dr / Harry Wurzbach,78209,Traffic Calls,Major Accident,3330,NORTH,SAPD-2026-1191313,29.505454,-98.43462,1788267608000,http://www.sanantonio.gov/sapd/Calls.aspx,Yellow,a tbd link,26,9
09/01/26, 7:59:59,7100 Ih 10 E,78219,Traffic Calls,Major Accident,4310,EAST,SAPD-2026-1191315,29.448065,-98.350282,1788267599000,http://www.sanantonio.gov/sapd/Calls.aspx,Yellow,a tbd link,26,9
09/01/26, 8:01:52,1100 Delgado St,78207,Other Calls,Welfare Check,2320,CENTRAL,SAPD-2026-1191320,29.438425,-98.524338,1788267712000,http://www.sanantonio.gov/sapd/Calls.aspx,Blue,a tbd link,26,9
09/01/26, 8:01:24,1000 N Loop 1604 E,78232,Other Calls,Information,3160,NORTH,SAPD-2026-1191322,29.609835,-98.478043,1788267684000,http://www.sanantonio.gov/sapd/Calls.aspx,Blue,a tbd link,26,9
09/01/26, 8:07:12,3400 Pleasanton Rd,78221,Other Calls,Assist the Public,6150,SOUTH,SAPD-2026-1191345,29.345404,-98.5041,1788268032000,http://www.sanantonio.gov/sapd/Calls.aspx,Blue,a tbd link,26,9
09/01/26, 8:04:26,1300 Viewridge Dr,78213,Property Crime Calls,Burglary Vehicle,3310,NORTH,SAPD-2026-1191332,29.504291,-98.51301,1788267866000,http://www.sanantonio.gov/sapd/Calls.aspx,Green,a tbd link,26,9
09/01/26, 8:01:32,20351-20375 STONE OAK PKWY,78258,Traffic Calls,Traffic Related,3160,NORTH,SAPD-2026-1191318,29.645548,-98.469538,1788267692000,http://www.sanantonio.gov/sapd/Calls.aspx,Yellow,a tbd link,26,9
09/01/26, 8:05:22,1000 Clower St,78201,Other Calls,Information,2220,CENTRAL,SAPD-2026-1191342,29.477859,-98.50998,1788267922000,http://www.sanantonio.gov/sapd/Calls.aspx,Blue,a tbd link,26,9
09/01/26, 8:03:53,3100 Dana Cir,78224,Other Calls,Suspicious Person,6160,SOUTH,SAPD-2026-1191329,29.308386,-98.560315,1788267833000,http://www.sanantonio.gov/sapd/Calls.aspx,Blue,a tbd link,26,9
09/01/26, 8:05:02,3100 Dana Cir,78224,Other Calls,Disturbance,6160,SOUTH,SAPD-2026-1191338,29.308365,-98.560346,1788267902000,http://www.sanantonio.gov/sapd/Calls.aspx,Blue,a tbd link,26,9
09/01/26, 8:02:34,2500-2598 GUADALUPE ST,78207,Traffic Calls,Traffic Related,2330,CENTRAL,SAPD-2026-1191321,29.419689,-98.528744,1788267754000,http://www.sanantonio.gov/sapd/Calls.aspx,Yellow,a tbd link,26,9
09/01/26, 8:03:51,3100 Dana Cir,78224,Property Crime Calls,Burglary in Progress,6160,SOUTH,SAPD-2026-1191328,29.308379,-98.560326,1788267831000,http://www.sanantonio.gov/sapd/Calls.aspx,Green,a tbd link,26,9
09/01/26, 8:03:06,500 BRACKENRIDGE DR,78212,Other Calls,Patrol By,1230,DOWNTOWN,SAPD-2026-1191324,29.462113,-98.469716,1788267786000,http://www.sanantonio.gov/sapd/Calls.aspx,Blue,a tbd link,26,9
09/01/26, 8:03:15,1100-1118 CUPPLES RD,78226,Traffic Calls,Traffic Related,6310,SOUTH,SAPD-2026-1191325,29.398488,-98.5491,1788267795000,http://www.sanantonio.gov/sapd/Calls.aspx,Yellow,a tbd link,26,9
09/01/26, 8:06:27,9200 N LOOP 1604 W,78249,Traffic Calls,Minor Accident,7350,PRUE,SAPD-2026-1191343,29.554891,-98.662378,1788267987000,http://www.sanantonio.gov/sapd/Calls.aspx,Yellow,a tbd link,26,9
09/01/26, 8:04:48,Vance Jackson Rd / Wurzbach Rd,78230,Traffic Calls,Traffic Related,7210,PRUE,SAPD-2026-1191337,29.540444,-98.552708,1788267888000,http://www.sanantonio.gov/sapd/Calls.aspx,Yellow,a tbd link,26,9
09/01/26, 8:03:59,2600 Sw Military Dr,78224,Other Calls,Animal Related,6330,SOUTH,SAPD-2026-1191334,29.356097,-98.53829,1788267839000,http://www.sanantonio.gov/sapd/Calls.aspx,Blue,a tbd link,26,9
09/01/26, 8:08:04,400-499 JONES MALTSBERGER RD,78209,Other Calls,Miscellaneous,1240,DOWNTOWN,SAPD-2026-1191355,29.487777,-98.481597,1788268084000,http://www.sanantonio.gov/sapd/Calls.aspx,Blue,a tbd link,26,9
09/01/26, 8:04:46,400-458 HOT WELLS,78223,Traffic Calls,Traffic Related,6240,SOUTH,SAPD-2026-1191333,29.368668,-98.461504,1788267886000,http://www.sanantonio.gov/sapd/Calls.aspx,Yellow,a tbd link,26,9
09/01/26, 8:08:34,21900 Caprock Canyon,78258,Other Calls,Information,3170,NORTH,SAPD-2026-1191351,29.645795,-98.490913,1788268114000,http://www.sanantonio.gov/sapd/Calls.aspx,Blue,a tbd link,26,9
09/01/26, 8:06:42,20401-20517 STONE OAK PKWY,78258,Traffic Calls,Traffic Related,3160,NORTH,SAPD-2026-1191344,29.646177,-98.467195,1788268002000,http://www.sanantonio.gov/sapd/Calls.aspx,Yellow,a tbd link,26,9
09/01/26, 8:08:54,Nw Loop 410 Wb / Vance Jackson Rd,78230,Traffic Calls,Traffic Related,7210,PRUE,SAPD-2026-1191360,29.511706,-98.535113,1788268134000,http://www.sanantonio.gov/sapd/Calls.aspx,Yellow,a tbd link,26,9
09/01/26, 8:09:27,W Loop 1604 N / Braun Rd,78254,Traffic Calls,Minor Accident,7360,PRUE,SAPD-2026-1191358,29.536477,-98.682791,1788268167000,http://www.sanantonio.gov/sapd/Calls.aspx,Yellow,a tbd link,26,9
09/01/26, 8:08:47,8600-9198 W Loop 1604 N Nb,78250,Traffic Calls,Minor Accident,7360,PRUE,SAPD-2026-1191353,29.525167,-98.688898,1788268127000,http://www.sanantonio.gov/sapd/Calls.aspx,Yellow,a tbd link,26,9
09/01/26, 8:09:31,Navarro St / Camden St,78205,Traffic Calls,Minor Accident,1130,DOWNTOWN,SAPD-2026-1191359,29.433478,-98.493959,1788268171000,http://www.sanantonio.gov/sapd/Calls.aspx,Yellow,a tbd link,26,9
09/01/26, 8:11:53,80 Trailcrest,78232,Traffic Calls,Minor Accident,3160,NORTH,SAPD-2026-1191370,29.609444,-98.474722,1788268313000,http://www.sanantonio.gov/sapd/Calls.aspx,Yellow,a tbd link,26,9
09/01/26, 8:08:43,1000 Se Military Dr,78214,Other Calls,Disturbance,6230,SOUTH,SAPD-2026-1191352,29.357239,-98.482983,1788268123000,http://www.sanantonio.gov/sapd/Calls.aspx,Blue,a tbd link,26,9
09/01/26, 8:09:21,11300 Ih 35 S,78073,Property Crime Calls,Theft In Progress,6330,SOUTH,SAPD-2026-1191356,29.309362,-98.617762,1788268161000,http://www.sanantonio.gov/sapd/Calls.aspx,Green,a tbd link,26,9
09/01/26, 8:10:43,12800 Ih 10 W,78249,Traffic Calls,Minor Accident,7340,PRUE,SAPD-2026-1191365,29.567955,-98.593556,1788268243000,http://www.sanantonio.gov/sapd/Calls.aspx,Yellow,a tbd link,26,9
09/01/26, 8:13:17,7100 Woodlake Pkwy,78218,Other Calls,Disturbance,4330,EAST,SAPD-2026-1191377,29.496113,-98.360225,1788268397000,http://www.sanantonio.gov/sapd/Calls.aspx,Blue,a tbd link,26,9
09/01/26, 8:11:20,2600-2698 Nw Loop 410,78230,Traffic Calls,Traffic Related,2230,CENTRAL,SAPD-2026-1191369,29.511095,-98.535417,1788268280000,http://www.sanantonio.gov/sapd/Calls.aspx,Yellow,a tbd link,26,9
09/01/26, 8:09:30,Sharon Dr / E Skipper Dr,78216,Other Calls,SAPD Emergency Call,3310,NORTH,SAPD-2026-1191357,29.501564,-98.483079,1788268170000,http://www.sanantonio.gov/sapd/Calls.aspx,Blue,a tbd link,26,9
09/01/26, 8:10:30,N Main Ave / San Pedro Ave,78205,Traffic Calls,Minor Accident,1130,DOWNTOWN,SAPD-2026-1191363,29.433634,-98.494385,1788268230000,http://www.sanantonio.gov/sapd/Calls.aspx,Yellow,a tbd link,26,9
09/01/26, 8:09:53,1100-1118 CUPPLES RD,78226,Traffic Calls,Traffic Related,6310,SOUTH,SAPD-2026-1191362,29.398565,-98.549089,1788268193000,http://www.sanantonio.gov/sapd/Calls.aspx,Yellow,a tbd link,26,9
09/01/26, 8:11:39,3100 S Presa St,78210,Crimes Against Person Calls,Disturbance (Gun Involved),6220,SOUTH,SAPD-2026-1191368,29.391483,-98.480404,1788268299000,http://www.sanantonio.gov/sapd/Calls.aspx,Red,a tbd link,26,9
09/01/26, 8:10:33,400-458 HOT WELLS,78223,Traffic Calls,Traffic Related,6240,SOUTH,SAPD-2026-1191364,29.368668,-98.461938,1788268233000,http://www.sanantonio.gov/sapd/Calls.aspx,Yellow,a tbd link,26,9
09/01/26, 8:11:20,2401-2659 W JETT RD,78264,Other Calls,Patrol By,6160,SOUTH,SAPD-2026-1191367,29.246859,-98.554424,1788268280000,http://www.sanantonio.gov/sapd/Calls.aspx,Blue,a tbd link,26,9
09/01/26, 8:17:26,5500 Ih 10 E,78219-4505,Other Calls,Assist the Public,4240,EAST,SAPD-2026-1191394,29.43715,-98.381055,1788268646000,http://www.sanantonio.gov/sapd/Calls.aspx,Blue,a tbd link,26,9
09/01/26, 8:14:51,10100 Culebra Rd,78251,Other Calls,Welfare Check,7370,PRUE,SAPD-2026-1191384,29.489717,-98.690509,1788268491000,http://www.sanantonio.gov/sapd/Calls.aspx,Blue,a tbd link,26,9
09/01/26, 8:13:21,5200 Meadow Field,78250,Other Calls,DOA,7330,PRUE,SAPD-2026-1191378,29.481823,-98.655235,1788268401000,http://www.sanantonio.gov/sapd/Calls.aspx,Blue,a tbd link,26,9
09/01/26, 8:15:45,Nw Loop 410 Eb / Eb Nw Lp 410 Onrp Bandera,78238,Traffic Calls,Traffic Related,5260,WEST,SAPD-2026-1191388,29.484922,-98.593257,1788268545000,http://www.sanantonio.gov/sapd/Calls.aspx,Yellow,a tbd link,26,9
09/01/26, 8:14:15,20740-20798 STONE OAK PKWY,78258,Traffic Calls,Traffic Related,3160,NORTH,SAPD-2026-1191380,29.650209,-98.458566,1788268455000,http://www.sanantonio.gov/sapd/Calls.aspx,Yellow,a tbd link,26,9
09/01/26, 8:16:56,Cervantes / El Centro Dr,78228,Crimes Against Person Calls,Assault In Progress,5250,WEST,SAPD-2026-1191393,29.451675,-98.593739,1788268616000,http://www.sanantonio.gov/sapd/Calls.aspx,Red,a tbd link,26,9
09/01/26, 8:14:50,9200-9298 JOHN SAUNDERS,78216,Other Calls,Patrol By,SAT1,AIRPORT,SAPD-2026-1191382,29.52343,-98.479852,1788268490000,http://www.sanantonio.gov/sapd/Calls.aspx,Blue,a tbd link,26,9
09/01/26, 8:14:51,5001-7199 NEW LAREDO HWY,78211,Traffic Calls,Traffic Related,6320,SOUTH,SAPD-2026-1191383,29.356993,-98.561102,1788268491000,http://www.sanantonio.gov/sapd/Calls.aspx,Yellow,a tbd link,26,9
09/01/26, 8:16:06,11300 Ih 35 S,78073,Property Crime Calls,Theft In Progress,6330,SOUTH,SAPD-2026-1191392,29.311217,-98.617632,1788268566000,http://www.sanantonio.gov/sapd/Calls.aspx,Green,a tbd link,26,9
09/01/26, 8:16:30,5145-5299 N Loop 1604 W Wb,78249,Traffic Calls,Major Accident,7260,PRUE,SAPD-2026-1191390,29.592271,-98.586872,1788268590000,http://www.sanantonio.gov/sapd/Calls.aspx,Yellow,a tbd link,26,9
09/01/26, 8:15:16,3600 BLANCO RD,78212,Property Crime Calls,Recovered Stolen Property,2220,CENTRAL,SAPD-2026-1191386,29.479713,-98.507849,1788268516000,http://www.sanantonio.gov/sapd/Calls.aspx,Green,a tbd link,26,9
09/01/26, 8:18:29,3500 San Fernando St,78207,Crimes Against Person Calls,Assault In Progress,2350,CENTRAL,SAPD-2026-1191399,29.423339,-98.539194,1788268709000,http://www.sanantonio.gov/sapd/Calls.aspx,Red,a tbd link,26,9
09/01/26, 8:18:24,300 W Bitters Rd,78216,Traffic Calls,Minor Accident,3120,NORTH,SAPD-2026-1191398,29.568214,-98.487589,1788268704000,http://www.sanantonio.gov/sapd/Calls.aspx,Yellow,a tbd link,26,9
09/01/26, 8:18:33,5100 Glen Rdg,78229,Crimes Against Person Calls,Assault In Progress,7140,PRUE,SAPD-2026-1191400,29.490179,-98.591058,1788268713000,http://www.sanantonio.gov/sapd/Calls.aspx,Red,a tbd link,26,9
09/01/26, 8:22:44,1200 E Sonterra Blvd,78258,Traffic Calls,Minor Accident,3160,NORTH,SAPD-2026-1191418,29.614317,-98.475701,1788268964000,http://www.sanantonio.gov/sapd/Calls.aspx,Yellow,a tbd link,26,9
09/01/26, 8:19:10,18400 Us Hwy 281 N,78258,Traffic Calls,Minor Accident,3160,NORTH,SAPD-2026-1191407,29.610652,-98.468633,1788268750000,http://www.sanantonio.gov/sapd/Calls.aspx,Yellow,a tbd link,26,9
09/01/26, 8:19:07,7000 Culebra Rd,78238,Property Crime Calls,Theft,5160,WEST,SAPD-2026-1191403,29.45009,-98.626662,1788268747000,http://www.sanantonio.gov/sapd/Calls.aspx,Green,a tbd link,26,9
09/01/26, 8:18:16,12400 Valle De Zavala,78249,Other Calls,Disturbance,7340,PRUE,SAPD-2026-1191397,29.564477,-98.605618,1788268696000,http://www.sanantonio.gov/sapd/Calls.aspx,Blue,a tbd link,26,9
09/01/26, 2:48:39,9800 Colonnade Blvd,78230,Crimes Against Person Calls,Assault In Progress,7220,PRUE,SAPD-2026-1193024,29.535002,-98.561644,1788292119000,http://www.sanantonio.gov/sapd/Calls.aspx,Red,a tbd link,26,9
09/01/26,11:34:22 AM,1800 Burnet St,78202,Other Calls,Miscellaneous,4130,EAST,SAPD-2026-1192226,29.428981,-98.45579,1788280462000,http://www.sanantonio.gov/sapd/Calls.aspx,Blue,a tbd link,26,9
09/01/26, 8:25:42,300 Walton Ave,78225,Other Calls,Suspicious Person,6110,SOUTH,SAPD-2026-1191430,29.39312,-98.525044,1788269142000,http://www.sanantonio.gov/sapd/Calls.aspx,Blue,a tbd link,26,9
09/01/26, 2:48:20,3700 Sugarhill Dr,78230,Other Calls,Miscellaneous,7220,PRUE,SAPD-2026-1193022,29.539289,-98.561968,1788292100000,http://www.sanantonio.gov/sapd/Calls.aspx,Blue,a tbd link,26,9
09/01/26,11:34:28 AM,Sw 30th St / Alta Sita,78237,Other Calls,Narcotic Laws,5110,WEST,SAPD-2026-1192229,29.429903,-98.552291,1788280468000,http://www.sanantonio.gov/sapd/Calls.aspx,Blue,a tbd link,26,9
09/01/26, 8:23:36,VIA PARK AND RIDE STONE OAK PKWY,78258,Traffic Calls,Traffic Related,3160,NORTH,SAPD-2026-1191421,29.64921,-98.453031,1788269016000,http://www.sanantonio.gov/sapd/Calls.aspx,Yellow,a tbd link,26,9
09/01/26, 2:49:50,3100 E Commerce St,78220,Traffic Calls,Abandoned Vehicle,4160,EAST,SAPD-2026-1193031,29.419602,-98.438167,1788292190000,http://www.sanantonio.gov/sapd/Calls.aspx,Yellow,a tbd link,26,9
09/01/26,11:34:02 AM,10601-10897 IH 10 W NB,78230,Traffic Calls,Traffic Related,7220,PRUE,SAPD-2026-1192223,29.541731,-98.57405,1788280442000,http://www.sanantonio.gov/sapd/Calls.aspx,Yellow,a tbd link,26,9
09/01/26, 8:24:30,1900 Hunter Blvd,78224,Property Crime Calls,Burglary in Progress,6140,SOUTH,SAPD-2026-1191424,29.333217,-98.538033,1788269070000,http://www.sanantonio.gov/sapd/Calls.aspx,Green,a tbd link,26,9
09/01/26, 2:48:48,Ceralvo St / S Navidad,78207,Crimes Against Person Calls,Assault In Progress,2340,CENTRAL,SAPD-2026-1193023,29.406438,-98.525158,1788292128000,http://www.sanantonio.gov/sapd/Calls.aspx,Red,a tbd link,26,9
09/01/26,11:34:23 AM,1201-1397 IOWA ST,78203,Other Calls,Patrol By,4120,EAST,SAPD-2026-1192225,29.412014,-98.461977,1788280463000,http://www.sanantonio.gov/sapd/Calls.aspx,Blue,a tbd link,26,9
09/01/26, 8:24:36,100 Dallas St,78205,Other Calls,Miscellaneous,1130,DOWNTOWN,SAPD-2026-1191425,29.433825,-98.492242,1788269076000,http://www.sanantonio.gov/sapd/Calls.aspx,Blue,a tbd link,26,9
09/01/26, 2:50:17,Ih 35 S Sb / S Alamo St,78204,Traffic Calls,Traffic Related,2370,CENTRAL,SAPD-2026-1193035,29.41439,-98.504708,1788292217000,http://www.sanantonio.gov/sapd/Calls.aspx,Yellow,a tbd link,26,9
09/01/26,11:37:11 AM,2200-2299 W Kings Hwy,78201,Other Calls,Suspicious Person,5210,WEST,SAPD-2026-1192238,29.461456,-98.536144,1788280631000,http://www.sanantonio.gov/sapd/Calls.aspx,Blue,a tbd link,26,9
09/01/26, 8:26:27,Haven For Hope Way,78207,Other Calls,Missing Person/Runaway,2310,CENTRAL,SAPD-2026-1191433,29.433011,-98.505845,1788269187000,http://www.sanantonio.gov/sapd/Calls.aspx,Blue,a tbd link,26,9
09/01/26, 2:50:00,Sw Military Dr / S Zarzamora St,78224,Traffic Calls,Traffic Related,6130,SOUTH,SAPD-2026-1193030,29.356638,-98.534134,1788292200000,http://www.sanantonio.gov/sapd/Calls.aspx,Yellow,a tbd link,26,9
09/01/26,11:39:23 AM,1400 Rilling Rd,78214,Other Calls,Assist the Public,6260,SOUTH,SAPD-2026-1192244,29.327553,-98.475046,1788280763000,http://www.sanantonio.gov/sapd/Calls.aspx,Blue,a tbd link,26,9
09/01/26, 8:26:02,4400 SUNSHADOW ST,78217,Other Calls,Disturbance,3370,NORTH,SAPD-2026-1191436,29.52385,-98.40422,1788269162000,http://www.sanantonio.gov/sapd/Calls.aspx,Blue,a tbd link,26,9
09/01/26, 2:48:50,52-98 DEVINE RD,78212,Traffic Calls,Traffic Related,1240,DOWNTOWN,SAPD-2026-1193021,29.465763,-98.479109,1788292130000,http://www.sanantonio.gov/sapd/Calls.aspx,Yellow,a tbd link,26,9
09/01/26,11:39:01 AM,2100 Saunders,78207,Other Calls,Disturbance,2330,CENTRAL,SAPD-2026-1192242,29.424434,-98.521794,1788280741000,http://www.sanantonio.gov/sapd/Calls.aspx,Blue,a tbd link,26,9
09/01/26, 2:49:16,201-299 CLAUDIA ST,78210,Traffic Calls,Traffic Related,1110,DOWNTOWN,SAPD-2026-1193026,29.409353,-98.487603,1788292156000,http://www.sanantonio.gov/sapd/Calls.aspx,Yellow,a tbd link,26,9
09/01/26,11:40:40 AM,1800 S Zarzamora St,78207,Other Calls,Disturbance,2340,CENTRAL,SAPD-2026-1192249,29.407631,-98.5292,1788280840000,http://www.sanantonio.gov/sapd/Calls.aspx,Blue,a tbd link,26,9
09/01/26, 2:51:19,8500 Huebner Rd,78240,Crimes Against Person Calls,Assault,7160,PRUE,SAPD-2026-1193037,29.516682,-98.605417,1788292279000,http://www.sanantonio.gov/sapd/Calls.aspx,Red,a tbd link,26,9
09/01/26,11:40:01 AM,2000 N St Mary's St,78212,Property Crime Calls,Burglary Vehicle,1210,DOWNTOWN,SAPD-2026-1192253,29.44485,-98.48571,1788280801000,http://www.sanantonio.gov/sapd/Calls.aspx,Green,a tbd link,26,9
09/01/26, 8:24:58,7906-8098 W LOOP 1604 N,78250,Traffic Calls,Traffic Related,7360,PRUE,SAPD-2026-1191426,29.513483,-98.6949,1788269098000,http://www.sanantonio.gov/sapd/Calls.aspx,Yellow,a tbd link,26,9
09/01/26,11:39:02 AM,300 Blum,78205-3352,Other Calls,Disturbance,1110,DOWNTOWN,SAPD-2026-1192243,29.423812,-98.482647,1788280742000,http://www.sanantonio.gov/sapd/Calls.aspx,Blue,a tbd link,26,9
09/01/26, 2:50:21,2300 AVENUE B,78215,Other Calls,Patrol By,1230,DOWNTOWN,SAPD-2026-1193032,29.449362,-98.477021,1788292221000,http://www.sanantonio.gov/sapd/Calls.aspx,Blue,a tbd link,26,9
09/01/26, 8:27:35,Austin Hwy / Walzem Rd,78218,Traffic Calls,Traffic Related,4360,EAST,SAPD-2026-1191437,29.51032,-98.407715,1788269255000,http://www.sanantonio.gov/sapd/Calls.aspx,Yellow,a tbd link,26,9
09/01/26,11:41:45 AM,15300 Lookout Rd,78154,Other Calls,Disturbance,3260,NORTH,SAPD-2026-1192255,29.579194,-98.34136,1788280905000,http://www.sanantonio.gov/sapd/Calls.aspx,Blue,a tbd link,26,9
09/01/26, 2:51:13,7000 Ray Ellison Blvd,78227,Property Crime Calls,Theft In Progress,6360,SOUTH,SAPD-2026-1193038,29.361386,-98.634195,1788292273000,http://www.sanantonio.gov/sapd/Calls.aspx,Green,a tbd link,26,9
09/01/26, 8:25:33,600 CAMARON,78207,Other Calls,Patrol By,1130,DOWNTOWN,SAPD-2026-1191427,29.431544,-98.497707,1788269133000,http://www.sanantonio.gov/sapd/Calls.aspx,Blue,a tbd link,26,9
09/01/26,11:40:31 AM,2700 Culebra Rd,78228,Other Calls,Disturbance,5220,WEST,SAPD-2026-1192251,29.448169,-98.552537,1788280831000,http://www.sanantonio.gov/sapd/Calls.aspx,Blue,a tbd link,26,9
09/01/26, 2:57:34,5100 Se Loop 410,78222,Property Crime Calls,Theft,4250,EAST,SAPD-2026-1193072,29.376308,-98.393138,1788292654000,http://www.sanantonio.gov/sapd/Calls.aspx,Green,a tbd link,26,9
09/01/26, 8:26:01,15500 NACOGDOCHES RD,78247,Other Calls,Patrol By,3260,NORTH,SAPD-2026-1191429,29.582004,-98.367219,1788269161000,http://www.sanantonio.gov/sapd/Calls.aspx,Blue,a tbd link,26,9
09/01/26,11:41:53 AM,Ne Loop 410 / Airport Blvd,78216,Traffic Calls,Minor Accident,3350,NORTH,SAPD-2026-1192256,29.52029,-98.476929,1788280913000,http://www.sanantonio.gov/sapd/Calls.aspx,Yellow,a tbd link,26,9
09/01/26, 2:50:38,653-699 E HILDEBRAND AVE,78212,Traffic Calls,Traffic Related,1240,DOWNTOWN,SAPD-2026-1193033,29.465932,-98.480748,1788292238000,http://www.sanantonio.gov/sapd/Calls.aspx,Yellow,a tbd link,26,9
09/01/26, 8:26:23,401-459 HOT WELLS,78223,Traffic Calls,Traffic Related,6240,SOUTH,SAPD-2026-1191432,29.368669,-98.461123,1788269183000,http://www.sanantonio.gov/sapd/Calls.aspx,Yellow,a tbd link,26,9
09/01/26,11:40:51 AM,13000 Jones Maltsberger Rd,78247,Property Crime Calls,Theft,3220,NORTH,SAPD-2026-1192252,29.559728,-98.459693,1788280851000,http://www.sanantonio.gov/sapd/Calls.aspx,Green,a tbd link,26,9
09/01/26, 2:54:03,200 Westway Dr,78225,Other Calls,Visitation Violation,6110,SOUTH,SAPD-2026-1193048,29.382691,-98.532351,1788292443000,http://www.sanantonio.gov/sapd/Calls.aspx,Blue,a tbd link,26,9
09/01/26,11:44:13 AM,8900 Mission Rose,78223,Other Calls,Welfare Check,6270,SOUTH,SAPD-2026-1192270,29.334627,-98.442269,1788281053000,http://www.sanantonio.gov/sapd/Calls.aspx,Blue,a tbd link,26,9
09/01/26, 2:52:25,400 Surrey Ave,78225,Property Crime Calls,Burglary in Progress,6110,SOUTH,SAPD-2026-1193040,29.381359,-98.522789,1788292345000,http://www.sanantonio.gov/sapd/Calls.aspx,Green,a tbd link,26,9
09/01/26,11:42:25 AM,Timber Path / Grissom Rd,78250,Traffic Calls,Traffic Related,7330,PRUE,SAPD-2026-1192257,29.479861,-98.657971,1788280945000,http://www.sanantonio.gov/sapd/Calls.aspx,Yellow,a tbd link,26,9
09/01/26, 8:27:27,900 CAMARON,78212,Other Calls,Patrol By,1220,DOWNTOWN,SAPD-2026-1191435,29.433146,-98.501311,1788269247000,http://www.sanantonio.gov/sapd/Calls.aspx,Blue,a tbd link,26,9
09/01/26, 2:54:00,1700 Saltillo St,78207,Crimes Against Person Calls,Disturbance (Gun Involved),2350,CENTRAL,SAPD-2026-1193047,29.412268,-98.541528,1788292440000,http://www.sanantonio.gov/sapd/Calls.aspx,Red,a tbd link,26,9
09/01/26,11:42:50 AM,50 Gus Garcia,78207,Other Calls,Welfare Check,2370,CENTRAL,SAPD-2026-1192263,29.416663,-98.51031,1788280970000,http://www.sanantonio.gov/sapd/Calls.aspx,Blue,a tbd link,26,9
09/01/26, 8:29:31,Callaghan Rd / Nw Loop 410 Wb,78229,Traffic Calls,Traffic Violation,7140,PRUE,SAPD-2026-1191444,29.489651,-98.574079,1788269371000,http://www.sanantonio.gov/sapd/Calls.aspx,Yellow,a tbd link,26,9
09/01/26, 2:54:36,10100 State Hwy 16 S,78224,Property Crime Calls,Theft,6160,SOUTH,SAPD-2026-1193051,29.316885,-98.554353,1788292476000,http://www.sanantonio.gov/sapd/Calls.aspx,Green,a tbd link,26,9
09/01/26,11:42:12 AM,100 N Ww White Rd,78219-4115,Other Calls,Disturbance,4310,EAST,SAPD-2026-1192264,29.432682,-98.405107,1788280932000,http://www.sanantonio.gov/sapd/Calls.aspx,Blue,a tbd link,26,9
09/01/26, 8:28:13,KENNEDY SOFTBALL COMPLEX,78226,Traffic Calls,Traffic Related,6310,SOUTH,SAPD-2026-1191439,29.392999,-98.558191,1788269293000,http://www.sanantonio.gov/sapd/Calls.aspx,Yellow,a tbd link,26,9
09/01/26, 2:53:03,200 ALEXANDER RD,78201,Other Calls,Patrol By,5210,WEST,SAPD-2026-1193044,29.450801,-98.527742,1788292383000,http://www.sanantonio.gov/sapd/Calls.aspx,Blue,a tbd link,26,9
09/01/26,11:42:30 AM,600 Porter St,78210,Traffic Calls,Minor Accident,4140,EAST,SAPD-2026-1192259,29.405903,-98.458218,1788280950000,http://www.sanantonio.gov/sapd/Calls.aspx,Yellow,a tbd link,26,9
09/01/26, 8:28:30,U0 HWY 90 W WB,78207,Traffic Calls,Traffic Related,2350,CENTRAL,SAPD-2026-1191440,29.403438,-98.543323,1788269310000,http://www.sanantonio.gov/sapd/Calls.aspx,Yellow,a tbd link,26,9
09/01/26, 2:54:46,700 Nw Loop 410,78216,Property Crime Calls,Shoplifting In Progress,3320,NORTH,SAPD-2026-1193053,29.5175,-98.505,1788292486000,http://www.sanantonio.gov/sapd/Calls.aspx,Green,a tbd link,26,9
09/01/26,11:44:05 AM,2300 Austin Hwy,78218,Other Calls,Disturbance,4360,EAST,SAPD-2026-1192269,29.50826,-98.412133,1788281045000,http://www.sanantonio.gov/sapd/Calls.aspx,Blue,a tbd link,26,9
09/01/26, 8:30:54,200 Lanark Dr,78218,Other Calls,Miscellaneous,4360,EAST,SAPD-2026-1191449,29.503307,-98.412053,1788269454000,http://www.sanantonio.gov/sapd/Calls.aspx,Blue,a tbd link,26,9
09/01/26, 2:56:26,600 Byrnes Dr,78209,Property Crime Calls,Criminal Mischief In Progress,3340,NORTH,SAPD-2026-1193061,29.487304,-98.43435,1788292586000,http://www.sanantonio.gov/sapd/Calls.aspx,Green,a tbd link,26,9
09/01/26,11:42:33 AM,5100 Fredericksburg Rd,78229,Other Calls,Disturbance,7110,PRUE,SAPD-2026-1192260,29.502024,-98.559637,1788280953000,http://www.sanantonio.gov/sapd/Calls.aspx,Blue,a tbd link,26,9
09/01/26, 8:29:02,200-260 S JOSEPHINE TOBIN,78201,Other Calls,Patrol By,5210,WEST,SAPD-2026-1191441,29.44905,-98.532058,1788269342000,http://www.sanantonio.gov/sapd/Calls.aspx,Blue,a tbd link,26,9
09/01/26,11:42:40 AM,N Chupaderas / Morales,78207,Traffic Calls,Officer Traffic Stop,2320,CENTRAL,SAPD-2026-1192261,29.432837,-98.522926,1788280960000,http://www.sanantonio.gov/sapd/Calls.aspx,Yellow,a tbd link,26,9
09/01/26, 8:29:08,400 LEXINGTON AVE,78215,Other Calls,Patrol By,1130,DOWNTOWN,SAPD-2026-1191442,29.434246,-98.490671,1788269348000,http://www.sanantonio.gov/sapd/Calls.aspx,Blue,a tbd link,26,9
09/01/26,11:43:17 AM,8800 Adams Hill Dr,78227,Other Calls,Patrol By,5340,WEST,SAPD-2026-1192266,29.410445,-98.659513,1788280997000,http://www.sanantonio.gov/sapd/Calls.aspx,Blue,a tbd link,26,9
09/01/26, 2:53:54,6200-6530 US HWY 90 W EB,78227,Traffic Calls,Traffic Related,6360,SOUTH,SAPD-2026-1193046,29.405247,-98.61304,1788292434000,http://www.sanantonio.gov/sapd/Calls.aspx,Yellow,a tbd link,26,9
09/01/26, 8:30:53,12700 Blanco Rd,78231,Traffic Calls,Major Accident,3110,NORTH,SAPD-2026-1191450,29.55703,-98.516216,1788269453000,http://www.sanantonio.gov/sapd/Calls.aspx,Yellow,a tbd link,26,9
09/01/26,11:43:36 AM,303-399 SANDAU,78216,Other Calls,Patrol By,SAT1,AIRPORT,SAPD-2026-1192267,29.540511,-98.489439,1788281016000,http://www.sanantonio.gov/sapd/Calls.aspx,Blue,a tbd link,26,9
09/01/26, 2:56:16,7500 Nw Loop 410,78238,Property Crime Calls,Theft,5160,WEST,SAPD-2026-1193056,29.442471,-98.637275,1788292576000,http://www.sanantonio.gov/sapd/Calls.aspx,Green,a tbd link,26,9
09/01/26, 8:33:12,11100 Huebner Oaks,78230,Property Crime Calls,Burglary Vehicle In Progress,7230,PRUE,SAPD-2026-1191458,29.549006,-98.580741,1788269592000,http://www.sanantonio.gov/sapd/Calls.aspx,Green,a tbd link,26,9
09/01/26,11:45:59 AM,300 S St Mary's St,78205,Other Calls,Disturbance,1110,DOWNTOWN,SAPD-2026-1192279,29.422958,-98.492031,1788281159000,http://www.sanantonio.gov/sapd/Calls.aspx,Blue,a tbd link,26,9
09/01/26, 2:57:38,600 Sw Military Dr,78221,Other Calls,Welfare Check,6250,SOUTH,SAPD-2026-1193066,29.35588,-98.501373,1788292658000,http://www.sanantonio.gov/sapd/Calls.aspx,Blue,a tbd link,26,9
09/01/26, 8:29:54,900-998 HAMMOND AVE,78210,Other Calls,Patrol By,4150,EAST,SAPD-2026-1191446,29.399499,-98.455001,1788269394000,http://www.sanantonio.gov/sapd/Calls.aspx,Blue,a tbd link,26,9
09/01/26,11:45:36 AM,W Loop 1604 S / Us Hwy 90 W,78245,Traffic Calls,Traffic Related,NOT SAPD BEX,SAPD OUTSIDE AREA,SAPD-2026-1192275,29.383884,-98.700659,1788281136000,http://www.sanantonio.gov/sapd/Calls.aspx,Yellow,a tbd link,26,9
09/01/26, 2:57:32,Autares Glade / Perseus Brook,78252,Other Calls,Welfare Check,6360,SOUTH,SAPD-2026-1193062,29.347299,-98.639257,1788292652000,http://www.sanantonio.gov/sapd/Calls.aspx,Blue,a tbd link,26,9
09/01/26, 8:32:31,1700 Pleasanton Rd,78221,Other Calls,Narcotic Laws,6230,SOUTH,SAPD-2026-1191455,29.3653,-98.504344,1788269551000,http://www.sanantonio.gov/sapd/Calls.aspx,Blue,a tbd link,26,9
09/01/26,11:46:07 AM,11900 N Weidner Rd,78233,Property Crime Calls,Criminal Mischief,3250,NORTH,SAPD-2026-1192278,29.549041,-98.382289,1788281167000,http://www.sanantonio.gov/sapd/Calls.aspx,Green,a tbd link,26,9
09/01/26, 3:02:56,3300 Research Plaza,78235,Other Calls,Welfare Check,6270,SOUTH,SAPD-2026-1193092,29.345328,-98.438158,1788292976000,http://www.sanantonio.gov/sapd/Calls.aspx,Blue,a tbd link,26,9
09/01/26, 8:30:42,VIA PARK AND RIDE STONE OAK PKWY,78258,Traffic Calls,Traffic Related,3160,NORTH,SAPD-2026-1191447,29.649009,-98.453136,1788269442000,http://www.sanantonio.gov/sapd/Calls.aspx,Yellow,a tbd link,26,9
09/01/26,11:45:27 AM,1300 Autumn Moon,78245,Crimes Against Person Calls,Suspicious Vehicle,5330,WEST,SAPD-2026-1192277,29.421655,-98.657085,1788281127000,http://www.sanantonio.gov/sapd/Calls.aspx,Red,a tbd link,26,9
09/01/26, 2:57:20,13000 Jones Maltsberger Rd,78247,Crimes Against Person Calls,Suspicious Vehicle,3220,NORTH,SAPD-2026-1193079,29.559728,-98.459693,1788292640000,http://www.sanantonio.gov/sapd/Calls.aspx,Red,a tbd link,26,9
09/01/26,11:45:03 AM,9800 Airport Blvd,78216,Traffic Calls,Abandoned Vehicle,SAT1,AIRPORT,SAPD-2026-1192272,29.526619,-98.471844,1788281103000,http://www.sanantonio.gov/sapd/Calls.aspx,Yellow,a tbd link,26,9
09/01/26, 2:58:40,3400 W Commerce St,78207,Traffic Calls,Abandoned Vehicle,2330,CENTRAL,SAPD-2026-1193070,29.42887,-98.534911,1788292720000,http://www.sanantonio.gov/sapd/Calls.aspx,Yellow,a tbd link,26,9
09/01/26,11:45:29 AM,1800 S Zarzamora St,78207,Other Calls,Disturbance,2340,CENTRAL,SAPD-2026-1192274,29.407631,-98.5292,1788281129000,http://www.sanantonio.gov/sapd/Calls.aspx,Blue,a tbd link,26,9
09/01/26, 8:32:30,5200 Rigsby Ave,78222,Other Calls,Disturbance,4240,EAST,SAPD-2026-1191454,29.398686,-98.388129,1788269550000,http://www.sanantonio.gov/sapd/Calls.aspx,Blue,a tbd link,26,9
09/01/26, 2:58:46,3300 Tampico St,78207,Property Crime Calls,Theft,2350,CENTRAL,SAPD-2026-1193071,29.416965,-98.546145,1788292726000,http://www.sanantonio.gov/sapd/Calls.aspx,Green,a tbd link,26,9
09/01/26,11:47:59 AM,1100 E Highland Blvd,78210,Other Calls,Welfare Check,4150,EAST,SAPD-2026-1192285,29.396285,-98.46118,1788281279000,http://www.sanantonio.gov/sapd/Calls.aspx,Blue,a tbd link,26,9
09/01/26, 8:30:47,12700 Blanco Rd,78231,Traffic Calls,Major Accident,3110,NORTH,SAPD-2026-1191448,29.55703,-98.516216,1788269447000,http://www.sanantonio.gov/sapd/Calls.aspx,Yellow,a tbd link,26,9
09/01/26, 2:57:37,Eisenhauer Rd / Corinne Dr,78218,Traffic Calls,Minor Accident,4350,EAST,SAPD-2026-1193064,29.495797,-98.424349,1788292657000,http://www.sanantonio.gov/sapd/Calls.aspx,Yellow,a tbd link,26,9
09/01/26,11:47:06 AM,9700 Ih 35 N,78233-6610,Traffic Calls,Minor Accident,3230,NORTH,SAPD-2026-1192283,29.5283,-98.393522,1788281226000,http://www.sanantonio.gov/sapd/Calls.aspx,Yellow,a tbd link,26,9
09/01/26, 8:31:25,9700 Airport Blvd,78216,Other Calls,Property Found,SAT1,AIRPORT,SAPD-2026-1191451,29.527705,-98.472816,1788269485000,http://www.sanantonio.gov/sapd/Calls.aspx,Blue,a tbd link,26,9
09/01/26, 2:56:47,2200 N FLORES ST,78212,Other Calls,Patrol By,1220,DOWNTOWN,SAPD-2026-1193057,29.4465,-98.502203,1788292607000,http://www.sanantonio.gov/sapd/Calls.aspx,Blue,a tbd link,26,9
09/01/26,11:46:20 AM,300 S Santa Rosa,78207,Other Calls,Information,1120,DOWNTOWN,SAPD-2026-1192280,29.422478,-98.498873,1788281180000,http://www.sanantonio.gov/sapd/Calls.aspx,Blue,a tbd link,26,9
09/01/26, 8:31:42,7906-8098 W LOOP 1604 N,78250,Traffic Calls,Traffic Related,7360,PRUE,SAPD-2026-1191452,29.513441,-98.694921,1788269502000,http://www.sanantonio.gov/sapd/Calls.aspx,Yellow,a tbd link,26,9
09/01/26, 2:57:02,800 N CHERRY ST,78202,Other Calls,Patrol By,1130,DOWNTOWN,SAPD-2026-1193060,29.430628,-98.476804,1788292622000,http://www.sanantonio.gov/sapd/Calls.aspx,Blue,a tbd link,26,9
09/01/26,11:54:55 AM,3800 Ih 35 N,78219-2200,Other Calls,Information,4310,EAST,SAPD-2026-1192316,29.452313,-98.420181,1788281695000,http://www.sanantonio.gov/sapd/Calls.aspx,Blue,a tbd link,26,9
09/01/26, 8:33:27,Leal St / N San Marcos,78207,Property Crime Calls,Theft,2310,CENTRAL,SAPD-2026-1191461,29.433645,-98.507918,1788269607000,http://www.sanantonio.gov/sapd/Calls.aspx,Green,a tbd link,26,9
09/01/26, 3:02:09,3500 S New Braunfels Ave,78223,Other Calls,Patrol By,4220,EAST,SAPD-2026-1193087,29.38262,-98.460183,1788292929000,http://www.sanantonio.gov/sapd/Calls.aspx,Blue,a tbd link,26,9
09/01/26,11:46:56 AM,300 S St Mary's St,78205,Other Calls,Disturbance,1110,DOWNTOWN,SAPD-2026-1192284,29.422958,-98.492031,1788281216000,http://www.sanantonio.gov/sapd/Calls.aspx,Blue,a tbd link,26,9
09/01/26, 8:32:56,4200 W COMMERCE ST,78237,Other Calls,Patrol By,2360,CENTRAL,SAPD-2026-1191456,29.429969,-98.546262,1788269576000,http://www.sanantonio.gov/sapd/Calls.aspx,Blue,a tbd link,26,9
09/01/26,11:46:41 AM,I0 10 W SB,78230,Traffic Calls,Traffic Related,7150,PRUE,SAPD-2026-1192282,29.531618,-98.562806,1788281201000,http://www.sanantonio.gov/sapd/Calls.aspx,Yellow,a tbd link,26,9
09/01/26, 8:33:02,6532-6622 US HWY 90 W EB,78227,Traffic Calls,Traffic Related,6360,SOUTH,SAPD-2026-1191457,29.403785,-98.620685,1788269582000,http://www.sanantonio.gov/sapd/Calls.aspx,Yellow,a tbd link,26,9
09/01/26,11:48:53 AM,4400 Blk Ih 35 N Nb,78218,Traffic Calls,Traffic Related,4310,EAST,SAPD-2026-1192289,29.467106,-98.407601,1788281333000,http://www.sanantonio.gov/sapd/Calls.aspx,Yellow,a tbd link,26,9
09/01/26, 2:58:25,9500 Airport Blvd,78216,Other Calls,Assist the Public,SAT1,AIRPORT,SAPD-2026-1193069,29.526536,-98.473271,1788292705000,http://www.sanantonio.gov/sapd/Calls.aspx,Blue,a tbd link,26,9
09/01/26, 8:34:09,400-458 HOT WELLS,78223,Traffic Calls,Traffic Related,6240,SOUTH,SAPD-2026-1191460,29.368667,-98.462254,1788269649000,http://www.sanantonio.gov/sapd/Calls.aspx,Yellow,a tbd link,26,9
09/01/26,11:48:25 AM,6831-6999 US HWY 90 W WB,78227,Traffic Calls,Traffic Related,5150,WEST,SAPD-2026-1192287,29.402677,-98.627376,1788281305000,http://www.sanantonio.gov/sapd/Calls.aspx,Yellow,a tbd link,26,9
09/01/26, 2:59:36,2300 Michigan Ave,78201,Other Calls,Ordinance Violation,2210,CENTRAL,SAPD-2026-1193076,29.47161,-98.510709,1788292776000,http://www.sanantonio.gov/sapd/Calls.aspx,Blue,a tbd link,26,9
09/01/26, 8:34:37,100 PARKVIEW DR,78210,Other Calls,Miscellaneous,6220,SOUTH,SAPD-2026-1191462,29.390881,-98.496001,1788269677000,http://www.sanantonio.gov/sapd/Calls.aspx,Blue,a tbd link,26,9
09/01/26,11:49:05 AM,400 Millwood Ln,78216,Other Calls,SAPD Emergency Call,3320,NORTH,SAPD-2026-1192291,29.51111,-98.485831,1788281345000,http://www.sanantonio.gov/sapd/Calls.aspx,Blue,a tbd link,26,9
09/01/26, 2:57:39,52-98 DEVINE RD,78212,Traffic Calls,Traffic Related,1240,DOWNTOWN,SAPD-2026-1193065,29.465856,-98.479108,1788292659000,http://www.sanantonio.gov/sapd/Calls.aspx,Yellow,a tbd link,26,9
09/01/26, 8:34:40,400 LANCE ST,78237,Other Calls,Patrol By,5140,WEST,SAPD-2026-1191464,29.422293,-98.571392,1788269680000,http://www.sanantonio.gov/sapd/Calls.aspx,Blue,a tbd link,26,9
09/01/26,11:54:40 AM,300 La Manda Blvd,78212,Traffic Calls,Traffic Related,2210,CENTRAL,SAPD-2026-1192311,29.487495,-98.503878,1788281680000,http://www.sanantonio.gov/sapd/Calls.aspx,Yellow,a tbd link,26,9
09/01/26, 3:00:07,17900 Ih 10 W,78257,Traffic Calls,Accident Private Property,7260,PRUE,SAPD-2026-1193078,29.610833,-98.600556,1788292807000,http://www.sanantonio.gov/sapd/Calls.aspx,Yellow,a tbd link,26,9
09/01/26, 8:36:28,7700 Marbach Rd,78227,Traffic Calls,Minor Accident,5170,WEST,SAPD-2026-1191469,29.417802,-98.641033,1788269788000,http://www.sanantonio.gov/sapd/Calls.aspx,Yellow,a tbd link,26,9
09/01/26,11:50:51 AM,1100 Delgado St,78207,Other Calls,Disturbance,2320,CENTRAL,SAPD-2026-1192297,29.438425,-98.524338,1788281451000,http://www.sanantonio.gov/sapd/Calls.aspx,Blue,a tbd link,26,9
09/01/26, 2:59:29,1000 BROADWAY,78215,Other Calls,Patrol By,1130,DOWNTOWN,SAPD-2026-1193074,29.434308,-98.480418,1788292769000,http://www.sanantonio.gov/sapd/Calls.aspx,Blue,a tbd link,26,9
09/01/26, 8:35:36,STONE OAK PKWY,78258,Traffic Calls,Traffic Related,3160,NORTH,SAPD-2026-1191466,29.649514,-98.45314,1788269736000,http://www.sanantonio.gov/sapd/Calls.aspx,Yellow,a tbd link,26,9
09/01/26,11:50:00 AM,100 PARCHMAN ST,78214,Other Calls,Patrol By,6260,SOUTH,SAPD-2026-1192293,29.35396,-98.489441,1788281400000,http://www.sanantonio.gov/sapd/Calls.aspx,Blue,a tbd link,26,9
09/01/26, 3:01:48,500 HEIMER RD,78232,Traffic Calls,Accident Private Property,3130,NORTH,SAPD-2026-1193085,29.569581,-98.47322,1788292908000,http://www.sanantonio.gov/sapd/Calls.aspx,Yellow,a tbd link,26,9
09/01/26, 8:36:34,12700 Ih 35 N Sb,78233,Traffic Calls,Traffic Related,3250,NORTH,SAPD-2026-1191467,29.554764,-98.349192,1788269794000,http://www.sanantonio.gov/sapd/Calls.aspx,Yellow,a tbd link,26,9
09/01/26,11:51:28 AM,2300 Dalhart Pass,78245,Other Calls,SAPD Non-Emergency Call,NOT SAPD BEX,SAPD OUTSIDE AREA,SAPD-2026-1192298,29.407575,-98.693265,1788281488000,http://www.sanantonio.gov/sapd/Calls.aspx,Blue,a tbd link,26,9
09/01/26, 8:38:52,3400 Salado Creek Dr,78217,Other Calls,Miscellaneous,3360,NORTH,SAPD-2026-1191475,29.526257,-98.432114,1788269932000,http://www.sanantonio.gov/sapd/Calls.aspx,Blue,a tbd link,26,9
09/01/26, 3:01:35,1200 Evening Glen,78258,Other Calls,Miscellaneous,3170,NORTH,SAPD-2026-1193094,29.623451,-98.501533,1788292895000,http://www.sanantonio.gov/sapd/Calls.aspx,Blue,a tbd link,26,9
09/01/26,11:54:26 AM,1700 W Mistletoe Ave,78201,Property Crime Calls,Burglary Vehicle,5210,WEST,SAPD-2026-1192308,29.454909,-98.524049,1788281666000,http://www.sanantonio.gov/sapd/Calls.aspx,Green,a tbd link,26,9
09/01/26, 8:36:39,3238-3298 ROSELAWN,78226,Traffic Calls,Traffic Related,6310,SOUTH,SAPD-2026-1191468,29.390947,-98.559826,1788269799000,http://www.sanantonio.gov/sapd/Calls.aspx,Yellow,a tbd link,26,9
09/01/26, 3:01:29,Ih 37 S Sb / Se Military Dr,78223,Traffic Calls,Traffic Related,6270,SOUTH,SAPD-2026-1193088,29.352679,-98.428193,1788292889000,http://www.sanantonio.gov/sapd/Calls.aspx,Yellow,a tbd link,26,9
09/01/26,11:51:22 AM,7400 STATE HWY 151,78227,Other Calls,Patrol By,5150,WEST,SAPD-2026-1192296,29.43166,-98.634611,1788281482000,http://www.sanantonio.gov/sapd/Calls.aspx,Blue,a tbd link,26,9
09/01/26, 8:39:59,Nogalitos St / Us Hwy 90 W Eb,78204,Traffic Calls,Minor Accident,2340,CENTRAL,SAPD-2026-1191479,29.396095,-98.515538,1788269999000,http://www.sanantonio.gov/sapd/Calls.aspx,Yellow,a tbd link,26,9
09/01/26, 3:00:47,S0 LOOP 410 SB,78227,Traffic Calls,Traffic Related,5340,WEST,SAPD-2026-1193082,29.410784,-98.64976,1788292847000,http://www.sanantonio.gov/sapd/Calls.aspx,Yellow,a tbd link,26,9
09/01/26,11:52:08 AM,300 Serna Park,78218,Other Calls,Information,4360,EAST,SAPD-2026-1192307,29.506811,-98.40261,1788281528000,http://www.sanantonio.gov/sapd/Calls.aspx,Blue,a tbd link,26,9
09/01/26, 8:39:34,2100 Se Loop 410,78220,Other Calls,Property Found,4240,EAST,SAPD-2026-1191478,29.400436,-98.386348,1788269974000,http://www.sanantonio.gov/sapd/Calls.aspx,Blue,a tbd link,26,9
09/01/26, 3:01:17,S General Mcmullen / Monterey St,78237,Traffic Calls,Officer Traffic Stop,5110,WEST,SAPD-2026-1193083,29.427857,-98.554473,1788292877000,http://www.sanantonio.gov/sapd/Calls.aspx,Yellow,a tbd link,26,9
09/01/26,11:52:39 AM,200 Genova,78237,Traffic Calls,Abandoned Vehicle,5140,WEST,SAPD-2026-1192302,29.423124,-98.567114,1788281559000,http://www.sanantonio.gov/sapd/Calls.aspx,Yellow,a tbd link,26,9
09/01/26, 8:41:14,11900 Rail Dr,78233,Property Crime Calls,Recovered Stolen Property,3210,NORTH,SAPD-2026-1191484,29.546114,-98.386246,1788270074000,http://www.sanantonio.gov/sapd/Calls.aspx,Green,a tbd link,26,9
09/01/26, 3:11:29,10700 Fairchild Way,78109,Other Calls,Welfare Check,4310,EAST,SAPD-2026-1193148,29.465501,-98.27433,1788293489000,http://www.sanantonio.gov/sapd/Calls.aspx,Blue,a tbd link,26,9
09/01/26,11:53:20 AM,2900 Blanco Rd,78212,Traffic Calls,Minor Accident,2210,CENTRAL,SAPD-2026-1192305,29.47329,-98.507861,1788281600000,http://www.sanantonio.gov/sapd/Calls.aspx,Yellow,a tbd link,26,9
09/01/26, 8:38:05,7906-8098 W LOOP 1604 N,78250,Traffic Calls,Traffic Related,7360,PRUE,SAPD-2026-1191471,29.513537,-98.694873,1788269885000,http://www.sanantonio.gov/sapd/Calls.aspx,Yellow,a tbd link,26,9
09/01/26, 3:06:25,7800 GRISSOM RD,78251,Traffic Calls,Minor Accident,7330,PRUE,SAPD-2026-1193107,29.478458,-98.64252,1788293185000,http://www.sanantonio.gov/sapd/Calls.aspx,Yellow,a tbd link,26,9
09/01/26, 8:38:12,400-458 HOT WELLS,78223,Traffic Calls,Traffic Related,6240,SOUTH,SAPD-2026-1191473,29.368667,-98.462331,1788269892000,http://www.sanantonio.gov/sapd/Calls.aspx,Yellow,a tbd link,26,9
09/01/26, 3:04:15,3100 Fredericksburg Rd,78201,Property Crime Calls,Theft,5230,WEST,SAPD-2026-1193099,29.471518,-98.533091,1788293055000,http://www.sanantonio.gov/sapd/Calls.aspx,Green,a tbd link,26,9
09/01/26, 8:40:51,17200 N Green Mountain Rd,78247,Crimes Against Person Calls,Shooting,3260,NORTH,SAPD-2026-1191483,29.599349,-98.363725,1788270051000,http://www.sanantonio.gov/sapd/Calls.aspx,Red,a tbd link,26,9
09/01/26, 3:02:25,100-198 CLAUDIA ST,78210,Traffic Calls,Traffic Related,1110,DOWNTOWN,SAPD-2026-1193089,29.409571,-98.487092,1788292945000,http://www.sanantonio.gov/sapd/Calls.aspx,Yellow,a tbd link,26,9
09/01/26,11:55:52 AM,9600 Us Hwy 90 W,78245,Traffic Calls,DWI,5340,WEST,SAPD-2026-1192324,29.387636,-98.678109,1788281752000,http://www.sanantonio.gov/sapd/Calls.aspx,Yellow,a tbd link,26,9
09/01/26, 8:46:53,100 Goodwin,78204,Other Calls,Disturbance,2340,CENTRAL,SAPD-2026-1191510,29.404148,-98.516291,1788270413000,http://www.sanantonio.gov/sapd/Calls.aspx,Blue,a tbd link,26,9
09/01/26, 3:02:33,9500 BANDERA RD,78250,Other Calls,Patrol By,7320,PRUE,SAPD-2026-1193090,29.532057,-98.644937,1788292953000,http://www.sanantonio.gov/sapd/Calls.aspx,Blue,a tbd link,26,9
09/01/26,11:55:57 AM,5500 Mansions Blfs,78245,Other Calls,SAPD Non-Emergency Call,NOT SAPD BEX,SAPD OUTSIDE AREA,SAPD-2026-1192318,29.378184,-98.756888,1788281757000,http://www.sanantonio.gov/sapd/Calls.aspx,Blue,a tbd link,26,9
09/01/26, 8:42:02,16400 Us Hwy 281 N,78232,Traffic Calls,Traffic Related,3140,NORTH,SAPD-2026-1191487,29.592006,-98.472172,1788270122000,http://www.sanantonio.gov/sapd/Calls.aspx,Yellow,a tbd link,26,9
09/01/26, 3:03:05,52-98 DEVINE RD,78212,Traffic Calls,Traffic Related,1240,DOWNTOWN,SAPD-2026-1193093,29.466152,-98.479104,1788292985000,http://www.sanantonio.gov/sapd/Calls.aspx,Yellow,a tbd link,26,9
09/01/26,11:53:03 AM,1000 LEAL ST,78207,Other Calls,Patrol By,2320,CENTRAL,SAPD-2026-1192303,29.434521,-98.517654,1788281583000,http://www.sanantonio.gov/sapd/Calls.aspx,Blue,a tbd link,26,9
09/01/26, 8:41:19,900 Bandera Rd,78228,Traffic Calls,Accident Private Property,5220,WEST,SAPD-2026-1191485,29.458617,-98.55379,1788270079000,http://www.sanantonio.gov/sapd/Calls.aspx,Yellow,a tbd link,26,9
09/01/26, 3:10:00,20000 Liedecke,78221,Other Calls,Disturbance Family,6280,SOUTH,SAPD-2026-1193124,29.222776,-98.418883,1788293400000,http://www.sanantonio.gov/sapd/Calls.aspx,Blue,a tbd link,26,9
09/01/26,11:55:00 AM,Us Hwy 281 N / Interpark Blvd,78216,Traffic Calls,Traffic Related,3120,NORTH,SAPD-2026-1192312,29.55764,-98.48514,1788281700000,http://www.sanantonio.gov/sapd/Calls.aspx,Yellow,a tbd link,26,9
09/01/26, 8:42:19,300 Astor,78210,Property Crime Calls,Theft,4150,EAST,SAPD-2026-1191488,29.387537,-98.469223,1788270139000,http://www.sanantonio.gov/sapd/Calls.aspx,Green,a tbd link,26,9
09/01/26, 3:03:44,1200 N FRIO ST,78207,Other Calls,Welfare Check,2310,CENTRAL,SAPD-2026-1193095,29.437855,-98.505994,1788293024000,http://www.sanantonio.gov/sapd/Calls.aspx,Blue,a tbd link,26,9
09/01/26,11:59:08 AM,7300 Jones Maltsberger Rd,78209,Traffic Calls,Minor Accident,3330,NORTH,SAPD-2026-1192337,29.498523,-98.481311,1788281948000,http://www.sanantonio.gov/sapd/Calls.aspx,Yellow,a tbd link,26,9
09/01/26, 8:44:51,16500 Hunting Glen,78247,Property Crime Calls,Theft,3260,NORTH,SAPD-2026-1191500,29.58631,-98.364772,1788270291000,http://www.sanantonio.gov/sapd/Calls.aspx,Green,a tbd link,26,9
09/01/26, 3:04:05,T TRL IN TRAVIS PARK,78205,Other Calls,Patrol By,1130,DOWNTOWN,SAPD-2026-1193097,29.428535,-98.488619,1788293045000,http://www.sanantonio.gov/sapd/Calls.aspx,Blue,a tbd link,26,9
09/01/26, 8:40:10,6100 OLD PEARSALL RD,78242,Other Calls,Patrol By,6350,SOUTH,SAPD-2026-1191480,29.343896,-98.617857,1788270010000,http://www.sanantonio.gov/sapd/Calls.aspx,Blue,a tbd link,26,9
09/01/26, 3:05:34,7100 Comet Manor,78252,Other Calls,Welfare Check,6360,SOUTH,SAPD-2026-1193113,29.356435,-98.636571,1788293134000,http://www.sanantonio.gov/sapd/Calls.aspx,Blue,a tbd link,26,9
09/01/26, 8:42:49,4900 Blanco Rd,78212,Other Calls,Welfare Check,2220,CENTRAL,SAPD-2026-1191491,29.49285,-98.507814,1788270169000,http://www.sanantonio.gov/sapd/Calls.aspx,Blue,a tbd link,26,9
09/01/26, 3:04:27,654-698 E HILDEBRAND AVE,78212,Traffic Calls,Traffic Related,1240,DOWNTOWN,SAPD-2026-1193101,29.465944,-98.480769,1788293067000,http://www.sanantonio.gov/sapd/Calls.aspx,Yellow,a tbd link,26,9
09/01/26, 8:45:23,300 W Sayers Ave,78214,Property Crime Calls,Criminal Mischief,6210,SOUTH,SAPD-2026-1191502,29.374629,-98.501904,1788270323000,http://www.sanantonio.gov/sapd/Calls.aspx,Green,a tbd link,26,9
09/01/26,11:55:15 AM,1200 S GEVERS ST,78210,Other Calls,CRT Follow Up,4140,EAST,SAPD-2026-1192313,29.407894,-98.456738,1788281715000,http://www.sanantonio.gov/sapd/Calls.aspx,Blue,a tbd link,26,9
09/01/26, 3:06:34,6900 Glendora,78218,Other Calls,DOA,4350,EAST,SAPD-2026-1193109,29.492736,-98.402663,1788293194000,http://www.sanantonio.gov/sapd/Calls.aspx,Blue,a tbd link,26,9
09/01/26, 8:41:48,400 Princeton,78201,Crimes Against Person Calls,Child Locked in Vehicle,1220,DOWNTOWN,SAPD-2026-1191486,29.44569,-98.512892,1788270108000,http://www.sanantonio.gov/sapd/Calls.aspx,Red,a tbd link,26,9
09/01/26,11:58:55 AM,E0 N Loop 1604 W Ofrp Sb Ih 10 W,78249,Traffic Calls,Traffic Related,7250,PRUE,SAPD-2026-1192336,29.589358,-98.599532,1788281935000,http://www.sanantonio.gov/sapd/Calls.aspx,Yellow,a tbd link,26,9
09/01/26, 3:10:55,10600 Red Shiner Run,78224,Other Calls,Information,6160,SOUTH,SAPD-2026-1193140,29.311822,-98.537861,1788293455000,http://www.sanantonio.gov/sapd/Calls.aspx,Blue,a tbd link,26,9
09/01/26, 8:44:14,200 S Ww White Rd,78219,Property Crime Calls,Theft,4230,EAST,SAPD-2026-1191495,29.428207,-98.405556,1788270254000,http://www.sanantonio.gov/sapd/Calls.aspx,Green,a tbd link,26,9
09/01/26,11:57:36 AM,Us Hwy 281 N Nb / Devine Rd,78212,Traffic Calls,Major Accident,1240,DOWNTOWN,SAPD-2026-1192331,29.473929,-98.47915,1788281856000,http://www.sanantonio.gov/sapd/Calls.aspx,Yellow,a tbd link,26,9
09/01/26, 3:10:55,Sb Hy281 N Ofrp Eb Ne Lp 410 / Ne Loop 410,78216,Traffic Calls,Traffic Related,3350,NORTH,SAPD-2026-1193129,29.5206,-98.47977,1788293455000,http://www.sanantonio.gov/sapd/Calls.aspx,Yellow,a tbd link,26,9
09/01/26, 8:44:10,300 Avalon St,78213,Traffic Calls,Minor Accident,2230,CENTRAL,SAPD-2026-1191496,29.492477,-98.527295,1788270250000,http://www.sanantonio.gov/sapd/Calls.aspx,Yellow,a tbd link,26,9
09/01/26,11:59:13 AM,10700 Wurzbach Rd,78230,Other Calls,Disturbance,7220,PRUE,SAPD-2026-1192338,29.539336,-98.55466,1788281953000,http://www.sanantonio.gov/sapd/Calls.aspx,Blue,a tbd link,26,9
09/01/26, 3:05:26,1901-1999 S ALAMO ST,78204,Other Calls,Patrol By,1140,DOWNTOWN,SAPD-2026-1193103,29.412584,-98.502962,1788293126000,http://www.sanantonio.gov/sapd/Calls.aspx,Blue,a tbd link,26,9
09/01/26, 8:43:03,20852-20898 STONE OAK PKWY,78258,Traffic Calls,Traffic Related,3160,NORTH,SAPD-2026-1191492,29.649469,-98.452989,1788270183000,http://www.sanantonio.gov/sapd/Calls.aspx,Yellow,a tbd link,26,9
09/01/26,11:57:16 AM,Culebra Rd / N San Felipe Ave,78228,Traffic Calls,Major Accident,5220,WEST,SAPD-2026-1192328,29.448221,-98.556753,1788281836000,http://www.sanantonio.gov/sapd/Calls.aspx,Yellow,a tbd link,26,9
09/01/26, 3:06:59,1500 Amanda St,78210,Other Calls,Information,4210,EAST,SAPD-2026-1193111,29.399157,-98.436431,1788293219000,http://www.sanantonio.gov/sapd/Calls.aspx,Blue,a tbd link,26,9
09/01/26,11:56:32 AM,1000 LEAL ST,78207,Other Calls,Patrol By,2320,CENTRAL,SAPD-2026-1192321,29.434521,-98.517654,1788281792000,http://www.sanantonio.gov/sapd/Calls.aspx,Blue,a tbd link,26,9
09/01/26, 3:07:20,200 E Travis St,78205,Other Calls,Property Found,1130,DOWNTOWN,SAPD-2026-1193114,29.427548,-98.491042,1788293240000,http://www.sanantonio.gov/sapd/Calls.aspx,Blue,a tbd link,26,9
09/01/26,11:57:52 AM,5700 Willow Point Blvd,78219,Traffic Calls,Minor Accident,4240,EAST,SAPD-2026-1192334,29.427811,-98.366776,1788281872000,http://www.sanantonio.gov/sapd/Calls.aspx,Yellow,a tbd link,26,9
09/01/26, 3:07:44,14400 Brook Hollow Blvd,78232,Other Calls,Disturbance,3130,NORTH,SAPD-2026-1193115,29.578124,-98.473063,1788293264000,http://www.sanantonio.gov/sapd/Calls.aspx,Blue,a tbd link,26,9
09/01/26,11:57:44 AM,12400 La Lira,78233,Property Crime Calls,Theft of Vehicle,3210,NORTH,SAPD-2026-1192330,29.553394,-98.391229,1788281864000,http://www.sanantonio.gov/sapd/Calls.aspx,Green,a tbd link,26,9
09/01/26, 3:06:00,LEON CREEK GREENWAY SOUTH LACKLAND,78236,Other Calls,Patrol By,Lackland AFB,SAPD OUTSIDE AREA,SAPD-2026-1193105,29.401025,-98.626621,1788293160000,http://www.sanantonio.gov/sapd/Calls.aspx,Blue,a tbd link,26,9
09/01/26,11:56:51 AM,5900 SAN PEDRO AVE,78212,Property Crime Calls,Recovered Stolen Property,1240,DOWNTOWN,SAPD-2026-1192323,29.48828,-98.499255,1788281811000,http://www.sanantonio.gov/sapd/Calls.aspx,Green,a tbd link,26,9
09/01/26, 3:06:25,6900 Glendora,78218,Other Calls,DOA,4350,EAST,SAPD-2026-1193106,29.492736,-98.402663,1788293185000,http://www.sanantonio.gov/sapd/Calls.aspx,Blue,a tbd link,26,9
09/01/26,11:57:31 AM,4750-4798 Us Hwy 281 N Nb,78212,Traffic Calls,Major Accident,1240,DOWNTOWN,SAPD-2026-1192327,29.473783,-98.479023,1788281851000,http://www.sanantonio.gov/sapd/Calls.aspx,Yellow,a tbd link,26,9
09/01/26, 3:08:20,Bandera Rd / W Loop 1604 N,78250,Other Calls,Animal Related,7360,PRUE,SAPD-2026-1193118,29.553107,-98.666824,1788293300000,http://www.sanantonio.gov/sapd/Calls.aspx,Blue,a tbd link,26,9
09/01/26, 8:45:10,400 Weinberg,78214,Traffic Calls,Minor Accident,6210,SOUTH,SAPD-2026-1191501,29.381508,-98.507116,1788270310000,http://www.sanantonio.gov/sapd/Calls.aspx,Yellow,a tbd link,26,9
09/01/26,11:57:49 AM,E Basse Rd / Us Hwy 281 N Nb,78209,Traffic Calls,Major Accident,3330,NORTH,SAPD-2026-1192332,29.490495,-98.483249,1788281869000,http://www.sanantonio.gov/sapd/Calls.aspx,Yellow,a tbd link,26,9
09/01/26, 3:10:28,8100 W Loop 1604 N,78254,Traffic Calls,Minor Accident,7360,PRUE,SAPD-2026-1193127,29.515794,-98.6956,1788293428000,http://www.sanantonio.gov/sapd/Calls.aspx,Yellow,a tbd link,26,9
09/01/26, 8:45:34,20000 Liedecke,78221,Property Crime Calls,Theft In Progress,6280,SOUTH,SAPD-2026-1191513,29.222776,-98.418883,1788270334000,http://www.sanantonio.gov/sapd/Calls.aspx,Green,a tbd link,26,9
09/01/26,11:58:19 AM,Us Hwy 281 N Nb / E Hildebrand Ave,78212,Traffic Calls,Major Accident,1230,DOWNTOWN,SAPD-2026-1192333,29.465533,-98.473717,1788281899000,http://www.sanantonio.gov/sapd/Calls.aspx,Yellow,a tbd link,26,9
09/01/26, 3:12:22,700 W Pyron Ave,78221,Other Calls,Miscellaneous,6230,SOUTH,SAPD-2026-1193145,29.363024,-98.509851,1788293542000,http://www.sanantonio.gov/sapd/Calls.aspx,Blue,a tbd link,26,9
09/01/26, 8:43:41,8900 Callaghan Rd,78230,Other Calls,Disturbance,7210,PRUE,SAPD-2026-1191494,29.521915,-98.541806,1788270221000,http://www.sanantonio.gov/sapd/Calls.aspx,Blue,a tbd link,26,9
09/01/26,12:06:00 PM,12000 Nacogdoches Rd,78217,Other Calls,Disturbance,3210,NORTH,SAPD-2026-1192366,29.548439,-98.41098,1788282360000,http://www.sanantonio.gov/sapd/Calls.aspx,Blue,a tbd link,26,9
09/01/26, 3:11:44,200 E Basse Rd,78209,Traffic Calls,Accident Private Property,3330,NORTH,SAPD-2026-1193137,29.49578,-98.479924,1788293504000,http://www.sanantonio.gov/sapd/Calls.aspx,Yellow,a tbd link,26,9
09/01/26,12:01:11 PM,Montana St / Ih 37 S,78203,Other Calls,Animal Related,1110,DOWNTOWN,SAPD-2026-1192348,29.418647,-98.47987,1788282071000,http://www.sanantonio.gov/sapd/Calls.aspx,Blue,a tbd link,26,9
09/01/26, 3:06:58,8400 N LOOP 1604 W SB,78249,Traffic Calls,Traffic Related,7350,PRUE,SAPD-2026-1193110,29.570249,-98.651416,1788293218000,http://www.sanantonio.gov/sapd/Calls.aspx,Yellow,a tbd link,26,9
09/01/26,12:00:14 PM,4700-4748 Us Hwy 281 N Nb,78212,Traffic Calls,Major Accident,1240,DOWNTOWN,SAPD-2026-1192346,29.473073,-98.478406,1788282014000,http://www.sanantonio.gov/sapd/Calls.aspx,Yellow,a tbd link,26,9
09/01/26, 3:07:12,201-433 HUNT LN,78245,Traffic Calls,Traffic Related,5330,WEST,SAPD-2026-1193112,29.434817,-98.668812,1788293232000,http://www.sanantonio.gov/sapd/Calls.aspx,Yellow,a tbd link,26,9
09/01/26, 8:45:41,1300 Swaying Oaks Dr,78227,Other Calls,Missing Person/Runaway,5150,WEST,SAPD-2026-1191506,29.420872,-98.621072,1788270341000,http://www.sanantonio.gov/sapd/Calls.aspx,Blue,a tbd link,26,9
09/01/26,12:01:39 PM,Us Hwy 90 W / S Acme Rd,78237,Traffic Calls,Major Accident,5120,WEST,SAPD-2026-1192349,29.408128,-98.587818,1788282099000,http://www.sanantonio.gov/sapd/Calls.aspx,Yellow,a tbd link,26,9
09/01/26, 3:08:23,Us Hwy 90 W / Pinn Rd,78227,Other Calls,Miscellaneous,5150,WEST,SAPD-2026-1193119,29.403623,-98.62412,1788293303000,http://www.sanantonio.gov/sapd/Calls.aspx,Blue,a tbd link,26,9
09/01/26, 8:44:29,300 E Houston St,78205,Property Crime Calls,Theft,1110,DOWNTOWN,SAPD-2026-1191497,29.426338,-98.489595,1788270269000,http://www.sanantonio.gov/sapd/Calls.aspx,Green,a tbd link,26,9
09/01/26,12:01:23 PM,Haven For Hope Way,78207,Other Calls,Welfare Check,2310,CENTRAL,SAPD-2026-1192358,29.431905,-98.507256,1788282083000,http://www.sanantonio.gov/sapd/Calls.aspx,Blue,a tbd link,26,9
09/01/26, 3:09:27,5700 Elm Valley Dr,78242,Other Calls,Disturbance Family,6350,SOUTH,SAPD-2026-1193122,29.359568,-98.610114,1788293367000,http://www.sanantonio.gov/sapd/Calls.aspx,Blue,a tbd link,26,9
09/01/26, 8:45:38,Pleasanton Rd / Sw Military Dr,78221,Traffic Calls,Traffic Related,6230,SOUTH,SAPD-2026-1191504,29.356689,-98.503891,1788270338000,http://www.sanantonio.gov/sapd/Calls.aspx,Yellow,a tbd link,26,9
09/01/26,12:00:08 PM,9700 Airport Blvd,78216,Other Calls,Property Found,SAT1,AIRPORT,SAPD-2026-1192345,29.527705,-98.472816,1788282008000,http://www.sanantonio.gov/sapd/Calls.aspx,Blue,a tbd link,26,9
09/01/26, 3:10:05,2700 Treble Crk,78258,Other Calls,Information,3170,NORTH,SAPD-2026-1193125,29.604035,-98.539064,1788293405000,http://www.sanantonio.gov/sapd/Calls.aspx,Blue,a tbd link,26,9
09/01/26, 8:46:12,16900-17098 WURZBACH PKWY OFRP WETMORE RD,78216,Traffic Calls,Traffic Related,3220,NORTH,SAPD-2026-1191508,29.545597,-98.43856,1788270372000,http://www.sanantonio.gov/sapd/Calls.aspx,Yellow,a tbd link,26,9
09/01/26,12:01:17 PM,7200 BRIAR PLACE,78221,Other Calls,Patrol By,6250,SOUTH,SAPD-2026-1192347,29.355303,-98.49335,1788282077000,http://www.sanantonio.gov/sapd/Calls.aspx,Blue,a tbd link,26,9
09/01/26, 3:08:09,100 F ST,78210,Other Calls,Patrol By,4140,EAST,SAPD-2026-1193117,29.40842,-98.44899,1788293289000,http://www.sanantonio.gov/sapd/Calls.aspx,Blue,a tbd link,26,9
09/01/26, 8:46:34,6900-7498 US HWY 90 W EB,78227,Traffic Calls,Traffic Related,6360,SOUTH,SAPD-2026-1191509,29.401554,-98.632225,1788270394000,http://www.sanantonio.gov/sapd/Calls.aspx,Yellow,a tbd link,26,9
09/01/26,12:03:46 PM,7400 Nw Loop 410,78238,Other Calls,Disturbance,5160,WEST,SAPD-2026-1192355,29.444522,-98.635895,1788282226000,http://www.sanantonio.gov/sapd/Calls.aspx,Blue,a tbd link,26,9
09/01/26, 3:09:50,1300 Nw 22nd St,78207,Traffic Calls,Traffic Related,2360,CENTRAL,SAPD-2026-1193123,29.442194,-98.538369,1788293390000,http://www.sanantonio.gov/sapd/Calls.aspx,Yellow,a tbd link,26,9
09/01/26,12:05:12 PM,12600 Blanco Rd,78231,Property Crime Calls,Theft,3110,NORTH,SAPD-2026-1192360,29.555861,-98.518537,1788282312000,http://www.sanantonio.gov/sapd/Calls.aspx,Green,a tbd link,26,9
09/01/26, 3:09:26,700 Nw Loop 410,78216,Other Calls,Disturbance,3350,NORTH,SAPD-2026-1193121,29.521351,-98.505436,1788293366000,http://www.sanantonio.gov/sapd/Calls.aspx,Blue,a tbd link,26,9
09/01/26,12:05:24 PM,400 Dewitt,78204,Property Crime Calls,Burglary in Progress,6210,SOUTH,SAPD-2026-1192363,29.394986,-98.506378,1788282324000,http://www.sanantonio.gov/sapd/Calls.aspx,Green,a tbd link,26,9
09/01/26, 8:48:24,200 Cumberland Blvd,78204,Other Calls,Patrol By,2340,CENTRAL,SAPD-2026-1191515,29.400378,-98.515719,1788270504000,http://www.sanantonio.gov/sapd/Calls.aspx,Blue,a tbd link,26,9
09/01/26, 3:11:22,3700 Sw Military Dr,78211,Property Crime Calls,Theft,6320,SOUTH,SAPD-2026-1193134,29.358521,-98.562173,1788293482000,http://www.sanantonio.gov/sapd/Calls.aspx,Green,a tbd link,26,9
09/01/26,12:07:46 PM,900 Magnolia Bend,78251,Other Calls,Information,5360,WEST,SAPD-2026-1192372,29.443089,-98.686527,1788282466000,http://www.sanantonio.gov/sapd/Calls.aspx,Blue,a tbd link,26,9
09/01/26, 8:48:21,400 Cherry Ridge Dr,78213,Traffic Calls,Traffic Related,2230,CENTRAL,SAPD-2026-1191514,29.506857,-98.536374,1788270501000,http://www.sanantonio.gov/sapd/Calls.aspx,Yellow,a tbd link,26,9
09/01/26, 3:10:50,Se Loop 410 Eb / Ih 37 S Nb,78223,Traffic Calls,Traffic Related,6280,SOUTH,SAPD-2026-1193128,29.329369,-98.415684,1788293450000,http://www.sanantonio.gov/sapd/Calls.aspx,Yellow,a tbd link,26,9
09/01/26,12:07:28 PM,8500 State Hwy 151,78245,Traffic Calls,Minor Accident,5160,WEST,SAPD-2026-1192369,29.438397,-98.65485,1788282448000,http://www.sanantonio.gov/sapd/Calls.aspx,Yellow,a tbd link,26,9
09/01/26, 8:47:35,1654-1698 S GENERAL MCMULLEN,78237,Traffic Calls,Traffic Related,6310,SOUTH,SAPD-2026-1191511,29.400848,-98.557521,1788270455000,http://www.sanantonio.gov/sapd/Calls.aspx,Yellow,a tbd link,26,9
09/01/26, 3:15:19,3800 E Southcross Blvd,78222,Traffic Calls,Accident Private Property,4260,EAST,SAPD-2026-1193169,29.37314,-98.421278,1788293719000,http://www.sanantonio.gov/sapd/Calls.aspx,Yellow,a tbd link,26,9
09/01/26,12:05:57 PM,500 Kashmuir Place,78223,Other Calls,Miscellaneous,4210,EAST,SAPD-2026-1192365,29.38223,-98.440251,1788282357000,http://www.sanantonio.gov/sapd/Calls.aspx,Blue,a tbd link,26,9
09/01/26, 8:51:44,900 Menchaca St,78207,Traffic Calls,Abandoned Vehicle,2320,CENTRAL,SAPD-2026-1191528,29.441413,-98.521094,1788270704000,http://www.sanantonio.gov/sapd/Calls.aspx,Yellow,a tbd link,26,9
09/01/26, 3:09:18,201-433 HUNT LN,78245,Traffic Calls,Traffic Related,5330,WEST,SAPD-2026-1193120,29.434453,-98.668828,1788293358000,http://www.sanantonio.gov/sapd/Calls.aspx,Yellow,a tbd link,26,9
09/01/26,12:05:05 PM,800 Rexford Dr,78216,Other Calls,SAPD Non-Emergency Call,3330,NORTH,SAPD-2026-1192359,29.513116,-98.475423,1788282305000,http://www.sanantonio.gov/sapd/Calls.aspx,Blue,a tbd link,26,9
09/01/26, 8:48:31,N0 W LOOP 1604 N ONRP CULEBRA RD,78250,Traffic Calls,Traffic Related,7360,PRUE,SAPD-2026-1191516,29.510189,-98.696647,1788270511000,http://www.sanantonio.gov/sapd/Calls.aspx,Yellow,a tbd link,26,9
09/01/26, 3:11:19,14900 Jones Maltsberger Rd,78247,Property Crime Calls,Theft In Progress,3220,NORTH,SAPD-2026-1193133,29.577476,-98.441975,1788293479000,http://www.sanantonio.gov/sapd/Calls.aspx,Green,a tbd link,26,9
09/01/26,12:08:47 PM,1500 W Sunshine,78228,Property Crime Calls,Theft,5250,WEST,SAPD-2026-1192375,29.468865,-98.573139,1788282527000,http://www.sanantonio.gov/sapd/Calls.aspx,Green,a tbd link,26,9
09/01/26, 8:49:44,4600 E HOUSTON ST,78220,Other Calls,Welfare Check,4240,EAST,SAPD-2026-1191519,29.427425,-98.402539,1788270584000,http://www.sanantonio.gov/sapd/Calls.aspx,Blue,a tbd link,26,9
09/01/26,12:07:39 PM,W0 HY90 W OFRP GH DR,78207,Traffic Calls,Traffic Related,2340,CENTRAL,SAPD-2026-1192370,29.39995,-98.532797,1788282459000,http://www.sanantonio.gov/sapd/Calls.aspx,Yellow,a tbd link,26,9
09/01/26, 8:49:52,500 Sims Ave,78225,Other Calls,Miscellaneous,6110,SOUTH,SAPD-2026-1191526,29.383678,-98.518156,1788270592000,http://www.sanantonio.gov/sapd/Calls.aspx,Blue,a tbd link,26,9
09/01/26,12:07:40 PM,UNNAMED PARK RD AT PECAN VALLEY DR,78210,Other Calls,Patrol By,4210,EAST,SAPD-2026-1192371,29.385844,-98.426259,1788282460000,http://www.sanantonio.gov/sapd/Calls.aspx,Blue,a tbd link,26,9
09/01/26, 3:14:11,5300 Roosevelt Ave,78214,Crimes Against Person Calls,Internet Predator,6250,SOUTH,SAPD-2026-1193161,29.322719,-98.478789,1788293651000,http://www.sanantonio.gov/sapd/Calls.aspx,Red,a tbd link,26,9
09/01/26, 8:50:37,1200 Churing Dr,78245,Traffic Calls,Traffic Related,5330,WEST,SAPD-2026-1191521,29.423111,-98.675894,1788270637000,http://www.sanantonio.gov/sapd/Calls.aspx,Yellow,a tbd link,26,9
09/01/26,12:10:38 PM,12000 Network Blvd,78249,Property Crime Calls,Forgery,7340,PRUE,SAPD-2026-1192385,29.547451,-98.588582,1788282638000,http://www.sanantonio.gov/sapd/Calls.aspx,Green,a tbd link,26,9
09/01/26, 3:11:23,2200 Ne Loop 410,78217,Crimes Against Person Calls,Robbery of Individual,3370,NORTH,SAPD-2026-1193135,29.516353,-98.423416,1788293483000,http://www.sanantonio.gov/sapd/Calls.aspx,Red,a tbd link,26,9
09/01/26, 8:51:08,3700 E Commerce St,78219,Other Calls,Disturbance Family,4160,EAST,SAPD-2026-1191524,29.425991,-98.423139,1788270668000,http://www.sanantonio.gov/sapd/Calls.aspx,Blue,a tbd link,26,9
09/01/26,12:09:32 PM,200 Tesla Dr,78228,Traffic Calls,Abandoned Vehicle,5130,WEST,SAPD-2026-1192378,29.4451,-98.567813,1788282572000,http://www.sanantonio.gov/sapd/Calls.aspx,Yellow,a tbd link,26,9
09/01/26, 3:11:51,300 Tacoma Ave,78221,Other Calls,Animal Related,6150,SOUTH,SAPD-2026-1193138,29.354157,-98.51792,1788293511000,http://www.sanantonio.gov/sapd/Calls.aspx,Blue,a tbd link,26,9
09/01/26, 8:49:47,5801-5999 US HWY 90 W WB,78227,Traffic Calls,Traffic Related,5150,WEST,SAPD-2026-1191520,29.406822,-98.605476,1788270587000,http://www.sanantonio.gov/sapd/Calls.aspx,Yellow,a tbd link,26,9
09/01/26,12:09:17 PM,3700 N ST MARY'S ST,78212,Other Calls,Patrol By,1230,DOWNTOWN,SAPD-2026-1192376,29.459371,-98.477382,1788282557000,http://www.sanantonio.gov/sapd/Calls.aspx,Blue,a tbd link,26,9
09/01/26, 3:10:16,2100 Se Loop 410,78220,Other Calls,Miscellaneous,4240,EAST,SAPD-2026-1193126,29.400436,-98.386348,1788293416000,http://www.sanantonio.gov/sapd/Calls.aspx,Blue,a tbd link,26,9
09/01/26, 8:56:08,13900 Ih 37 S,78112,Crimes Against Person Calls,Threats,6280,SOUTH,SAPD-2026-1191547,29.282426,-98.394948,1788270968000,http://www.sanantonio.gov/sapd/Calls.aspx,Red,a tbd link,26,9
09/01/26,12:10:09 PM,CRYSTAL HILLS TRAILHEAD,78238,Other Calls,Patrol By,5310,WEST,SAPD-2026-1192382,29.482229,-98.622395,1788282609000,http://www.sanantonio.gov/sapd/Calls.aspx,Blue,a tbd link,26,9
09/01/26, 3:12:19,9400 Fredericksburg Rd,78240,Property Crime Calls,Criminal Mischief,7150,PRUE,SAPD-2026-1193144,29.525325,-98.574358,1788293539000,http://www.sanantonio.gov/sapd/Calls.aspx,Green,a tbd link,26,9
09/01/26, 8:52:15,Chestnut St / Booker Alley,78202,Traffic Calls,Minor Accident,1130,DOWNTOWN,SAPD-2026-1191529,29.426994,-98.4792,1788270735000,http://www.sanantonio.gov/sapd/Calls.aspx,Yellow,a tbd link,26,9
09/01/26,12:13:03 PM,9300 New London,78254,Other Calls,Disturbance,7360,PRUE,SAPD-2026-1192389,29.524883,-98.666718,1788282783000,http://www.sanantonio.gov/sapd/Calls.aspx,Blue,a tbd link,26,9
09/01/26, 3:13:17,3100 Chihuahua Walk,78207,Property Crime Calls,Criminal Mischief,2350,CENTRAL,SAPD-2026-1193154,29.417727,-98.543262,1788293597000,http://www.sanantonio.gov/sapd/Calls.aspx,Green,a tbd link,26,9
09/01/26, 3:13:00,11100 Huebner Rd,78230,Traffic Calls,Minor Accident,7220,PRUE,SAPD-2026-1193151,29.545888,-98.577464,1788293580000,http://www.sanantonio.gov/sapd/Calls.aspx,Yellow,a tbd link,26,9
09/01/26,12:11:09 PM,101-299 IH 10 E WB,78204,Traffic Calls,Traffic Related,1140,DOWNTOWN,SAPD-2026-1192386,29.396228,-98.507778,1788282669000,http://www.sanantonio.gov/sapd/Calls.aspx,Yellow,a tbd link,26,9
09/01/26, 8:52:43,300 Corliss,78220,Other Calls,Information,4160,EAST,SAPD-2026-1191530,29.415101,-98.431731,1788270763000,http://www.sanantonio.gov/sapd/Calls.aspx,Blue,a tbd link,26,9
09/01/26, 3:11:40,7000 Culebra Rd,78238,Crimes Against Person Calls,Threats,5160,WEST,SAPD-2026-1193136,29.45009,-98.626662,1788293500000,http://www.sanantonio.gov/sapd/Calls.aspx,Red,a tbd link,26,9
09/01/26,12:16:37 PM,5600 Walzem Rd,78218,Other Calls,Missing Person/Runaway,4330,EAST,SAPD-2026-1192396,29.509538,-98.374703,1788282997000,http://www.sanantonio.gov/sapd/Calls.aspx,Blue,a tbd link,26,9
09/01/26, 8:51:24,2600 Nw Loop 410,78230,Traffic Calls,Minor Accident,2230,CENTRAL,SAPD-2026-1191525,29.511181,-98.535158,1788270684000,http://www.sanantonio.gov/sapd/Calls.aspx,Yellow,a tbd link,26,9
09/01/26,12:13:20 PM,7000 Culebra Rd,78238,Property Crime Calls,Burglary,5160,WEST,SAPD-2026-1192392,29.45009,-98.626662,1788282800000,http://www.sanantonio.gov/sapd/Calls.aspx,Green,a tbd link,26,9
09/01/26, 3:11:03,S0 LOOP 410 NB,78227,Traffic Calls,Traffic Related,5170,WEST,SAPD-2026-1193130,29.407921,-98.649534,1788293463000,http://www.sanantonio.gov/sapd/Calls.aspx,Yellow,a tbd link,26,9
09/01/26, 8:53:59,4400 N Hein,78220,Crimes Against Person Calls,Assault In Progress,4230,EAST,SAPD-2026-1191536,29.41196,-98.406367,1788270839000,http://www.sanantonio.gov/sapd/Calls.aspx,Red,a tbd link,26,9
09/01/26,12:14:35 PM,4500 Tejasco,78218,Traffic Calls,Minor Accident,4350,EAST,SAPD-2026-1192393,29.477351,-98.405822,1788282875000,http://www.sanantonio.gov/sapd/Calls.aspx,Yellow,a tbd link,26,9
09/01/26, 8:53:03,N0 US HWY 281 N OFRP ST MARYS,78212,Traffic Calls,Traffic Related,1230,DOWNTOWN,SAPD-2026-1191532,29.454232,-98.481472,1788270783000,http://www.sanantonio.gov/sapd/Calls.aspx,Yellow,a tbd link,26,9
09/01/26, 3:11:04,1-49 DEVINE RD,78212,Traffic Calls,Traffic Related,1240,DOWNTOWN,SAPD-2026-1193131,29.465241,-98.479104,1788293464000,http://www.sanantonio.gov/sapd/Calls.aspx,Yellow,a tbd link,26,9
09/01/26,12:15:00 PM,16700 La Cantera Pkwy,78256,Other Calls,Assist the Public,7260,PRUE,SAPD-2026-1192398,29.607131,-98.613731,1788282900000,http://www.sanantonio.gov/sapd/Calls.aspx,Blue,a tbd link,26,9
09/01/26, 8:55:36,600 N Frio St,78207,Other Calls,Welfare Check,2310,CENTRAL,SAPD-2026-1191541,29.431667,-98.505,1788270936000,http://www.sanantonio.gov/sapd/Calls.aspx,Blue,a tbd link,26,9
09/01/26, 3:11:07,52-98 DEVINE RD,78212,Traffic Calls,Traffic Related,1240,DOWNTOWN,SAPD-2026-1193132,29.465992,-98.479106,1788293467000,http://www.sanantonio.gov/sapd/Calls.aspx,Yellow,a tbd link,26,9
09/01/26,12:12:48 PM,7600 MILITARY DR W,78227,Other Calls,Patrol By,5170,WEST,SAPD-2026-1192388,29.419864,-98.629644,1788282768000,http://www.sanantonio.gov/sapd/Calls.aspx,Blue,a tbd link,26,9
09/01/26, 8:53:45,200 VICKERS AVE,78211,Other Calls,Information,6120,SOUTH,SAPD-2026-1191533,29.36646,-98.526469,1788270825000,http://www.sanantonio.gov/sapd/Calls.aspx,Blue,a tbd link,26,9
09/01/26, 3:12:32,3600 E Houston St,78219,Other Calls,Miscellaneous,4160,EAST,SAPD-2026-1193146,29.42532,-98.426945,1788293552000,http://www.sanantonio.gov/sapd/Calls.aspx,Blue,a tbd link,26,9
09/01/26,12:17:20 PM,12800 Wetmore Rd,78247,Crimes Against Person Calls,Threats,3220,NORTH,SAPD-2026-1192399,29.557531,-98.42496,1788283040000,http://www.sanantonio.gov/sapd/Calls.aspx,Red,a tbd link,26,9
09/01/26, 3:17:01,800 S San Manuel,78237,Other Calls,Assist the Public,5110,WEST,SAPD-2026-1193179,29.41982,-98.558366,1788293821000,http://www.sanantonio.gov/sapd/Calls.aspx,Blue,a tbd link,26,9
09/01/26,12:13:29 PM,300 E TRAVIS ST,78205,Other Calls,Patrol By,1130,DOWNTOWN,SAPD-2026-1192391,29.427977,-98.489275,1788282809000,http://www.sanantonio.gov/sapd/Calls.aspx,Blue,a tbd link,26,9
09/01/26, 3:12:08,8200 BLUFF BEND DR,78250,Traffic Calls,Abandoned Vehicle,7320,PRUE,SAPD-2026-1193141,29.514177,-98.643485,1788293528000,http://www.sanantonio.gov/sapd/Calls.aspx,Yellow,a tbd link,26,9
09/01/26, 8:55:37,4900 Hamilton Wolfe,78240,Other Calls,Disturbance Family,7150,PRUE,SAPD-2026-1191542,29.521323,-98.583907,1788270937000,http://www.sanantonio.gov/sapd/Calls.aspx,Blue,a tbd link,26,9
09/01/26,12:18:05 PM,7400 Military Dr W,78227,Property Crime Calls,Theft,5150,WEST,SAPD-2026-1192404,29.417396,-98.629655,1788283085000,http://www.sanantonio.gov/sapd/Calls.aspx,Green,a tbd link,26,9
09/01/26, 3:12:14,5800 HISTORIC OLD HWY 90,78227,Other Calls,Patrol By,5150,WEST,SAPD-2026-1193143,29.413497,-98.60391,1788293534000,http://www.sanantonio.gov/sapd/Calls.aspx,Blue,a tbd link,26,9
09/01/26, 8:55:58,16700 La Cantera Pkwy,78256,Traffic Calls,Traffic Violation,7260,PRUE,SAPD-2026-1191545,29.607131,-98.613731,1788270958000,http://www.sanantonio.gov/sapd/Calls.aspx,Yellow,a tbd link,26,9
09/01/26,12:18:31 PM,8200 Broadway,78209,Traffic Calls,Minor Accident,3330,NORTH,SAPD-2026-1192407,29.51278,-98.46755,1788283111000,http://www.sanantonio.gov/sapd/Calls.aspx,Yellow,a tbd link,26,9
09/01/26, 3:17:08,6000 Royal Wood,78239,Other Calls,Welfare Check,3230,NORTH,SAPD-2026-1193177,29.53174,-98.368772,1788293828000,http://www.sanantonio.gov/sapd/Calls.aspx,Blue,a tbd link,26,9
09/01/26, 8:54:01,900 W AMBER,78221,Other Calls,CRT Follow Up,6150,SOUTH,SAPD-2026-1191534,29.344637,-98.518638,1788270841000,http://www.sanantonio.gov/sapd/Calls.aspx,Blue,a tbd link,26,9
09/01/26,12:16:55 PM,12400 West Ave,78216,Other Calls,Assist the Public,3120,NORTH,SAPD-2026-1192401,29.553197,-98.502206,1788283015000,http://www.sanantonio.gov/sapd/Calls.aspx,Blue,a tbd link,26,9
09/01/26, 3:13:04,STA00 HWY 151 NB,78251,Traffic Calls,Traffic Related,5350,WEST,SAPD-2026-1193152,29.44477,-98.66563,1788293584000,http://www.sanantonio.gov/sapd/Calls.aspx,Yellow,a tbd link,26,9
09/01/26, 8:54:12,769-799 HISTORIC OLD HWY 90,78237,Traffic Calls,Traffic Related,5140,WEST,SAPD-2026-1191535,29.424784,-98.577173,1788270852000,http://www.sanantonio.gov/sapd/Calls.aspx,Yellow,a tbd link,26,9
09/01/26,12:17:32 PM,Ih 35 N Sb / Ne Loop 410 Eb,78218,Crimes Against Person Calls,Assault In Progress,3230,NORTH,SAPD-2026-1192400,29.521445,-98.394765,1788283052000,http://www.sanantonio.gov/sapd/Calls.aspx,Red,a tbd link,26,9
09/01/26, 3:13:14,9301-9399 SUGARLOAF DR,78245,Traffic Calls,Traffic Related,5330,WEST,SAPD-2026-1193153,29.431695,-98.669273,1788293594000,http://www.sanantonio.gov/sapd/Calls.aspx,Yellow,a tbd link,26,9
09/01/26, 8:54:21,1732-1750 W THOMPSON PLACE,78226,Traffic Calls,Traffic Related,6310,SOUTH,SAPD-2026-1191537,29.396512,-98.557051,1788270861000,http://www.sanantonio.gov/sapd/Calls.aspx,Yellow,a tbd link,26,9
09/01/26,12:17:48 PM,500 Riverside Dr,78223,Property Crime Calls,Criminal Mischief,6240,SOUTH,SAPD-2026-1192408,29.374167,-98.476556,1788283068000,http://www.sanantonio.gov/sapd/Calls.aspx,Green,a tbd link,26,9
09/01/26, 3:13:41,2200 Ne Loop 410,78217,Crimes Against Person Calls,Robbery of Individual,3370,NORTH,SAPD-2026-1193156,29.516353,-98.423416,1788293621000,http://www.sanantonio.gov/sapd/Calls.aspx,Red,a tbd link,26,9
09/01/26, 8:55:16,3200 Nantucket Dr,78230,Traffic Calls,Minor Accident,7210,PRUE,SAPD-2026-1191540,29.532429,-98.547871,1788270916000,http://www.sanantonio.gov/sapd/Calls.aspx,Yellow,a tbd link,26,9
09/01/26, 3:17:50,Huebner Oaks Center,78230,Traffic Calls,Minor Accident,7230,PRUE,SAPD-2026-1193180,29.548555,-98.583225,1788293870000,http://www.sanantonio.gov/sapd/Calls.aspx,Yellow,a tbd link,26,9
09/01/26, 8:56:30,Cave Ln / Kenilworth Blvd,78209,Other Calls,Suspicious Person,3330,NORTH,SAPD-2026-1191552,29.5087,-98.447546,1788270990000,http://www.sanantonio.gov/sapd/Calls.aspx,Blue,a tbd link,26,9
09/01/26, 3:17:56,Ne Loop 410 Sb / Ih 10 E Eb,78219,Traffic Calls,Minor Accident,4240,EAST,SAPD-2026-1193182,29.435621,-98.390092,1788293876000,http://www.sanantonio.gov/sapd/Calls.aspx,Yellow,a tbd link,26,9
09/01/26,12:18:15 PM,San Pedro Ave / Jackson-keller Rd,78216,Traffic Calls,Major Accident,3310,NORTH,SAPD-2026-1192405,29.497318,-98.499266,1788283095000,http://www.sanantonio.gov/sapd/Calls.aspx,Yellow,a tbd link,26,9
09/01/26, 8:56:14,15500 Capital Port Dr,78249,Property Crime Calls,Theft,7230,PRUE,SAPD-2026-1191550,29.5898,-98.585485,1788270974000,http://www.sanantonio.gov/sapd/Calls.aspx,Green,a tbd link,26,9
09/01/26, 3:19:14,4000 San Luis St,78237,Crimes Against Person Calls,Robbery of Individual,5110,WEST,SAPD-2026-1193196,29.425332,-98.548516,1788293954000,http://www.sanantonio.gov/sapd/Calls.aspx,Red,a tbd link,26,9
09/01/26,12:18:28 PM,900 N Alamo St,78215,Property Crime Calls,Criminal Mischief In Progress,1130,DOWNTOWN,SAPD-2026-1192406,29.432947,-98.480557,1788283108000,http://www.sanantonio.gov/sapd/Calls.aspx,Green,a tbd link,26,9
09/01/26, 8:56:54,Merton Minter / Wurzbach Rd,78229,Traffic Calls,Minor Accident,7130,PRUE,SAPD-2026-1191553,29.508422,-98.580963,1788271014000,http://www.sanantonio.gov/sapd/Calls.aspx,Yellow,a tbd link,26,9
09/01/26, 3:15:15,Nw Loop 410 Wb / Culebra Rd,78245,Traffic Calls,Traffic Related,5310,WEST,SAPD-2026-1193168,29.453139,-98.630139,1788293715000,http://www.sanantonio.gov/sapd/Calls.aspx,Yellow,a tbd link,26,9
09/01/26,12:18:47 PM,8200 Lajitas Bend,78254,Other Calls,SAPD Non-Emergency Call,NOT SAPD BEX,SAPD OUTSIDE AREA,SAPD-2026-1192409,29.520475,-98.733461,1788283127000,http://www.sanantonio.gov/sapd/Calls.aspx,Blue,a tbd link,26,9
09/01/26, 8:55:37,PECAN VALLEY DR,78210,Other Calls,Patrol By,4210,EAST,SAPD-2026-1191543,29.388737,-98.431929,1788270937000,http://www.sanantonio.gov/sapd/Calls.aspx,Blue,a tbd link,26,9
09/01/26, 3:13:45,19300 NW MILITARY HWY,78257,Other Calls,Patrol By,7260,PRUE,SAPD-2026-1193157,29.625894,-98.56941,1788293625000,http://www.sanantonio.gov/sapd/Calls.aspx,Blue,a tbd link,26,9
09/01/26,12:17:49 PM,U0 HWY 90 W WB,78207,Traffic Calls,Traffic Related,2350,CENTRAL,SAPD-2026-1192402,29.403655,-98.544723,1788283069000,http://www.sanantonio.gov/sapd/Calls.aspx,Yellow,a tbd link,26,9
09/01/26, 8:55:41,U0 HWY 90 W EB,78237,Traffic Calls,Traffic Related,6310,SOUTH,SAPD-2026-1191544,29.404029,-98.550642,1788270941000,http://www.sanantonio.gov/sapd/Calls.aspx,Yellow,a tbd link,26,9
09/01/26, 3:16:23,2900 Keslake,78222,Other Calls,Disturbance,4250,EAST,SAPD-2026-1193172,29.389057,-98.376161,1788293783000,http://www.sanantonio.gov/sapd/Calls.aspx,Blue,a tbd link,26,9
09/01/26,12:20:13 PM,1900 Fredericksburg Rd,78201,Property Crime Calls,Burglary,5240,WEST,SAPD-2026-1192419,29.463474,-98.524932,1788283213000,http://www.sanantonio.gov/sapd/Calls.aspx,Green,a tbd link,26,9
09/01/26, 3:14:33,100 Belden Ave,78214,Other Calls,Miscellaneous,6210,SOUTH,SAPD-2026-1193162,29.369661,-98.495342,1788293673000,http://www.sanantonio.gov/sapd/Calls.aspx,Blue,a tbd link,26,9
09/01/26, 8:58:33,12400 Statehouse Dr,78233,Other Calls,Missing Person - Endangered,3250,NORTH,SAPD-2026-1191560,29.5528,-98.3679,1788271113000,http://www.sanantonio.gov/sapd/Calls.aspx,Blue,a tbd link,26,9
09/01/26,12:21:44 PM,5200 De Zavala Rd,78249,Other Calls,Disturbance,7230,PRUE,SAPD-2026-1192423,29.565098,-98.586756,1788283304000,http://www.sanantonio.gov/sapd/Calls.aspx,Blue,a tbd link,26,9
09/01/26, 8:56:09,7906-8098 W LOOP 1604 N,78250,Traffic Calls,Traffic Related,7360,PRUE,SAPD-2026-1191546,29.513472,-98.694906,1788270969000,http://www.sanantonio.gov/sapd/Calls.aspx,Yellow,a tbd link,26,9
09/01/26,12:19:37 PM,Jackson-keller Rd / San Pedro Ave,78216,Traffic Calls,Minor Accident,3310,NORTH,SAPD-2026-1192412,29.497318,-98.499266,1788283177000,http://www.sanantonio.gov/sapd/Calls.aspx,Yellow,a tbd link,26,9
09/01/26, 8:59:07,300 S Flores St,78204,Property Crime Calls,Theft of Vehicle,1120,DOWNTOWN,SAPD-2026-1191559,29.421384,-98.495481,1788271147000,http://www.sanantonio.gov/sapd/Calls.aspx,Green,a tbd link,26,9
09/01/26, 3:15:07,10700 NACOGDOCHES RD,78217,Other Calls,Patrol By,3360,NORTH,SAPD-2026-1193165,29.537296,-98.424546,1788293707000,http://www.sanantonio.gov/sapd/Calls.aspx,Blue,a tbd link,26,9
09/01/26,12:20:01 PM,2500 Jackson-keller Rd,78230,Property Crime Calls,Burglary,7210,PRUE,SAPD-2026-1192417,29.518794,-98.533748,1788283201000,http://www.sanantonio.gov/sapd/Calls.aspx,Green,a tbd link,26,9
09/01/26, 8:59:49,1400 S Mittman St,78210,Traffic Calls,Minor Accident,4140,EAST,SAPD-2026-1191564,29.405884,-98.454472,1788271189000,http://www.sanantonio.gov/sapd/Calls.aspx,Yellow,a tbd link,26,9
09/01/26, 3:16:55,U0 Hwy 281 N Access Rd,78216,Traffic Calls,Traffic Related,3130,NORTH,SAPD-2026-1193176,29.564197,-98.481962,1788293815000,http://www.sanantonio.gov/sapd/Calls.aspx,Yellow,a tbd link,26,9
09/01/26,12:23:07 PM,9000 Brigadoon,78254,Other Calls,Suspicious Person,7360,PRUE,SAPD-2026-1192431,29.526484,-98.664992,1788283387000,http://www.sanantonio.gov/sapd/Calls.aspx,Blue,a tbd link,26,9
09/01/26, 8:57:10,S0 Ih 35 N Ofrp Rittiman Rd,78218,Traffic Calls,Minor Accident,4350,EAST,SAPD-2026-1191556,29.496249,-98.400793,1788271030000,http://www.sanantonio.gov/sapd/Calls.aspx,Yellow,a tbd link,26,9
09/01/26, 3:15:10,5300 SANTA CRUZ,78228,Other Calls,Patrol By,5250,WEST,SAPD-2026-1193166,29.452512,-98.591389,1788293710000,http://www.sanantonio.gov/sapd/Calls.aspx,Blue,a tbd link,26,9
09/01/26,12:22:40 PM,900 W Silver Sands Dr,78216,Other Calls,Miscellaneous,3120,NORTH,SAPD-2026-1192428,29.551939,-98.504631,1788283360000,http://www.sanantonio.gov/sapd/Calls.aspx,Blue,a tbd link,26,9
09/01/26, 8:57:05,300 W MITCHELL ST,78204,Other Calls,Patrol By,6210,SOUTH,SAPD-2026-1191555,29.393294,-98.496914,1788271025000,http://www.sanantonio.gov/sapd/Calls.aspx,Blue,a tbd link,26,9
09/01/26, 3:15:11,1900 W MARTIN ST,78207,Other Calls,Patrol By,2310,CENTRAL,SAPD-2026-1193167,29.430712,-98.512977,1788293711000,http://www.sanantonio.gov/sapd/Calls.aspx,Blue,a tbd link,26,9
09/01/26,12:22:52 PM,14000 Fm 1560 N,78023,Other Calls,Welfare Check,7350,PRUE,SAPD-2026-1192429,29.5693,-98.654814,1788283372000,http://www.sanantonio.gov/sapd/Calls.aspx,Blue,a tbd link,26,9
09/01/26, 8:58:28,8700 Marbach Rd,78227,Property Crime Calls,Theft of Vehicle,5330,WEST,SAPD-2026-1191557,29.418994,-98.658489,1788271108000,http://www.sanantonio.gov/sapd/Calls.aspx,Green,a tbd link,26,9
09/01/26, 3:18:40,2500 Ne Loop 410,78218,Other Calls,Welfare Check,4360,EAST,SAPD-2026-1193186,29.515551,-98.414144,1788293920000,http://www.sanantonio.gov/sapd/Calls.aspx,Blue,a tbd link,26,9
09/01/26,12:21:04 PM,8400 Fredericksburg Rd,78229,Property Crime Calls,Panhandler,7120,PRUE,SAPD-2026-1192424,29.518312,-98.572712,1788283264000,http://www.sanantonio.gov/sapd/Calls.aspx,Green,a tbd link,26,9
09/01/26, 9:01:47,Cliff Park Ln / Windhurst,78258,Traffic Calls,Abandoned Vehicle,3170,NORTH,SAPD-2026-1191565,29.63614,-98.507549,1788271307000,http://www.sanantonio.gov/sapd/Calls.aspx,Yellow,a tbd link,26,9
09/01/26, 3:15:28,52-98 DEVINE RD,78212,Traffic Calls,Traffic Related,1240,DOWNTOWN,SAPD-2026-1193170,29.466152,-98.479104,1788293728000,http://www.sanantonio.gov/sapd/Calls.aspx,Yellow,a tbd link,26,9
09/01/26, 8:59:28,500 S Frio St,78207,Property Crime Calls,Theft,2370,CENTRAL,SAPD-2026-1191561,29.421551,-98.504866,1788271168000,http://www.sanantonio.gov/sapd/Calls.aspx,Green,a tbd link,26,9
09/01/26, 3:16:37,6100 Historic Old Hwy 90,78227,Traffic Calls,Traffic Related,5150,WEST,SAPD-2026-1193175,29.411626,-98.607175,1788293797000,http://www.sanantonio.gov/sapd/Calls.aspx,Yellow,a tbd link,26,9
09/01/26, 9:01:03,Culebra Rd / W Loop 1604 N,78251,Crimes Against Person Calls,Suspicious Vehicle with Gun,5350,WEST,SAPD-2026-1191563,29.494266,-98.705377,1788271263000,http://www.sanantonio.gov/sapd/Calls.aspx,Red,a tbd link,26,9
09/01/26, 3:22:42,1100 N Olive St,78202,Other Calls,Miscellaneous,4110,EAST,SAPD-2026-1193203,29.432753,-98.471785,1788294162000,http://www.sanantonio.gov/sapd/Calls.aspx,Blue,a tbd link,26,9
09/01/26,12:20:09 PM,1200 VOELCKER,78216,Other Calls,Patrol By,7240,PRUE,SAPD-2026-1192415,29.56339,-98.52527,1788283209000,http://www.sanantonio.gov/sapd/Calls.aspx,Blue,a tbd link,26,9
09/01/26, 9:03:27,Redland Rd / N Loop 1604 E,78232,Traffic Calls,Traffic Related,3140,NORTH,SAPD-2026-1191574,29.60199,-98.443039,1788271407000,http://www.sanantonio.gov/sapd/Calls.aspx,Yellow,a tbd link,26,9
09/01/26, 3:15:39,52-98 DEVINE RD,78212,Traffic Calls,Traffic Related,1240,DOWNTOWN,SAPD-2026-1193171,29.46621,-98.479103,1788293739000,http://www.sanantonio.gov/sapd/Calls.aspx,Yellow,a tbd link,26,9
09/01/26,12:22:46 PM,5700 Goliad Blf,78222,Other Calls,Disturbance Family,4250,EAST,SAPD-2026-1192427,29.38312,-98.380557,1788283366000,http://www.sanantonio.gov/sapd/Calls.aspx,Blue,a tbd link,26,9
09/01/26, 9:01:35,2800 S Ww White Rd,78222,Other Calls,Disturbance Neighbor,4250,EAST,SAPD-2026-1191567,29.380656,-98.404919,1788271295000,http://www.sanantonio.gov/sapd/Calls.aspx,Blue,a tbd link,26,9
09/01/26, 3:21:59,400 Cherry Ridge Dr,78213,Other Calls,Welfare Check,2230,CENTRAL,SAPD-2026-1193199,29.507086,-98.536068,1788294119000,http://www.sanantonio.gov/sapd/Calls.aspx,Blue,a tbd link,26,9
09/01/26,12:25:04 PM,6900 S Zarzamora St,78224,Other Calls,Disturbance,6130,SOUTH,SAPD-2026-1192437,29.359111,-98.535367,1788283504000,http://www.sanantonio.gov/sapd/Calls.aspx,Blue,a tbd link,26,9
09/01/26, 9:03:12,200 Leonidas Dr,78220,Crimes Against Person Calls,Assault,4230,EAST,SAPD-2026-1191572,29.417835,-98.407738,1788271392000,http://www.sanantonio.gov/sapd/Calls.aspx,Red,a tbd link,26,9
09/01/26, 3:17:44,14400 Brook Hollow Blvd,78232,Other Calls,Disturbance,3130,NORTH,SAPD-2026-1193183,29.578124,-98.473063,1788293864000,http://www.sanantonio.gov/sapd/Calls.aspx,Blue,a tbd link,26,9
09/01/26,12:25:15 PM,11400 Vance Jackson,78230,Crimes Against Person Calls,Threats,7220,PRUE,SAPD-2026-1192438,29.546797,-98.563481,1788283515000,http://www.sanantonio.gov/sapd/Calls.aspx,Red,a tbd link,26,9
09/01/26, 9:05:01,N Loop 1604 W Nb / W Hausman Rd,78249,Traffic Calls,Traffic Violation,7350,PRUE,SAPD-2026-1191584,29.570006,-98.651235,1788271501000,http://www.sanantonio.gov/sapd/Calls.aspx,Yellow,a tbd link,26,9
09/01/26, 3:16:39,6900 PICKWELL DR,78223,Other Calls,Patrol By,4260,EAST,SAPD-2026-1193173,29.358266,-98.426813,1788293799000,http://www.sanantonio.gov/sapd/Calls.aspx,Blue,a tbd link,26,9
09/01/26,12:24:57 PM,300 W Mariposa,78212,Other Calls,Assist the Public,2210,CENTRAL,SAPD-2026-1192436,29.480345,-98.499331,1788283497000,http://www.sanantonio.gov/sapd/Calls.aspx,Blue,a tbd link,26,9
09/01/26, 9:03:58,3900 Warpath Dr,78238,Other Calls,Welfare Check,5270,WEST,SAPD-2026-1191578,29.471549,-98.610845,1788271438000,http://www.sanantonio.gov/sapd/Calls.aspx,Blue,a tbd link,26,9
09/01/26, 3:19:52,4300 Broadway,78209,Traffic Calls,Minor Accident,1230,DOWNTOWN,SAPD-2026-1193189,29.466111,-98.466528,1788293992000,http://www.sanantonio.gov/sapd/Calls.aspx,Yellow,a tbd link,26,9
09/01/26, 9:03:11,1100 Ne Loop 410,78209,Property Crime Calls,Criminal Mischief,3330,NORTH,SAPD-2026-1191571,29.515736,-98.454343,1788271391000,http://www.sanantonio.gov/sapd/Calls.aspx,Green,a tbd link,26,9
09/01/26, 3:18:39,10100 Ironside Dr,78230,Property Crime Calls,Theft,7210,PRUE,SAPD-2026-1193185,29.532452,-98.557104,1788293919000,http://www.sanantonio.gov/sapd/Calls.aspx,Green,a tbd link,26,9
09/01/26,12:24:48 PM,23814-24188 Ih 10 W,78257,Other Calls,Fire,7260,PRUE,SAPD-2026-1192434,29.665689,-98.629512,1788283488000,http://www.sanantonio.gov/sapd/Calls.aspx,Blue,a tbd link,26,9
09/01/26, 9:02:34,5500 Copperhead Ln,78222,Traffic Calls,Traffic Related,4250,EAST,SAPD-2026-1191570,29.376097,-98.382463,1788271354000,http://www.sanantonio.gov/sapd/Calls.aspx,Yellow,a tbd link,26,9
09/01/26, 3:19:45,300 Roland Ave,78210-3300,Traffic Calls,Minor Accident,4210,EAST,SAPD-2026-1193188,29.401997,-98.443496,1788293985000,http://www.sanantonio.gov/sapd/Calls.aspx,Yellow,a tbd link,26,9
09/01/26,12:27:35 PM,10900 Perrin Beitel,78217,Traffic Calls,Minor Accident,3210,NORTH,SAPD-2026-1192441,29.539526,-98.411042,1788283655000,http://www.sanantonio.gov/sapd/Calls.aspx,Yellow,a tbd link,26,9
09/01/26, 9:05:22,Ne Loop 410 Wb / Starcrest Dr,78217,Traffic Calls,Traffic Related,3370,NORTH,SAPD-2026-1191581,29.516119,-98.422841,1788271522000,http://www.sanantonio.gov/sapd/Calls.aspx,Yellow,a tbd link,26,9
09/01/26, 3:25:04,6500 S NEW BRAUNFELS AVE,78223,Crimes Against Person Calls,Suspicious Vehicle,6240,SOUTH,SAPD-2026-1193220,29.361809,-98.448868,1788294304000,http://www.sanantonio.gov/sapd/Calls.aspx,Red,a tbd link,26,9
09/01/26,12:28:58 PM,4700 Broom St,78217,Traffic Calls,Traffic Violation,3230,NORTH,SAPD-2026-1192447,29.526836,-98.398815,1788283738000,http://www.sanantonio.gov/sapd/Calls.aspx,Yellow,a tbd link,26,9
09/01/26, 9:05:18,5800 Culebra Rd,78228,Other Calls,Suspicious Person,5140,WEST,SAPD-2026-1191582,29.448498,-98.601061,1788271518000,http://www.sanantonio.gov/sapd/Calls.aspx,Blue,a tbd link,26,9
09/01/26, 3:20:33,18600 Hardy Oak Blvd,78258,Other Calls,Disturbance,3160,NORTH,SAPD-2026-1193193,29.613996,-98.478472,1788294033000,http://www.sanantonio.gov/sapd/Calls.aspx,Blue,a tbd link,26,9
09/01/26,12:28:02 PM,Nw Loop 410 Wb / Evers Rd,78238,Traffic Calls,Traffic Related,7140,PRUE,SAPD-2026-1192443,29.485159,-98.593141,1788283682000,http://www.sanantonio.gov/sapd/Calls.aspx,Yellow,a tbd link,26,9
09/01/26, 9:05:17,7600 Westfield Dr,78227,Other Calls,Disturbance,5170,WEST,SAPD-2026-1191580,29.407281,-98.639779,1788271517000,http://www.sanantonio.gov/sapd/Calls.aspx,Blue,a tbd link,26,9
09/01/26, 3:20:20,800 Steves Ave,78210,Other Calls,Miscellaneous,6220,SOUTH,SAPD-2026-1193190,29.392405,-98.486082,1788294020000,http://www.sanantonio.gov/sapd/Calls.aspx,Blue,a tbd link,26,9
09/01/26,12:29:38 PM,500 Moursund Blvd,78221,Property Crime Calls,Theft of Vehicle,6150,SOUTH,SAPD-2026-1192448,29.326834,-98.503812,1788283778000,http://www.sanantonio.gov/sapd/Calls.aspx,Green,a tbd link,26,9
09/01/26, 9:04:05,300 E TRAVIS ST,78205,Other Calls,Patrol By,1130,DOWNTOWN,SAPD-2026-1191575,29.427977,-98.489275,1788271445000,http://www.sanantonio.gov/sapd/Calls.aspx,Blue,a tbd link,26,9
09/01/26, 3:17:51,9301-9399 SUGARLOAF DR,78245,Traffic Calls,Traffic Related,5330,WEST,SAPD-2026-1193181,29.431695,-98.669149,1788293871000,http://www.sanantonio.gov/sapd/Calls.aspx,Yellow,a tbd link,26,9
09/01/26,12:29:36 PM,14700 Blanco Rd,78216,Other Calls,Disturbance,7240,PRUE,SAPD-2026-1192450,29.577031,-98.513139,1788283776000,http://www.sanantonio.gov/sapd/Calls.aspx,Blue,a tbd link,26,9
09/01/26, 9:05:33,200 MERIDA ST,78207,Other Calls,Patrol By,2340,CENTRAL,SAPD-2026-1191583,29.408236,-98.520119,1788271533000,http://www.sanantonio.gov/sapd/Calls.aspx,Blue,a tbd link,26,9
09/01/26,12:31:30 PM,300 Labor St,78210,Other Calls,Welfare Check,1110,DOWNTOWN,SAPD-2026-1192459,29.413552,-98.483126,1788283890000,http://www.sanantonio.gov/sapd/Calls.aspx,Blue,a tbd link,26,9
09/01/26, 9:05:40,7906-8098 W LOOP 1604 N,78250,Traffic Calls,Traffic Related,7360,PRUE,SAPD-2026-1191585,29.513433,-98.694926,1788271540000,http://www.sanantonio.gov/sapd/Calls.aspx,Yellow,a tbd link,26,9
09/01/26,12:34:08 PM,1700 S Hamilton Ave,78207,Other Calls,Welfare Check,2350,CENTRAL,SAPD-2026-1192474,29.407386,-98.532978,1788284048000,http://www.sanantonio.gov/sapd/Calls.aspx,Blue,a tbd link,26,9
09/01/26, 3:25:36,5300 Roosevelt Ave,78214,Other Calls,Disturbance,6250,SOUTH,SAPD-2026-1193241,29.322719,-98.478789,1788294336000,http://www.sanantonio.gov/sapd/Calls.aspx,Blue,a tbd link,26,9
09/01/26, 9:05:48,16900-17098 WURZBACH PKWY OFRP WETMORE RD,78216,Traffic Calls,Traffic Related,3220,NORTH,SAPD-2026-1191586,29.545929,-98.438993,1788271548000,http://www.sanantonio.gov/sapd/Calls.aspx,Yellow,a tbd link,26,9
09/01/26,12:31:39 PM,1100 Mission Rd,78210,Other Calls,Welfare Check,6220,SOUTH,SAPD-2026-1192460,29.387928,-98.490861,1788283899000,http://www.sanantonio.gov/sapd/Calls.aspx,Blue,a tbd link,26,9
09/01/26, 3:18:37,9401-9699 SUGARLOAF DR,78245,Traffic Calls,Traffic Related,5330,WEST,SAPD-2026-1193184,29.431644,-98.669626,1788293917000,http://www.sanantonio.gov/sapd/Calls.aspx,Yellow,a tbd link,26,9
09/01/26, 9:09:02,20600 Stone Oak Pkwy,78258,Crimes Against Person Calls,Threats,3160,NORTH,SAPD-2026-1191592,29.649446,-98.462271,1788271742000,http://www.sanantonio.gov/sapd/Calls.aspx,Red,a tbd link,26,9
09/01/26,12:31:14 PM,5000 Anacacho Rd,78217,Other Calls,Welfare Check,3240,NORTH,SAPD-2026-1192471,29.572262,-98.391594,1788283874000,http://www.sanantonio.gov/sapd/Calls.aspx,Blue,a tbd link,26,9
09/01/26, 3:21:41,6700 S New Braunfels Ave,78223,Other Calls,Welfare Check,6240,SOUTH,SAPD-2026-1193201,29.357934,-98.449869,1788294101000,http://www.sanantonio.gov/sapd/Calls.aspx,Blue,a tbd link,26,9
09/01/26, 9:08:43,3000 Culebra Rd,78228,Property Crime Calls,Theft In Progress,5130,WEST,SAPD-2026-1191590,29.448511,-98.559639,1788271723000,http://www.sanantonio.gov/sapd/Calls.aspx,Green,a tbd link,26,9
09/01/26,12:34:18 PM,900 S San Augustine,78237,Other Calls,Welfare Check,5110,WEST,SAPD-2026-1192475,29.418012,-98.556426,1788284058000,http://www.sanantonio.gov/sapd/Calls.aspx,Blue,a tbd link,26,9
09/01/26, 3:19:45,100 CARRANZA ST,78225,Other Calls,Patrol By,6110,SOUTH,SAPD-2026-1193187,29.384915,-98.541397,1788293985000,http://www.sanantonio.gov/sapd/Calls.aspx,Blue,a tbd link,26,9
09/01/26, 9:10:45,S0 Us Hy281 N Ofrp Sb Ih 35 N,78215,Traffic Calls,Traffic Related,1230,DOWNTOWN,SAPD-2026-1191599,29.440356,-98.479361,1788271845000,http://www.sanantonio.gov/sapd/Calls.aspx,Yellow,a tbd link,26,9
09/01/26,12:31:02 PM,Broadway / E Mulberry Ave,78209,Crimes Against Person Calls,Assault In Progress,1230,DOWNTOWN,SAPD-2026-1192455,29.454342,-98.471542,1788283862000,http://www.sanantonio.gov/sapd/Calls.aspx,Red,a tbd link,26,9
09/01/26, 3:24:10,1500 Crescent Way,78258,Other Calls,Miscellaneous,3170,NORTH,SAPD-2026-1193215,29.640201,-98.501667,1788294250000,http://www.sanantonio.gov/sapd/Calls.aspx,Blue,a tbd link,26,9
09/01/26,12:32:44 PM,4500 Thousand Oaks Dr,78233,Crimes Against Person Calls,Threats,3210,NORTH,SAPD-2026-1192469,29.548373,-98.404336,1788283964000,http://www.sanantonio.gov/sapd/Calls.aspx,Red,a tbd link,26,9
09/01/26, 3:21:56,1400 W Hutchins Place,78221,Property Crime Calls,Burglary,6150,SOUTH,SAPD-2026-1193198,29.345622,-98.527053,1788294116000,http://www.sanantonio.gov/sapd/Calls.aspx,Green,a tbd link,26,9
09/01/26, 9:09:55,5700 Babcock Rd,78240,Property Crime Calls,Theft In Progress,7160,PRUE,SAPD-2026-1191594,29.522171,-98.5988,1788271795000,http://www.sanantonio.gov/sapd/Calls.aspx,Green,a tbd link,26,9
09/01/26,12:32:32 PM,1200 Hunter Blvd,78224,Other Calls,Welfare Check,6140,SOUTH,SAPD-2026-1192466,29.33324,-98.525235,1788283952000,http://www.sanantonio.gov/sapd/Calls.aspx,Blue,a tbd link,26,9
09/01/26, 9:10:08,3100 Dana Cir,78224,Property Crime Calls,Criminal Mischief In Progress,6160,SOUTH,SAPD-2026-1191597,29.308365,-98.560346,1788271808000,http://www.sanantonio.gov/sapd/Calls.aspx,Green,a tbd link,26,9
09/01/26, 3:23:21,10000 Antler Station,78251,Property Crime Calls,Theft,5360,WEST,SAPD-2026-1193207,29.437725,-98.688378,1788294201000,http://www.sanantonio.gov/sapd/Calls.aspx,Green,a tbd link,26,9
09/01/26,12:33:18 PM,6400 Old Pearsall Rd,78242,Crimes Against Person Calls,Lewd Conduct,6340,SOUTH,SAPD-2026-1192470,29.338047,-98.624717,1788283998000,http://www.sanantonio.gov/sapd/Calls.aspx,Red,a tbd link,26,9
09/01/26, 9:10:10,3900 Ih 35 N,78219-2204,Crimes Against Person Calls,Assault In Progress,4310,EAST,SAPD-2026-1191596,29.452622,-98.418885,1788271810000,http://www.sanantonio.gov/sapd/Calls.aspx,Red,a tbd link,26,9
09/01/26, 3:22:46,100 W Crockett St,78205,Other Calls,Disturbance,1110,DOWNTOWN,SAPD-2026-1193204,29.425127,-98.489128,1788294166000,http://www.sanantonio.gov/sapd/Calls.aspx,Blue,a tbd link,26,9
09/01/26,12:35:39 PM,3800 Perrin Central,78217,Traffic Calls,Traffic Related,3370,NORTH,SAPD-2026-1192484,29.536174,-98.417439,1788284139000,http://www.sanantonio.gov/sapd/Calls.aspx,Yellow,a tbd link,26,9
09/01/26, 9:09:00,5300 OLD PEARSALL RD,78242,Other Calls,Patrol By,6340,SOUTH,SAPD-2026-1191591,29.356266,-98.600131,1788271740000,http://www.sanantonio.gov/sapd/Calls.aspx,Blue,a tbd link,26,9
09/01/26, 3:23:57,500 Tomar Dr,78227,Other Calls,Animal Related,5340,WEST,SAPD-2026-1193214,29.401764,-98.652437,1788294237000,http://www.sanantonio.gov/sapd/Calls.aspx,Blue,a tbd link,26,9
09/01/26,12:32:39 PM,5100 Medical Dr,78229,Other Calls,Disturbance,7160,PRUE,SAPD-2026-1192467,29.510779,-98.586983,1788283959000,http://www.sanantonio.gov/sapd/Calls.aspx,Blue,a tbd link,26,9
09/01/26, 9:10:00,3601-3999 SW 36TH ST,78226,Traffic Calls,Traffic Related,6310,SOUTH,SAPD-2026-1191593,29.38821,-98.568509,1788271800000,http://www.sanantonio.gov/sapd/Calls.aspx,Yellow,a tbd link,26,9
09/01/26, 3:22:35,S Ww White Rd / E Houston St,78220,Traffic Calls,Traffic Related,4230,EAST,SAPD-2026-1193202,29.424019,-98.405545,1788294155000,http://www.sanantonio.gov/sapd/Calls.aspx,Yellow,a tbd link,26,9
09/01/26,12:31:30 PM,7100 Nw Loop 410,78238-4116,Other Calls,Weapons,5270,WEST,SAPD-2026-1192458,29.453455,-98.627893,1788283890000,http://www.sanantonio.gov/sapd/Calls.aspx,Blue,a tbd link,26,9
09/01/26, 9:10:50,N0 LOOP 410 WB,78238,Traffic Calls,Traffic Related,5310,WEST,SAPD-2026-1191598,29.465039,-98.620104,1788271850000,http://www.sanantonio.gov/sapd/Calls.aspx,Yellow,a tbd link,26,9
09/01/26, 3:23:35,8101-8499 Ne Loop 410 Sb,78219,Traffic Calls,Minor Accident,4310,EAST,SAPD-2026-1193211,29.445391,-98.398316,1788294215000,http://www.sanantonio.gov/sapd/Calls.aspx,Yellow,a tbd link,26,9
09/01/26,12:32:50 PM,3200 W Poplar St,78228,Property Crime Calls,Theft,2360,CENTRAL,SAPD-2026-1192468,29.442169,-98.541245,1788283970000,http://www.sanantonio.gov/sapd/Calls.aspx,Green,a tbd link,26,9
09/01/26, 9:13:57,2800 Goldsmith St,78203,Other Calls,Miscellaneous,4140,EAST,SAPD-2026-1191607,29.41679,-98.447021,1788272037000,http://www.sanantonio.gov/sapd/Calls.aspx,Blue,a tbd link,26,9
09/01/26, 3:23:06,W Loop 1604 N / Braun Rd,78254,Other Calls,Disturbance,7360,PRUE,SAPD-2026-1193206,29.535983,-98.681482,1788294186000,http://www.sanantonio.gov/sapd/Calls.aspx,Blue,a tbd link,26,9
09/01/26,12:31:59 PM,PARK NORTH PLAZA,78216,Traffic Calls,Traffic Related,3320,NORTH,SAPD-2026-1192461,29.519743,-98.502113,1788283919000,http://www.sanantonio.gov/sapd/Calls.aspx,Yellow,a tbd link,26,9
09/01/26, 3:21:42,2900 RUIZ ST,78237,Other Calls,Patrol By,2360,CENTRAL,SAPD-2026-1193197,29.438108,-98.550042,1788294102000,http://www.sanantonio.gov/sapd/Calls.aspx,Blue,a tbd link,26,9
09/01/26,12:32:21 PM,MARTINEZ CREEK GREENWAY,78201,Other Calls,Patrol By,5210,WEST,SAPD-2026-1192463,29.453557,-98.51827,1788283941000,http://www.sanantonio.gov/sapd/Calls.aspx,Blue,a tbd link,26,9
09/01/26, 3:23:23,801-999 Ne Loop 410 Wb,78209,Traffic Calls,Traffic Related,3360,NORTH,SAPD-2026-1193208,29.516626,-98.461699,1788294203000,http://www.sanantonio.gov/sapd/Calls.aspx,Yellow,a tbd link,26,9
09/01/26, 9:11:09,16100 ROCKY CRK,78247,Other Calls,Patrol By,3260,NORTH,SAPD-2026-1191600,29.586277,-98.369574,1788271869000,http://www.sanantonio.gov/sapd/Calls.aspx,Blue,a tbd link,26,9
09/01/26, 3:26:11,500 S San Dario,78237,Property Crime Calls,Theft,5110,WEST,SAPD-2026-1193225,29.425219,-98.558341,1788294371000,http://www.sanantonio.gov/sapd/Calls.aspx,Green,a tbd link,26,9
09/01/26,12:32:29 PM,6201-6351 STATE HWY 151 NB,78227,Traffic Calls,Traffic Related,5160,WEST,SAPD-2026-1192464,29.428984,-98.60461,1788283949000,http://www.sanantonio.gov/sapd/Calls.aspx,Yellow,a tbd link,26,9
09/01/26, 9:14:17,4800 Vogesite Path,78253,Other Calls,SAPD Non-Emergency Call,NOT SAPD BEX,SAPD OUTSIDE AREA,SAPD-2026-1191608,29.480159,-98.77833,1788272057000,http://www.sanantonio.gov/sapd/Calls.aspx,Blue,a tbd link,26,9
09/01/26, 3:23:41,18400 Blanco Rd,78258,Traffic Calls,Minor Accident,3170,NORTH,SAPD-2026-1193213,29.612793,-98.508985,1788294221000,http://www.sanantonio.gov/sapd/Calls.aspx,Yellow,a tbd link,26,9
09/01/26,12:35:49 PM,1235-1255 Sw Loop 410,78227,Traffic Calls,Minor Accident,5330,WEST,SAPD-2026-1192481,29.426048,-98.649874,1788284149000,http://www.sanantonio.gov/sapd/Calls.aspx,Yellow,a tbd link,26,9
09/01/26, 9:12:25,100 Yuma,78211,Traffic Calls,Minor Accident,6330,SOUTH,SAPD-2026-1191602,29.347794,-98.552646,1788271945000,http://www.sanantonio.gov/sapd/Calls.aspx,Yellow,a tbd link,26,9
09/01/26, 3:23:51,18600 Hardy Oak Blvd,78258,Other Calls,Disturbance,3160,NORTH,SAPD-2026-1193212,29.613996,-98.478472,1788294231000,http://www.sanantonio.gov/sapd/Calls.aspx,Blue,a tbd link,26,9
09/01/26,12:34:24 PM,900 E Commerce St,78205,Other Calls,Disturbance,1110,DOWNTOWN,SAPD-2026-1192477,29.423056,-98.482917,1788284064000,http://www.sanantonio.gov/sapd/Calls.aspx,Blue,a tbd link,26,9
09/01/26, 9:14:52,5700 Nw Loop 410,78238,Traffic Calls,Minor Accident,5270,WEST,SAPD-2026-1191609,29.480861,-98.602425,1788272092000,http://www.sanantonio.gov/sapd/Calls.aspx,Yellow,a tbd link,26,9
09/01/26, 3:25:40,2200 W Commerce St,78207,Property Crime Calls,Criminal Mischief,2330,CENTRAL,SAPD-2026-1193224,29.427247,-98.519756,1788294340000,http://www.sanantonio.gov/sapd/Calls.aspx,Green,a tbd link,26,9
09/01/26,12:37:20 PM,1100 N Loop 1604 W,78248,Traffic Calls,Minor Accident,7240,PRUE,SAPD-2026-1192489,29.60675,-98.510876,1788284240000,http://www.sanantonio.gov/sapd/Calls.aspx,Yellow,a tbd link,26,9
09/01/26, 9:17:13,Nw Loop 410 Wb / Ih 10 W Sb,78213,Traffic Calls,Traffic Related,7110,PRUE,SAPD-2026-1191625,29.501529,-98.549177,1788272233000,http://www.sanantonio.gov/sapd/Calls.aspx,Yellow,a tbd link,26,9
09/01/26, 3:22:33,8300 BLUFF BEND DR,78250,Traffic Calls,Abandoned Vehicle,7320,PRUE,SAPD-2026-1193200,29.514871,-98.644344,1788294153000,http://www.sanantonio.gov/sapd/Calls.aspx,Yellow,a tbd link,26,9
09/01/26,12:37:07 PM,5600 Sunup Dr,78233,Property Crime Calls,Theft of Vehicle,3250,NORTH,SAPD-2026-1192487,29.566917,-98.371829,1788284227000,http://www.sanantonio.gov/sapd/Calls.aspx,Green,a tbd link,26,9
09/01/26, 9:14:58,16700 Stones Throw,78248,Property Crime Calls,Burglary,7240,PRUE,SAPD-2026-1191610,29.602144,-98.528309,1788272098000,http://www.sanantonio.gov/sapd/Calls.aspx,Green,a tbd link,26,9
09/01/26,12:35:27 PM,1400 W Craig Place,78201,Traffic Calls,Traffic Violation,5210,WEST,SAPD-2026-1192479,29.452156,-98.518702,1788284127000,http://www.sanantonio.gov/sapd/Calls.aspx,Yellow,a tbd link,26,9
09/01/26, 9:15:23,1400 W Winnipeg Ave,78225,Property Crime Calls,Burglary,6110,SOUTH,SAPD-2026-1191615,29.386099,-98.531238,1788272123000,http://www.sanantonio.gov/sapd/Calls.aspx,Green,a tbd link,26,9
09/01/26,12:34:36 PM,S Alamo St / E Cesar Chavez Blvd,78210,Traffic Calls,Traffic Related,1110,DOWNTOWN,SAPD-2026-1192478,29.418426,-98.488253,1788284076000,http://www.sanantonio.gov/sapd/Calls.aspx,Yellow,a tbd link,26,9
09/01/26, 3:25:27,200 Pleasanton Spg,78221,Property Crime Calls,Burglary Vehicle,6250,SOUTH,SAPD-2026-1193221,29.323518,-98.499969,1788294327000,http://www.sanantonio.gov/sapd/Calls.aspx,Green,a tbd link,26,9
09/01/26, 9:13:43,N ALAMO ST / E HOUSTON ST,78205,Other Calls,Patrol By,1110,DOWNTOWN,SAPD-2026-1191605,29.426536,-98.486799,1788272023000,http://www.sanantonio.gov/sapd/Calls.aspx,Blue,a tbd link,26,9
09/01/26,12:34:22 PM,3300 CANDLESIDE DR,78244,Other Calls,CRT Follow Up,NOT SAPD BEX,SAPD OUTSIDE AREA,SAPD-2026-1192476,29.460262,-98.361457,1788284062000,http://www.sanantonio.gov/sapd/Calls.aspx,Blue,a tbd link,26,9
09/01/26, 3:23:07,3100 N LOOP 1604 W,78231,Other Calls,Patrol By,7240,PRUE,SAPD-2026-1193205,29.600956,-98.540305,1788294187000,http://www.sanantonio.gov/sapd/Calls.aspx,Blue,a tbd link,26,9
09/01/26, 9:13:51,SALADO CREEK GREENWAY SOUTH,78219,Other Calls,Patrol By,4310,EAST,SAPD-2026-1191606,29.452624,-98.423727,1788272031000,http://www.sanantonio.gov/sapd/Calls.aspx,Blue,a tbd link,26,9
09/01/26,12:36:36 PM,200 Pleasanton Rd,78214,Traffic Calls,Minor Accident,6210,SOUTH,SAPD-2026-1192485,29.384609,-98.504074,1788284196000,http://www.sanantonio.gov/sapd/Calls.aspx,Yellow,a tbd link,26,9
09/01/26, 3:27:08,400 Freiling Dr,78213,Crimes Against Person Calls,Assault,2230,CENTRAL,SAPD-2026-1193230,29.491298,-98.537132,1788294428000,http://www.sanantonio.gov/sapd/Calls.aspx,Red,a tbd link,26,9
09/01/26, 9:15:29,700 W Mayfield Blvd,78211,Other Calls,Information,6130,SOUTH,SAPD-2026-1191616,29.362151,-98.535356,1788272129000,http://www.sanantonio.gov/sapd/Calls.aspx,Blue,a tbd link,26,9
09/01/26,12:38:27 PM,600 Porter St,78210,Traffic Calls,Minor Accident,4140,EAST,SAPD-2026-1192494,29.405903,-98.458218,1788284307000,http://www.sanantonio.gov/sapd/Calls.aspx,Yellow,a tbd link,26,9
09/01/26, 3:33:52,8000 Challenger Dr,78235,Property Crime Calls,Forgery,6270,SOUTH,SAPD-2026-1193263,29.340833,-98.443056,1788294832000,http://www.sanantonio.gov/sapd/Calls.aspx,Green,a tbd link,26,9
09/01/26,12:37:33 PM,6000 Blanco Rd,78216,Property Crime Calls,Theft,3310,NORTH,SAPD-2026-1192491,29.511221,-98.506327,1788284253000,http://www.sanantonio.gov/sapd/Calls.aspx,Green,a tbd link,26,9
09/01/26, 9:15:59,23500 Enchanted Fall,78260,Other Calls,Disturbance Family,3170,NORTH,SAPD-2026-1191621,29.669414,-98.498353,1788272159000,http://www.sanantonio.gov/sapd/Calls.aspx,Blue,a tbd link,26,9
09/01/26, 3:30:01,1400 Aaron Place,78221,Property Crime Calls,Theft,6150,SOUTH,SAPD-2026-1193251,29.349635,-98.526682,1788294601000,http://www.sanantonio.gov/sapd/Calls.aspx,Green,a tbd link,26,9
09/01/26,12:38:13 PM,6000 Seacomber,78242,Other Calls,Assist the Public,6350,SOUTH,SAPD-2026-1192493,29.370885,-98.612223,1788284293000,http://www.sanantonio.gov/sapd/Calls.aspx,Blue,a tbd link,26,9
09/01/26, 9:15:03,2300 Austin Hwy,78218,Property Crime Calls,Burglary,4360,EAST,SAPD-2026-1191614,29.509163,-98.410733,1788272103000,http://www.sanantonio.gov/sapd/Calls.aspx,Green,a tbd link,26,9
09/01/26, 3:24:25,8001-8251 IH 10 W,78230,Traffic Calls,Traffic Related,7210,PRUE,SAPD-2026-1193216,29.512082,-98.552168,1788294265000,http://www.sanantonio.gov/sapd/Calls.aspx,Yellow,a tbd link,26,9
09/01/26, 9:15:04,7906-8098 W LOOP 1604 N,78250,Traffic Calls,Traffic Related,7360,PRUE,SAPD-2026-1191611,29.513453,-98.694915,1788272104000,http://www.sanantonio.gov/sapd/Calls.aspx,Yellow,a tbd link,26,9
09/01/26, 3:24:42,21300 MILSA DR,78256,Other Calls,Patrol By,7260,PRUE,SAPD-2026-1193218,29.641217,-98.624784,1788294282000,http://www.sanantonio.gov/sapd/Calls.aspx,Blue,a tbd link,26,9
09/01/26, 9:15:04,16900-17098 WURZBACH PKWY OFRP WETMORE RD,78216,Traffic Calls,Traffic Related,3220,NORTH,SAPD-2026-1191612,29.545884,-98.43893,1788272104000,http://www.sanantonio.gov/sapd/Calls.aspx,Yellow,a tbd link,26,9
09/01/26,12:35:55 PM,100-450 IH 10 E EB,78204,Traffic Calls,Traffic Related,6210,SOUTH,SAPD-2026-1192482,29.396078,-98.510279,1788284155000,http://www.sanantonio.gov/sapd/Calls.aspx,Yellow,a tbd link,26,9
09/01/26, 3:25:09,500 BROOKLYN AVE,78215,Other Calls,Patrol By,1130,DOWNTOWN,SAPD-2026-1193219,29.433396,-98.484608,1788294309000,http://www.sanantonio.gov/sapd/Calls.aspx,Blue,a tbd link,26,9
09/01/26, 9:15:00,200 GROSVENOR BLVD,78221,Other Calls,CRT Follow Up,6150,SOUTH,SAPD-2026-1191613,29.354613,-98.506341,1788272100000,http://www.sanantonio.gov/sapd/Calls.aspx,Blue,a tbd link,26,9
09/01/26,12:36:00 PM,13200 BLANCO RD,78231,Other Calls,Patrol By,7240,PRUE,SAPD-2026-1192483,29.56161,-98.521675,1788284160000,http://www.sanantonio.gov/sapd/Calls.aspx,Blue,a tbd link,26,9
09/01/26, 3:27:35,Pinn Rd / Westfield Dr,78227,Other Calls,Welfare Check,5150,WEST,SAPD-2026-1193234,29.40653,-98.624085,1788294455000,http://www.sanantonio.gov/sapd/Calls.aspx,Blue,a tbd link,26,9
09/01/26, 9:17:45,Unnamed St At Austin Hwy / Holbrook,78218,Other Calls,Suspicious Person,4360,EAST,SAPD-2026-1191630,29.500302,-98.420791,1788272265000,http://www.sanantonio.gov/sapd/Calls.aspx,Blue,a tbd link,26,9
09/01/26,12:38:46 PM,Sonterra Blvd / Stone Oak Pkwy,78258,Other Calls,Disturbance,3170,NORTH,SAPD-2026-1192499,29.616014,-98.493969,1788284326000,http://www.sanantonio.gov/sapd/Calls.aspx,Blue,a tbd link,26,9
09/01/26, 3:25:38,205-207 CAMP ST,78204,Other Calls,Patrol By,1140,DOWNTOWN,SAPD-2026-1193223,29.41354,-98.502414,1788294338000,http://www.sanantonio.gov/sapd/Calls.aspx,Blue,a tbd link,26,9
09/01/26, 9:15:33,9700 ROCHELLE RD,78240,Other Calls,Patrol By,7310,PRUE,SAPD-2026-1191617,29.534954,-98.629278,1788272133000,http://www.sanantonio.gov/sapd/Calls.aspx,Blue,a tbd link,26,9
09/01/26,12:37:21 PM,500 S Frio St,78207,Crimes Against Person Calls,Assault,2370,CENTRAL,SAPD-2026-1192505,29.421551,-98.504866,1788284241000,http://www.sanantonio.gov/sapd/Calls.aspx,Red,a tbd link,26,9
09/01/26, 3:34:58,8200 Marbach Rd,78227,Other Calls,Disturbance,5330,WEST,SAPD-2026-1193265,29.417832,-98.652028,1788294898000,http://www.sanantonio.gov/sapd/Calls.aspx,Blue,a tbd link,26,9
09/01/26, 9:19:00,7400 Yarrow Blvd,78224,Crimes Against Person Calls,Assault In Progress,6330,SOUTH,SAPD-2026-1191635,29.353112,-98.542067,1788272340000,http://www.sanantonio.gov/sapd/Calls.aspx,Red,a tbd link,26,9
09/01/26,12:37:28 PM,3200 Se Military Dr,78223,Other Calls,Assist the Public,6270,SOUTH,SAPD-2026-1192490,29.353224,-98.436003,1788284248000,http://www.sanantonio.gov/sapd/Calls.aspx,Blue,a tbd link,26,9
09/01/26, 3:27:43,Horal Dr / Waters Edge Dr,78245,Traffic Calls,Traffic Violation,5330,WEST,SAPD-2026-1193235,29.424128,-98.654487,1788294463000,http://www.sanantonio.gov/sapd/Calls.aspx,Yellow,a tbd link,26,9
09/01/26, 9:17:05,3400 S Gevers St,78210,Other Calls,Disturbance,4150,EAST,SAPD-2026-1191624,29.386295,-98.456806,1788272225000,http://www.sanantonio.gov/sapd/Calls.aspx,Blue,a tbd link,26,9
09/01/26,12:38:01 PM,Braden Gate / Acacia Farm,78244,Traffic Calls,Abandoned Vehicle,4320,EAST,SAPD-2026-1192492,29.470982,-98.373291,1788284281000,http://www.sanantonio.gov/sapd/Calls.aspx,Yellow,a tbd link,26,9
09/01/26, 9:16:29,801-1099 DAVY CROCKETT RD,78226,Traffic Calls,Traffic Related,6310,SOUTH,SAPD-2026-1191622,29.387252,-98.569227,1788272189000,http://www.sanantonio.gov/sapd/Calls.aspx,Yellow,a tbd link,26,9
09/01/26,12:38:55 PM,1900 Sw Military Dr,78221,Other Calls,Assist the Public,6230,SOUTH,SAPD-2026-1192496,29.357044,-98.523744,1788284335000,http://www.sanantonio.gov/sapd/Calls.aspx,Blue,a tbd link,26,9
09/01/26, 9:18:06,1200 Austin Hwy,78209-4854,Other Calls,Disturbance,3340,NORTH,SAPD-2026-1191631,29.489769,-98.443099,1788272286000,http://www.sanantonio.gov/sapd/Calls.aspx,Blue,a tbd link,26,9
09/01/26, 3:26:35,20200 Hardy Oak Blvd,78258,Traffic Calls,Minor Accident,3160,NORTH,SAPD-2026-1193231,29.629603,-98.478819,1788294395000,http://www.sanantonio.gov/sapd/Calls.aspx,Yellow,a tbd link,26,9
09/01/26,12:38:35 PM,1100 N Frio St,78207,Crimes Against Person Calls,Assault In Progress,2310,CENTRAL,SAPD-2026-1192495,29.437189,-98.505662,1788284315000,http://www.sanantonio.gov/sapd/Calls.aspx,Red,a tbd link,26,9
09/01/26, 9:17:38,5100 OLD PEARSALL RD,78242,Other Calls,Patrol By,6340,SOUTH,SAPD-2026-1191626,29.359418,-98.596511,1788272258000,http://www.sanantonio.gov/sapd/Calls.aspx,Blue,a tbd link,26,9
09/01/26, 3:26:48,7300 GRISSOM RD,78251,Other Calls,Patrol By,7330,PRUE,SAPD-2026-1193226,29.482347,-98.6331,1788294408000,http://www.sanantonio.gov/sapd/Calls.aspx,Blue,a tbd link,26,9
09/01/26,12:37:12 PM,605-699 Culebra Rd,78201,Traffic Calls,Major Accident,1220,DOWNTOWN,SAPD-2026-1192488,29.444048,-98.514345,1788284232000,http://www.sanantonio.gov/sapd/Calls.aspx,Yellow,a tbd link,26,9
09/01/26, 9:18:19,300 Riverside Dr,78210,Other Calls,Injured/Sick Person,6220,SOUTH,SAPD-2026-1191632,29.376192,-98.479302,1788272299000,http://www.sanantonio.gov/sapd/Calls.aspx,Blue,a tbd link,26,9
09/01/26, 3:29:23,3400 Culebra Rd,78228,Other Calls,Disturbance,5130,WEST,SAPD-2026-1193242,29.448904,-98.567506,1788294563000,http://www.sanantonio.gov/sapd/Calls.aspx,Blue,a tbd link,26,9
09/01/26,12:41:21 PM,1000 Ada St,78223,Other Calls,Patrol By,4220,EAST,SAPD-2026-1192506,29.38156,-98.457925,1788284481000,http://www.sanantonio.gov/sapd/Calls.aspx,Blue,a tbd link,26,9
09/01/26, 9:18:23,W0 NE LP 410 OFRP NB HY281 N,78216,Other Calls,Patrol By,3350,NORTH,SAPD-2026-1191633,29.521399,-98.479653,1788272303000,http://www.sanantonio.gov/sapd/Calls.aspx,Blue,a tbd link,26,9
09/01/26, 3:27:30,128-142 GUADALUPE ST,78204,Other Calls,Patrol By,1140,DOWNTOWN,SAPD-2026-1193232,29.416326,-98.499909,1788294450000,http://www.sanantonio.gov/sapd/Calls.aspx,Blue,a tbd link,26,9
09/01/26,12:44:14 PM,5000 Wiseman Blvd,78251,Other Calls,Miscellaneous,5360,WEST,SAPD-2026-1192517,29.462261,-98.708758,1788284654000,http://www.sanantonio.gov/sapd/Calls.aspx,Blue,a tbd link,26,9
09/01/26, 9:20:05,6000 Old Pearsall Rd,78242,Other Calls,Disturbance,6340,SOUTH,SAPD-2026-1191640,29.34563,-98.615239,1788272405000,http://www.sanantonio.gov/sapd/Calls.aspx,Blue,a tbd link,26,9
09/01/26, 3:27:54,STA00 HWY 151 SB,78245,Traffic Calls,Traffic Related,5330,WEST,SAPD-2026-1193236,29.435122,-98.649018,1788294474000,http://www.sanantonio.gov/sapd/Calls.aspx,Yellow,a tbd link,26,9
09/01/26, 9:21:33,3300 La Violeta St,78211,Other Calls,Ordinance Violation,6330,SOUTH,SAPD-2026-1191645,29.352564,-98.561382,1788272493000,http://www.sanantonio.gov/sapd/Calls.aspx,Blue,a tbd link,26,9
09/01/26, 3:27:58,201-433 HUNT LN,78245,Traffic Calls,Traffic Related,5330,WEST,SAPD-2026-1193237,29.433898,-98.668849,1788294478000,http://www.sanantonio.gov/sapd/Calls.aspx,Yellow,a tbd link,26,9
09/01/26,12:40:43 PM,300 W Olmos Dr,78212,Property Crime Calls,Theft In Progress,1240,DOWNTOWN,SAPD-2026-1192503,29.470125,-98.496472,1788284443000,http://www.sanantonio.gov/sapd/Calls.aspx,Green,a tbd link,26,9
09/01/26, 3:30:33,2800 Ih 35 N,78208,Other Calls,Miscellaneous,4130,EAST,SAPD-2026-1193246,29.438903,-98.444139,1788294633000,http://www.sanantonio.gov/sapd/Calls.aspx,Blue,a tbd link,26,9
09/01/26,12:40:08 PM,W Gerald Ave / Pleasanton Rd,78221,Traffic Calls,Traffic Violation,6230,SOUTH,SAPD-2026-1192501,29.36578,-98.504004,1788284408000,http://www.sanantonio.gov/sapd/Calls.aspx,Yellow,a tbd link,26,9
09/01/26, 3:28:16,201-433 HUNT LN,78245,Traffic Calls,Traffic Related,5330,WEST,SAPD-2026-1193238,29.434133,-98.668842,1788294496000,http://www.sanantonio.gov/sapd/Calls.aspx,Yellow,a tbd link,26,9
09/01/26, 9:19:29,1500 SALTILLO ST,78207,Other Calls,Patrol By,2350,CENTRAL,SAPD-2026-1191637,29.411794,-98.536283,1788272369000,http://www.sanantonio.gov/sapd/Calls.aspx,Blue,a tbd link,26,9
09/01/26,12:40:16 PM,6800 S Zarzamora St,78224,Property Crime Calls,Criminal Mischief In Progress,6130,SOUTH,SAPD-2026-1192502,29.360503,-98.533473,1788284416000,http://www.sanantonio.gov/sapd/Calls.aspx,Green,a tbd link,26,9
09/01/26, 9:22:54,Braun Rd / W Loop 1604 N,78254,Crimes Against Person Calls,Suspicious Vehicle,7360,PRUE,SAPD-2026-1191650,29.535983,-98.681482,1788272574000,http://www.sanantonio.gov/sapd/Calls.aspx,Red,a tbd link,26,9
09/01/26, 3:36:32,4500 Medical Dr,78229,Traffic Calls,Minor Accident,7130,PRUE,SAPD-2026-1193274,29.507184,-98.578914,1788294992000,http://www.sanantonio.gov/sapd/Calls.aspx,Yellow,a tbd link,26,9
09/01/26,12:44:33 PM,7000 Culebra Rd,78238,Traffic Calls,Minor Accident,5160,WEST,SAPD-2026-1192519,29.45009,-98.626662,1788284673000,http://www.sanantonio.gov/sapd/Calls.aspx,Yellow,a tbd link,26,9
09/01/26, 9:20:19,15700 O'CONNOR RD,78247,Other Calls,Patrol By,3240,NORTH,SAPD-2026-1191641,29.586035,-98.396259,1788272419000,http://www.sanantonio.gov/sapd/Calls.aspx,Blue,a tbd link,26,9
09/01/26, 3:29:08,I0 10 W NB,78230,Traffic Calls,Traffic Related,7220,PRUE,SAPD-2026-1193240,29.543123,-98.576244,1788294548000,http://www.sanantonio.gov/sapd/Calls.aspx,Yellow,a tbd link,26,9
09/01/26,12:40:49 PM,900 Menchaca St,78207,Traffic Calls,Abandoned Vehicle,2320,CENTRAL,SAPD-2026-1192504,29.441413,-98.521094,1788284449000,http://www.sanantonio.gov/sapd/Calls.aspx,Yellow,a tbd link,26,9
09/01/26, 9:24:36,4400 Meadowland Place,78222,Traffic Calls,Minor Accident,4260,EAST,SAPD-2026-1191657,29.364964,-98.408868,1788272676000,http://www.sanantonio.gov/sapd/Calls.aspx,Yellow,a tbd link,26,9
09/01/26, 3:29:58,8300 BLUFF BEND DR,78250,Traffic Calls,Abandoned Vehicle,7320,PRUE,SAPD-2026-1193245,29.515327,-98.644432,1788294598000,http://www.sanantonio.gov/sapd/Calls.aspx,Yellow,a tbd link,26,9
09/01/26,12:42:11 PM,W Commerce St / Nw 36th St,78237,Traffic Calls,Traffic Violation,5130,WEST,SAPD-2026-1192509,29.43247,-98.571752,1788284531000,http://www.sanantonio.gov/sapd/Calls.aspx,Yellow,a tbd link,26,9
09/01/26, 9:20:57,5000-5418 US HWY 90 W EB,78227,Traffic Calls,Traffic Related,6310,SOUTH,SAPD-2026-1191642,29.407703,-98.590977,1788272457000,http://www.sanantonio.gov/sapd/Calls.aspx,Yellow,a tbd link,26,9
09/01/26, 3:33:10,200 Patricia Dr,78216,Property Crime Calls,Theft,3120,NORTH,SAPD-2026-1193257,29.535467,-98.496435,1788294790000,http://www.sanantonio.gov/sapd/Calls.aspx,Green,a tbd link,26,9
09/01/26,12:42:48 PM,10400 State Hwy 151,78251,Other Calls,Disturbance,5350,WEST,SAPD-2026-1192511,29.452903,-98.68463,1788284568000,http://www.sanantonio.gov/sapd/Calls.aspx,Blue,a tbd link,26,9
09/01/26, 9:21:48,2700 E Houston St,78202,Traffic Calls,Minor Accident,4130,EAST,SAPD-2026-1191648,29.425085,-98.449912,1788272508000,http://www.sanantonio.gov/sapd/Calls.aspx,Yellow,a tbd link,26,9
09/01/26, 3:40:40,4900 Woodstone,78230,Other Calls,Information,7230,PRUE,SAPD-2026-1193338,29.551532,-98.576125,1788295240000,http://www.sanantonio.gov/sapd/Calls.aspx,Blue,a tbd link,26,9
09/01/26, 3:31:22,1100 E SONTERRA BLVD,78258,Other Calls,Assist the Public,3160,NORTH,SAPD-2026-1193249,29.614876,-98.476499,1788294682000,http://www.sanantonio.gov/sapd/Calls.aspx,Blue,a tbd link,26,9
09/01/26, 9:21:17,7400-7498 W LOOP 1604 N,78250,Traffic Calls,Traffic Related,7360,PRUE,SAPD-2026-1191643,29.508866,-98.697188,1788272477000,http://www.sanantonio.gov/sapd/Calls.aspx,Yellow,a tbd link,26,9
09/01/26,12:43:44 PM,13800 Nacogdoches Rd,78217,Other Calls,Miscellaneous,3210,NORTH,SAPD-2026-1192516,29.565979,-98.387397,1788284624000,http://www.sanantonio.gov/sapd/Calls.aspx,Blue,a tbd link,26,9
09/01/26, 3:35:10,1600 Nolan St,78202,Other Calls,Information,4130,EAST,SAPD-2026-1193266,29.427231,-98.460822,1788294910000,http://www.sanantonio.gov/sapd/Calls.aspx,Blue,a tbd link,26,9
09/01/26, 9:21:22,12400 GRAN VISTA,78233,Other Calls,Miscellaneous,3210,NORTH,SAPD-2026-1191646,29.552654,-98.38731,1788272482000,http://www.sanantonio.gov/sapd/Calls.aspx,Blue,a tbd link,26,9
09/01/26,12:44:15 PM,8900 Lost Woods,78240,Other Calls,Welfare Check,7310,PRUE,SAPD-2026-1192514,29.527,-98.611685,1788284655000,http://www.sanantonio.gov/sapd/Calls.aspx,Blue,a tbd link,26,9
09/01/26, 3:32:01,8000 GRISSOM RD,78251,Other Calls,Patrol By,7330,PRUE,SAPD-2026-1193252,29.47708,-98.645583,1788294721000,http://www.sanantonio.gov/sapd/Calls.aspx,Blue,a tbd link,26,9
09/01/26, 9:23:27,Blanco Rd / W Magnolia Ave,78201,Traffic Calls,Major Accident,1220,DOWNTOWN,SAPD-2026-1191652,29.454802,-98.507892,1788272607000,http://www.sanantonio.gov/sapd/Calls.aspx,Yellow,a tbd link,26,9
09/01/26, 3:35:20,New Guilbeau Rd / Zeke Crk,78254,Traffic Calls,Major Accident,7360,PRUE,SAPD-2026-1193268,29.528746,-98.683329,1788294920000,http://www.sanantonio.gov/sapd/Calls.aspx,Yellow,a tbd link,26,9
09/01/26,12:43:52 PM,7500 Holm Rd,78242,Other Calls,Welfare Check,6350,SOUTH,SAPD-2026-1192520,29.3563,-98.603068,1788284632000,http://www.sanantonio.gov/sapd/Calls.aspx,Blue,a tbd link,26,9
09/01/26, 9:21:52,801-1099 DAVY CROCKETT RD,78226,Traffic Calls,Traffic Related,6310,SOUTH,SAPD-2026-1191647,29.387252,-98.569227,1788272512000,http://www.sanantonio.gov/sapd/Calls.aspx,Yellow,a tbd link,26,9
09/01/26, 3:33:14,9500 Bridge Keep,78254,Traffic Calls,Major Accident,7360,PRUE,SAPD-2026-1193256,29.528691,-98.682148,1788294794000,http://www.sanantonio.gov/sapd/Calls.aspx,Yellow,a tbd link,26,9
09/01/26,12:44:26 PM,t St In Ingram Square,78238,Other Calls,Disturbance,5310,WEST,SAPD-2026-1192518,29.464089,-98.624567,1788284666000,http://www.sanantonio.gov/sapd/Calls.aspx,Blue,a tbd link,26,9
09/01/26, 9:24:25,Tom Tom / Nw Loop 410,78238,Traffic Calls,Traffic Related,5270,WEST,SAPD-2026-1191656,29.47684,-98.608223,1788272665000,http://www.sanantonio.gov/sapd/Calls.aspx,Yellow,a tbd link,26,9
09/01/26, 3:34:39,State Hwy 151 / Military Dr W,78251,Crimes Against Person Calls,Assault In Progress,5350,WEST,SAPD-2026-1193262,29.450525,-98.68442,1788294879000,http://www.sanantonio.gov/sapd/Calls.aspx,Red,a tbd link,26,9
09/01/26,12:43:10 PM,2100 S Zarzamora St,78207,Other Calls,Disturbance,2340,CENTRAL,SAPD-2026-1192512,29.401147,-98.5298,1788284590000,http://www.sanantonio.gov/sapd/Calls.aspx,Blue,a tbd link,26,9
09/01/26, 9:22:54,S0 Ih 37 S Ofrp Nb Se Loop 410,78223,Traffic Calls,Traffic Related,6270,SOUTH,SAPD-2026-1191655,29.332417,-98.418049,1788272574000,http://www.sanantonio.gov/sapd/Calls.aspx,Yellow,a tbd link,26,9
09/01/26, 3:32:52,2300 Ne Loop 410,78217-5602,Traffic Calls,Major Accident,3370,NORTH,SAPD-2026-1193253,29.5167,-98.42014,1788294772000,http://www.sanantonio.gov/sapd/Calls.aspx,Yellow,a tbd link,26,9
09/01/26,12:45:15 PM,N Loop 1604 W / Bandera Rd,78250,Traffic Calls,Major Accident,7350,PRUE,SAPD-2026-1192521,29.553229,-98.666703,1788284715000,http://www.sanantonio.gov/sapd/Calls.aspx,Yellow,a tbd link,26,9
09/01/26, 3:34:08,300 DARTMOUTH ST,78237,Other Calls,Patrol By,2360,CENTRAL,SAPD-2026-1193259,29.436264,-98.552077,1788294848000,http://www.sanantonio.gov/sapd/Calls.aspx,Blue,a tbd link,26,9
09/01/26,12:47:08 PM,7000 Culebra Rd,78238,Property Crime Calls,Theft,5160,WEST,SAPD-2026-1192524,29.45009,-98.626662,1788284828000,http://www.sanantonio.gov/sapd/Calls.aspx,Green,a tbd link,26,9
09/01/26, 3:37:35,11400 Vance Jackson,78230,Other Calls,Disturbance,7220,PRUE,SAPD-2026-1193281,29.546797,-98.563481,1788295055000,http://www.sanantonio.gov/sapd/Calls.aspx,Blue,a tbd link,26,9
09/01/26, 9:24:33,Potranco Rd / Military Dr W,78251,Traffic Calls,Traffic Related,5320,WEST,SAPD-2026-1191659,29.449544,-98.646979,1788272673000,http://www.sanantonio.gov/sapd/Calls.aspx,Yellow,a tbd link,26,9
09/01/26,12:47:45 PM,20200 Cresta Avenida,78256,Other Calls,Property Found,7260,PRUE,SAPD-2026-1192528,29.630526,-98.618214,1788284865000,http://www.sanantonio.gov/sapd/Calls.aspx,Blue,a tbd link,26,9
09/01/26, 3:38:59,11600 Huebner Rd,78230,Other Calls,Miscellaneous,7220,PRUE,SAPD-2026-1193286,29.548881,-98.572778,1788295139000,http://www.sanantonio.gov/sapd/Calls.aspx,Blue,a tbd link,26,9
09/01/26, 9:23:45,Blanco Rd / W Magnolia Ave,78201,Traffic Calls,Minor Accident,1220,DOWNTOWN,SAPD-2026-1191654,29.454802,-98.507892,1788272625000,http://www.sanantonio.gov/sapd/Calls.aspx,Yellow,a tbd link,26,9
09/01/26,12:48:18 PM,8500 Ih 35 S,78211,Other Calls,Suspicious Person,6140,SOUTH,SAPD-2026-1192531,29.340928,-98.554777,1788284898000,http://www.sanantonio.gov/sapd/Calls.aspx,Blue,a tbd link,26,9
09/01/26, 3:34:23,900 E CONTOUR DR,78212,Other Calls,Patrol By,1240,DOWNTOWN,SAPD-2026-1193261,29.483867,-98.488644,1788294863000,http://www.sanantonio.gov/sapd/Calls.aspx,Blue,a tbd link,26,9
09/01/26, 9:26:18,Ih 10 E Eb / Ne Loop 410 Nb,78219,Traffic Calls,Traffic Violation,4240,EAST,SAPD-2026-1191664,29.435693,-98.389867,1788272778000,http://www.sanantonio.gov/sapd/Calls.aspx,Yellow,a tbd link,26,9
09/01/26,12:45:56 PM,3400 AVENUE B,78209,Other Calls,Patrol By,1230,DOWNTOWN,SAPD-2026-1192523,29.460556,-98.468611,1788284756000,http://www.sanantonio.gov/sapd/Calls.aspx,Blue,a tbd link,26,9
09/01/26, 3:34:56,500 RASA DR,78227,Other Calls,Patrol By,5340,WEST,SAPD-2026-1193264,29.40536,-98.662159,1788294896000,http://www.sanantonio.gov/sapd/Calls.aspx,Blue,a tbd link,26,9
09/01/26, 9:27:02,300 W Burcham Ave,78221,Property Crime Calls,Burglary Vehicle,6230,SOUTH,SAPD-2026-1191667,29.367249,-98.508046,1788272822000,http://www.sanantonio.gov/sapd/Calls.aspx,Green,a tbd link,26,9
09/01/26,12:47:48 PM,6100 Vance Jackson,78230,Other Calls,Information,7210,PRUE,SAPD-2026-1192530,29.536614,-98.549507,1788284868000,http://www.sanantonio.gov/sapd/Calls.aspx,Blue,a tbd link,26,9
09/01/26, 3:37:47,Culebra Rd / Les Harrison Dr,78251,Other Calls,Welfare Check,7370,PRUE,SAPD-2026-1193282,29.489696,-98.690631,1788295067000,http://www.sanantonio.gov/sapd/Calls.aspx,Blue,a tbd link,26,9
09/01/26, 9:26:41,700 W Mayfield Blvd,78211,Other Calls,Information,6130,SOUTH,SAPD-2026-1191665,29.362151,-98.535356,1788272801000,http://www.sanantonio.gov/sapd/Calls.aspx,Blue,a tbd link,26,9
09/01/26,12:52:15 PM,200 Agnes Dr,78212,Crimes Against Person Calls,Threats,1240,DOWNTOWN,SAPD-2026-1192543,29.47273,-98.495122,1788285135000,http://www.sanantonio.gov/sapd/Calls.aspx,Red,a tbd link,26,9
09/01/26, 3:37:51,Loop 1604 E,78232,Traffic Calls,Minor Accident,3160,NORTH,SAPD-2026-1193283,29.609189,-98.485322,1788295071000,http://www.sanantonio.gov/sapd/Calls.aspx,Yellow,a tbd link,26,9
09/01/26, 9:30:15,5600 Culebra Rd,78228,Other Calls,Miscellaneous,5140,WEST,SAPD-2026-1191683,29.448217,-98.596917,1788273015000,http://www.sanantonio.gov/sapd/Calls.aspx,Blue,a tbd link,26,9
09/01/26, 3:36:35,6700 Callaghan Rd,78229,Other Calls,Injured/Sick Person,7110,PRUE,SAPD-2026-1193276,29.494189,-98.569438,1788294995000,http://www.sanantonio.gov/sapd/Calls.aspx,Blue,a tbd link,26,9
09/01/26, 9:29:10,400 Gabriel,78202,Other Calls,Suspicious Person,4130,EAST,SAPD-2026-1191677,29.432763,-98.455657,1788272950000,http://www.sanantonio.gov/sapd/Calls.aspx,Blue,a tbd link,26,9
09/01/26,12:50:15 PM,8500 Adams Hill Dr,78227,Other Calls,Disturbance,5340,WEST,SAPD-2026-1192537,29.410336,-98.655092,1788285015000,http://www.sanantonio.gov/sapd/Calls.aspx,Blue,a tbd link,26,9
09/01/26, 3:35:49,6900 BORDER BROOK,78238,Other Calls,Patrol By,5310,WEST,SAPD-2026-1193271,29.47123,-98.627522,1788294949000,http://www.sanantonio.gov/sapd/Calls.aspx,Blue,a tbd link,26,9
09/01/26, 9:27:36,16900-17098 WURZBACH PKWY OFRP WETMORE RD,78216,Traffic Calls,Traffic Related,3220,NORTH,SAPD-2026-1191668,29.546187,-98.439386,1788272856000,http://www.sanantonio.gov/sapd/Calls.aspx,Yellow,a tbd link,26,9
09/01/26,12:52:28 PM,2500 Minnetonka,78210,Other Calls,Information,4150,EAST,SAPD-2026-1192546,29.385651,-98.453577,1788285148000,http://www.sanantonio.gov/sapd/Calls.aspx,Blue,a tbd link,26,9
09/01/26, 3:39:35,Callaghan Rd / Centerview,78228,Traffic Calls,Traffic Related,5260,WEST,SAPD-2026-1193289,29.488665,-98.575073,1788295175000,http://www.sanantonio.gov/sapd/Calls.aspx,Yellow,a tbd link,26,9
09/01/26, 9:27:37,7906-8098 W LOOP 1604 N,78250,Traffic Calls,Traffic Related,7360,PRUE,SAPD-2026-1191669,29.513472,-98.694906,1788272857000,http://www.sanantonio.gov/sapd/Calls.aspx,Yellow,a tbd link,26,9
09/01/26,12:49:59 PM,Shaenfield Rd / W Loop 1604 N Nb,78250,Traffic Calls,Minor Accident,7360,PRUE,SAPD-2026-1192540,29.515045,-98.694365,1788284999000,http://www.sanantonio.gov/sapd/Calls.aspx,Yellow,a tbd link,26,9
09/01/26, 3:36:48,8201-8211 N LOOP 1604 W SB,78249,Traffic Calls,Traffic Related,7350,PRUE,SAPD-2026-1193278,29.575456,-98.647053,1788295008000,http://www.sanantonio.gov/sapd/Calls.aspx,Yellow,a tbd link,26,9
09/01/26, 9:30:47,400 River Run Way,78219,Property Crime Calls,Burglary,4240,EAST,SAPD-2026-1191685,29.4274,-98.367612,1788273047000,http://www.sanantonio.gov/sapd/Calls.aspx,Green,a tbd link,26,9
09/01/26,12:51:59 PM,Shaenfield Rd / W Loop 1604 N Nb,78250,Traffic Calls,Minor Accident,7360,PRUE,SAPD-2026-1192541,29.515045,-98.694365,1788285119000,http://www.sanantonio.gov/sapd/Calls.aspx,Yellow,a tbd link,26,9
09/01/26, 3:37:34,101-199 GRAHAM ST,78207,Other Calls,Patrol By,1120,DOWNTOWN,SAPD-2026-1193280,29.421191,-98.496633,1788295054000,http://www.sanantonio.gov/sapd/Calls.aspx,Blue,a tbd link,26,9
09/01/26, 9:29:30,5600 Godek,78242,Other Calls,Disturbance,6340,SOUTH,SAPD-2026-1191674,29.349199,-98.608732,1788272970000,http://www.sanantonio.gov/sapd/Calls.aspx,Blue,a tbd link,26,9
09/01/26,12:55:33 PM,4500 Medical Dr,78229,Property Crime Calls,Theft of Vehicle,7130,PRUE,SAPD-2026-1192558,29.507184,-98.578914,1788285333000,http://www.sanantonio.gov/sapd/Calls.aspx,Green,a tbd link,26,9
09/01/26, 3:41:36,NW LOOP 410 EB / VANCE JACKSON RD,78230,Other Calls,Welfare Check,2230,CENTRAL,SAPD-2026-1193303,29.511523,-98.535118,1788295296000,http://www.sanantonio.gov/sapd/Calls.aspx,Blue,a tbd link,26,9
09/01/26, 9:29:32,1500 Amanda St,78210,Other Calls,Information,4210,EAST,SAPD-2026-1191679,29.399157,-98.436431,1788272972000,http://www.sanantonio.gov/sapd/Calls.aspx,Blue,a tbd link,26,9
09/01/26,12:57:23 PM,7700 Chambers Rd,78229,Other Calls,Welfare Check,7110,PRUE,SAPD-2026-1192574,29.508658,-98.562962,1788285443000,http://www.sanantonio.gov/sapd/Calls.aspx,Blue,a tbd link,26,9
09/01/26, 3:40:56,1353-1399 Cable Ranch Rd,78227,Other Calls,Disturbance,5330,WEST,SAPD-2026-1193296,29.419456,-98.657731,1788295256000,http://www.sanantonio.gov/sapd/Calls.aspx,Blue,a tbd link,26,9
09/01/26,12:53:00 PM,2000 MCCAULEY BLVD,78224,Crimes Against Person Calls,Assault In Progress,6320,SOUTH,SAPD-2026-1192549,29.359182,-98.546622,1788285180000,http://www.sanantonio.gov/sapd/Calls.aspx,Red,a tbd link,26,9
09/01/26, 3:39:06,1000 W Lynwood,78201,Other Calls,Disturbance,2210,CENTRAL,SAPD-2026-1193288,29.463474,-98.510369,1788295146000,http://www.sanantonio.gov/sapd/Calls.aspx,Blue,a tbd link,26,9
09/01/26,12:52:39 PM,1300 W MALONE,78225,Other Calls,Patrol By,6110,SOUTH,SAPD-2026-1192545,29.387573,-98.527951,1788285159000,http://www.sanantonio.gov/sapd/Calls.aspx,Blue,a tbd link,26,9
09/01/26, 9:29:22,Nw 36th St / W Woodlawn Ave,78228,Other Calls,Welfare Check,5220,WEST,SAPD-2026-1191682,29.458038,-98.568072,1788272962000,http://www.sanantonio.gov/sapd/Calls.aspx,Blue,a tbd link,26,9
09/01/26, 3:38:00,S0 IH 10 W ONRP UNIVERSITY HTS,78249,Traffic Calls,Traffic Related,7340,PRUE,SAPD-2026-1193284,29.567331,-98.592607,1788295080000,http://www.sanantonio.gov/sapd/Calls.aspx,Yellow,a tbd link,26,9
09/01/26,12:54:00 PM,800 N Frio St,78207,Property Crime Calls,Burglary in Progress,2310,CENTRAL,SAPD-2026-1192551,29.4343,-98.504411,1788285240000,http://www.sanantonio.gov/sapd/Calls.aspx,Green,a tbd link,26,9
09/01/26, 9:28:46,4800 OLD PEARSALL RD,78242,Other Calls,Patrol By,6340,SOUTH,SAPD-2026-1191671,29.362317,-98.590881,1788272926000,http://www.sanantonio.gov/sapd/Calls.aspx,Blue,a tbd link,26,9
09/01/26, 3:41:27,N Loop 1604 E Eb / O'connor Rd,78247,Traffic Calls,Traffic Violation,3240,NORTH,SAPD-2026-1193299,29.601629,-98.404992,1788295287000,http://www.sanantonio.gov/sapd/Calls.aspx,Yellow,a tbd link,26,9
09/01/26,12:55:52 PM,2300 Sw 36th St,78237,Traffic Calls,Accident Private Property,6310,SOUTH,SAPD-2026-1192557,29.405553,-98.575421,1788285352000,http://www.sanantonio.gov/sapd/Calls.aspx,Yellow,a tbd link,26,9
09/01/26, 9:28:57,U0 HWY 90 W EB,78237,Traffic Calls,Traffic Related,6310,SOUTH,SAPD-2026-1191672,29.407307,-98.585576,1788272937000,http://www.sanantonio.gov/sapd/Calls.aspx,Yellow,a tbd link,26,9
09/01/26, 3:40:16,500 Aaron Place,78221,Traffic Calls,Traffic Violation,6150,SOUTH,SAPD-2026-1193292,29.349657,-98.511303,1788295216000,http://www.sanantonio.gov/sapd/Calls.aspx,Yellow,a tbd link,26,9
09/01/26,12:55:45 PM,4700 Fredericksburg Rd,78229,Other Calls,Disturbance,7110,PRUE,SAPD-2026-1192559,29.495903,-98.55506,1788285345000,http://www.sanantonio.gov/sapd/Calls.aspx,Blue,a tbd link,26,9
09/01/26, 9:29:07,N0 IH 10 W OFRP FIRST PARK TEN,78201,Traffic Calls,Traffic Related,2230,CENTRAL,SAPD-2026-1191673,29.484878,-98.535848,1788272947000,http://www.sanantonio.gov/sapd/Calls.aspx,Yellow,a tbd link,26,9
09/01/26, 3:41:49,16900 Vista Blf,78247,Property Crime Calls,Burglary Vehicle,3260,NORTH,SAPD-2026-1193301,29.598566,-98.374735,1788295309000,http://www.sanantonio.gov/sapd/Calls.aspx,Green,a tbd link,26,9
09/01/26, 1:03:58,8600 Fairhaven St,78229,Other Calls,Miscellaneous,7120,PRUE,SAPD-2026-1192587,29.518152,-98.567111,1788285838000,http://www.sanantonio.gov/sapd/Calls.aspx,Blue,a tbd link,26,9
09/01/26, 9:32:04,2300 S Gevers St,78210,Traffic Calls,Accident Private Property,4150,EAST,SAPD-2026-1191695,29.396259,-98.456737,1788273124000,http://www.sanantonio.gov/sapd/Calls.aspx,Yellow,a tbd link,26,9
09/01/26, 3:42:42,200 E Basse Rd,78209,Traffic Calls,Accident Private Property,3330,NORTH,SAPD-2026-1193304,29.49578,-98.479924,1788295362000,http://www.sanantonio.gov/sapd/Calls.aspx,Yellow,a tbd link,26,9
09/01/26,12:55:00 PM,100 DUMONT DR,78227,Other Calls,Miscellaneous,6360,SOUTH,SAPD-2026-1192555,29.387698,-98.639684,1788285300000,http://www.sanantonio.gov/sapd/Calls.aspx,Blue,a tbd link,26,9
09/01/26, 9:30:56,400 River Run Way,78219,Property Crime Calls,Burglary,4240,EAST,SAPD-2026-1191688,29.427338,-98.367559,1788273056000,http://www.sanantonio.gov/sapd/Calls.aspx,Green,a tbd link,26,9
09/01/26,12:56:45 PM,600 Millwood Ln,78216,Crimes Against Person Calls,Lewd Conduct,3320,NORTH,SAPD-2026-1192562,29.511069,-98.478937,1788285405000,http://www.sanantonio.gov/sapd/Calls.aspx,Red,a tbd link,26,9
09/01/26, 9:29:42,5800 HISTORIC OLD HWY 90,78227,Other Calls,Patrol By,5150,WEST,SAPD-2026-1191676,29.413497,-98.60391,1788272982000,http://www.sanantonio.gov/sapd/Calls.aspx,Blue,a tbd link,26,9
09/01/26,12:57:00 PM,900 H St,78220,Other Calls,Injured/Sick Person,4230,EAST,SAPD-2026-1192564,29.406675,-98.432213,1788285420000,http://www.sanantonio.gov/sapd/Calls.aspx,Blue,a tbd link,26,9
09/01/26, 3:41:04,900 New Laredo Hwy,78211,Crimes Against Person Calls,Assault In Progress,6320,SOUTH,SAPD-2026-1193297,29.36338,-98.552225,1788295264000,http://www.sanantonio.gov/sapd/Calls.aspx,Red,a tbd link,26,9
09/01/26, 9:30:06,LOOP 1604 W WB,78232,Traffic Calls,Traffic Related,3170,NORTH,SAPD-2026-1191680,29.608573,-98.500019,1788273006000,http://www.sanantonio.gov/sapd/Calls.aspx,Yellow,a tbd link,26,9
09/01/26,12:57:57 PM,2000 GOLIAD RD,78223,Property Crime Calls,Panhandler,4220,EAST,SAPD-2026-1192568,29.365346,-98.441547,1788285477000,http://www.sanantonio.gov/sapd/Calls.aspx,Green,a tbd link,26,9
09/01/26, 3:42:48,800 N LOOP 1604 E,78232,Traffic Calls,Minor Accident,3160,NORTH,SAPD-2026-1193308,29.609564,-98.479322,1788295368000,http://www.sanantonio.gov/sapd/Calls.aspx,Yellow,a tbd link,26,9
09/01/26, 9:30:35,100-198 ABRAHAM LINCOLN DR,78226,Traffic Calls,Traffic Related,6310,SOUTH,SAPD-2026-1191684,29.385589,-98.570284,1788273035000,http://www.sanantonio.gov/sapd/Calls.aspx,Yellow,a tbd link,26,9
09/01/26,12:57:59 PM,5800 Deer Horn Dr,78238,Other Calls,Disturbance,5270,WEST,SAPD-2026-1192569,29.477368,-98.601345,1788285479000,http://www.sanantonio.gov/sapd/Calls.aspx,Blue,a tbd link,26,9
09/01/26, 3:43:15,20 Longsford,78209,Other Calls,Miscellaneous,3330,NORTH,SAPD-2026-1193311,29.496423,-98.471715,1788295395000,http://www.sanantonio.gov/sapd/Calls.aspx,Blue,a tbd link,26,9
09/01/26, 9:32:08,2300 Sw Military Dr,78224,Traffic Calls,Minor Accident,6130,SOUTH,SAPD-2026-1191693,29.355324,-98.528383,1788273128000,http://www.sanantonio.gov/sapd/Calls.aspx,Yellow,a tbd link,26,9
09/01/26,12:59:01 PM,3500 Avenue B,78209,Property Crime Calls,Theft,1230,DOWNTOWN,SAPD-2026-1192577,29.45925,-98.469175,1788285541000,http://www.sanantonio.gov/sapd/Calls.aspx,Green,a tbd link,26,9
09/01/26, 3:43:02,2700 Austin Hwy,78218,Traffic Calls,Minor Accident,4360,EAST,SAPD-2026-1193307,29.511809,-98.405683,1788295382000,http://www.sanantonio.gov/sapd/Calls.aspx,Yellow,a tbd link,26,9
09/01/26, 9:32:10,GRIFFIN AVE / LESTER,78211,Other Calls,Assist the Public,6320,SOUTH,SAPD-2026-1191694,29.3753,-98.552057,1788273130000,http://www.sanantonio.gov/sapd/Calls.aspx,Blue,a tbd link,26,9
09/01/26,12:59:23 PM,Fir Valley Dr / Apple Valley Dr,78242,Traffic Calls,Minor Accident,6360,SOUTH,SAPD-2026-1192576,29.360007,-98.622127,1788285563000,http://www.sanantonio.gov/sapd/Calls.aspx,Yellow,a tbd link,26,9
09/01/26, 3:47:45,20700 Huebner Rd,78258,Other Calls,Information,3160,NORTH,SAPD-2026-1193340,29.624359,-98.486171,1788295665000,http://www.sanantonio.gov/sapd/Calls.aspx,Blue,a tbd link,26,9
09/01/26, 9:39:58,2400 W Ansley Blvd,78224,Traffic Calls,Minor Accident,6140,SOUTH,SAPD-2026-1191720,29.342554,-98.540844,1788273598000,http://www.sanantonio.gov/sapd/Calls.aspx,Yellow,a tbd link,26,9
09/01/26,12:57:49 PM,9100 EXCELLENCE DR,78252,Other Calls,CRT Follow Up,6360,SOUTH,SAPD-2026-1192565,29.337723,-98.629844,1788285469000,http://www.sanantonio.gov/sapd/Calls.aspx,Blue,a tbd link,26,9
09/01/26, 3:41:57,8200 SHERRI OAKS DR,78250,Traffic Calls,Abandoned Vehicle,7320,PRUE,SAPD-2026-1193302,29.517785,-98.642387,1788295317000,http://www.sanantonio.gov/sapd/Calls.aspx,Yellow,a tbd link,26,9
09/01/26, 9:35:02,11200 Potranco Rd,78253,Traffic Calls,Minor Accident,5360,WEST,SAPD-2026-1191707,29.434969,-98.714335,1788273302000,http://www.sanantonio.gov/sapd/Calls.aspx,Yellow,a tbd link,26,9
09/01/26, 3:44:39,1100 Bandera Rd,78228,Other Calls,Disturbance,5220,WEST,SAPD-2026-1193322,29.461716,-98.561486,1788295479000,http://www.sanantonio.gov/sapd/Calls.aspx,Blue,a tbd link,26,9
09/01/26, 9:34:32,800 Edison Dr,78212,Other Calls,Property Found,2210,CENTRAL,SAPD-2026-1191703,29.475101,-98.506544,1788273272000,http://www.sanantonio.gov/sapd/Calls.aspx,Blue,a tbd link,26,9
09/01/26, 1:00:22,17400 Ih 10 W,78256,Traffic Calls,Minor Accident,7260,PRUE,SAPD-2026-1192579,29.607003,-98.60083,1788285622000,http://www.sanantonio.gov/sapd/Calls.aspx,Yellow,a tbd link,26,9
09/01/26, 3:44:41,12500-12838 Us Hwy 281 N Nb,78216,Traffic Calls,Minor Accident,3130,NORTH,SAPD-2026-1193317,29.556206,-98.48521,1788295481000,http://www.sanantonio.gov/sapd/Calls.aspx,Yellow,a tbd link,26,9
09/01/26, 9:35:51,8400-8599 Northmont,78239,Other Calls,SAPD Non-Emergency Call,NOT SAPD BEX,SAPD OUTSIDE AREA,SAPD-2026-1191709,29.512465,-98.36354,1788273351000,http://www.sanantonio.gov/sapd/Calls.aspx,Blue,a tbd link,26,9
09/01/26, 1:04:10,100 Rolling Green Dr,78228,Other Calls,Disturbance,5260,WEST,SAPD-2026-1192588,29.474457,-98.570332,1788285850000,http://www.sanantonio.gov/sapd/Calls.aspx,Blue,a tbd link,26,9
09/01/26, 3:46:00,6000 Randolph Blvd,78239,Other Calls,Disturbance Family,3230,NORTH,SAPD-2026-1193327,29.539694,-98.369299,1788295560000,http://www.sanantonio.gov/sapd/Calls.aspx,Blue,a tbd link,26,9
09/01/26, 9:34:48,6400 MCCULLOUGH AVE,78212,Other Calls,Patrol By,1240,DOWNTOWN,SAPD-2026-1191704,29.487527,-98.491442,1788273288000,http://www.sanantonio.gov/sapd/Calls.aspx,Blue,a tbd link,26,9
09/01/26, 1:00:19,U0 HWY 90 W EB,78237,Traffic Calls,Traffic Related,6310,SOUTH,SAPD-2026-1192578,29.404336,-98.553605,1788285619000,http://www.sanantonio.gov/sapd/Calls.aspx,Yellow,a tbd link,26,9
09/01/26, 3:43:00,3200 NORTHWESTERN DR,78238,Other Calls,Patrol By,5310,WEST,SAPD-2026-1193305,29.465062,-98.625172,1788295380000,http://www.sanantonio.gov/sapd/Calls.aspx,Blue,a tbd link,26,9
09/01/26, 9:35:30,E COMMERCE ST / S BOWIE ST,78205,Other Calls,Patrol By,1110,DOWNTOWN,SAPD-2026-1191708,29.422717,-98.483268,1788273330000,http://www.sanantonio.gov/sapd/Calls.aspx,Blue,a tbd link,26,9
09/01/26, 1:00:32,9300 PERRIN BEITEL,78217,Other Calls,Miscellaneous,3370,NORTH,SAPD-2026-1192580,29.524382,-98.411008,1788285632000,http://www.sanantonio.gov/sapd/Calls.aspx,Blue,a tbd link,26,9
09/01/26, 3:48:30,7000 S Flores St,78221,Other Calls,Miscellaneous,6250,SOUTH,SAPD-2026-1193343,29.348421,-98.487908,1788295710000,http://www.sanantonio.gov/sapd/Calls.aspx,Blue,a tbd link,26,9
09/01/26, 9:37:04,6100 Birch Valley Dr,78242,Crimes Against Person Calls,Disturbance (Gun Involved),6360,SOUTH,SAPD-2026-1191711,29.363575,-98.623394,1788273424000,http://www.sanantonio.gov/sapd/Calls.aspx,Red,a tbd link,26,9
09/01/26, 1:02:00,100 Oakleaf Dr,78209,Other Calls,Ordinance Violation,3340,NORTH,SAPD-2026-1192582,29.504019,-98.458615,1788285720000,http://www.sanantonio.gov/sapd/Calls.aspx,Blue,a tbd link,26,9
09/01/26, 3:46:08,9900 Hazy Bend,78233,Other Calls,Welfare Check,3230,NORTH,SAPD-2026-1193328,29.528289,-98.384723,1788295568000,http://www.sanantonio.gov/sapd/Calls.aspx,Blue,a tbd link,26,9
09/01/26, 9:37:01,8100-8440 S Presa St,78223,Traffic Calls,Traffic Related,6270,SOUTH,SAPD-2026-1191710,29.344071,-98.45673,1788273421000,http://www.sanantonio.gov/sapd/Calls.aspx,Yellow,a tbd link,26,9
09/01/26, 1:01:36,12700 La Fonda,78233,Property Crime Calls,Theft,3210,NORTH,SAPD-2026-1192583,29.55659,-98.390799,1788285696000,http://www.sanantonio.gov/sapd/Calls.aspx,Green,a tbd link,26,9
09/01/26, 3:43:22,100 Jay William,78237,Other Calls,SAPD Non-Emergency Call,5140,WEST,SAPD-2026-1193310,29.4221,-98.564345,1788295402000,http://www.sanantonio.gov/sapd/Calls.aspx,Blue,a tbd link,26,9
09/01/26, 1:03:17,1000 Ne Loop 410,78209-1201,Property Crime Calls,Theft,3330,NORTH,SAPD-2026-1192585,29.515399,-98.457799,1788285797000,http://www.sanantonio.gov/sapd/Calls.aspx,Green,a tbd link,26,9
09/01/26, 3:43:55,5700 MACDONA ST,78211,Other Calls,Patrol By,6120,SOUTH,SAPD-2026-1193313,29.369766,-98.518607,1788295435000,http://www.sanantonio.gov/sapd/Calls.aspx,Blue,a tbd link,26,9
09/01/26, 1:04:56,3000 W Loop 1604 N,78251,Other Calls,Miscellaneous,5360,WEST,SAPD-2026-1192595,29.464268,-98.713703,1788285896000,http://www.sanantonio.gov/sapd/Calls.aspx,Blue,a tbd link,26,9
09/01/26, 9:40:58,2000 Guadalupe St,78207,Property Crime Calls,Theft,2330,CENTRAL,SAPD-2026-1191729,29.419103,-98.522446,1788273658000,http://www.sanantonio.gov/sapd/Calls.aspx,Green,a tbd link,26,9
09/01/26, 3:45:28,200 Sw 39th St,78237,Other Calls,Disturbance Family,5140,WEST,SAPD-2026-1193323,29.431219,-98.578351,1788295528000,http://www.sanantonio.gov/sapd/Calls.aspx,Blue,a tbd link,26,9
09/01/26, 1:03:58,14100 Silver Charm,78248,Other Calls,Disturbance,7240,PRUE,SAPD-2026-1192589,29.574893,-98.527869,1788285838000,http://www.sanantonio.gov/sapd/Calls.aspx,Blue,a tbd link,26,9
09/01/26, 9:38:19,200 Main Plaza,78205,Other Calls,Disturbance,1120,DOWNTOWN,SAPD-2026-1191713,29.423615,-98.493167,1788273499000,http://www.sanantonio.gov/sapd/Calls.aspx,Blue,a tbd link,26,9
09/01/26, 3:45:50,6200 Pecan Valley Dr,78223,Other Calls,Disturbance,4260,EAST,SAPD-2026-1193326,29.365721,-98.439757,1788295550000,http://www.sanantonio.gov/sapd/Calls.aspx,Blue,a tbd link,26,9
09/01/26, 1:04:06,13300 Kyle Seale Pkwy,78249,Traffic Calls,Accident Private Property,7350,PRUE,SAPD-2026-1192590,29.569628,-98.643221,1788285846000,http://www.sanantonio.gov/sapd/Calls.aspx,Yellow,a tbd link,26,9
09/01/26, 9:37:14,E0 US HWY 90 W OFRP NB IH 35 S,78225,Traffic Calls,Traffic Related,6110,SOUTH,SAPD-2026-1191712,29.395707,-98.512315,1788273434000,http://www.sanantonio.gov/sapd/Calls.aspx,Yellow,a tbd link,26,9
09/01/26, 3:44:47,6400 MCCULLOUGH AVE,78212,Other Calls,Patrol By,1240,DOWNTOWN,SAPD-2026-1193318,29.487527,-98.491442,1788295487000,http://www.sanantonio.gov/sapd/Calls.aspx,Blue,a tbd link,26,9
09/01/26, 1:09:32,300 KENMAR,78220,Property Crime Calls,Theft,4230,EAST,SAPD-2026-1192607,29.422513,-98.411538,1788286172000,http://www.sanantonio.gov/sapd/Calls.aspx,Green,a tbd link,26,9
09/01/26, 9:39:00,Peabody Ave / Fleming St,78211,Traffic Calls,Traffic Related,6320,SOUTH,SAPD-2026-1191719,29.364552,-98.550043,1788273540000,http://www.sanantonio.gov/sapd/Calls.aspx,Yellow,a tbd link,26,9
09/01/26, 3:48:00,Us Hwy 281 N / Bitters Rd,78232,Traffic Calls,Traffic Related,3130,NORTH,SAPD-2026-1193342,29.565135,-98.482733,1788295680000,http://www.sanantonio.gov/sapd/Calls.aspx,Yellow,a tbd link,26,9
09/01/26, 1:04:31,Ih 10 W Nb / Boerne Stage Rd,78257,Traffic Calls,Minor Accident,7260,PRUE,SAPD-2026-1192596,29.666529,-98.631453,1788285871000,http://www.sanantonio.gov/sapd/Calls.aspx,Yellow,a tbd link,26,9
09/01/26, 9:41:08,2800 Ih 35 N,78208,Crimes Against Person Calls,Shooting,4130,EAST,SAPD-2026-1191727,29.438903,-98.444139,1788273668000,http://www.sanantonio.gov/sapd/Calls.aspx,Red,a tbd link,26,9
09/01/26, 3:46:42,400 W Cypress St,78212,Crimes Against Person Calls,Lewd Conduct,1210,DOWNTOWN,SAPD-2026-1193330,29.440356,-98.49839,1788295602000,http://www.sanantonio.gov/sapd/Calls.aspx,Red,a tbd link,26,9
09/01/26, 1:05:04,Ih 10 W Nb / Dominion Dr,78257,Traffic Calls,Major Accident,7260,PRUE,SAPD-2026-1192594,29.648656,-98.622586,1788285904000,http://www.sanantonio.gov/sapd/Calls.aspx,Yellow,a tbd link,26,9
09/01/26, 9:38:39,IOWA ST / S NEW BRAUNFELS AVE,78203,Traffic Calls,Traffic Related,4120,EAST,SAPD-2026-1191714,29.412015,-98.461242,1788273519000,http://www.sanantonio.gov/sapd/Calls.aspx,Yellow,a tbd link,26,9
09/01/26, 1:10:04,2500 Minnetonka,78210,Other Calls,Information,4150,EAST,SAPD-2026-1192608,29.385651,-98.453577,1788286204000,http://www.sanantonio.gov/sapd/Calls.aspx,Blue,a tbd link,26,9
09/01/26, 9:39:38,7500-7598 Bandera Rd,78238,Traffic Calls,Major Accident,7320,PRUE,SAPD-2026-1191718,29.507496,-98.62893,1788273578000,http://www.sanantonio.gov/sapd/Calls.aspx,Yellow,a tbd link,26,9
09/01/26, 1:05:51,N0 Ih 10 W Ofrp Boerne Stage Rd,78257,Traffic Calls,Major Accident,7260,PRUE,SAPD-2026-1192597,29.652806,-98.624387,1788285951000,http://www.sanantonio.gov/sapd/Calls.aspx,Yellow,a tbd link,26,9
09/01/26, 3:50:54,7900 Ewing Halsell,78229,Traffic Calls,Traffic Related,7130,PRUE,SAPD-2026-1193354,29.512943,-98.574036,1788295854000,http://www.sanantonio.gov/sapd/Calls.aspx,Yellow,a tbd link,26,9
09/01/26, 9:39:18,800-898 SAM HOUSTON BLVD,78226,Traffic Calls,Traffic Related,6310,SOUTH,SAPD-2026-1191715,29.392778,-98.568547,1788273558000,http://www.sanantonio.gov/sapd/Calls.aspx,Yellow,a tbd link,26,9
09/01/26, 1:07:36,11900 Se Loop 410,78221,Other Calls,Miscellaneous,6250,SOUTH,SAPD-2026-1192601,29.322193,-98.486524,1788286056000,http://www.sanantonio.gov/sapd/Calls.aspx,Blue,a tbd link,26,9
09/01/26, 3:48:23,3500 Crosspoint,78217,Other Calls,Narcotic Laws,3360,NORTH,SAPD-2026-1193345,29.543595,-98.428736,1788295703000,http://www.sanantonio.gov/sapd/Calls.aspx,Blue,a tbd link,26,9
09/01/26, 9:39:23,S ALAMO ST / E MARKET ST,78205,Other Calls,Patrol By,1110,DOWNTOWN,SAPD-2026-1191716,29.422919,-98.487417,1788273563000,http://www.sanantonio.gov/sapd/Calls.aspx,Blue,a tbd link,26,9
09/01/26, 1:07:22,9000 Brigadoon,78254,Other Calls,Suspicious Person,7360,PRUE,SAPD-2026-1192602,29.526512,-98.664944,1788286042000,http://www.sanantonio.gov/sapd/Calls.aspx,Blue,a tbd link,26,9
09/01/26, 3:50:09,100 Bandera Rd,78228,Other Calls,Suspicious Person,5220,WEST,SAPD-2026-1193350,29.447257,-98.542411,1788295809000,http://www.sanantonio.gov/sapd/Calls.aspx,Blue,a tbd link,26,9
09/01/26, 9:39:23,1053-1399 HOLBROOK,78218,Other Calls,Patrol By,4350,EAST,SAPD-2026-1191717,29.492019,-98.419893,1788273563000,http://www.sanantonio.gov/sapd/Calls.aspx,Blue,a tbd link,26,9
09/01/26, 1:08:53,23200 Ih 10 W Nb,78257,Traffic Calls,Minor Accident,7260,PRUE,SAPD-2026-1192605,29.658077,-98.626346,1788286133000,http://www.sanantonio.gov/sapd/Calls.aspx,Yellow,a tbd link,26,9
09/01/26, 3:47:08,Commercial Ave / W Ansley Blvd,78221,Traffic Calls,Major Accident,6150,SOUTH,SAPD-2026-1193334,29.337116,-98.516214,1788295628000,http://www.sanantonio.gov/sapd/Calls.aspx,Yellow,a tbd link,26,9
09/01/26, 9:40:20,W0 N LOOP 1604 W OFRP IH 10 N,78249,Traffic Calls,Traffic Related,7260,PRUE,SAPD-2026-1191721,29.595419,-98.57335,1788273620000,http://www.sanantonio.gov/sapd/Calls.aspx,Yellow,a tbd link,26,9
09/01/26, 1:07:43,8000 Broadway,78209,Property Crime Calls,Criminal Mischief,3330,NORTH,SAPD-2026-1192603,29.507831,-98.466206,1788286063000,http://www.sanantonio.gov/sapd/Calls.aspx,Green,a tbd link,26,9
09/01/26, 3:47:19,6300 MEDINA BASE RD,78227,Other Calls,Patrol By,6360,SOUTH,SAPD-2026-1193335,29.368319,-98.631082,1788295639000,http://www.sanantonio.gov/sapd/Calls.aspx,Blue,a tbd link,26,9
09/01/26, 9:42:08,1800 Parhaven Dr,78232,Other Calls,Suspicious Person,3140,NORTH,SAPD-2026-1191731,29.601117,-98.465887,1788273728000,http://www.sanantonio.gov/sapd/Calls.aspx,Blue,a tbd link,26,9
09/01/26, 1:09:42,400 Millwood Ln,78216,Other Calls,Welfare Check,3320,NORTH,SAPD-2026-1192610,29.51111,-98.485831,1788286182000,http://www.sanantonio.gov/sapd/Calls.aspx,Blue,a tbd link,26,9
09/01/26, 3:53:54,5753-5799 Ih 35 S,78211,Traffic Calls,Minor Accident,6120,SOUTH,SAPD-2026-1193367,29.369613,-98.517882,1788296034000,http://www.sanantonio.gov/sapd/Calls.aspx,Yellow,a tbd link,26,9
09/01/26, 1:11:12,2300 Sw 36th St,78237,Other Calls,Disturbance,6310,SOUTH,SAPD-2026-1192611,29.405553,-98.575421,1788286272000,http://www.sanantonio.gov/sapd/Calls.aspx,Blue,a tbd link,26,9
09/01/26, 3:47:24,8600 TIMBER PATH,78250,Other Calls,Patrol By,7330,PRUE,SAPD-2026-1193336,29.481237,-98.657102,1788295644000,http://www.sanantonio.gov/sapd/Calls.aspx,Blue,a tbd link,26,9
09/01/26, 1:10:04,1900 Fredericksburg Rd,78201,Other Calls,Patrol By,5240,WEST,SAPD-2026-1192609,29.463474,-98.524932,1788286204000,http://www.sanantonio.gov/sapd/Calls.aspx,Blue,a tbd link,26,9
09/01/26, 9:40:49,900 KENDALIA AVE,78221,Other Calls,Ordinance Violation,6230,SOUTH,SAPD-2026-1191725,29.360066,-98.518178,1788273649000,http://www.sanantonio.gov/sapd/Calls.aspx,Blue,a tbd link,26,9
09/01/26, 3:47:26,1200 E CROCKETT ST,78202,Other Calls,Patrol By,4120,EAST,SAPD-2026-1193337,29.423757,-98.469646,1788295646000,http://www.sanantonio.gov/sapd/Calls.aspx,Blue,a tbd link,26,9
09/01/26, 1:12:03,1400 Sanco St,78214,Other Calls,Miscellaneous,6260,SOUTH,SAPD-2026-1192616,29.316862,-98.474393,1788286323000,http://www.sanantonio.gov/sapd/Calls.aspx,Blue,a tbd link,26,9
09/01/26, 9:44:11,12153-12197 State Hwy 151 Nb,78251,Other Calls,Disturbance,5350,WEST,SAPD-2026-1191740,29.483564,-98.709542,1788273851000,http://www.sanantonio.gov/sapd/Calls.aspx,Blue,a tbd link,26,9
09/01/26, 3:47:58,15500 NACOGDOCHES RD,78247,Other Calls,Patrol By,3260,NORTH,SAPD-2026-1193339,29.582004,-98.367219,1788295678000,http://www.sanantonio.gov/sapd/Calls.aspx,Blue,a tbd link,26,9
09/01/26, 1:11:24,2400 S Laredo St,78207,Other Calls,Injured/Sick Person,2340,CENTRAL,SAPD-2026-1192612,29.412537,-98.520808,1788286284000,http://www.sanantonio.gov/sapd/Calls.aspx,Blue,a tbd link,26,9
09/01/26, 9:41:04,16700-16898 WURZBACH PKWY EB,78216,Traffic Calls,Traffic Related,3220,NORTH,SAPD-2026-1191726,29.547091,-98.443436,1788273664000,http://www.sanantonio.gov/sapd/Calls.aspx,Yellow,a tbd link,26,9
09/01/26, 3:57:05,Yarrow Blvd / Sw Military Dr,78224,Traffic Calls,Minor Accident,6320,SOUTH,SAPD-2026-1193404,29.356633,-98.541471,1788296225000,http://www.sanantonio.gov/sapd/Calls.aspx,Yellow,a tbd link,26,9
09/01/26, 1:13:58,100 Tremlett,78210,Property Crime Calls,Theft,6220,SOUTH,SAPD-2026-1192620,29.389591,-98.480696,1788286438000,http://www.sanantonio.gov/sapd/Calls.aspx,Green,a tbd link,26,9
09/01/26, 9:42:14,7000 Ih 35 N,78218,Property Crime Calls,Burglary in Progress,4340,EAST,SAPD-2026-1191734,29.495139,-98.4,1788273734000,http://www.sanantonio.gov/sapd/Calls.aspx,Green,a tbd link,26,9
09/01/26, 3:51:33,2000 Chittim Hollow Dr,78232,Other Calls,Disturbance,3140,NORTH,SAPD-2026-1193360,29.570651,-98.459562,1788295893000,http://www.sanantonio.gov/sapd/Calls.aspx,Blue,a tbd link,26,9
09/01/26, 1:14:19,400 E Nottingham Dr,78209,Property Crime Calls,Theft,3340,NORTH,SAPD-2026-1192625,29.49955,-98.458806,1788286459000,http://www.sanantonio.gov/sapd/Calls.aspx,Green,a tbd link,26,9
09/01/26, 9:43:43,13800 Nacogdoches Rd,78217,Property Crime Calls,Burglary,3210,NORTH,SAPD-2026-1191739,29.565979,-98.387397,1788273823000,http://www.sanantonio.gov/sapd/Calls.aspx,Green,a tbd link,26,9
09/01/26, 3:49:09,5000 Prue Rd,78240,Traffic Calls,Minor Accident,7310,PRUE,SAPD-2026-1193346,29.543157,-98.583584,1788295749000,http://www.sanantonio.gov/sapd/Calls.aspx,Yellow,a tbd link,26,9
09/01/26, 1:11:47,900-998 HAMMOND AVE,78210,Other Calls,Patrol By,4150,EAST,SAPD-2026-1192614,29.399499,-98.454809,1788286307000,http://www.sanantonio.gov/sapd/Calls.aspx,Blue,a tbd link,26,9
09/01/26, 9:42:35,5101-5399 CASA BELLA ST,78249,Other Calls,Miscellaneous,7230,PRUE,SAPD-2026-1191735,29.570587,-98.590035,1788273755000,http://www.sanantonio.gov/sapd/Calls.aspx,Blue,a tbd link,26,9
09/01/26, 1:11:49,8400 STANDING ROCK DR,78242,Other Calls,Miscellaneous,6340,SOUTH,SAPD-2026-1192615,29.343661,-98.600072,1788286309000,http://www.sanantonio.gov/sapd/Calls.aspx,Blue,a tbd link,26,9
09/01/26, 9:43:12,8400-8452 N LOOP 1604 W,78249,Traffic Calls,Traffic Related,7350,PRUE,SAPD-2026-1191736,29.565514,-98.654025,1788273792000,http://www.sanantonio.gov/sapd/Calls.aspx,Yellow,a tbd link,26,9
09/01/26, 1:17:05,11300 Expo Blvd,78230,Other Calls,Information,7220,PRUE,SAPD-2026-1192636,29.545025,-98.572648,1788286625000,http://www.sanantonio.gov/sapd/Calls.aspx,Blue,a tbd link,26,9
09/01/26, 3:49:44,2600 Sw Military Dr,78224,Traffic Calls,Minor Accident,6330,SOUTH,SAPD-2026-1193349,29.356278,-98.539325,1788295784000,http://www.sanantonio.gov/sapd/Calls.aspx,Yellow,a tbd link,26,9
09/01/26, 9:49:51,3000 Arkansas Oak,78223,Other Calls,Disturbance,6280,SOUTH,SAPD-2026-1191756,29.315704,-98.43889,1788274191000,http://www.sanantonio.gov/sapd/Calls.aspx,Blue,a tbd link,26,9
09/01/26, 1:13:43,50 Dolores Ave,78228,Other Calls,Patrol By,5130,WEST,SAPD-2026-1192622,29.441099,-98.581723,1788286423000,http://www.sanantonio.gov/sapd/Calls.aspx,Blue,a tbd link,26,9
09/01/26, 3:51:19,Nw Loop 410 Eb / Vance Jackson Rd,78230,Other Calls,Welfare Check,2230,CENTRAL,SAPD-2026-1193358,29.511523,-98.535118,1788295879000,http://www.sanantonio.gov/sapd/Calls.aspx,Blue,a tbd link,26,9
09/01/26, 9:46:09,1400 W Loop 1604 N,78251,Traffic Calls,Accident Private Property,5360,WEST,SAPD-2026-1191744,29.447389,-98.710186,1788273969000,http://www.sanantonio.gov/sapd/Calls.aspx,Yellow,a tbd link,26,9
09/01/26, 1:14:28,14100 Silver Charm,78248,Other Calls,Disturbance,7240,PRUE,SAPD-2026-1192626,29.57503,-98.527785,1788286468000,http://www.sanantonio.gov/sapd/Calls.aspx,Blue,a tbd link,26,9
09/01/26, 3:51:19,2522-2560 Nw Loop 410,78213,Other Calls,Welfare Check,2230,CENTRAL,SAPD-2026-1193359,29.512273,-98.532961,1788295879000,http://www.sanantonio.gov/sapd/Calls.aspx,Blue,a tbd link,26,9
09/01/26, 9:46:55,Loop 1604 W,78256,Traffic Calls,Minor Accident,7250,PRUE,SAPD-2026-1191746,29.58887,-98.620043,1788274015000,http://www.sanantonio.gov/sapd/Calls.aspx,Yellow,a tbd link,26,9
09/01/26, 1:15:27,23200 Ih 10 W Nb,78257,Traffic Calls,Major Accident,7260,PRUE,SAPD-2026-1192628,29.658077,-98.626346,1788286527000,http://www.sanantonio.gov/sapd/Calls.aspx,Yellow,a tbd link,26,9
09/01/26, 3:54:03,8000 Midcrown Dr,78218,Traffic Calls,Minor Accident,4330,EAST,SAPD-2026-1193370,29.507467,-98.380839,1788296043000,http://www.sanantonio.gov/sapd/Calls.aspx,Yellow,a tbd link,26,9
09/01/26, 9:48:15,4900 Woodstone,78230,Other Calls,Disturbance,7230,PRUE,SAPD-2026-1191750,29.55378,-98.575892,1788274095000,http://www.sanantonio.gov/sapd/Calls.aspx,Blue,a tbd link,26,9
09/01/26, 1:13:59,1201-1249 AUSTIN HWY,78209,Traffic Calls,Traffic Related,3340,NORTH,SAPD-2026-1192619,29.487826,-98.446326,1788286439000,http://www.sanantonio.gov/sapd/Calls.aspx,Yellow,a tbd link,26,9
09/01/26, 3:55:33,600 Keats Ave,78214,Other Calls,Disturbance Neighbor,6210,SOUTH,SAPD-2026-1193381,29.376165,-98.511996,1788296133000,http://www.sanantonio.gov/sapd/Calls.aspx,Blue,a tbd link,26,9
09/01/26, 9:46:32,8400 NW MILITARY HWY,78231,Other Calls,Patrol By,7220,PRUE,SAPD-2026-1191745,29.551598,-98.532431,1788273992000,http://www.sanantonio.gov/sapd/Calls.aspx,Blue,a tbd link,26,9
09/01/26, 1:15:22,200 Roberts St,78207,Other Calls,Narcotic Laws,2360,CENTRAL,SAPD-2026-1192627,29.440383,-98.527815,1788286522000,http://www.sanantonio.gov/sapd/Calls.aspx,Blue,a tbd link,26,9
09/01/26, 3:51:07,2000 Chittim Hollow Dr,78232,Other Calls,Disturbance,3140,NORTH,SAPD-2026-1193356,29.570852,-98.459364,1788295867000,http://www.sanantonio.gov/sapd/Calls.aspx,Blue,a tbd link,26,9
09/01/26, 9:50:48,Pecan Valley Dr / Ih 10 E,78220,Property Crime Calls,Criminal Mischief In Progress,4230,EAST,SAPD-2026-1191760,29.411497,-98.432632,1788274248000,http://www.sanantonio.gov/sapd/Calls.aspx,Green,a tbd link,26,9
09/01/26, 3:50:47,4500 Tropical Dr,78218,Other Calls,Disturbance Family,4350,EAST,SAPD-2026-1193353,29.492368,-98.404661,1788295847000,http://www.sanantonio.gov/sapd/Calls.aspx,Blue,a tbd link,26,9
09/01/26, 9:47:28,LEON VISTA TRAILHEAD,78240,Other Calls,Patrol By,7310,PRUE,SAPD-2026-1191747,29.522902,-98.624617,1788274048000,http://www.sanantonio.gov/sapd/Calls.aspx,Blue,a tbd link,26,9
09/01/26, 3:52:18,Old Pearsall Rd / Sherry,78242,Traffic Calls,DWI,6340,SOUTH,SAPD-2026-1193362,29.350521,-98.60878,1788295938000,http://www.sanantonio.gov/sapd/Calls.aspx,Yellow,a tbd link,26,9
09/01/26, 1:15:49,700 W Mayfield Blvd,78211,Other Calls,Information,6130,SOUTH,SAPD-2026-1192631,29.362151,-98.535356,1788286549000,http://www.sanantonio.gov/sapd/Calls.aspx,Blue,a tbd link,26,9
09/01/26, 9:49:07,12800 Ih 10 W,78249,Crimes Against Person Calls,Holdup Alarm In Progress,7340,PRUE,SAPD-2026-1191754,29.564818,-98.592642,1788274147000,http://www.sanantonio.gov/sapd/Calls.aspx,Red,a tbd link,26,9
09/01/26, 3:50:57,25101-25209 Us Hwy 281 N Sb,78260,Traffic Calls,Traffic Related,3150,NORTH,SAPD-2026-1193355,29.67783,-98.453196,1788295857000,http://www.sanantonio.gov/sapd/Calls.aspx,Yellow,a tbd link,26,9
09/01/26, 1:16:43,800 Clark Ave,78210,Other Calls,Disturbance,4140,EAST,SAPD-2026-1192633,29.405928,-98.449267,1788286603000,http://www.sanantonio.gov/sapd/Calls.aspx,Blue,a tbd link,26,9
09/01/26, 9:47:53,8400 N LOOP 1604 W,78249,Traffic Calls,Traffic Related,7350,PRUE,SAPD-2026-1191748,29.565454,-98.65338,1788274073000,http://www.sanantonio.gov/sapd/Calls.aspx,Yellow,a tbd link,26,9
09/01/26, 3:55:06,1400 Ne Loop 410,78209,Property Crime Calls,Theft,3330,NORTH,SAPD-2026-1193378,29.5154,-98.445765,1788296106000,http://www.sanantonio.gov/sapd/Calls.aspx,Green,a tbd link,26,9
09/01/26, 1:15:30,1200 NW 18TH ST,78207,Other Calls,Patrol By,2360,CENTRAL,SAPD-2026-1192629,29.442178,-98.531497,1788286530000,http://www.sanantonio.gov/sapd/Calls.aspx,Blue,a tbd link,26,9
09/01/26, 9:53:48,700 N San Marcos,78207,Other Calls,Welfare Check,2310,CENTRAL,SAPD-2026-1191771,29.433336,-98.508866,1788274428000,http://www.sanantonio.gov/sapd/Calls.aspx,Blue,a tbd link,26,9
09/01/26, 3:50:20,LOOP 1604 W NB,78249,Traffic Calls,Traffic Related,7250,PRUE,SAPD-2026-1193351,29.588035,-98.622462,1788295820000,http://www.sanantonio.gov/sapd/Calls.aspx,Yellow,a tbd link,26,9
09/01/26, 1:19:21,1200 Mira Vista,78228,Other Calls,Welfare Check,5250,WEST,SAPD-2026-1192639,29.450125,-98.599867,1788286761000,http://www.sanantonio.gov/sapd/Calls.aspx,Blue,a tbd link,26,9
09/01/26, 9:50:16,16900-17098 WURZBACH PKWY OFRP WETMORE RD,78216,Traffic Calls,Traffic Related,3220,NORTH,SAPD-2026-1191757,29.545751,-98.438758,1788274216000,http://www.sanantonio.gov/sapd/Calls.aspx,Yellow,a tbd link,26,9
09/01/26, 3:55:12,2500 Cincinnati Ave,78228,Other Calls,Missing Person - Endangered,5220,WEST,SAPD-2026-1193377,29.452562,-98.556261,1788296112000,http://www.sanantonio.gov/sapd/Calls.aspx,Blue,a tbd link,26,9
09/01/26, 1:16:22,600 Culebra Rd,78201,Other Calls,Wanted Person,1220,DOWNTOWN,SAPD-2026-1192632,29.443979,-98.513624,1788286582000,http://www.sanantonio.gov/sapd/Calls.aspx,Blue,a tbd link,26,9
09/01/26, 9:56:43,25600 Overlook Pkwy,78260,Other Calls,Miscellaneous,3150,NORTH,SAPD-2026-1191783,29.679844,-98.456426,1788274603000,http://www.sanantonio.gov/sapd/Calls.aspx,Blue,a tbd link,26,9
09/01/26, 3:53:52,2500 Cincinnati Ave,78228,Other Calls,Missing Person/Runaway,5220,WEST,SAPD-2026-1193368,29.452562,-98.556261,1788296032000,http://www.sanantonio.gov/sapd/Calls.aspx,Blue,a tbd link,26,9
09/01/26, 1:19:11,13300 Kyle Seale Pkwy,78249,Traffic Calls,Accident Private Property,7350,PRUE,SAPD-2026-1192638,29.569628,-98.643221,1788286751000,http://www.sanantonio.gov/sapd/Calls.aspx,Yellow,a tbd link,26,9
09/01/26, 3:51:20,215-227 W NUEVA,78204,Other Calls,Patrol By,1120,DOWNTOWN,SAPD-2026-1193357,29.422871,-98.496412,1788295880000,http://www.sanantonio.gov/sapd/Calls.aspx,Blue,a tbd link,26,9
09/01/26, 1:17:22,200 TAFT BLVD,78225,Other Calls,Patrol By,6110,SOUTH,SAPD-2026-1192634,29.395141,-98.519159,1788286642000,http://www.sanantonio.gov/sapd/Calls.aspx,Blue,a tbd link,26,9
09/01/26, 3:54:13,500 Schmeltzer Ln,78213,Other Calls,Information,2220,CENTRAL,SAPD-2026-1193371,29.498109,-98.522894,1788296053000,http://www.sanantonio.gov/sapd/Calls.aspx,Blue,a tbd link,26,9
09/01/26, 9:56:40,9600 Us Hwy 90 West,78245,Other Calls,SAPD Non-Emergency Call,5340,WEST,SAPD-2026-1191784,29.388056,-98.678333,1788274600000,http://www.sanantonio.gov/sapd/Calls.aspx,Blue,a tbd link,26,9
09/01/26, 1:19:13,8900 State Hwy 151,78251,Traffic Calls,Traffic Violation,5350,WEST,SAPD-2026-1192640,29.445507,-98.664928,1788286753000,http://www.sanantonio.gov/sapd/Calls.aspx,Yellow,a tbd link,26,9
09/01/26, 3:54:29,1400 Viewridge Dr,78213,Traffic Calls,Traffic Related,3310,NORTH,SAPD-2026-1193373,29.504281,-98.515133,1788296069000,http://www.sanantonio.gov/sapd/Calls.aspx,Yellow,a tbd link,26,9
09/01/26, 9:51:34,724-798 IRA LEE RD,78218,Other Calls,Patrol By,4360,EAST,SAPD-2026-1191764,29.514801,-98.430804,1788274294000,http://www.sanantonio.gov/sapd/Calls.aspx,Blue,a tbd link,26,9
09/01/26, 1:18:18,S0 US HWY 281 N ONRP ST MARYS,78212,Traffic Calls,Traffic Related,1240,DOWNTOWN,SAPD-2026-1192635,29.452555,-98.483282,1788286698000,http://www.sanantonio.gov/sapd/Calls.aspx,Yellow,a tbd link,26,9
09/01/26, 3:55:18,5700 North Knoll,78240,Traffic Calls,Traffic Related,7160,PRUE,SAPD-2026-1193382,29.512058,-98.600619,1788296118000,http://www.sanantonio.gov/sapd/Calls.aspx,Yellow,a tbd link,26,9
09/01/26,10:01:55 AM,Prue Rd / Old Prue Rd,78250,Other Calls,Patrol By,7320,PRUE,SAPD-2026-1191809,29.544385,-98.651839,1788274915000,http://www.sanantonio.gov/sapd/Calls.aspx,Blue,a tbd link,26,9
09/01/26, 1:18:32,I0 35 N NB,78218,Traffic Calls,Traffic Related,4330,EAST,SAPD-2026-1192637,29.510817,-98.397562,1788286712000,http://www.sanantonio.gov/sapd/Calls.aspx,Yellow,a tbd link,26,9
09/01/26, 3:52:41,1300 BUENA VISTA ST,78207,Other Calls,Patrol By,2370,CENTRAL,SAPD-2026-1193363,29.425875,-98.512347,1788295961000,http://www.sanantonio.gov/sapd/Calls.aspx,Blue,a tbd link,26,9
09/01/26, 9:51:59,T RD,78247,Traffic Calls,Traffic Related,3220,NORTH,SAPD-2026-1191766,29.56206,-98.458007,1788274319000,http://www.sanantonio.gov/sapd/Calls.aspx,Yellow,a tbd link,26,9
09/01/26, 1:19:55,4400 Blanco Rd,78212,Property Crime Calls,Burglary,2210,CENTRAL,SAPD-2026-1192643,29.487333,-98.507831,1788286795000,http://www.sanantonio.gov/sapd/Calls.aspx,Green,a tbd link,26,9
09/01/26, 3:54:43,7600 Nw Loop 410,78245,Other Calls,Disturbance,5160,WEST,SAPD-2026-1193376,29.441722,-98.640076,1788296083000,http://www.sanantonio.gov/sapd/Calls.aspx,Blue,a tbd link,26,9
09/01/26, 9:52:35,LOOP 1604 W ACCESS RD,78249,Traffic Calls,Traffic Related,7350,PRUE,SAPD-2026-1191767,29.569801,-98.651232,1788274355000,http://www.sanantonio.gov/sapd/Calls.aspx,Yellow,a tbd link,26,9
09/01/26, 1:25:14,3100 West Ave,78213,Other Calls,Assist the Public,2220,CENTRAL,SAPD-2026-1192656,29.488567,-98.525979,1788287114000,http://www.sanantonio.gov/sapd/Calls.aspx,Blue,a tbd link,26,9
09/01/26, 3:53:22,I0 10 W SB,78201,Traffic Calls,Traffic Related,5230,WEST,SAPD-2026-1193365,29.484732,-98.538873,1788296002000,http://www.sanantonio.gov/sapd/Calls.aspx,Yellow,a tbd link,26,9
09/01/26, 9:55:25,1400 W Contour Dr,78212,Traffic Calls,Minor Accident,1240,DOWNTOWN,SAPD-2026-1191773,29.485533,-98.493014,1788274525000,http://www.sanantonio.gov/sapd/Calls.aspx,Yellow,a tbd link,26,9
09/01/26, 3:53:24,8300 ECHO WILLOW DR,78250,Traffic Calls,Abandoned Vehicle,7320,PRUE,SAPD-2026-1193366,29.515537,-98.643415,1788296004000,http://www.sanantonio.gov/sapd/Calls.aspx,Yellow,a tbd link,26,9
09/01/26, 9:53:57,500 CASTROVILLE RD,78237,Other Calls,Patrol By,5110,WEST,SAPD-2026-1191769,29.417946,-98.548129,1788274437000,http://www.sanantonio.gov/sapd/Calls.aspx,Blue,a tbd link,26,9
09/01/26, 3:54:39,1200 Vera Cruz St,78207,Crimes Against Person Calls,Assault In Progress,2330,CENTRAL,SAPD-2026-1193375,29.416346,-98.516611,1788296079000,http://www.sanantonio.gov/sapd/Calls.aspx,Red,a tbd link,26,9
09/01/26, 1:19:43,10200 S ZARZAMORA ST,78224,Other Calls,Miscellaneous,6160,SOUTH,SAPD-2026-1192641,29.314948,-98.532025,1788286783000,http://www.sanantonio.gov/sapd/Calls.aspx,Blue,a tbd link,26,9
09/01/26, 9:58:26,200 Cox,78223,Property Crime Calls,Criminal Mischief,6220,SOUTH,SAPD-2026-1191793,29.378984,-98.472059,1788274706000,http://www.sanantonio.gov/sapd/Calls.aspx,Green,a tbd link,26,9
09/01/26, 3:54:19,2900 E COMMERCE ST,78203,Other Calls,Patrol By,4140,EAST,SAPD-2026-1193372,29.419587,-98.444412,1788296059000,http://www.sanantonio.gov/sapd/Calls.aspx,Blue,a tbd link,26,9
09/01/26, 1:19:53,4300 CHARPAK DR,78109,Other Calls,Patrol By,4310,EAST,SAPD-2026-1192642,29.464361,-98.27578,1788286793000,http://www.sanantonio.gov/sapd/Calls.aspx,Blue,a tbd link,26,9
09/01/26, 9:56:18,8800 Adams Hill Dr,78227,Other Calls,Patrol By,5340,WEST,SAPD-2026-1191779,29.410445,-98.659513,1788274578000,http://www.sanantonio.gov/sapd/Calls.aspx,Blue,a tbd link,26,9
09/01/26, 4:00:11,2800 Broadway,78209,Other Calls,Welfare Check,1230,DOWNTOWN,SAPD-2026-1193408,29.453744,-98.472997,1788296411000,http://www.sanantonio.gov/sapd/Calls.aspx,Blue,a tbd link,26,9
09/01/26, 1:21:33,8700 Rustling Breeze,78254,Traffic Calls,Abandoned Vehicle,7320,PRUE,SAPD-2026-1192645,29.533995,-98.655548,1788286893000,http://www.sanantonio.gov/sapd/Calls.aspx,Yellow,a tbd link,26,9
09/01/26, 9:58:08,1000 Ne Loop 410,78209,Property Crime Calls,Burglary,3330,NORTH,SAPD-2026-1191790,29.51578,-98.455683,1788274688000,http://www.sanantonio.gov/sapd/Calls.aspx,Green,a tbd link,26,9
09/01/26, 3:58:57,12300 Us Hwy 281 N,78216,Other Calls,Miscellaneous,3130,NORTH,SAPD-2026-1193401,29.5521,-98.48508,1788296337000,http://www.sanantonio.gov/sapd/Calls.aspx,Blue,a tbd link,26,9
09/01/26, 1:20:59,5000 Prue Rd,78240,Property Crime Calls,Theft,7310,PRUE,SAPD-2026-1192644,29.543157,-98.583584,1788286859000,http://www.sanantonio.gov/sapd/Calls.aspx,Green,a tbd link,26,9
09/01/26, 9:57:00,13000 Jones Maltsberger Rd,78247,Property Crime Calls,Burglary Vehicle,3220,NORTH,SAPD-2026-1191785,29.559728,-98.459693,1788274620000,http://www.sanantonio.gov/sapd/Calls.aspx,Green,a tbd link,26,9
09/01/26, 3:57:56,1200 Pinn Rd,78227,Traffic Calls,Traffic Related,5150,WEST,SAPD-2026-1193395,29.422326,-98.623072,1788296276000,http://www.sanantonio.gov/sapd/Calls.aspx,Yellow,a tbd link,26,9
09/01/26, 1:21:44,8800 Adams Hill Dr,78227,Other Calls,Patrol By,5340,WEST,SAPD-2026-1192647,29.410445,-98.659513,1788286904000,http://www.sanantonio.gov/sapd/Calls.aspx,Blue,a tbd link,26,9
09/01/26, 9:55:55,UNNAMED RD FOR JOHN JAMES PARK,78234,Other Calls,Ordinance Violation,4350,EAST,SAPD-2026-1191776,29.484631,-98.417985,1788274555000,http://www.sanantonio.gov/sapd/Calls.aspx,Blue,a tbd link,26,9
09/01/26, 3:55:41,1000 VOELCKER,78231,Other Calls,Patrol By,7240,PRUE,SAPD-2026-1193379,29.563445,-98.527911,1788296141000,http://www.sanantonio.gov/sapd/Calls.aspx,Blue,a tbd link,26,9
09/01/26, 1:25:33,5800 Deer Horn Dr,78238,Crimes Against Person Calls,Assault In Progress,5270,WEST,SAPD-2026-1192657,29.477357,-98.601323,1788287133000,http://www.sanantonio.gov/sapd/Calls.aspx,Red,a tbd link,26,9
09/01/26, 3:57:14,100-199 Frelon St,78225,Traffic Calls,Minor Accident,6110,SOUTH,SAPD-2026-1193389,29.387675,-98.51357,1788296234000,http://www.sanantonio.gov/sapd/Calls.aspx,Yellow,a tbd link,26,9
09/01/26, 9:58:45,1000 S General Mcmullen,78237,Other Calls,Welfare Check,5120,WEST,SAPD-2026-1191794,29.416095,-98.555889,1788274725000,http://www.sanantonio.gov/sapd/Calls.aspx,Blue,a tbd link,26,9
09/01/26, 1:22:29,5600 UTSA BLVD,78249,Traffic Calls,Minor Accident,7250,PRUE,SAPD-2026-1192648,29.575091,-98.596652,1788286949000,http://www.sanantonio.gov/sapd/Calls.aspx,Yellow,a tbd link,26,9
09/01/26, 3:57:15,Merton Minter / Wurzbach Rd,78229,Traffic Calls,Traffic Related,7130,PRUE,SAPD-2026-1193391,29.508422,-98.580963,1788296235000,http://www.sanantonio.gov/sapd/Calls.aspx,Yellow,a tbd link,26,9
09/01/26, 9:56:24,5000-5418 US HWY 90 W EB,78227,Traffic Calls,Traffic Related,6310,SOUTH,SAPD-2026-1191778,29.407675,-98.592984,1788274584000,http://www.sanantonio.gov/sapd/Calls.aspx,Yellow,a tbd link,26,9
09/01/26, 1:24:24,2500 Broadway,78215,Property Crime Calls,Burglary in Progress,1230,DOWNTOWN,SAPD-2026-1192653,29.450211,-98.474473,1788287064000,http://www.sanantonio.gov/sapd/Calls.aspx,Green,a tbd link,26,9
09/01/26, 3:56:41,Thicket Trail Dr / Doe Crest,78248,Crimes Against Person Calls,Suspicious Vehicle,7240,PRUE,SAPD-2026-1193387,29.588695,-98.523054,1788296201000,http://www.sanantonio.gov/sapd/Calls.aspx,Red,a tbd link,26,9
09/01/26, 1:24:50,12500 Sw Loop 410,78224,Other Calls,Disturbance,6160,SOUTH,SAPD-2026-1192651,29.318742,-98.554081,1788287090000,http://www.sanantonio.gov/sapd/Calls.aspx,Blue,a tbd link,26,9
09/01/26, 3:56:09,100 CAMARON,78205,Other Calls,Patrol By,1120,DOWNTOWN,SAPD-2026-1193383,29.425464,-98.495853,1788296169000,http://www.sanantonio.gov/sapd/Calls.aspx,Blue,a tbd link,26,9
09/01/26, 1:23:32,8800 Adams Hill Dr,78227,Other Calls,Patrol By,5340,WEST,SAPD-2026-1192649,29.410445,-98.659513,1788287012000,http://www.sanantonio.gov/sapd/Calls.aspx,Blue,a tbd link,26,9
09/01/26, 3:56:20,1100 BLK CULEBRA RD,78201,Traffic Calls,Traffic Related,5210,WEST,SAPD-2026-1193384,29.44531,-98.525231,1788296180000,http://www.sanantonio.gov/sapd/Calls.aspx,Yellow,a tbd link,26,9
09/01/26, 1:24:46,3300 Gilbert Garden,78109,Property Crime Calls,Burglary,4310,EAST,SAPD-2026-1192652,29.463776,-98.269637,1788287086000,http://www.sanantonio.gov/sapd/Calls.aspx,Green,a tbd link,26,9
09/01/26, 3:58:16,7400 Louis Pasteur,78229,Other Calls,Welfare Check,7130,PRUE,SAPD-2026-1193397,29.504607,-98.571619,1788296296000,http://www.sanantonio.gov/sapd/Calls.aspx,Blue,a tbd link,26,9
09/01/26, 1:29:41,10100 San Pedro Ave,78216,Property Crime Calls,Forgery,3350,NORTH,SAPD-2026-1192689,29.532861,-98.495522,1788287381000,http://www.sanantonio.gov/sapd/Calls.aspx,Green,a tbd link,26,9
09/01/26, 3:57:28,2100 Waverly Ave,78228,Crimes Against Person Calls,Assault In Progress,5220,WEST,SAPD-2026-1193393,29.449146,-98.544866,1788296248000,http://www.sanantonio.gov/sapd/Calls.aspx,Red,a tbd link,26,9
09/01/26, 1:25:50,W Loop 1604 N Nb / Shaenfield Rd,78250,Traffic Calls,Minor Accident,7360,PRUE,SAPD-2026-1192658,29.515045,-98.694365,1788287150000,http://www.sanantonio.gov/sapd/Calls.aspx,Yellow,a tbd link,26,9
09/01/26, 3:57:18,101-299 S FRIO ST,78207,Other Calls,Miscellaneous,2370,CENTRAL,SAPD-2026-1193390,29.425387,-98.503849,1788296238000,http://www.sanantonio.gov/sapd/Calls.aspx,Blue,a tbd link,26,9
09/01/26, 1:27:44,3400 Culebra Rd,78228,Other Calls,Welfare Check,5130,WEST,SAPD-2026-1192667,29.448904,-98.567506,1788287264000,http://www.sanantonio.gov/sapd/Calls.aspx,Blue,a tbd link,26,9
09/01/26, 4:00:35,3700 New Mathis Rd,78112,Other Calls,SAPD Non-Emergency Call,NOT SAPD BEX,SAPD OUTSIDE AREA,SAPD-2026-1193415,29.179828,-98.424515,1788296435000,http://www.sanantonio.gov/sapd/Calls.aspx,Blue,a tbd link,26,9
09/01/26, 3:58:11,2000 Ackerman Rd,78219,Other Calls,Property Found,4310,EAST,SAPD-2026-1193396,29.44875,-98.380417,1788296291000,http://www.sanantonio.gov/sapd/Calls.aspx,Blue,a tbd link,26,9
09/01/26, 4:04:13,2200 Hays St,78202,Other Calls,Disturbance,4130,EAST,SAPD-2026-1193441,29.430003,-98.444515,1788296653000,http://www.sanantonio.gov/sapd/Calls.aspx,Blue,a tbd link,26,9
09/01/26, 3:58:26,6600 TEZEL RD,78250,Other Calls,Patrol By,7330,PRUE,SAPD-2026-1193398,29.495363,-98.66255,1788296306000,http://www.sanantonio.gov/sapd/Calls.aspx,Blue,a tbd link,26,9
09/01/26, 1:25:50,9400 Culebra Rd,78250,Property Crime Calls,Shoplifting In Progress,7370,PRUE,SAPD-2026-1192659,29.486389,-98.667362,1788287150000,http://www.sanantonio.gov/sapd/Calls.aspx,Green,a tbd link,26,9
09/01/26, 4:01:20,11500 Blk Ih 35 N Nb,78233,Traffic Calls,Traffic Violation,3230,NORTH,SAPD-2026-1193414,29.543836,-98.37198,1788296480000,http://www.sanantonio.gov/sapd/Calls.aspx,Yellow,a tbd link,26,9
09/01/26, 3:58:52,2100 N LOOP 1604 W WB,78258,Traffic Calls,Traffic Related,3170,NORTH,SAPD-2026-1193400,29.607769,-98.525615,1788296332000,http://www.sanantonio.gov/sapd/Calls.aspx,Yellow,a tbd link,26,9
09/01/26, 4:01:03,7900 Rugged Rdg,78254,Traffic Calls,Traffic Violation,7320,PRUE,SAPD-2026-1193412,29.519518,-98.656624,1788296463000,http://www.sanantonio.gov/sapd/Calls.aspx,Yellow,a tbd link,26,9
09/01/26, 1:34:38,10400 Stonecroft,78254,Property Crime Calls,Theft of Vehicle,7360,PRUE,SAPD-2026-1192700,29.542279,-98.665982,1788287678000,http://www.sanantonio.gov/sapd/Calls.aspx,Green,a tbd link,26,9
09/01/26, 9:56:35,E COMMERCE ST / ALAMO PLAZA,78205,Other Calls,Patrol By,1110,DOWNTOWN,SAPD-2026-1191782,29.423707,-98.487333,1788274595000,http://www.sanantonio.gov/sapd/Calls.aspx,Blue,a tbd link,26,9
09/01/26, 4:00:54,13800 O'connor Rd,78233,Crimes Against Person Calls,Suspicious Vehicle,3250,NORTH,SAPD-2026-1193411,29.567245,-98.383775,1788296454000,http://www.sanantonio.gov/sapd/Calls.aspx,Red,a tbd link,26,9
09/01/26, 1:28:15,Us Hwy 281 N Sb / Donella Dr,78232,Traffic Calls,Major Accident,3140,NORTH,SAPD-2026-1192670,29.59856,-98.471534,1788287295000,http://www.sanantonio.gov/sapd/Calls.aspx,Yellow,a tbd link,26,9
09/01/26, 9:57:12,600 INDIANOLA ST,78210,Other Calls,Patrol By,1110,DOWNTOWN,SAPD-2026-1191787,29.416777,-98.484612,1788274632000,http://www.sanantonio.gov/sapd/Calls.aspx,Blue,a tbd link,26,9
09/01/26, 4:02:20,13700 Yellow Oak Cir,78232,Other Calls,Welfare Check,3130,NORTH,SAPD-2026-1193418,29.563018,-98.460714,1788296540000,http://www.sanantonio.gov/sapd/Calls.aspx,Blue,a tbd link,26,9
09/01/26, 1:29:31,5200 Fredericksburg Rd,78229,Other Calls,Disturbance,7130,PRUE,SAPD-2026-1192678,29.503338,-98.561291,1788287371000,http://www.sanantonio.gov/sapd/Calls.aspx,Blue,a tbd link,26,9
09/01/26, 9:59:54,4800 Callaghan Rd,78228,Traffic Calls,Accident Private Property,5260,WEST,SAPD-2026-1191798,29.475849,-98.596976,1788274794000,http://www.sanantonio.gov/sapd/Calls.aspx,Yellow,a tbd link,26,9
09/01/26, 4:01:34,5800 Worth Pkwy,78257,Other Calls,Disturbance,7260,PRUE,SAPD-2026-1193416,29.612965,-98.599462,1788296494000,http://www.sanantonio.gov/sapd/Calls.aspx,Blue,a tbd link,26,9
09/01/26, 1:28:30,1822-2099 Jackson-keller Rd,78213,Traffic Calls,Major Accident,2220,CENTRAL,SAPD-2026-1192671,29.514847,-98.525725,1788287310000,http://www.sanantonio.gov/sapd/Calls.aspx,Yellow,a tbd link,26,9
09/01/26,10:00:57 AM,1900 Mccauley Blvd,78224,Crimes Against Person Calls,Suspicious Vehicle,6320,SOUTH,SAPD-2026-1191804,29.359185,-98.544599,1788274857000,http://www.sanantonio.gov/sapd/Calls.aspx,Red,a tbd link,26,9
09/01/26, 1:28:44,400 Gould St,78207,Other Calls,Disturbance Neighbor,2360,CENTRAL,SAPD-2026-1192673,29.431792,-98.531139,1788287324000,http://www.sanantonio.gov/sapd/Calls.aspx,Blue,a tbd link,26,9
09/01/26,10:01:09 AM,Ih 35 N / Eisenhauer Rd,78218,Traffic Calls,Minor Accident,4330,EAST,SAPD-2026-1191805,29.496541,-98.400021,1788274869000,http://www.sanantonio.gov/sapd/Calls.aspx,Yellow,a tbd link,26,9
09/01/26, 1:27:26,S0 Us Hy281 N Onrp Donella Dr,78232,Traffic Calls,Major Accident,3140,NORTH,SAPD-2026-1192665,29.59917,-98.47143,1788287246000,http://www.sanantonio.gov/sapd/Calls.aspx,Yellow,a tbd link,26,9
09/01/26,10:00:06 AM,Halm Blvd / Ne Loop 410,78216,Traffic Calls,Minor Accident,3330,NORTH,SAPD-2026-1191800,29.51915,-98.475191,1788274806000,http://www.sanantonio.gov/sapd/Calls.aspx,Yellow,a tbd link,26,9
09/01/26, 1:27:49,S0 Us Hy281 N Onrp Donella Dr,78232,Traffic Calls,Major Accident,3140,NORTH,SAPD-2026-1192668,29.599878,-98.471268,1788287269000,http://www.sanantonio.gov/sapd/Calls.aspx,Yellow,a tbd link,26,9
09/01/26,10:00:48 AM,200 E Park Ave,78212,Other Calls,Assist the Public,1210,DOWNTOWN,SAPD-2026-1191802,29.443876,-98.492732,1788274848000,http://www.sanantonio.gov/sapd/Calls.aspx,Blue,a tbd link,26,9
09/01/26,10:01:32 AM,Towers Park Ln,78209,Property Crime Calls,Theft,3340,NORTH,SAPD-2026-1191807,29.46375,-98.44621,1788274892000,http://www.sanantonio.gov/sapd/Calls.aspx,Green,a tbd link,26,9
09/01/26, 1:29:40,300 Sandalwood,78216,Crimes Against Person Calls,Assault In Progress,3320,NORTH,SAPD-2026-1192679,29.509356,-98.488707,1788287380000,http://www.sanantonio.gov/sapd/Calls.aspx,Red,a tbd link,26,9
09/01/26,10:00:27 AM,3000 Pitluk Ave,78211,Other Calls,Disturbance,6330,SOUTH,SAPD-2026-1191801,29.352885,-98.555628,1788274827000,http://www.sanantonio.gov/sapd/Calls.aspx,Blue,a tbd link,26,9
09/01/26, 4:03:36,2600 Austin Hwy,78218,Traffic Calls,Minor Accident,4360,EAST,SAPD-2026-1193429,29.51052,-98.407442,1788296616000,http://www.sanantonio.gov/sapd/Calls.aspx,Yellow,a tbd link,26,9
09/01/26, 1:30:18,4100 Wild Oak Dr,78219,Traffic Calls,Traffic Violation,4310,EAST,SAPD-2026-1192682,29.435042,-98.415826,1788287418000,http://www.sanantonio.gov/sapd/Calls.aspx,Yellow,a tbd link,26,9
09/01/26, 9:59:33,300-398 S ALAMO ST,78205,Other Calls,Patrol By,1110,DOWNTOWN,SAPD-2026-1191797,29.421627,-98.487722,1788274773000,http://www.sanantonio.gov/sapd/Calls.aspx,Blue,a tbd link,26,9
09/01/26, 4:03:20,Utopia Ln / Jaylee Dr,78223,Other Calls,Welfare Check,6240,SOUTH,SAPD-2026-1193426,29.359444,-98.441001,1788296600000,http://www.sanantonio.gov/sapd/Calls.aspx,Blue,a tbd link,26,9
09/01/26, 1:31:44,West Ave / Jackson-keller Rd,78213,Traffic Calls,Minor Accident,2220,CENTRAL,SAPD-2026-1192686,29.514993,-98.525944,1788287504000,http://www.sanantonio.gov/sapd/Calls.aspx,Yellow,a tbd link,26,9
09/01/26,10:00:49 AM,1400 Blk N River Walk,78215,Other Calls,Patrol By,1130,DOWNTOWN,SAPD-2026-1191803,29.435956,-98.481205,1788274849000,http://www.sanantonio.gov/sapd/Calls.aspx,Blue,a tbd link,26,9
09/01/26, 4:05:07,5900 W Commerce St,78237,Traffic Calls,Accident Private Property,5130,WEST,SAPD-2026-1193440,29.433654,-98.5773,1788296707000,http://www.sanantonio.gov/sapd/Calls.aspx,Yellow,a tbd link,26,9
09/01/26, 1:32:08,300 Violeta Place,78207,Other Calls,Disturbance,2370,CENTRAL,SAPD-2026-1192690,29.421802,-98.512404,1788287528000,http://www.sanantonio.gov/sapd/Calls.aspx,Blue,a tbd link,26,9
09/01/26,10:03:35 AM,300 S Flores St,78204,Property Crime Calls,Theft of Vehicle,1120,DOWNTOWN,SAPD-2026-1191813,29.421384,-98.495481,1788275015000,http://www.sanantonio.gov/sapd/Calls.aspx,Green,a tbd link,26,9
09/01/26, 4:04:23,4300 Callaghan Rd,78228,Other Calls,Disturbance,5270,WEST,SAPD-2026-1193437,29.466604,-98.602208,1788296663000,http://www.sanantonio.gov/sapd/Calls.aspx,Blue,a tbd link,26,9
09/01/26,10:05:01 AM,Ih 10 W / Huebner Oaks,78230,Property Crime Calls,Panhandler,7230,PRUE,SAPD-2026-1191818,29.547564,-98.582677,1788275101000,http://www.sanantonio.gov/sapd/Calls.aspx,Green,a tbd link,26,9
09/01/26, 4:01:40,13200 BLANCO RD,78231,Other Calls,Patrol By,7240,PRUE,SAPD-2026-1193417,29.56161,-98.521675,1788296500000,http://www.sanantonio.gov/sapd/Calls.aspx,Blue,a tbd link,26,9
09/01/26,10:06:03 AM,500 N General Mcmullen,78228,Other Calls,Injured/Sick Person,5130,WEST,SAPD-2026-1191820,29.440108,-98.553089,1788275163000,http://www.sanantonio.gov/sapd/Calls.aspx,Blue,a tbd link,26,9
09/01/26, 4:02:34,5000 Prue Rd,78240,Property Crime Calls,Theft,7310,PRUE,SAPD-2026-1193420,29.543157,-98.583584,1788296554000,http://www.sanantonio.gov/sapd/Calls.aspx,Green,a tbd link,26,9
09/01/26,10:05:02 AM,Tejeda / S Loop 1604 E,78264,Traffic Calls,Officer Traffic Stop,NOT SAPD BEX,SAPD OUTSIDE AREA,SAPD-2026-1191817,29.215819,-98.495891,1788275102000,http://www.sanantonio.gov/sapd/Calls.aspx,Yellow,a tbd link,26,9
09/01/26, 1:33:34,N0 LOOP 410,78219,Traffic Calls,Minor Accident,4310,EAST,SAPD-2026-1192696,29.453413,-98.411658,1788287614000,http://www.sanantonio.gov/sapd/Calls.aspx,Yellow,a tbd link,26,9
09/01/26, 4:03:31,300 CUPPLES RD,78237,Crimes Against Person Calls,Assault In Progress,2350,CENTRAL,SAPD-2026-1193430,29.413823,-98.547159,1788296611000,http://www.sanantonio.gov/sapd/Calls.aspx,Red,a tbd link,26,9
09/01/26,10:07:38 AM,500 Nw Loop 410,78216,Traffic Calls,Minor Accident,3320,NORTH,SAPD-2026-1191825,29.520159,-98.503065,1788275258000,http://www.sanantonio.gov/sapd/Calls.aspx,Yellow,a tbd link,26,9
09/01/26, 1:38:05,14400 Jones Maltsberger Rd,78247,Other Calls,Miscellaneous,3220,NORTH,SAPD-2026-1192713,29.573049,-98.446182,1788287885000,http://www.sanantonio.gov/sapd/Calls.aspx,Blue,a tbd link,26,9
09/01/26, 4:06:14,5200 Fredericksburg Rd,78229,Other Calls,Disturbance,7130,PRUE,SAPD-2026-1193448,29.503957,-98.561764,1788296774000,http://www.sanantonio.gov/sapd/Calls.aspx,Blue,a tbd link,26,9
09/01/26,10:08:35 AM,6400 Baywater Dr,78229,Traffic Calls,Major Accident,7140,PRUE,SAPD-2026-1191831,29.490944,-98.579654,1788275315000,http://www.sanantonio.gov/sapd/Calls.aspx,Yellow,a tbd link,26,9
09/01/26, 1:30:33,2300 Nw Military Hwy,78231,Traffic Calls,Minor Accident,3110,NORTH,SAPD-2026-1192683,29.544743,-98.529341,1788287433000,http://www.sanantonio.gov/sapd/Calls.aspx,Yellow,a tbd link,26,9
09/01/26, 4:02:54,300 Cupples Rd,78237,Crimes Against Person Calls,Fight,2350,CENTRAL,SAPD-2026-1193423,29.414444,-98.547083,1788296574000,http://www.sanantonio.gov/sapd/Calls.aspx,Red,a tbd link,26,9
09/01/26,10:06:19 AM,300 E TRAVIS ST,78205,Other Calls,Patrol By,1130,DOWNTOWN,SAPD-2026-1191822,29.427977,-98.489275,1788275179000,http://www.sanantonio.gov/sapd/Calls.aspx,Blue,a tbd link,26,9
09/01/26, 1:29:16,N Loop 1604 E / Nb Us Hwy 281 N Ofrp Eb N Loop 1604 E,78232,Other Calls,SAPD Emergency Call,3140,NORTH,SAPD-2026-1192676,29.608353,-98.467004,1788287356000,http://www.sanantonio.gov/sapd/Calls.aspx,Blue,a tbd link,26,9
09/01/26, 4:03:10,5000 Wiseman Blvd,78251,Traffic Calls,Major Accident,5360,WEST,SAPD-2026-1193424,29.464297,-98.707414,1788296590000,http://www.sanantonio.gov/sapd/Calls.aspx,Yellow,a tbd link,26,9
09/01/26,10:08:25 AM,7800 Marbach Rd,78227,Property Crime Calls,Theft In Progress,5170,WEST,SAPD-2026-1191828,29.417807,-98.642884,1788275305000,http://www.sanantonio.gov/sapd/Calls.aspx,Green,a tbd link,26,9
09/01/26, 1:29:18,1917-1999 OAK MOUNTAIN,78232,Traffic Calls,Traffic Related,3140,NORTH,SAPD-2026-1192677,29.575556,-98.463733,1788287358000,http://www.sanantonio.gov/sapd/Calls.aspx,Yellow,a tbd link,26,9
09/01/26, 4:02:27,LOOP 1604 W ONRP NW MILITARY HWY,78231,Traffic Calls,Traffic Related,7260,PRUE,SAPD-2026-1193419,29.601991,-98.540618,1788296547000,http://www.sanantonio.gov/sapd/Calls.aspx,Yellow,a tbd link,26,9
09/01/26, 1:34:04,5500 Ih 10 E,78219,Traffic Calls,Minor Accident,4310,EAST,SAPD-2026-1192698,29.438732,-98.382574,1788287644000,http://www.sanantonio.gov/sapd/Calls.aspx,Yellow,a tbd link,26,9
09/01/26, 4:05:32,2600 Ne Loop 410,78218,Traffic Calls,Minor Accident,4360,EAST,SAPD-2026-1193442,29.515288,-98.41135,1788296732000,http://www.sanantonio.gov/sapd/Calls.aspx,Yellow,a tbd link,26,9
09/01/26, 1:32:38,9900 Fredericksburg Rd,78240,Property Crime Calls,Theft,7150,PRUE,SAPD-2026-1192695,29.535139,-98.5775,1788287558000,http://www.sanantonio.gov/sapd/Calls.aspx,Green,a tbd link,26,9
09/01/26,10:08:30 AM,Nw Loop 410 Wb / Culebra Rd,78245,Traffic Calls,Traffic Related,5310,WEST,SAPD-2026-1191829,29.453139,-98.630139,1788275310000,http://www.sanantonio.gov/sapd/Calls.aspx,Yellow,a tbd link,26,9
09/01/26, 4:03:20,9200 Cinnamon Hill,78240,Crimes Against Person Calls,Assault In Progress,7150,PRUE,SAPD-2026-1193427,29.5288,-98.582653,1788296600000,http://www.sanantonio.gov/sapd/Calls.aspx,Red,a tbd link,26,9
09/01/26, 1:32:12,3100 Roselawn,78226,Other Calls,Suspicious Person,6310,SOUTH,SAPD-2026-1192691,29.390792,-98.556839,1788287532000,http://www.sanantonio.gov/sapd/Calls.aspx,Blue,a tbd link,26,9
09/01/26,10:10:18 AM,Ih 35 N / Eisenhauer Rd,78218,Traffic Calls,Minor Accident,4330,EAST,SAPD-2026-1191834,29.496541,-98.400021,1788275418000,http://www.sanantonio.gov/sapd/Calls.aspx,Yellow,a tbd link,26,9
09/01/26, 4:04:10,2200 Pinn Rd,78227,Other Calls,Assist the Public,5150,WEST,SAPD-2026-1193433,29.408788,-98.624051,1788296650000,http://www.sanantonio.gov/sapd/Calls.aspx,Blue,a tbd link,26,9
09/01/26, 1:35:57,200 W Sunset Rd,78209,Property Crime Calls,Burglary,3330,NORTH,SAPD-2026-1192706,29.505955,-98.468725,1788287757000,http://www.sanantonio.gov/sapd/Calls.aspx,Green,a tbd link,26,9
09/01/26,10:07:28 AM,9101-9299 STATE HWY 151,78251,Traffic Calls,Traffic Related,5350,WEST,SAPD-2026-1191824,29.44634,-98.668158,1788275248000,http://www.sanantonio.gov/sapd/Calls.aspx,Yellow,a tbd link,26,9
09/01/26, 4:02:52,4601-4999 Wiseman Blvd,78251,Traffic Calls,Major Accident,5360,WEST,SAPD-2026-1193422,29.465779,-98.707081,1788296572000,http://www.sanantonio.gov/sapd/Calls.aspx,Yellow,a tbd link,26,9
09/01/26, 1:33:43,3700 Blanco Rd,78212,Other Calls,Disturbance,2220,CENTRAL,SAPD-2026-1192697,29.480673,-98.507849,1788287623000,http://www.sanantonio.gov/sapd/Calls.aspx,Blue,a tbd link,26,9
09/01/26,10:12:11 AM,3200 Ivory Crk,78258,Traffic Calls,Accident Private Property,3170,NORTH,SAPD-2026-1191843,29.606363,-98.548032,1788275531000,http://www.sanantonio.gov/sapd/Calls.aspx,Yellow,a tbd link,26,9
09/01/26, 4:04:35,N Santa Rosa / W Travis St,78207,Traffic Calls,Traffic Violation,1120,DOWNTOWN,SAPD-2026-1193439,29.427454,-98.497829,1788296675000,http://www.sanantonio.gov/sapd/Calls.aspx,Yellow,a tbd link,26,9
09/01/26, 1:32:56,Redland Rd / Jones Maltsberger Rd,78247,Traffic Calls,Traffic Related,3140,NORTH,SAPD-2026-1192693,29.594912,-98.435375,1788287576000,http://www.sanantonio.gov/sapd/Calls.aspx,Yellow,a tbd link,26,9
09/01/26,10:13:37 AM,4801-4999 Us Hwy 281 N Sb,78212,Traffic Calls,Traffic Related,1240,DOWNTOWN,SAPD-2026-1191847,29.475407,-98.480397,1788275617000,http://www.sanantonio.gov/sapd/Calls.aspx,Yellow,a tbd link,26,9
09/01/26, 4:06:22,N0 Loop 410 Sb,78219,Traffic Calls,Traffic Related,4310,EAST,SAPD-2026-1193446,29.453142,-98.405664,1788296782000,http://www.sanantonio.gov/sapd/Calls.aspx,Yellow,a tbd link,26,9
09/01/26, 1:32:00,6100 QUIET NIGHT LN,78109,Other Calls,Patrol By,4310,EAST,SAPD-2026-1192688,29.485993,-98.289185,1788287520000,http://www.sanantonio.gov/sapd/Calls.aspx,Blue,a tbd link,26,9
09/01/26,10:12:12 AM,16200 Us Hwy 281 N,,Other Calls,Miscellaneous,3140,NORTH,SAPD-2026-1191842,29.588125,-98.471619,1788275532000,http://www.sanantonio.gov/sapd/Calls.aspx,Blue,a tbd link,26,9
09/01/26, 1:34:29,16200 Bear Run,78247,Other Calls,Miscellaneous,3260,NORTH,SAPD-2026-1192699,29.589825,-98.368247,1788287669000,http://www.sanantonio.gov/sapd/Calls.aspx,Blue,a tbd link,26,9
09/01/26,10:09:35 AM,9600 BANDERA RD,78240,Other Calls,Miscellaneous,7320,PRUE,SAPD-2026-1191833,29.534239,-98.642664,1788275375000,http://www.sanantonio.gov/sapd/Calls.aspx,Blue,a tbd link,26,9
09/01/26, 1:32:52,W Loop 1604 N Sb / Shaenfield Rd,78254,Traffic Calls,Major Accident,7360,PRUE,SAPD-2026-1192692,29.515188,-98.69473,1788287572000,http://www.sanantonio.gov/sapd/Calls.aspx,Yellow,a tbd link,26,9
09/01/26, 4:07:05,9800 Potranco Rd,78251,Property Crime Calls,Theft of Vehicle,5360,WEST,SAPD-2026-1193451,29.437055,-98.683053,1788296825000,http://www.sanantonio.gov/sapd/Calls.aspx,Green,a tbd link,26,9
09/01/26,10:11:26 AM,3200 NORTHWESTERN DR,78238,Other Calls,Miscellaneous,5310,WEST,SAPD-2026-1191841,29.465062,-98.625172,1788275486000,http://www.sanantonio.gov/sapd/Calls.aspx,Blue,a tbd link,26,9
09/01/26, 1:34:58,1000 San Fernando St,78207,Other Calls,Miscellaneous,2370,CENTRAL,SAPD-2026-1192704,29.420239,-98.511385,1788287698000,http://www.sanantonio.gov/sapd/Calls.aspx,Blue,a tbd link,26,9
09/01/26, 4:05:59,13900 Higgins Rd,78217,Other Calls,Information,3240,NORTH,SAPD-2026-1193443,29.568014,-98.395338,1788296759000,http://www.sanantonio.gov/sapd/Calls.aspx,Blue,a tbd link,26,9
09/01/26,10:13:48 AM,400 Como Ave,78220,Traffic Calls,Abandoned Vehicle,4160,EAST,SAPD-2026-1191849,29.418652,-98.436079,1788275628000,http://www.sanantonio.gov/sapd/Calls.aspx,Yellow,a tbd link,26,9
09/01/26, 1:34:32,6800 San Pedro Ave,78216-7201,Other Calls,Welfare Check,3310,NORTH,SAPD-2026-1192708,29.502367,-98.498912,1788287672000,http://www.sanantonio.gov/sapd/Calls.aspx,Blue,a tbd link,26,9
09/01/26, 4:04:07,8300 EXBOURNE DR,78250,Traffic Calls,Abandoned Vehicle,7320,PRUE,SAPD-2026-1193432,29.517193,-98.644514,1788296647000,http://www.sanantonio.gov/sapd/Calls.aspx,Yellow,a tbd link,26,9
09/01/26,10:13:35 AM,800 Rivas St,78207,Other Calls,Disturbance Family,2320,CENTRAL,SAPD-2026-1191846,29.439042,-98.519106,1788275615000,http://www.sanantonio.gov/sapd/Calls.aspx,Blue,a tbd link,26,9
09/01/26, 1:36:19,8900 Brigadoon,78254,Other Calls,Disturbance,7360,PRUE,SAPD-2026-1192711,29.525387,-98.665674,1788287779000,http://www.sanantonio.gov/sapd/Calls.aspx,Blue,a tbd link,26,9
09/01/26, 4:04:51,14901-15199 Us Hwy 281 N Sb,78232,Traffic Calls,Traffic Violation,3130,NORTH,SAPD-2026-1193438,29.578882,-98.477475,1788296691000,http://www.sanantonio.gov/sapd/Calls.aspx,Yellow,a tbd link,26,9
09/01/26,10:13:52 AM,5000 Nw Loop 410,78229,Traffic Calls,Minor Accident,7140,PRUE,SAPD-2026-1191850,29.487209,-98.587784,1788275632000,http://www.sanantonio.gov/sapd/Calls.aspx,Yellow,a tbd link,26,9
09/01/26, 1:38:32,1100 W Russell Place,78201,Other Calls,Disturbance,1220,DOWNTOWN,SAPD-2026-1192718,29.451038,-98.507945,1788287912000,http://www.sanantonio.gov/sapd/Calls.aspx,Blue,a tbd link,26,9
09/01/26, 4:06:20,8300 Prickly Oak,78223,Other Calls,Assist the Public,4260,EAST,SAPD-2026-1193445,29.343429,-98.416309,1788296780000,http://www.sanantonio.gov/sapd/Calls.aspx,Blue,a tbd link,26,9
09/01/26,10:13:54 AM,700 W Mayfield Blvd,78211,Other Calls,Information,6130,SOUTH,SAPD-2026-1191852,29.362151,-98.535356,1788275634000,http://www.sanantonio.gov/sapd/Calls.aspx,Blue,a tbd link,26,9
09/01/26, 1:38:36,6000 Montgomery Dr,78239,Property Crime Calls,Theft,4330,EAST,SAPD-2026-1192716,29.509144,-98.369869,1788287916000,http://www.sanantonio.gov/sapd/Calls.aspx,Green,a tbd link,26,9
09/01/26, 4:04:26,7600 MILITARY DR W,78227,Other Calls,Ordinance Violation,5170,WEST,SAPD-2026-1193434,29.419864,-98.629644,1788296666000,http://www.sanantonio.gov/sapd/Calls.aspx,Blue,a tbd link,26,9
09/01/26, 1:39:17,20100 Stone Oak Pkwy,78258,Traffic Calls,Minor Accident,3160,NORTH,SAPD-2026-1192722,29.642955,-98.482181,1788287957000,http://www.sanantonio.gov/sapd/Calls.aspx,Yellow,a tbd link,26,9
09/01/26, 4:04:26,I0 10 W NB,78230,Traffic Calls,Traffic Related,7210,PRUE,SAPD-2026-1193435,29.512157,-98.552434,1788296666000,http://www.sanantonio.gov/sapd/Calls.aspx,Yellow,a tbd link,26,9
09/01/26, 1:37:09,9200 Valley Dale,78250,Traffic Calls,Abandoned Vehicle,7370,PRUE,SAPD-2026-1192712,29.49718,-98.68021,1788287829000,http://www.sanantonio.gov/sapd/Calls.aspx,Yellow,a tbd link,26,9
09/01/26,10:12:53 AM,3000 Pitluk Ave,78211,Other Calls,Disturbance,6330,SOUTH,SAPD-2026-1191845,29.352885,-98.555628,1788275573000,http://www.sanantonio.gov/sapd/Calls.aspx,Blue,a tbd link,26,9
09/01/26, 4:06:45,6900 S Flores St,78221,Traffic Calls,Traffic Violation,6250,SOUTH,SAPD-2026-1193450,29.350411,-98.488904,1788296805000,http://www.sanantonio.gov/sapd/Calls.aspx,Yellow,a tbd link,26,9
09/01/26, 1:38:41,1500 W Rosewood Ave,78201,Other Calls,Property Found,5240,WEST,SAPD-2026-1192717,29.464096,-98.522095,1788287921000,http://www.sanantonio.gov/sapd/Calls.aspx,Blue,a tbd link,26,9
09/01/26,10:18:39 AM,5500 Brewster,78233,Traffic Calls,Minor Accident,3230,NORTH,SAPD-2026-1191875,29.54075,-98.380982,1788275919000,http://www.sanantonio.gov/sapd/Calls.aspx,Yellow,a tbd link,26,9
09/01/26, 4:12:16,W Loop 1604 S / Us Hwy 90 W,78245,Traffic Calls,Minor Accident,5340,WEST,SAPD-2026-1193464,29.38006,-98.700698,1788297136000,http://www.sanantonio.gov/sapd/Calls.aspx,Yellow,a tbd link,26,9
09/01/26, 1:36:51,7700 Calle Coyote,78235,Property Crime Calls,Burglary Vehicle,6270,SOUTH,SAPD-2026-1192710,29.348995,-98.444669,1788287811000,http://www.sanantonio.gov/sapd/Calls.aspx,Green,a tbd link,26,9
09/01/26,10:15:26 AM,Kensington Ave / Cincinnati Ave,78201,Traffic Calls,Minor Accident,1220,DOWNTOWN,SAPD-2026-1191858,29.448584,-98.514643,1788275726000,http://www.sanantonio.gov/sapd/Calls.aspx,Yellow,a tbd link,26,9
09/01/26, 4:08:35,8800 Huebner Rd,78240,Traffic Calls,Minor Accident,7160,PRUE,SAPD-2026-1193456,29.523744,-98.599866,1788296915000,http://www.sanantonio.gov/sapd/Calls.aspx,Yellow,a tbd link,26,9
09/01/26, 1:38:51,400 N HACKBERRY ST,78202,Other Calls,Miscellaneous,4110,EAST,SAPD-2026-1192719,29.424321,-98.473251,1788287931000,http://www.sanantonio.gov/sapd/Calls.aspx,Blue,a tbd link,26,9
09/01/26,10:16:51 AM,1200 Horal Dr,78245,Crimes Against Person Calls,Threats,5330,WEST,SAPD-2026-1191870,29.423362,-98.654558,1788275811000,http://www.sanantonio.gov/sapd/Calls.aspx,Red,a tbd link,26,9
09/01/26, 4:09:01,5700 Errol Flynn Dr,78240,Other Calls,Welfare Check,7160,PRUE,SAPD-2026-1193457,29.502576,-98.600038,1788296941000,http://www.sanantonio.gov/sapd/Calls.aspx,Blue,a tbd link,26,9
09/01/26, 1:40:19,1300 Gardina St,78201,Other Calls,Narcotic Laws,5230,WEST,SAPD-2026-1192725,29.479509,-98.53591,1788288019000,http://www.sanantonio.gov/sapd/Calls.aspx,Blue,a tbd link,26,9
09/01/26,10:15:46 AM,300 N Frio St,78207,Traffic Calls,Accident Private Property,2310,CENTRAL,SAPD-2026-1191861,29.428311,-98.50399,1788275746000,http://www.sanantonio.gov/sapd/Calls.aspx,Yellow,a tbd link,26,9
09/01/26, 4:11:52,15000 Vance Jackson Rd,78249,Other Calls,Miscellaneous,7230,PRUE,SAPD-2026-1193463,29.585919,-98.586436,1788297112000,http://www.sanantonio.gov/sapd/Calls.aspx,Blue,a tbd link,26,9
09/01/26, 1:49:16,8200 Inner Circle Dr,78235,Other Calls,Welfare Check,6270,SOUTH,SAPD-2026-1192760,29.339797,-98.445456,1788288556000,http://www.sanantonio.gov/sapd/Calls.aspx,Blue,a tbd link,26,9
09/01/26,10:18:50 AM,900 S Ww White Rd,78220,Other Calls,Disturbance,4240,EAST,SAPD-2026-1191876,29.415913,-98.405549,1788275930000,http://www.sanantonio.gov/sapd/Calls.aspx,Blue,a tbd link,26,9
09/01/26, 1:39:31,3301-3329 S WW WHITE RD,78222,Other Calls,Miscellaneous,4260,EAST,SAPD-2026-1192723,29.370969,-98.404465,1788287971000,http://www.sanantonio.gov/sapd/Calls.aspx,Blue,a tbd link,26,9
09/01/26,10:15:36 AM,4900 Whirlwind Dr,78217,Other Calls,Disturbance,3230,NORTH,SAPD-2026-1191860,29.529709,-98.393889,1788275736000,http://www.sanantonio.gov/sapd/Calls.aspx,Blue,a tbd link,26,9
09/01/26, 1:41:03,Hickman St / N Flores St,78212,Other Calls,Suspicious Person,1220,DOWNTOWN,SAPD-2026-1192727,29.446361,-98.503824,1788288063000,http://www.sanantonio.gov/sapd/Calls.aspx,Blue,a tbd link,26,9
09/01/26, 4:06:28,11022-11043 Potranco Rd,78251,Traffic Calls,Minor Accident,5360,WEST,SAPD-2026-1193447,29.435644,-98.709028,1788296788000,http://www.sanantonio.gov/sapd/Calls.aspx,Yellow,a tbd link,26,9
09/01/26,10:17:03 AM,9500 Kentfield,78221,Other Calls,Welfare Check,6250,SOUTH,SAPD-2026-1191872,29.325209,-98.485491,1788275823000,http://www.sanantonio.gov/sapd/Calls.aspx,Blue,a tbd link,26,9
09/01/26, 1:42:41,8500 Ih 35 S,78211,Property Crime Calls,Theft of Vehicle,6140,SOUTH,SAPD-2026-1192733,29.338979,-98.554944,1788288161000,http://www.sanantonio.gov/sapd/Calls.aspx,Green,a tbd link,26,9
09/01/26, 4:08:12,5800 Hemphill St,78228,Crimes Against Person Calls,Fight,5250,WEST,SAPD-2026-1193454,29.456139,-98.600579,1788296892000,http://www.sanantonio.gov/sapd/Calls.aspx,Red,a tbd link,26,9
09/01/26,10:16:01 AM,5700 Hawaiian Sun Dr,78244,Property Crime Calls,Theft,4320,EAST,SAPD-2026-1191862,29.467099,-98.37551,1788275761000,http://www.sanantonio.gov/sapd/Calls.aspx,Green,a tbd link,26,9
09/01/26, 1:42:17,5600 Canaan Cross,78247,Traffic Calls,Abandoned Vehicle,3260,NORTH,SAPD-2026-1192731,29.598528,-98.388909,1788288137000,http://www.sanantonio.gov/sapd/Calls.aspx,Yellow,a tbd link,26,9
09/01/26, 4:10:21,Burr Rd / N New Braunfels Ave,78209,Other Calls,Welfare Check,1230,DOWNTOWN,SAPD-2026-1193461,29.468213,-98.460683,1788297021000,http://www.sanantonio.gov/sapd/Calls.aspx,Blue,a tbd link,26,9
09/01/26,10:15:05 AM,LOOP 1604 W EB,78249,Traffic Calls,Traffic Related,7230,PRUE,SAPD-2026-1191857,29.591314,-98.593911,1788275705000,http://www.sanantonio.gov/sapd/Calls.aspx,Yellow,a tbd link,26,9
09/01/26, 1:42:48,10000 Wurzbach Rd,78230,Property Crime Calls,Theft,7210,PRUE,SAPD-2026-1192734,29.532542,-98.560753,1788288168000,http://www.sanantonio.gov/sapd/Calls.aspx,Green,a tbd link,26,9
09/01/26, 4:08:32,LOOP 1604 W SB,78249,Traffic Calls,Traffic Related,7250,PRUE,SAPD-2026-1193455,29.587228,-98.631573,1788296912000,http://www.sanantonio.gov/sapd/Calls.aspx,Yellow,a tbd link,26,9
09/01/26,10:16:08 AM,2100 JUPITER ST,78226,Traffic Calls,Abandoned Vehicle,6310,SOUTH,SAPD-2026-1191864,29.392354,-98.539464,1788275768000,http://www.sanantonio.gov/sapd/Calls.aspx,Yellow,a tbd link,26,9
09/01/26, 1:40:09,14701-14799 HENDERSON PASS,78232,Traffic Calls,Traffic Related,3140,NORTH,SAPD-2026-1192724,29.576607,-98.460551,1788288009000,http://www.sanantonio.gov/sapd/Calls.aspx,Yellow,a tbd link,26,9
09/01/26, 4:11:25,1200 S Hackberry St,78210,Other Calls,Disturbance,4120,EAST,SAPD-2026-1193462,29.405269,-98.473244,1788297085000,http://www.sanantonio.gov/sapd/Calls.aspx,Blue,a tbd link,26,9
09/01/26,10:16:31 AM,12900 CLUB HOUSE BLVD,78221,Other Calls,CRT Follow Up,6260,SOUTH,SAPD-2026-1191865,29.298096,-98.475167,1788275791000,http://www.sanantonio.gov/sapd/Calls.aspx,Blue,a tbd link,26,9
09/01/26, 1:41:33,N Loop 1604 E Wb / Gold Canyon Rd,78232,Traffic Calls,Minor Accident,3150,NORTH,SAPD-2026-1192729,29.606214,-98.457533,1788288093000,http://www.sanantonio.gov/sapd/Calls.aspx,Yellow,a tbd link,26,9
09/01/26, 4:12:38,14300 Babcock Rd,78249,Other Calls,Welfare Check,7250,PRUE,SAPD-2026-1193468,29.578889,-98.632222,1788297158000,http://www.sanantonio.gov/sapd/Calls.aspx,Blue,a tbd link,26,9
09/01/26, 1:48:58,5900 Kim Valley Dr,78242,Property Crime Calls,Theft,6350,SOUTH,SAPD-2026-1192754,29.348752,-98.613787,1788288538000,http://www.sanantonio.gov/sapd/Calls.aspx,Green,a tbd link,26,9
09/01/26, 4:12:24,11400 Vance Jackson,78230,Other Calls,Disturbance,7220,PRUE,SAPD-2026-1193473,29.546797,-98.563481,1788297144000,http://www.sanantonio.gov/sapd/Calls.aspx,Blue,a tbd link,26,9
09/01/26, 1:42:52,U0 Hwy 281 N Onrp Encino Rio,78258,Traffic Calls,Traffic Related,3160,NORTH,SAPD-2026-1192735,29.631945,-98.459416,1788288172000,http://www.sanantonio.gov/sapd/Calls.aspx,Yellow,a tbd link,26,9
09/01/26,10:16:37 AM,6501-6621 US HWY 90 W WB,78227,Traffic Calls,Traffic Related,5150,WEST,SAPD-2026-1191866,29.40394,-98.620711,1788275797000,http://www.sanantonio.gov/sapd/Calls.aspx,Yellow,a tbd link,26,9
09/01/26, 4:12:41,6000 Old Pearsall Rd,78242,Other Calls,Fire,6340,SOUTH,SAPD-2026-1193471,29.345037,-98.615269,1788297161000,http://www.sanantonio.gov/sapd/Calls.aspx,Blue,a tbd link,26,9
09/01/26, 1:43:33,9200 S Zarzamora St,78224,Crimes Against Person Calls,Threats,6140,SOUTH,SAPD-2026-1192736,29.331305,-98.533426,1788288213000,http://www.sanantonio.gov/sapd/Calls.aspx,Red,a tbd link,26,9
09/01/26,10:18:55 AM,5300 Roosevelt Ave,78214,Other Calls,Disturbance,6250,SOUTH,SAPD-2026-1191878,29.322719,-98.478789,1788275935000,http://www.sanantonio.gov/sapd/Calls.aspx,Blue,a tbd link,26,9
09/01/26, 4:17:00,11601-11799 W Loop 1604 N,78254,Other Calls,Assist the Public,7360,PRUE,SAPD-2026-1193499,29.55279,-98.668902,1788297420000,http://www.sanantonio.gov/sapd/Calls.aspx,Blue,a tbd link,26,9
09/01/26, 1:44:45,500 Sims Ave,78225,Other Calls,Information,6110,SOUTH,SAPD-2026-1192741,29.383678,-98.518156,1788288285000,http://www.sanantonio.gov/sapd/Calls.aspx,Blue,a tbd link,26,9
09/01/26,10:18:55 AM,13100 Regency Forest,78249,Property Crime Calls,Theft,7250,PRUE,SAPD-2026-1191879,29.568806,-98.61476,1788275935000,http://www.sanantonio.gov/sapd/Calls.aspx,Green,a tbd link,26,9
09/01/26, 4:12:33,100 Tesla Dr,78228,Traffic Calls,Traffic Related,5130,WEST,SAPD-2026-1193465,29.442617,-98.568113,1788297153000,http://www.sanantonio.gov/sapd/Calls.aspx,Yellow,a tbd link,26,9
09/01/26, 1:43:47,9400 Culebra Rd,78250,Property Crime Calls,Shoplifting,7370,PRUE,SAPD-2026-1192739,29.486389,-98.667362,1788288227000,http://www.sanantonio.gov/sapd/Calls.aspx,Green,a tbd link,26,9
09/01/26,10:18:28 AM,600 W Olmos Dr,78212,Other Calls,Ordinance Violation,2210,CENTRAL,SAPD-2026-1191874,29.470622,-98.502395,1788275908000,http://www.sanantonio.gov/sapd/Calls.aspx,Blue,a tbd link,26,9
09/01/26, 4:14:21,2300 S Calaveras,78207,Other Calls,Welfare Check,2340,CENTRAL,SAPD-2026-1193478,29.403464,-98.528067,1788297261000,http://www.sanantonio.gov/sapd/Calls.aspx,Blue,a tbd link,26,9
09/01/26, 1:47:29,18400 Blanco Rd,78258,Traffic Calls,Minor Accident,3170,NORTH,SAPD-2026-1192745,29.612793,-98.508985,1788288449000,http://www.sanantonio.gov/sapd/Calls.aspx,Yellow,a tbd link,26,9
09/01/26,10:27:18 AM,1300 S Flores St,78204,Property Crime Calls,Forgery,1140,DOWNTOWN,SAPD-2026-1191904,29.410803,-98.500393,1788276438000,http://www.sanantonio.gov/sapd/Calls.aspx,Green,a tbd link,26,9
09/01/26, 4:13:23,11600 Gateshead,78251,Other Calls,Disturbance Neighbor,5360,WEST,SAPD-2026-1193474,29.442899,-98.704836,1788297203000,http://www.sanantonio.gov/sapd/Calls.aspx,Blue,a tbd link,26,9
09/01/26, 1:50:23,9500 Lorene,78216,Other Calls,Property Lost,3350,NORTH,SAPD-2026-1192758,29.528634,-98.500722,1788288623000,http://www.sanantonio.gov/sapd/Calls.aspx,Blue,a tbd link,26,9
09/01/26,10:18:06 AM,16900-17098 WURZBACH PKWY OFRP WETMORE RD,78216,Traffic Calls,Traffic Related,3220,NORTH,SAPD-2026-1191873,29.546149,-98.439318,1788275886000,http://www.sanantonio.gov/sapd/Calls.aspx,Yellow,a tbd link,26,9
09/01/26, 1:47:56,1700 S Ww White Rd,78220,Crimes Against Person Calls,Fight,4230,EAST,SAPD-2026-1192748,29.404348,-98.406383,1788288476000,http://www.sanantonio.gov/sapd/Calls.aspx,Red,a tbd link,26,9
09/01/26,10:18:43 AM,Vance Jackson Rd / Gardina St,78201,Traffic Calls,Traffic Related,5230,WEST,SAPD-2026-1191877,29.480066,-98.534921,1788275923000,http://www.sanantonio.gov/sapd/Calls.aspx,Yellow,a tbd link,26,9
09/01/26, 1:47:55,8300 Mccullough Ave,78216,Other Calls,Disturbance,3320,NORTH,SAPD-2026-1192747,29.514079,-98.491754,1788288475000,http://www.sanantonio.gov/sapd/Calls.aspx,Blue,a tbd link,26,9
09/01/26, 4:15:32,Judson Rd / Ih 35 N Nb,78233,Traffic Calls,Traffic Violation,3230,NORTH,SAPD-2026-1193489,29.552045,-98.35535,1788297332000,http://www.sanantonio.gov/sapd/Calls.aspx,Yellow,a tbd link,26,9
09/01/26,10:21:41 AM,14000 Fairoak Crossing,78231,Traffic Calls,Abandoned Vehicle,7240,PRUE,SAPD-2026-1191883,29.573224,-98.534522,1788276101000,http://www.sanantonio.gov/sapd/Calls.aspx,Yellow,a tbd link,26,9
09/01/26, 1:47:31,201-299 CACTUS ST,78203,Other Calls,Patrol By,4120,EAST,SAPD-2026-1192746,29.414128,-98.472519,1788288451000,http://www.sanantonio.gov/sapd/Calls.aspx,Blue,a tbd link,26,9
09/01/26, 4:16:07,23400 Ih 10 W,78257,Traffic Calls,Major Accident,7260,PRUE,SAPD-2026-1193492,29.66013,-98.625961,1788297367000,http://www.sanantonio.gov/sapd/Calls.aspx,Yellow,a tbd link,26,9
09/01/26,10:20:47 AM,7000 Culebra Rd,78238,Other Calls,Property Lost,5160,WEST,SAPD-2026-1191880,29.45009,-98.626662,1788276047000,http://www.sanantonio.gov/sapd/Calls.aspx,Blue,a tbd link,26,9
09/01/26, 1:49:27,12400 Vance Jackson,78230,Other Calls,Property Found,7230,PRUE,SAPD-2026-1192753,29.558847,-98.575508,1788288567000,http://www.sanantonio.gov/sapd/Calls.aspx,Blue,a tbd link,26,9
09/01/26, 4:12:56,8400 NW MILITARY HWY,78231,Other Calls,Patrol By,7220,PRUE,SAPD-2026-1193472,29.551598,-98.532431,1788297176000,http://www.sanantonio.gov/sapd/Calls.aspx,Blue,a tbd link,26,9
09/01/26,10:22:57 AM,600 W Olmos Dr,78212,Other Calls,Disturbance,2210,CENTRAL,SAPD-2026-1191887,29.470622,-98.502395,1788276177000,http://www.sanantonio.gov/sapd/Calls.aspx,Blue,a tbd link,26,9
09/01/26, 1:49:07,7200-7298 Fm 78,78244,Traffic Calls,Traffic Related,4320,EAST,SAPD-2026-1192750,29.485728,-98.347244,1788288547000,http://www.sanantonio.gov/sapd/Calls.aspx,Yellow,a tbd link,26,9
09/01/26, 4:15:24,Ih 10 W / Boerne Stage Rd,78257,Traffic Calls,Minor Accident,7260,PRUE,SAPD-2026-1193486,29.666536,-98.63108,1788297324000,http://www.sanantonio.gov/sapd/Calls.aspx,Yellow,a tbd link,26,9
09/01/26,10:22:22 AM,900 H St,78220,Property Crime Calls,Theft,4230,EAST,SAPD-2026-1191885,29.406675,-98.432213,1788276142000,http://www.sanantonio.gov/sapd/Calls.aspx,Green,a tbd link,26,9
09/01/26, 1:49:40,13910-13998 CYPRESS HOLW,78232,Traffic Calls,Traffic Related,3140,NORTH,SAPD-2026-1192755,29.575027,-98.462016,1788288580000,http://www.sanantonio.gov/sapd/Calls.aspx,Yellow,a tbd link,26,9
09/01/26, 4:14:26,11600 Gateshead,78251,Crimes Against Person Calls,Assault In Progress,5360,WEST,SAPD-2026-1193479,29.442899,-98.704812,1788297266000,http://www.sanantonio.gov/sapd/Calls.aspx,Red,a tbd link,26,9
09/01/26,10:21:18 AM,3700 AVENUE B,78209,Other Calls,Patrol By,1230,DOWNTOWN,SAPD-2026-1191882,29.461241,-98.467835,1788276078000,http://www.sanantonio.gov/sapd/Calls.aspx,Blue,a tbd link,26,9
09/01/26, 1:54:02,13100 Ih 10 E,78109,Other Calls,Welfare Check,4310,EAST,SAPD-2026-1192771,29.487431,-98.22375,1788288842000,http://www.sanantonio.gov/sapd/Calls.aspx,Blue,a tbd link,26,9
09/01/26, 4:15:04,2900 Mission Rd,78214,Other Calls,Assist the Public,6230,SOUTH,SAPD-2026-1193483,29.367232,-98.485446,1788297304000,http://www.sanantonio.gov/sapd/Calls.aspx,Blue,a tbd link,26,9
09/01/26, 1:50:10,21300 MILSA DR,78256,Other Calls,Patrol By,7260,PRUE,SAPD-2026-1192757,29.640991,-98.624929,1788288610000,http://www.sanantonio.gov/sapd/Calls.aspx,Blue,a tbd link,26,9
09/01/26, 4:14:30,13000 Jones Maltsberger Rd,78247,Other Calls,Miscellaneous,3220,NORTH,SAPD-2026-1193487,29.559728,-98.459693,1788297270000,http://www.sanantonio.gov/sapd/Calls.aspx,Blue,a tbd link,26,9
09/01/26,10:24:12 AM,1200 Brady Blvd,78207,Other Calls,Missing Person/Runaway,2350,CENTRAL,SAPD-2026-1191889,29.40418,-98.546385,1788276252000,http://www.sanantonio.gov/sapd/Calls.aspx,Blue,a tbd link,26,9
09/01/26, 1:52:43,700 Fredericksburg Rd,78201,Other Calls,Suspicious Person,1220,DOWNTOWN,SAPD-2026-1192765,29.449633,-98.511556,1788288763000,http://www.sanantonio.gov/sapd/Calls.aspx,Blue,a tbd link,26,9
09/01/26, 4:17:24,2900 Ne Loop 410,78218,Traffic Calls,Minor Accident,4360,EAST,SAPD-2026-1193512,29.515143,-98.405428,1788297444000,http://www.sanantonio.gov/sapd/Calls.aspx,Yellow,a tbd link,26,9
09/01/26,10:24:45 AM,8300 Floyd Curl,78229,Traffic Calls,Accident Private Property,7150,PRUE,SAPD-2026-1191892,29.515052,-98.581644,1788276285000,http://www.sanantonio.gov/sapd/Calls.aspx,Yellow,a tbd link,26,9
09/01/26, 1:50:31,8200-8398 STATE HWY 151,78227,Traffic Calls,Traffic Related,5330,WEST,SAPD-2026-1192759,29.434739,-98.648967,1788288631000,http://www.sanantonio.gov/sapd/Calls.aspx,Yellow,a tbd link,26,9
09/01/26, 4:14:07,1400 W WINNIPEG AVE,78225,Other Calls,Patrol By,6110,SOUTH,SAPD-2026-1193477,29.386014,-98.530288,1788297247000,http://www.sanantonio.gov/sapd/Calls.aspx,Blue,a tbd link,26,9
09/01/26,10:25:07 AM,1200 Austin Hwy,78209,Traffic Calls,Accident Private Property,3340,NORTH,SAPD-2026-1191893,29.488839,-98.444204,1788276307000,http://www.sanantonio.gov/sapd/Calls.aspx,Yellow,a tbd link,26,9
09/01/26, 1:54:00,2100 Calle Del Sol,78226,Other Calls,Miscellaneous,6310,SOUTH,SAPD-2026-1192770,29.391701,-98.539951,1788288840000,http://www.sanantonio.gov/sapd/Calls.aspx,Blue,a tbd link,26,9
09/01/26, 4:17:05,19400 Babcock Rd,78256,Traffic Calls,Accident Private Property,7260,PRUE,SAPD-2026-1193501,29.622569,-98.64364,1788297425000,http://www.sanantonio.gov/sapd/Calls.aspx,Yellow,a tbd link,26,9
09/01/26,10:22:36 AM,6500 W MILITARY DR,78227,Other Calls,Patrol By,6360,SOUTH,SAPD-2026-1191886,29.401391,-98.626383,1788276156000,http://www.sanantonio.gov/sapd/Calls.aspx,Blue,a tbd link,26,9
09/01/26, 1:52:24,100 Agency Oaks,78249,Other Calls,Disturbance Family,7250,PRUE,SAPD-2026-1192772,29.575075,-98.626668,1788288744000,http://www.sanantonio.gov/sapd/Calls.aspx,Blue,a tbd link,26,9
09/01/26, 4:15:02,1900-1956 Babcock Rd,78229,Traffic Calls,Major Accident,7140,PRUE,SAPD-2026-1193482,29.498344,-98.576277,1788297302000,http://www.sanantonio.gov/sapd/Calls.aspx,Yellow,a tbd link,26,9
09/01/26,10:26:41 AM,200 N Alamo St,78205,Other Calls,Disturbance,1130,DOWNTOWN,SAPD-2026-1191900,29.427975,-98.486592,1788276401000,http://www.sanantonio.gov/sapd/Calls.aspx,Blue,a tbd link,26,9
09/01/26, 1:54:40,7200 SNOWDEN RD,78240,Other Calls,Assist the Public,7140,PRUE,SAPD-2026-1192780,29.502777,-98.589214,1788288880000,http://www.sanantonio.gov/sapd/Calls.aspx,Blue,a tbd link,26,9
09/01/26, 4:17:20,2000 N St Mary's St,78212,Other Calls,Missing Person - Endangered,1210,DOWNTOWN,SAPD-2026-1193504,29.44485,-98.48571,1788297440000,http://www.sanantonio.gov/sapd/Calls.aspx,Blue,a tbd link,26,9
09/01/26,10:24:12 AM,13000 Feather Ridge Dr,78233,Traffic Calls,Minor Accident,3250,NORTH,SAPD-2026-1191891,29.56162,-98.366997,1788276252000,http://www.sanantonio.gov/sapd/Calls.aspx,Yellow,a tbd link,26,9
09/01/26, 1:51:27,2800 BROADWAY,78209,Other Calls,Patrol By,1230,DOWNTOWN,SAPD-2026-1192761,29.453045,-98.472492,1788288687000,http://www.sanantonio.gov/sapd/Calls.aspx,Blue,a tbd link,26,9
09/01/26,10:28:51 AM,3800 E Loop 1604 N,78109,Traffic Calls,Minor Accident,4310,EAST,SAPD-2026-1191916,29.464511,-98.289341,1788276531000,http://www.sanantonio.gov/sapd/Calls.aspx,Yellow,a tbd link,26,9
09/01/26, 1:51:35,I0 10 W SB,78201,Traffic Calls,Traffic Related,5240,WEST,SAPD-2026-1192762,29.477152,-98.520589,1788288695000,http://www.sanantonio.gov/sapd/Calls.aspx,Yellow,a tbd link,26,9
09/01/26,10:26:06 AM,5900 Medina Base Rd,78242,Other Calls,Welfare Check,6350,SOUTH,SAPD-2026-1191897,29.365624,-98.615541,1788276366000,http://www.sanantonio.gov/sapd/Calls.aspx,Blue,a tbd link,26,9
09/01/26, 4:16:28,300 S Santa Rosa,78207,Other Calls,Missing Person/Runaway,1120,DOWNTOWN,SAPD-2026-1193495,29.422478,-98.498873,1788297388000,http://www.sanantonio.gov/sapd/Calls.aspx,Blue,a tbd link,26,9
09/01/26, 1:59:48,100 Dannyclay,78228,Other Calls,Suspicious Person,5130,WEST,SAPD-2026-1192802,29.444048,-98.577576,1788289188000,http://www.sanantonio.gov/sapd/Calls.aspx,Blue,a tbd link,26,9
09/01/26,10:26:42 AM,400 Sylvia Ave,78237,Traffic Calls,Abandoned Vehicle,5120,WEST,SAPD-2026-1191899,29.410223,-98.555355,1788276402000,http://www.sanantonio.gov/sapd/Calls.aspx,Yellow,a tbd link,26,9
09/01/26, 4:14:48,2301-2599 N LOOP 1604 W WB,78258,Traffic Calls,Traffic Related,3170,NORTH,SAPD-2026-1193480,29.604984,-98.530695,1788297288000,http://www.sanantonio.gov/sapd/Calls.aspx,Yellow,a tbd link,26,9
09/01/26, 1:56:17,22200 Tower Terrace,78259,Property Crime Calls,Theft,3150,NORTH,SAPD-2026-1192783,29.648831,-98.445092,1788288977000,http://www.sanantonio.gov/sapd/Calls.aspx,Green,a tbd link,26,9
09/01/26,10:28:55 AM,2300 Sw Military Dr,78224,Crimes Against Person Calls,Suspicious Person with Knife,6130,SOUTH,SAPD-2026-1191935,29.358575,-98.530744,1788276535000,http://www.sanantonio.gov/sapd/Calls.aspx,Red,a tbd link,26,9
09/01/26, 4:14:50,6977-6999 FM 78,78244,Traffic Calls,Minor Accident,4320,EAST,SAPD-2026-1193481,29.484946,-98.351462,1788297290000,http://www.sanantonio.gov/sapd/Calls.aspx,Yellow,a tbd link,26,9
09/01/26, 1:56:44,900 Canton St,78202,Crimes Against Person Calls,Suspicious Vehicle,4140,EAST,SAPD-2026-1192790,29.424228,-98.446509,1788289004000,http://www.sanantonio.gov/sapd/Calls.aspx,Red,a tbd link,26,9
09/01/26,10:27:33 AM,1800 Lee Hall,78201,Other Calls,Disturbance,5240,WEST,SAPD-2026-1191908,29.476056,-98.524941,1788276453000,http://www.sanantonio.gov/sapd/Calls.aspx,Blue,a tbd link,26,9
09/01/26, 4:17:04,400 Hazel St,78207,Crimes Against Person Calls,Assault In Progress,2340,CENTRAL,SAPD-2026-1193497,29.407396,-98.523785,1788297424000,http://www.sanantonio.gov/sapd/Calls.aspx,Red,a tbd link,26,9
09/01/26, 1:57:01,4400 Moana Dr,78218,Other Calls,Disturbance,4350,EAST,SAPD-2026-1192787,29.493997,-98.406656,1788289021000,http://www.sanantonio.gov/sapd/Calls.aspx,Blue,a tbd link,26,9
09/01/26,10:28:42 AM,200 Villareal St,78210,Other Calls,Property Lost,4210,EAST,SAPD-2026-1191915,29.390294,-98.446316,1788276522000,http://www.sanantonio.gov/sapd/Calls.aspx,Blue,a tbd link,26,9
09/01/26, 1:59:44,200 W Craig Place,78212,Other Calls,Welfare Check,1210,DOWNTOWN,SAPD-2026-1192803,29.451709,-98.496532,1788289184000,http://www.sanantonio.gov/sapd/Calls.aspx,Blue,a tbd link,26,9
09/01/26, 4:16:19,Babcock Rd / Louis Pasteur Dr,78229,Traffic Calls,Major Accident,7140,PRUE,SAPD-2026-1193493,29.49998,-98.578202,1788297379000,http://www.sanantonio.gov/sapd/Calls.aspx,Yellow,a tbd link,26,9
09/01/26, 1:52:38,3300-3538 HUNT LN,78245,Traffic Calls,Traffic Related,5340,WEST,SAPD-2026-1192764,29.395297,-98.660771,1788288758000,http://www.sanantonio.gov/sapd/Calls.aspx,Yellow,a tbd link,26,9
09/01/26,10:26:11 AM,10601-10611 D ST,78216,Other Calls,Patrol By,SAT1,AIRPORT,SAPD-2026-1191896,29.536506,-98.463566,1788276371000,http://www.sanantonio.gov/sapd/Calls.aspx,Blue,a tbd link,26,9
09/01/26, 1:53:46,1000 Hickory Trl,78245,Traffic Calls,Abandoned Vehicle,5330,WEST,SAPD-2026-1192779,29.423507,-98.672707,1788288826000,http://www.sanantonio.gov/sapd/Calls.aspx,Yellow,a tbd link,26,9
09/01/26, 4:16:00,1957-1999 Babcock Rd,78229,Traffic Calls,Major Accident,7140,PRUE,SAPD-2026-1193490,29.499167,-98.577128,1788297360000,http://www.sanantonio.gov/sapd/Calls.aspx,Yellow,a tbd link,26,9
09/01/26,10:27:16 AM,500 S Frio St,78207,Other Calls,Missing Person/Runaway,2370,CENTRAL,SAPD-2026-1191910,29.421551,-98.504866,1788276436000,http://www.sanantonio.gov/sapd/Calls.aspx,Blue,a tbd link,26,9
09/01/26, 1:56:15,N Loop 1604 W Eb / Ih 10 W Sb,78249,Traffic Calls,Traffic Related,7230,PRUE,SAPD-2026-1192785,29.590767,-98.598539,1788288975000,http://www.sanantonio.gov/sapd/Calls.aspx,Yellow,a tbd link,26,9
09/01/26,10:27:59 AM,100 Alamo Plaza,78205,Other Calls,Disturbance,1110,DOWNTOWN,SAPD-2026-1191909,29.42382,-98.487656,1788276479000,http://www.sanantonio.gov/sapd/Calls.aspx,Blue,a tbd link,26,9
09/01/26, 4:17:08,2600 Se Military Dr,78223,Traffic Calls,Minor Accident,6270,SOUTH,SAPD-2026-1193502,29.351784,-98.451102,1788297428000,http://www.sanantonio.gov/sapd/Calls.aspx,Yellow,a tbd link,26,9
09/01/26, 1:54:01,Ih 35 N Sb / Rittiman Rd,78218,Traffic Calls,Minor Accident,4340,EAST,SAPD-2026-1192769,29.484064,-98.403298,1788288841000,http://www.sanantonio.gov/sapd/Calls.aspx,Yellow,a tbd link,26,9
09/01/26,10:29:09 AM,4600 Medical Dr,78229,Other Calls,Injured/Sick Person,7130,PRUE,SAPD-2026-1191921,29.51,-98.576944,1788276549000,http://www.sanantonio.gov/sapd/Calls.aspx,Blue,a tbd link,26,9
09/01/26, 4:17:03,1400 Mira Vista,78228,Crimes Against Person Calls,Fight,5250,WEST,SAPD-2026-1193496,29.454167,-98.600556,1788297423000,http://www.sanantonio.gov/sapd/Calls.aspx,Red,a tbd link,26,9
09/01/26, 1:55:54,20100 Stone Oak Pkwy,78258,Traffic Calls,Accident Private Property,3160,NORTH,SAPD-2026-1192782,29.642955,-98.482181,1788288954000,http://www.sanantonio.gov/sapd/Calls.aspx,Yellow,a tbd link,26,9
09/01/26, 4:16:44,7000 Culebra Rd,78238,Other Calls,Miscellaneous,5160,WEST,SAPD-2026-1193498,29.45009,-98.626662,1788297404000,http://www.sanantonio.gov/sapd/Calls.aspx,Blue,a tbd link,26,9
09/01/26, 1:56:11,900 Canton St,78202,Crimes Against Person Calls,Suspicious Vehicle,4140,EAST,SAPD-2026-1192781,29.424228,-98.446509,1788288971000,http://www.sanantonio.gov/sapd/Calls.aspx,Red,a tbd link,26,9
09/01/26, 4:18:42,23536-23558 Ih 10 W,78257,Traffic Calls,Major Accident,7260,PRUE,SAPD-2026-1193510,29.660067,-98.626794,1788297522000,http://www.sanantonio.gov/sapd/Calls.aspx,Yellow,a tbd link,26,9
09/01/26,10:29:37 AM,Ih 10 E Wb / Probandt St,78204,Other Calls,Injured/Sick Person,1140,DOWNTOWN,SAPD-2026-1191920,29.39627,-98.497369,1788276577000,http://www.sanantonio.gov/sapd/Calls.aspx,Blue,a tbd link,26,9
09/01/26, 1:56:23,6401-6499 Ih 35 N Sb,78218,Traffic Calls,Minor Accident,4350,EAST,SAPD-2026-1192784,29.488104,-98.402463,1788288983000,http://www.sanantonio.gov/sapd/Calls.aspx,Yellow,a tbd link,26,9
09/01/26, 4:17:08,6200-6350 IH 10 W SB,78201,Traffic Calls,Traffic Related,5230,WEST,SAPD-2026-1193500,29.485346,-98.541195,1788297428000,http://www.sanantonio.gov/sapd/Calls.aspx,Yellow,a tbd link,26,9
09/01/26,10:29:48 AM,5900 LOCK HILL RD,78240,Other Calls,Wanted Person,7310,PRUE,SAPD-2026-1191923,29.541721,-98.60386,1788276588000,http://www.sanantonio.gov/sapd/Calls.aspx,Blue,a tbd link,26,9
09/01/26, 1:56:26,3900 Barrington,78217,Other Calls,Disturbance,3370,NORTH,SAPD-2026-1192786,29.52553,-98.418275,1788288986000,http://www.sanantonio.gov/sapd/Calls.aspx,Blue,a tbd link,26,9
09/01/26, 4:18:34,Louis Pasteur Dr / Babcock Rd,78229,Traffic Calls,Minor Accident,7140,PRUE,SAPD-2026-1193509,29.49998,-98.578202,1788297514000,http://www.sanantonio.gov/sapd/Calls.aspx,Yellow,a tbd link,26,9
09/01/26,10:31:24 AM,25600 Overlook Pkwy,78260,Other Calls,Information,3150,NORTH,SAPD-2026-1191930,29.679844,-98.456426,1788276684000,http://www.sanantonio.gov/sapd/Calls.aspx,Blue,a tbd link,26,9
09/01/26, 1:58:17,300 Spriggsdale,78220,Crimes Against Person Calls,Assault,4160,EAST,SAPD-2026-1192792,29.417825,-98.439728,1788289097000,http://www.sanantonio.gov/sapd/Calls.aspx,Red,a tbd link,26,9
09/01/26, 4:20:09,8700 Starcrest Dr,78217,Other Calls,Suspicious Person,3370,NORTH,SAPD-2026-1193517,29.520561,-98.423223,1788297609000,http://www.sanantonio.gov/sapd/Calls.aspx,Blue,a tbd link,26,9
09/01/26,10:32:55 AM,100 Hermine Blvd,78212,Property Crime Calls,Theft,1240,DOWNTOWN,SAPD-2026-1191940,29.483196,-98.491729,1788276775000,http://www.sanantonio.gov/sapd/Calls.aspx,Green,a tbd link,26,9
09/01/26, 2:00:40,300 Leon Creek Greenway North,78250,Other Calls,Disturbance,7330,PRUE,SAPD-2026-1192807,29.482691,-98.632753,1788289240000,http://www.sanantonio.gov/sapd/Calls.aspx,Blue,a tbd link,26,9
09/01/26, 4:18:56,300 W Cypress St,78212,Other Calls,Disturbance,1210,DOWNTOWN,SAPD-2026-1193513,29.441336,-98.497303,1788297536000,http://www.sanantonio.gov/sapd/Calls.aspx,Blue,a tbd link,26,9
09/01/26,10:33:20 AM,1000 Ne Loop 410,78209,Property Crime Calls,Burglary,3330,NORTH,SAPD-2026-1191948,29.51578,-98.455683,1788276800000,http://www.sanantonio.gov/sapd/Calls.aspx,Green,a tbd link,26,9
09/01/26, 2:01:01,600 Fitch St,78214,Other Calls,Wanted Person,6210,SOUTH,SAPD-2026-1192808,29.370482,-98.509954,1788289261000,http://www.sanantonio.gov/sapd/Calls.aspx,Blue,a tbd link,26,9
09/01/26, 4:18:30,Nw Loop 410 / San Pedro Ave,78216,Crimes Against Person Calls,Assault In Progress,3350,NORTH,SAPD-2026-1193508,29.520901,-98.499215,1788297510000,http://www.sanantonio.gov/sapd/Calls.aspx,Red,a tbd link,26,9
09/01/26,10:33:12 AM,S Ellison Dr / Marbach Rd,78245,Other Calls,Disturbance,5360,WEST,SAPD-2026-1191945,29.417849,-98.678202,1788276792000,http://www.sanantonio.gov/sapd/Calls.aspx,Blue,a tbd link,26,9
09/01/26, 4:19:29,200 Spencer Ln,78201,Traffic Calls,Minor Accident,5230,WEST,SAPD-2026-1193514,29.484291,-98.539569,1788297569000,http://www.sanantonio.gov/sapd/Calls.aspx,Yellow,a tbd link,26,9
09/01/26,10:31:53 AM,3200 Tampico St,78207,Other Calls,Disturbance,2350,CENTRAL,SAPD-2026-1191933,29.417135,-98.545489,1788276713000,http://www.sanantonio.gov/sapd/Calls.aspx,Blue,a tbd link,26,9
09/01/26, 4:20:08,3722-3724 Us Hwy 281 N Nb,78212,Other Calls,Disturbance,1230,DOWNTOWN,SAPD-2026-1193518,29.463099,-98.47583,1788297608000,http://www.sanantonio.gov/sapd/Calls.aspx,Blue,a tbd link,26,9
09/01/26, 1:57:07,500-599 S Brazos St,78207,Traffic Calls,Traffic Related,2330,CENTRAL,SAPD-2026-1192791,29.422288,-98.513883,1788289027000,http://www.sanantonio.gov/sapd/Calls.aspx,Yellow,a tbd link,26,9
09/01/26,10:32:04 AM,5200 Prince Valiant Dr,78218,Other Calls,DOA,4330,EAST,SAPD-2026-1191936,29.504379,-98.387062,1788276724000,http://www.sanantonio.gov/sapd/Calls.aspx,Blue,a tbd link,26,9
09/01/26, 4:22:59,20800 Liatris Ln,78259,Property Crime Calls,Theft of Vehicle,3150,NORTH,SAPD-2026-1193530,29.635572,-98.416488,1788297779000,http://www.sanantonio.gov/sapd/Calls.aspx,Green,a tbd link,26,9
09/01/26, 1:57:05,W0 US HWY 90 W ONRP BRADY BLVD,78237,Traffic Calls,Traffic Related,5120,WEST,SAPD-2026-1192788,29.404526,-98.552688,1788289025000,http://www.sanantonio.gov/sapd/Calls.aspx,Yellow,a tbd link,26,9
09/01/26,10:33:24 AM,3600 E Houston St,78219,Other Calls,Miscellaneous,4160,EAST,SAPD-2026-1191943,29.42532,-98.426945,1788276804000,http://www.sanantonio.gov/sapd/Calls.aspx,Blue,a tbd link,26,9
09/01/26, 4:20:13,10300-10399 Prescott Dr,78245,Traffic Calls,Major Accident,5360,WEST,SAPD-2026-1193519,29.42097,-98.685463,1788297613000,http://www.sanantonio.gov/sapd/Calls.aspx,Yellow,a tbd link,26,9
09/01/26, 1:57:09,2300-2310 OAK TRACE,78232,Traffic Calls,Traffic Related,3140,NORTH,SAPD-2026-1192789,29.579263,-98.457845,1788289029000,http://www.sanantonio.gov/sapd/Calls.aspx,Yellow,a tbd link,26,9
09/01/26,10:31:46 AM,19300 NW MILITARY HWY,78257,Other Calls,Patrol By,7260,PRUE,SAPD-2026-1191932,29.625894,-98.56941,1788276706000,http://www.sanantonio.gov/sapd/Calls.aspx,Blue,a tbd link,26,9
09/01/26, 4:21:25,3726-3898 Us Hwy 281 N Nb,78212,Other Calls,Disturbance,1230,DOWNTOWN,SAPD-2026-1193523,29.465294,-98.473763,1788297685000,http://www.sanantonio.gov/sapd/Calls.aspx,Blue,a tbd link,26,9
09/01/26, 1:59:03,S0 Ih 35 N Ofrp Petroleum Dr,78218,Traffic Calls,Minor Accident,4350,EAST,SAPD-2026-1192797,29.48387,-98.403338,1788289143000,http://www.sanantonio.gov/sapd/Calls.aspx,Yellow,a tbd link,26,9
09/01/26,10:34:08 AM,8500 Tom Slick,78229,Other Calls,Wanted Person,7150,PRUE,SAPD-2026-1191953,29.520076,-98.576195,1788276848000,http://www.sanantonio.gov/sapd/Calls.aspx,Blue,a tbd link,26,9
09/01/26, 4:21:34,200 Carmen Place,78207,Crimes Against Person Calls,Suspicious Vehicle,2350,CENTRAL,SAPD-2026-1193526,29.405168,-98.539099,1788297694000,http://www.sanantonio.gov/sapd/Calls.aspx,Red,a tbd link,26,9
09/01/26, 1:58:29,1766-1799 Austin Hwy,78218,Traffic Calls,Major Accident,4350,EAST,SAPD-2026-1192795,29.499208,-98.422964,1788289109000,http://www.sanantonio.gov/sapd/Calls.aspx,Yellow,a tbd link,26,9
09/01/26,10:33:36 AM,800 Fresno St,78212,Other Calls,Disturbance,2210,CENTRAL,SAPD-2026-1191949,29.474173,-98.507226,1788276816000,http://www.sanantonio.gov/sapd/Calls.aspx,Blue,a tbd link,26,9
09/01/26, 4:20:35,2500 Sw Military Dr,78224,Other Calls,Property Found,6130,SOUTH,SAPD-2026-1193522,29.355505,-98.535242,1788297635000,http://www.sanantonio.gov/sapd/Calls.aspx,Blue,a tbd link,26,9
09/01/26, 1:58:18,1700 AUSTIN HWY,78218,Traffic Calls,Major Accident,4350,EAST,SAPD-2026-1192793,29.499356,-98.422728,1788289098000,http://www.sanantonio.gov/sapd/Calls.aspx,Yellow,a tbd link,26,9
09/01/26, 4:19:54,1600 N Zarzamora St,78201,Crimes Against Person Calls,Assault In Progress,2320,CENTRAL,SAPD-2026-1193541,29.444089,-98.52527,1788297594000,http://www.sanantonio.gov/sapd/Calls.aspx,Red,a tbd link,26,9
09/01/26, 1:58:47,Austin Hwy / Corinne Dr,78218,Traffic Calls,Major Accident,4350,EAST,SAPD-2026-1192796,29.499616,-98.42233,1788289127000,http://www.sanantonio.gov/sapd/Calls.aspx,Yellow,a tbd link,26,9
09/01/26,10:34:15 AM,Ih 35 N Nb / N New Braunfels Ave,78208,Traffic Calls,Traffic Related,4130,EAST,SAPD-2026-1191956,29.438345,-98.460949,1788276855000,http://www.sanantonio.gov/sapd/Calls.aspx,Yellow,a tbd link,26,9
09/01/26, 4:21:06,700 W Mayfield Blvd,78211,Other Calls,Miscellaneous,6130,SOUTH,SAPD-2026-1193524,29.362151,-98.535356,1788297666000,http://www.sanantonio.gov/sapd/Calls.aspx,Blue,a tbd link,26,9
09/01/26, 1:59:58,8700 Wurzbach Rd,78240,Traffic Calls,Minor Accident,7150,PRUE,SAPD-2026-1192804,29.523517,-98.569895,1788289198000,http://www.sanantonio.gov/sapd/Calls.aspx,Yellow,a tbd link,26,9
09/01/26,10:32:08 AM,LOOP 1604 W WB,78231,Traffic Calls,Traffic Related,7260,PRUE,SAPD-2026-1191937,29.601908,-98.545121,1788276728000,http://www.sanantonio.gov/sapd/Calls.aspx,Yellow,a tbd link,26,9
09/01/26, 4:21:24,10300 Prescott Dr,78245,Traffic Calls,Major Accident,5360,WEST,SAPD-2026-1193525,29.42097,-98.68526,1788297684000,http://www.sanantonio.gov/sapd/Calls.aspx,Yellow,a tbd link,26,9
09/01/26, 1:58:26,1800 Blk Austin Hwy,78218,Traffic Calls,Major Accident,4350,EAST,SAPD-2026-1192794,29.499614,-98.422538,1788289106000,http://www.sanantonio.gov/sapd/Calls.aspx,Yellow,a tbd link,26,9
09/01/26,10:35:16 AM,100 Alvarez Place,78204,Crimes Against Person Calls,Assault In Progress,1140,DOWNTOWN,SAPD-2026-1191961,29.401505,-98.508031,1788276916000,http://www.sanantonio.gov/sapd/Calls.aspx,Red,a tbd link,26,9
09/01/26, 4:24:04,7900 Misty Park Dr,78250,Other Calls,Suspicious Person,7330,PRUE,SAPD-2026-1193533,29.481856,-98.643694,1788297844000,http://www.sanantonio.gov/sapd/Calls.aspx,Blue,a tbd link,26,9
09/01/26, 1:59:34,1700 Austin Hwy,78218,Traffic Calls,Major Accident,4350,EAST,SAPD-2026-1192801,29.499356,-98.422728,1788289174000,http://www.sanantonio.gov/sapd/Calls.aspx,Yellow,a tbd link,26,9
09/01/26,10:33:57 AM,6200 S New Braunfels Ave,78223,Crimes Against Person Calls,Lewd Conduct,6240,SOUTH,SAPD-2026-1191952,29.363194,-98.453971,1788276837000,http://www.sanantonio.gov/sapd/Calls.aspx,Red,a tbd link,26,9
09/01/26, 4:22:51,1901-1955 Babcock Rd,78229,Traffic Calls,Minor Accident,7140,PRUE,SAPD-2026-1193529,29.498906,-98.576782,1788297771000,http://www.sanantonio.gov/sapd/Calls.aspx,Yellow,a tbd link,26,9
09/01/26, 1:59:33,Corinne Dr / Austin Hwy,78218,Traffic Calls,Major Accident,4350,EAST,SAPD-2026-1192800,29.499616,-98.42233,1788289173000,http://www.sanantonio.gov/sapd/Calls.aspx,Yellow,a tbd link,26,9
09/01/26,10:34:28 AM,700 Se Loop 410,78220,Other Calls,Disturbance,4240,EAST,SAPD-2026-1191955,29.417626,-98.393367,1788276868000,http://www.sanantonio.gov/sapd/Calls.aspx,Blue,a tbd link,26,9
09/01/26, 4:23:09,800 Ih 35 S Nb,78204,Traffic Calls,Traffic Related,1140,DOWNTOWN,SAPD-2026-1193531,29.418243,-98.502005,1788297789000,http://www.sanantonio.gov/sapd/Calls.aspx,Yellow,a tbd link,26,9
09/01/26, 2:01:39,2200 Herbert Ln,78227,Other Calls,Disturbance Neighbor,5120,WEST,SAPD-2026-1192811,29.40879,-98.595682,1788289299000,http://www.sanantonio.gov/sapd/Calls.aspx,Blue,a tbd link,26,9
09/01/26,10:33:29 AM,Us Hwy 281 N Nb / E Evans Rd,78258,Traffic Calls,Traffic Related,3150,NORTH,SAPD-2026-1191947,29.63699,-98.456282,1788276809000,http://www.sanantonio.gov/sapd/Calls.aspx,Yellow,a tbd link,26,9
09/01/26, 4:23:40,1800 Pleasanton Rd,78221,Other Calls,Disturbance,6230,SOUTH,SAPD-2026-1193532,29.364215,-98.503935,1788297820000,http://www.sanantonio.gov/sapd/Calls.aspx,Blue,a tbd link,26,9
09/01/26,10:33:19 AM,932-998 PROBANDT ST,78204,Traffic Calls,Traffic Related,1140,DOWNTOWN,SAPD-2026-1191942,29.396434,-98.497124,1788276799000,http://www.sanantonio.gov/sapd/Calls.aspx,Yellow,a tbd link,26,9
09/01/26, 4:24:07,6251-6503 New Sulphur Spgs,78222,Other Calls,Disturbance Family,4250,EAST,SAPD-2026-1193535,29.364636,-98.367854,1788297847000,http://www.sanantonio.gov/sapd/Calls.aspx,Blue,a tbd link,26,9
09/01/26,10:34:16 AM,5200 Glen Rdg,78229,Other Calls,Disturbance,7140,PRUE,SAPD-2026-1191954,29.488731,-98.592108,1788276856000,http://www.sanantonio.gov/sapd/Calls.aspx,Blue,a tbd link,26,9
09/01/26, 2:00:24,4900 Fredericksburg Rd,78229,Other Calls,Suspicious Person,7110,PRUE,SAPD-2026-1192810,29.497804,-98.556334,1788289224000,http://www.sanantonio.gov/sapd/Calls.aspx,Blue,a tbd link,26,9
09/01/26, 4:24:35,2500 Schubert Dr,78210,Other Calls,Assist the Public,4210,EAST,SAPD-2026-1193537,29.392119,-98.440056,1788297875000,http://www.sanantonio.gov/sapd/Calls.aspx,Blue,a tbd link,26,9
09/01/26,10:35:31 AM,11700 Parliament,78213,Other Calls,Wanted Person,3110,NORTH,SAPD-2026-1191962,29.547149,-98.512817,1788276931000,http://www.sanantonio.gov/sapd/Calls.aspx,Blue,a tbd link,26,9
09/01/26, 2:02:03,Live Oak Rd / Wurzbach Rd,78240,Traffic Calls,Minor Accident,7150,PRUE,SAPD-2026-1192813,29.523763,-98.56965,1788289323000,http://www.sanantonio.gov/sapd/Calls.aspx,Yellow,a tbd link,26,9
09/01/26, 4:22:45,SAPD EAST PATROL SUBSTATION,78219,Other Calls,Miscellaneous,4160,EAST,SAPD-2026-1193528,29.425427,-98.427279,1788297765000,http://www.sanantonio.gov/sapd/Calls.aspx,Blue,a tbd link,26,9
09/01/26,10:33:49 AM,201-525 IRA LEE RD,78218,Other Calls,Patrol By,3340,NORTH,SAPD-2026-1191950,29.503834,-98.421248,1788276829000,http://www.sanantonio.gov/sapd/Calls.aspx,Blue,a tbd link,26,9
09/01/26, 2:00:33,Michigan Ave / W Mariposa,78201,Crimes Against Person Calls,Suspicious Vehicle with Gun,2220,CENTRAL,SAPD-2026-1192806,29.480629,-98.511296,1788289233000,http://www.sanantonio.gov/sapd/Calls.aspx,Red,a tbd link,26,9
09/01/26, 4:26:46,300 Cypressfox Dr,78245,Traffic Calls,Traffic Related,5330,WEST,SAPD-2026-1193544,29.436417,-98.675408,1788298006000,http://www.sanantonio.gov/sapd/Calls.aspx,Yellow,a tbd link,26,9
09/01/26,10:35:06 AM,300 Queen Anne Ct,78209,Property Crime Calls,Theft,1230,DOWNTOWN,SAPD-2026-1191965,29.46036,-98.464841,1788276906000,http://www.sanantonio.gov/sapd/Calls.aspx,Green,a tbd link,26,9
09/01/26, 2:02:37,7301-7399 Nw Loop 410,78245,Traffic Calls,Traffic Related,5160,WEST,SAPD-2026-1192814,29.448433,-98.634394,1788289357000,http://www.sanantonio.gov/sapd/Calls.aspx,Yellow,a tbd link,26,9
09/01/26, 4:25:27,8700 Rustling Breeze,78254,Crimes Against Person Calls,Suspicious Vehicle,7320,PRUE,SAPD-2026-1193540,29.533995,-98.655548,1788297927000,http://www.sanantonio.gov/sapd/Calls.aspx,Red,a tbd link,26,9
09/01/26,10:35:09 AM,10700 Potranco Rd,78245,Crimes Against Person Calls,Assault In Progress,5360,WEST,SAPD-2026-1191960,29.434308,-98.703187,1788276909000,http://www.sanantonio.gov/sapd/Calls.aspx,Red,a tbd link,26,9
09/01/26, 2:01:47,Harmon Dr / Kenilworth Blvd,78209,Traffic Calls,Minor Accident,3340,NORTH,SAPD-2026-1192812,29.491429,-98.450541,1788289307000,http://www.sanantonio.gov/sapd/Calls.aspx,Yellow,a tbd link,26,9
09/01/26, 4:27:38,1900 Larkspur,78213,Property Crime Calls,Burglary Vehicle,3110,NORTH,SAPD-2026-1193560,29.547099,-98.522442,1788298058000,http://www.sanantonio.gov/sapd/Calls.aspx,Green,a tbd link,26,9
09/01/26,10:36:03 AM,5000 Prue Rd,78240,Other Calls,Miscellaneous,7310,PRUE,SAPD-2026-1191966,29.543157,-98.583584,1788276963000,http://www.sanantonio.gov/sapd/Calls.aspx,Blue,a tbd link,26,9
09/01/26, 2:01:27,4200 W COMMERCE ST,78237,Other Calls,Patrol By,2360,CENTRAL,SAPD-2026-1192809,29.429967,-98.546253,1788289287000,http://www.sanantonio.gov/sapd/Calls.aspx,Blue,a tbd link,26,9
09/01/26,10:35:53 AM,3200 Cherry Ridge Dr,78230,Other Calls,Assist the Public,7210,PRUE,SAPD-2026-1191964,29.508056,-98.546944,1788276953000,http://www.sanantonio.gov/sapd/Calls.aspx,Blue,a tbd link,26,9
09/01/26, 2:03:04,LOOP 1604 W WB,78257,Traffic Calls,Traffic Related,7260,PRUE,SAPD-2026-1192815,29.601707,-98.548733,1788289384000,http://www.sanantonio.gov/sapd/Calls.aspx,Yellow,a tbd link,26,9
09/01/26,10:40:31 AM,Stadium Dr / E Huisache Ave,78212,Traffic Calls,Minor Accident,1230,DOWNTOWN,SAPD-2026-1191978,29.455978,-98.481169,1788277231000,http://www.sanantonio.gov/sapd/Calls.aspx,Yellow,a tbd link,26,9
09/01/26, 4:26:39,Grissom Rd / Culebra Rd,78251,Traffic Calls,Traffic Violation,7330,PRUE,SAPD-2026-1193546,29.484456,-98.666404,1788297999000,http://www.sanantonio.gov/sapd/Calls.aspx,Yellow,a tbd link,26,9
09/01/26, 2:05:19,100 E Sonterra Blvd,78258,Traffic Calls,Minor Accident,3160,NORTH,SAPD-2026-1192823,29.615798,-98.493017,1788289519000,http://www.sanantonio.gov/sapd/Calls.aspx,Yellow,a tbd link,26,9
09/01/26,10:36:28 AM,724-798 IRA LEE RD,78218,Other Calls,Patrol By,4360,EAST,SAPD-2026-1191967,29.514804,-98.430806,1788276988000,http://www.sanantonio.gov/sapd/Calls.aspx,Blue,a tbd link,26,9
09/01/26, 4:27:27,200-231 Sw 36th St,78237,Other Calls,Welfare Check,5140,WEST,SAPD-2026-1193548,29.430054,-98.572025,1788298047000,http://www.sanantonio.gov/sapd/Calls.aspx,Blue,a tbd link,26,9
09/01/26, 2:03:26,1800-1898 W OLMOS DR,78201,Traffic Calls,Traffic Related,5240,WEST,SAPD-2026-1192819,29.473619,-98.525222,1788289406000,http://www.sanantonio.gov/sapd/Calls.aspx,Yellow,a tbd link,26,9
09/01/26,10:37:20 AM,2000 Goliad Rd,78223,Property Crime Calls,Theft In Progress,4220,EAST,SAPD-2026-1191969,29.365346,-98.441547,1788277040000,http://www.sanantonio.gov/sapd/Calls.aspx,Green,a tbd link,26,9
09/01/26, 4:25:24,Wurzbach Pkwy Eb / Nacogdoches Rd,78217,Traffic Calls,Traffic Related,3360,NORTH,SAPD-2026-1193539,29.54068,-98.421292,1788297924000,http://www.sanantonio.gov/sapd/Calls.aspx,Yellow,a tbd link,26,9
09/01/26, 2:05:19,8200 S Flores St,78221,Crimes Against Person Calls,Robbery of Individual,6250,SOUTH,SAPD-2026-1192824,29.343069,-98.485261,1788289519000,http://www.sanantonio.gov/sapd/Calls.aspx,Red,a tbd link,26,9
09/01/26,10:40:39 AM,17800 Helotes Spg,78023,Other Calls,SAPD Non-Emergency Call,NOT SAPD BEX,SAPD OUTSIDE AREA,SAPD-2026-1191980,29.608898,-98.762426,1788277239000,http://www.sanantonio.gov/sapd/Calls.aspx,Blue,a tbd link,26,9
09/01/26, 4:30:02,800 Ruiz St,78207,Property Crime Calls,Theft,2310,CENTRAL,SAPD-2026-1193564,29.435513,-98.51639,1788298202000,http://www.sanantonio.gov/sapd/Calls.aspx,Green,a tbd link,26,9
09/01/26, 2:07:46,300 San Pedro Ave,78212,Other Calls,Missing Person/Runaway,1210,DOWNTOWN,SAPD-2026-1192834,29.436173,-98.495767,1788289666000,http://www.sanantonio.gov/sapd/Calls.aspx,Blue,a tbd link,26,9
09/01/26,10:39:44 AM,1100 E Sonterra Blvd,78258,Crimes Against Person Calls,Assault,3160,NORTH,SAPD-2026-1191974,29.616566,-98.474706,1788277184000,http://www.sanantonio.gov/sapd/Calls.aspx,Red,a tbd link,26,9
09/01/26, 4:26:53,200 Rounds St,78207,Other Calls,Disturbance Family,2320,CENTRAL,SAPD-2026-1193545,29.437426,-98.51942,1788298013000,http://www.sanantonio.gov/sapd/Calls.aspx,Blue,a tbd link,26,9
09/01/26, 2:04:34,13910-13998 LAUREL HOLW,78232,Traffic Calls,Traffic Related,3140,NORTH,SAPD-2026-1192821,29.574279,-98.464826,1788289474000,http://www.sanantonio.gov/sapd/Calls.aspx,Yellow,a tbd link,26,9
09/01/26,10:40:11 AM,1200 Casa Luminar,78109,Other Calls,SAPD Non-Emergency Call,NOT SAPD BEX,SAPD OUTSIDE AREA,SAPD-2026-1191976,29.43649,-98.285585,1788277211000,http://www.sanantonio.gov/sapd/Calls.aspx,Blue,a tbd link,26,9
09/01/26, 4:27:28,500 Holder Ave,78211,Other Calls,Assist the Public,6320,SOUTH,SAPD-2026-1193549,29.360297,-98.563457,1788298048000,http://www.sanantonio.gov/sapd/Calls.aspx,Blue,a tbd link,26,9
09/01/26,10:40:03 AM,1200 Austin Hwy,78209,Other Calls,Disturbance,3340,NORTH,SAPD-2026-1191975,29.487778,-98.447344,1788277203000,http://www.sanantonio.gov/sapd/Calls.aspx,Blue,a tbd link,26,9
09/01/26, 4:27:37,3900 Barrington,78217,Crimes Against Person Calls,Assault In Progress,3370,NORTH,SAPD-2026-1193551,29.525786,-98.421003,1788298057000,http://www.sanantonio.gov/sapd/Calls.aspx,Red,a tbd link,26,9
09/01/26,10:40:03 AM,Perrin Beitel / Ne Loop 410,78217,Traffic Calls,Minor Accident,3370,NORTH,SAPD-2026-1191977,29.516343,-98.411065,1788277203000,http://www.sanantonio.gov/sapd/Calls.aspx,Yellow,a tbd link,26,9
09/01/26, 2:07:05,Prue Rd / Lost Blf,78240,Traffic Calls,Traffic Related,7320,PRUE,SAPD-2026-1192830,29.54439,-98.638654,1788289625000,http://www.sanantonio.gov/sapd/Calls.aspx,Yellow,a tbd link,26,9
09/01/26, 4:29:39,1500 Amestoy,78207,Other Calls,Miscellaneous,2320,CENTRAL,SAPD-2026-1193559,29.432957,-98.520396,1788298179000,http://www.sanantonio.gov/sapd/Calls.aspx,Blue,a tbd link,26,9
09/01/26,10:41:29 AM,500 Ira Lee Rd,78218,Other Calls,Assist the Public,4360,EAST,SAPD-2026-1191984,29.510523,-98.42459,1788277289000,http://www.sanantonio.gov/sapd/Calls.aspx,Blue,a tbd link,26,9
09/01/26, 2:06:41,200 Nancy Place,78204,Traffic Calls,Abandoned Vehicle,2340,CENTRAL,SAPD-2026-1192828,29.403511,-98.519288,1788289601000,http://www.sanantonio.gov/sapd/Calls.aspx,Yellow,a tbd link,26,9
09/01/26, 4:31:40,5400 Callaghan Rd,78228,Property Crime Calls,Theft,5260,WEST,SAPD-2026-1193566,29.480263,-98.582822,1788298300000,http://www.sanantonio.gov/sapd/Calls.aspx,Green,a tbd link,26,9
09/01/26,10:43:12 AM,500 Elks Dr,78211,Other Calls,Information,6120,SOUTH,SAPD-2026-1191995,29.374118,-98.529188,1788277392000,http://www.sanantonio.gov/sapd/Calls.aspx,Blue,a tbd link,26,9
09/01/26, 2:10:36,6700 Nw Loop 410,78238,Other Calls,Suspicious Person,5270,WEST,SAPD-2026-1192842,29.462222,-98.621111,1788289836000,http://www.sanantonio.gov/sapd/Calls.aspx,Blue,a tbd link,26,9
09/01/26, 4:27:06,ALBERT ST / NW 18TH ST,78207,Crimes Against Person Calls,Robbery of Individual,2360,CENTRAL,SAPD-2026-1193547,29.441881,-98.532198,1788298026000,http://www.sanantonio.gov/sapd/Calls.aspx,Red,a tbd link,26,9
09/01/26,10:42:21 AM,Mystic Park / Bandera Rd,78250,Crimes Against Person Calls,Suspicious Person with Gun,7320,PRUE,SAPD-2026-1191988,29.526201,-98.640527,1788277341000,http://www.sanantonio.gov/sapd/Calls.aspx,Red,a tbd link,26,9
09/01/26, 2:11:46,600 Morningview St,78220,Crimes Against Person Calls,Threats,4230,EAST,SAPD-2026-1192848,29.410472,-98.424531,1788289906000,http://www.sanantonio.gov/sapd/Calls.aspx,Red,a tbd link,26,9
09/01/26, 4:33:41,Front Royal / Falls Church,78247,Crimes Against Person Calls,Suspicious Vehicle,3260,NORTH,SAPD-2026-1193573,29.593625,-98.359423,1788298421000,http://www.sanantonio.gov/sapd/Calls.aspx,Red,a tbd link,26,9
09/01/26, 2:14:20,7400 Blanco Rd,78216,Traffic Calls,Accident Private Property,3110,NORTH,SAPD-2026-1192853,29.527392,-98.504656,1788290060000,http://www.sanantonio.gov/sapd/Calls.aspx,Yellow,a tbd link,26,9
09/01/26,10:44:16 AM,8900 Callaghan Rd,78230,Other Calls,Welfare Check,7210,PRUE,SAPD-2026-1192002,29.522751,-98.542414,1788277456000,http://www.sanantonio.gov/sapd/Calls.aspx,Blue,a tbd link,26,9
09/01/26, 4:29:15,17500-17650 Wurzbach Pkwy Ofrp Nac Rd,78217,Other Calls,Disturbance,3360,NORTH,SAPD-2026-1193558,29.542635,-98.425588,1788298155000,http://www.sanantonio.gov/sapd/Calls.aspx,Blue,a tbd link,26,9
09/01/26, 2:08:49,6167-6499 US HWY 90 W WB,78227,Traffic Calls,Traffic Related,5150,WEST,SAPD-2026-1192835,29.405545,-98.61235,1788289729000,http://www.sanantonio.gov/sapd/Calls.aspx,Yellow,a tbd link,26,9
09/01/26,10:41:02 AM,3400 Bob Billa,78223,Traffic Calls,Abandoned Vehicle,4260,EAST,SAPD-2026-1191983,29.372363,-98.431747,1788277262000,http://www.sanantonio.gov/sapd/Calls.aspx,Yellow,a tbd link,26,9
09/01/26, 2:08:59,411-475 N GENERAL MCMULLEN,78237,Traffic Calls,Traffic Related,5130,WEST,SAPD-2026-1192837,29.43795,-98.553135,1788289739000,http://www.sanantonio.gov/sapd/Calls.aspx,Yellow,a tbd link,26,9
09/01/26,10:40:58 AM,1100 Austin Hwy,78209,Property Crime Calls,Burglary in Progress,3340,NORTH,SAPD-2026-1191982,29.487513,-98.450344,1788277258000,http://www.sanantonio.gov/sapd/Calls.aspx,Green,a tbd link,26,9
09/01/26, 2:09:05,1801-1899 EDISON DR,78201,Traffic Calls,Traffic Related,5240,WEST,SAPD-2026-1192838,29.475244,-98.525757,1788289745000,http://www.sanantonio.gov/sapd/Calls.aspx,Yellow,a tbd link,26,9
09/01/26, 4:29:34,1300-1399 Montview,78213,Traffic Calls,Minor Accident,3310,NORTH,SAPD-2026-1193557,29.505137,-98.514236,1788298174000,http://www.sanantonio.gov/sapd/Calls.aspx,Yellow,a tbd link,26,9
09/01/26,10:42:03 AM,8700 Mystic Park,78254,Other Calls,Suspicious Person,7320,PRUE,SAPD-2026-1191985,29.524794,-98.641865,1788277323000,http://www.sanantonio.gov/sapd/Calls.aspx,Blue,a tbd link,26,9
09/01/26, 2:10:03,2100 W Commerce St,78207,Other Calls,Disturbance,2330,CENTRAL,SAPD-2026-1192841,29.427313,-98.517895,1788289803000,http://www.sanantonio.gov/sapd/Calls.aspx,Blue,a tbd link,26,9
09/01/26, 4:28:04,7200 LUSKEY BLVD,78256,Other Calls,Patrol By,7260,PRUE,SAPD-2026-1193552,29.615568,-98.62992,1788298084000,http://www.sanantonio.gov/sapd/Calls.aspx,Blue,a tbd link,26,9
09/01/26,10:43:47 AM,Glorietta / N Hackberry St,78202,Other Calls,Patrol By,4110,EAST,SAPD-2026-1191998,29.424416,-98.473251,1788277427000,http://www.sanantonio.gov/sapd/Calls.aspx,Blue,a tbd link,26,9
09/01/26, 2:10:54,600 Morningview St,78220,Crimes Against Person Calls,Assault In Progress,4230,EAST,SAPD-2026-1192843,29.410472,-98.424575,1788289854000,http://www.sanantonio.gov/sapd/Calls.aspx,Red,a tbd link,26,9
09/01/26, 4:28:07,5300 OLD PEARSALL RD,78242,Other Calls,Patrol By,6340,SOUTH,SAPD-2026-1193553,29.356994,-98.599907,1788298087000,http://www.sanantonio.gov/sapd/Calls.aspx,Blue,a tbd link,26,9
09/01/26,10:42:59 AM,9500 W Terminal,78216,Other Calls,Miscellaneous,SAT1,AIRPORT,SAPD-2026-1191993,29.527445,-98.476873,1788277379000,http://www.sanantonio.gov/sapd/Calls.aspx,Blue,a tbd link,26,9
09/01/26, 2:10:04,1917-1999 OAK MOUNTAIN,78232,Traffic Calls,Traffic Related,3140,NORTH,SAPD-2026-1192840,29.575569,-98.4637,1788289804000,http://www.sanantonio.gov/sapd/Calls.aspx,Yellow,a tbd link,26,9
09/01/26, 4:31:01,4100 SW LOOP 410 NB,78227,Traffic Calls,Minor Accident,6360,SOUTH,SAPD-2026-1193563,29.389543,-98.64627,1788298261000,http://www.sanantonio.gov/sapd/Calls.aspx,Yellow,a tbd link,26,9
09/01/26,10:40:46 AM,3800 N ST MARY'S ST,78212,Other Calls,Patrol By,1230,DOWNTOWN,SAPD-2026-1191981,29.460157,-98.476568,1788277246000,http://www.sanantonio.gov/sapd/Calls.aspx,Blue,a tbd link,26,9
09/01/26, 2:14:32,15900 La Cantera Pkwy,78256,Other Calls,Property Found,7250,PRUE,SAPD-2026-1192855,29.591914,-98.616243,1788290072000,http://www.sanantonio.gov/sapd/Calls.aspx,Blue,a tbd link,26,9
09/01/26, 4:31:42,Wurzbach Pkwy Eb / Nacogdoches Rd,78217,Other Calls,Disturbance Family,3360,NORTH,SAPD-2026-1193565,29.54068,-98.421292,1788298302000,http://www.sanantonio.gov/sapd/Calls.aspx,Blue,a tbd link,26,9
09/01/26,10:42:06 AM,E Highland Blvd / S New Braunfels Ave,78210,Traffic Calls,Minor Accident,4150,EAST,SAPD-2026-1191986,29.396285,-98.461231,1788277326000,http://www.sanantonio.gov/sapd/Calls.aspx,Yellow,a tbd link,26,9
09/01/26, 2:14:20,5100 Walzem Rd,78218,Crimes Against Person Calls,Threats,4330,EAST,SAPD-2026-1192856,29.508888,-98.388486,1788290060000,http://www.sanantonio.gov/sapd/Calls.aspx,Red,a tbd link,26,9
09/01/26, 4:34:09,Albert St / Nw 18th St,78207,Crimes Against Person Calls,Suspicious Person with Gun,2360,CENTRAL,SAPD-2026-1193571,29.441881,-98.532198,1788298449000,http://www.sanantonio.gov/sapd/Calls.aspx,Red,a tbd link,26,9
09/01/26, 2:12:39,400 S San Manuel,78237,Other Calls,Disturbance,5110,WEST,SAPD-2026-1192850,29.426144,-98.557328,1788289959000,http://www.sanantonio.gov/sapd/Calls.aspx,Blue,a tbd link,26,9
09/01/26, 4:30:32,9700 Airport Blvd,78216,Other Calls,Property Found,SAT1,AIRPORT,SAPD-2026-1193562,29.527705,-98.472816,1788298232000,http://www.sanantonio.gov/sapd/Calls.aspx,Blue,a tbd link,26,9
09/01/26, 2:11:07,2100 E HOUSTON ST,78202,Other Calls,Patrol By,4110,EAST,SAPD-2026-1192844,29.425071,-98.463338,1788289867000,http://www.sanantonio.gov/sapd/Calls.aspx,Blue,a tbd link,26,9
09/01/26,10:42:23 AM,1500 Cable Ranch Rd,78245,Other Calls,Disturbance Family,5330,WEST,SAPD-2026-1191996,29.426696,-98.654175,1788277343000,http://www.sanantonio.gov/sapd/Calls.aspx,Blue,a tbd link,26,9
09/01/26, 4:35:22,5300 FREDERICKSBURG RD,78229,Traffic Calls,Accident Private Property,7130,PRUE,SAPD-2026-1193577,29.505092,-98.562544,1788298522000,http://www.sanantonio.gov/sapd/Calls.aspx,Yellow,a tbd link,26,9
09/01/26, 2:19:06,200 Bonnell Dr,78223,Property Crime Calls,Theft,6220,SOUTH,SAPD-2026-1192880,29.378759,-98.466318,1788290346000,http://www.sanantonio.gov/sapd/Calls.aspx,Green,a tbd link,26,9
09/01/26,10:42:52 AM,3500 Pleasanton Rd,78221,Other Calls,Disturbance,6250,SOUTH,SAPD-2026-1191991,29.344167,-98.503333,1788277372000,http://www.sanantonio.gov/sapd/Calls.aspx,Blue,a tbd link,26,9
09/01/26, 4:34:58,9200 Ridge Path,78250,Traffic Calls,Traffic Violation,7370,PRUE,SAPD-2026-1193574,29.499166,-98.671819,1788298498000,http://www.sanantonio.gov/sapd/Calls.aspx,Yellow,a tbd link,26,9
09/01/26, 2:13:21,HUNT LN,78245,Traffic Calls,Traffic Related,5330,WEST,SAPD-2026-1192851,29.435769,-98.668773,1788290001000,http://www.sanantonio.gov/sapd/Calls.aspx,Yellow,a tbd link,26,9
09/01/26,10:46:16 AM,300 S Flores St,78204,Property Crime Calls,Theft of Vehicle,1120,DOWNTOWN,SAPD-2026-1192014,29.421384,-98.495481,1788277576000,http://www.sanantonio.gov/sapd/Calls.aspx,Green,a tbd link,26,9
09/01/26, 4:39:40,7800 Faircrown Dr,78242,Other Calls,Missing Person/Runaway,6350,SOUTH,SAPD-2026-1193597,29.353593,-98.612899,1788298780000,http://www.sanantonio.gov/sapd/Calls.aspx,Blue,a tbd link,26,9
09/01/26, 2:15:34,Ih 35 N Sb / Eisenhauer Rd,78218,Traffic Calls,Traffic Related,4330,EAST,SAPD-2026-1192859,29.49654,-98.400725,1788290134000,http://www.sanantonio.gov/sapd/Calls.aspx,Yellow,a tbd link,26,9
09/01/26,10:44:22 AM,5800 San Pedro Ave,78212,Property Crime Calls,Theft of Vehicle,1240,DOWNTOWN,SAPD-2026-1192004,29.48738,-98.499253,1788277462000,http://www.sanantonio.gov/sapd/Calls.aspx,Green,a tbd link,26,9
09/01/26, 4:36:27,1500 W Sunshine,78228,Property Crime Calls,Theft,5250,WEST,SAPD-2026-1193579,29.468865,-98.573139,1788298587000,http://www.sanantonio.gov/sapd/Calls.aspx,Green,a tbd link,26,9
09/01/26, 2:16:39,1100 Brooklyn Ave,78212,Traffic Calls,Accident Private Property,1210,DOWNTOWN,SAPD-2026-1192866,29.439085,-98.489814,1788290199000,http://www.sanantonio.gov/sapd/Calls.aspx,Yellow,a tbd link,26,9
09/01/26,10:44:16 AM,900 Magnolia Bend,78251,Other Calls,Welfare Check,5360,WEST,SAPD-2026-1192003,29.443089,-98.686527,1788277456000,http://www.sanantonio.gov/sapd/Calls.aspx,Blue,a tbd link,26,9
09/01/26, 4:37:30,7700 Yeti Park,78227,Property Crime Calls,Burglary Vehicle,5170,WEST,SAPD-2026-1193585,29.430766,-98.640191,1788298650000,http://www.sanantonio.gov/sapd/Calls.aspx,Green,a tbd link,26,9
09/01/26, 2:15:27,5300 Military Dr W,78236,Other Calls,Disturbance,6350,SOUTH,SAPD-2026-1192858,29.373612,-98.60786,1788290127000,http://www.sanantonio.gov/sapd/Calls.aspx,Blue,a tbd link,26,9
09/01/26,10:42:14 AM,4887-4937 N LOOP 1604 W WB,78249,Traffic Calls,Traffic Related,7260,PRUE,SAPD-2026-1191987,29.592902,-98.581179,1788277334000,http://www.sanantonio.gov/sapd/Calls.aspx,Yellow,a tbd link,26,9
09/01/26, 2:17:19,3700 Belgium,78219,Other Calls,Narcotic Laws,4160,EAST,SAPD-2026-1192874,29.438649,-98.424922,1788290239000,http://www.sanantonio.gov/sapd/Calls.aspx,Blue,a tbd link,26,9
09/01/26,10:45:20 AM,2500 Martin Luther King Dr,78203,Other Calls,Missing Person - Endangered,4140,EAST,SAPD-2026-1192009,29.413359,-98.444726,1788277520000,http://www.sanantonio.gov/sapd/Calls.aspx,Blue,a tbd link,26,9
09/01/26, 2:14:35,1901-1999 SANTA MONICA ST,78201,Traffic Calls,Traffic Related,5240,WEST,SAPD-2026-1192854,29.472001,-98.5262,1788290075000,http://www.sanantonio.gov/sapd/Calls.aspx,Yellow,a tbd link,26,9
09/01/26, 4:37:00,3800 Nw Loop 410,78229,Traffic Calls,Minor Accident,5260,WEST,SAPD-2026-1193582,29.492125,-98.556195,1788298620000,http://www.sanantonio.gov/sapd/Calls.aspx,Yellow,a tbd link,26,9
09/01/26,10:43:45 AM,2800 Ih 35 N,78208,Crimes Against Person Calls,Shooting,4130,EAST,SAPD-2026-1191997,29.438903,-98.444139,1788277425000,http://www.sanantonio.gov/sapd/Calls.aspx,Red,a tbd link,26,9
09/01/26, 2:19:03,300 Anton Dr,78223,Property Crime Calls,Theft,4260,EAST,SAPD-2026-1192881,29.363813,-98.42862,1788290343000,http://www.sanantonio.gov/sapd/Calls.aspx,Green,a tbd link,26,9
09/01/26, 4:33:16,4600 S Flores St,78214,Property Crime Calls,Theft,6210,SOUTH,SAPD-2026-1193569,29.379769,-98.50064,1788298396000,http://www.sanantonio.gov/sapd/Calls.aspx,Green,a tbd link,26,9
09/01/26,10:42:47 AM,1900 S ALAMO ST,78204,Other Calls,Patrol By,1140,DOWNTOWN,SAPD-2026-1191990,29.41225,-98.502654,1788277367000,http://www.sanantonio.gov/sapd/Calls.aspx,Blue,a tbd link,26,9
09/01/26, 2:21:52,5500 Ih 10 E,78219-4505,Other Calls,Assist the Public,4240,EAST,SAPD-2026-1192893,29.43715,-98.381055,1788290512000,http://www.sanantonio.gov/sapd/Calls.aspx,Blue,a tbd link,26,9
09/01/26, 4:35:15,3600 E Houston St,78219,Traffic Calls,Minor Accident,4160,EAST,SAPD-2026-1193576,29.42532,-98.426945,1788298515000,http://www.sanantonio.gov/sapd/Calls.aspx,Yellow,a tbd link,26,9
09/01/26,10:43:16 AM,13100 JONES MALTSBERGER RD,78247,Other Calls,Patrol By,3220,NORTH,SAPD-2026-1191994,29.562231,-98.458083,1788277396000,http://www.sanantonio.gov/sapd/Calls.aspx,Blue,a tbd link,26,9
09/01/26, 2:16:36,Five Palms Dr / Old Pearsall Rd,78242,Traffic Calls,Traffic Related,6340,SOUTH,SAPD-2026-1192868,29.345962,-98.614791,1788290196000,http://www.sanantonio.gov/sapd/Calls.aspx,Yellow,a tbd link,26,9
09/01/26, 4:37:53,Somerset Rd / Sw Loop 410,78211,Traffic Calls,Traffic Related,6140,SOUTH,SAPD-2026-1193591,29.315992,-98.592123,1788298673000,http://www.sanantonio.gov/sapd/Calls.aspx,Yellow,a tbd link,26,9
09/01/26,10:47:54 AM,1600 W French Place,78201,Other Calls,Welfare Check,5210,WEST,SAPD-2026-1192017,29.451204,-98.519984,1788277674000,http://www.sanantonio.gov/sapd/Calls.aspx,Blue,a tbd link,26,9
09/01/26, 2:15:58,5600 SAN FERNANDO ST,78237,Other Calls,Patrol By,5140,WEST,SAPD-2026-1192862,29.426393,-98.571296,1788290158000,http://www.sanantonio.gov/sapd/Calls.aspx,Blue,a tbd link,26,9
09/01/26, 4:39:00,8800 Potranco Rd,78251,Other Calls,Disturbance,5350,WEST,SAPD-2026-1193595,29.444702,-98.659518,1788298740000,http://www.sanantonio.gov/sapd/Calls.aspx,Blue,a tbd link,26,9
09/01/26,10:46:42 AM,800 St Cloud,78228,Other Calls,Missing Person/Runaway,5220,WEST,SAPD-2026-1192016,29.461074,-98.549717,1788277602000,http://www.sanantonio.gov/sapd/Calls.aspx,Blue,a tbd link,26,9
09/01/26, 2:16:06,201-433 HUNT LN,78245,Traffic Calls,Traffic Related,5330,WEST,SAPD-2026-1192863,29.43467,-98.668819,1788290166000,http://www.sanantonio.gov/sapd/Calls.aspx,Yellow,a tbd link,26,9
09/01/26, 4:39:24,Us Hwy 281 N / Ne Loop 410,78216,Traffic Calls,Traffic Violation,3350,NORTH,SAPD-2026-1193599,29.520621,-98.480614,1788298764000,http://www.sanantonio.gov/sapd/Calls.aspx,Yellow,a tbd link,26,9
09/01/26, 2:16:31,12500-12598 SW LOOP 410 WB,78224,Traffic Calls,Traffic Related,6140,SOUTH,SAPD-2026-1192864,29.320156,-98.556281,1788290191000,http://www.sanantonio.gov/sapd/Calls.aspx,Yellow,a tbd link,26,9
09/01/26, 4:35:13,700 CAMARON,78207,Other Calls,Patrol By,1130,DOWNTOWN,SAPD-2026-1193575,29.431544,-98.497707,1788298513000,http://www.sanantonio.gov/sapd/Calls.aspx,Blue,a tbd link,26,9
09/01/26, 2:16:49,12401-12499 TOEPPERWEIN RD,78233,Traffic Calls,Traffic Related,NOT SAPD BEX,SAPD OUTSIDE AREA,SAPD-2026-1192869,29.552449,-98.34627,1788290209000,http://www.sanantonio.gov/sapd/Calls.aspx,Yellow,a tbd link,26,9
09/01/26,10:50:09 AM,5500 Ih 10 E,78219-4505,Other Calls,Assist the Public,4240,EAST,SAPD-2026-1192032,29.43715,-98.381055,1788277809000,http://www.sanantonio.gov/sapd/Calls.aspx,Blue,a tbd link,26,9
09/01/26, 4:35:31,100 POTOSI ST,78207,Other Calls,Patrol By,2330,CENTRAL,SAPD-2026-1193578,29.413422,-98.518302,1788298531000,http://www.sanantonio.gov/sapd/Calls.aspx,Blue,a tbd link,26,9
09/01/26, 2:18:16,Five Palms Dr / Old Pearsall Rd,78242,Traffic Calls,Traffic Related,6340,SOUTH,SAPD-2026-1192876,29.345962,-98.614791,1788290296000,http://www.sanantonio.gov/sapd/Calls.aspx,Yellow,a tbd link,26,9
09/01/26,10:44:10 AM,13100 JONES MALTSBERGER RD,78247,Other Calls,Patrol By,3220,NORTH,SAPD-2026-1192000,29.562231,-98.458083,1788277450000,http://www.sanantonio.gov/sapd/Calls.aspx,Blue,a tbd link,26,9
09/01/26, 4:38:47,N Navidad / W Craig Place,78201,Traffic Calls,Traffic Violation,5210,WEST,SAPD-2026-1193594,29.452231,-98.51949,1788298727000,http://www.sanantonio.gov/sapd/Calls.aspx,Yellow,a tbd link,26,9
09/01/26, 2:17:16,14701-14799 HENDERSON PASS,78232,Traffic Calls,Traffic Related,3140,NORTH,SAPD-2026-1192872,29.576152,-98.460778,1788290236000,http://www.sanantonio.gov/sapd/Calls.aspx,Yellow,a tbd link,26,9
09/01/26,10:45:06 AM,712-815 S Ww White Rd,78220,Other Calls,Assist the Public,4240,EAST,SAPD-2026-1192008,29.418308,-98.405553,1788277506000,http://www.sanantonio.gov/sapd/Calls.aspx,Blue,a tbd link,26,9
09/01/26, 4:37:57,Lookout Rdg / Lookout Bend,78233,Traffic Calls,Minor Accident,3250,NORTH,SAPD-2026-1193587,29.560262,-98.370282,1788298677000,http://www.sanantonio.gov/sapd/Calls.aspx,Yellow,a tbd link,26,9
09/01/26, 2:18:48,Vance Jackson Rd / Fredericksburg Rd,78201,Other Calls,Welfare Check,5230,WEST,SAPD-2026-1192877,29.473346,-98.5349,1788290328000,http://www.sanantonio.gov/sapd/Calls.aspx,Blue,a tbd link,26,9
09/01/26,10:45:42 AM,900 Montezuma,78207,Other Calls,DOA,2330,CENTRAL,SAPD-2026-1192012,29.418695,-98.523755,1788277542000,http://www.sanantonio.gov/sapd/Calls.aspx,Blue,a tbd link,26,9
09/01/26, 4:39:13,300 Lebanon St,78223,Traffic Calls,Minor Accident,6270,SOUTH,SAPD-2026-1193596,29.329748,-98.425787,1788298753000,http://www.sanantonio.gov/sapd/Calls.aspx,Yellow,a tbd link,26,9
09/01/26, 2:19:02,6800 Park Ten Blvd,78213,Other Calls,Disturbance,2230,CENTRAL,SAPD-2026-1192888,29.488611,-98.543333,1788290342000,http://www.sanantonio.gov/sapd/Calls.aspx,Blue,a tbd link,26,9
09/01/26,10:46:51 AM,2552-2598 Ih 10 E Eb,78210,Other Calls,Disturbance Family,4150,EAST,SAPD-2026-1192015,29.401534,-98.453162,1788277611000,http://www.sanantonio.gov/sapd/Calls.aspx,Blue,a tbd link,26,9
09/01/26, 4:37:01,5100 OLD PEARSALL RD,78242,Other Calls,Patrol By,6340,SOUTH,SAPD-2026-1193583,29.359418,-98.596511,1788298621000,http://www.sanantonio.gov/sapd/Calls.aspx,Blue,a tbd link,26,9
09/01/26, 2:19:19,8800 Adams Hill Dr,78227,Other Calls,Patrol By,5340,WEST,SAPD-2026-1192879,29.410445,-98.659513,1788290359000,http://www.sanantonio.gov/sapd/Calls.aspx,Blue,a tbd link,26,9
09/01/26,10:45:37 AM,900 Montezuma,78207,Other Calls,DOA,2330,CENTRAL,SAPD-2026-1192011,29.418695,-98.523755,1788277537000,http://www.sanantonio.gov/sapd/Calls.aspx,Blue,a tbd link,26,9
09/01/26, 2:25:08,8800 Meadow Range,78250,Crimes Against Person Calls,Assault,7330,PRUE,SAPD-2026-1192911,29.480542,-98.652165,1788290708000,http://www.sanantonio.gov/sapd/Calls.aspx,Red,a tbd link,26,9
09/01/26,10:48:36 AM,6800 Ingram Rd,78238,Other Calls,Disturbance,5310,WEST,SAPD-2026-1192022,29.462922,-98.62292,1788277716000,http://www.sanantonio.gov/sapd/Calls.aspx,Blue,a tbd link,26,9
09/01/26, 2:18:25,1001-1099 WEST AVE,78201,Traffic Calls,Traffic Related,5240,WEST,SAPD-2026-1192875,29.471436,-98.52601,1788290305000,http://www.sanantonio.gov/sapd/Calls.aspx,Yellow,a tbd link,26,9
09/01/26, 4:43:30,400 Hazel St,78207,Other Calls,Miscellaneous,2340,CENTRAL,SAPD-2026-1193611,29.407396,-98.523785,1788299010000,http://www.sanantonio.gov/sapd/Calls.aspx,Blue,a tbd link,26,9
09/01/26,10:48:05 AM,500 S San Horacio Ave,78237,Other Calls,Welfare Check,5110,WEST,SAPD-2026-1192049,29.425248,-98.561938,1788277685000,http://www.sanantonio.gov/sapd/Calls.aspx,Blue,a tbd link,26,9
09/01/26, 2:19:09,700 W Mayfield Blvd,78211,Other Calls,Information,6130,SOUTH,SAPD-2026-1192903,29.362151,-98.535356,1788290349000,http://www.sanantonio.gov/sapd/Calls.aspx,Blue,a tbd link,26,9
09/01/26, 4:42:59,1500 Upland Dr,78219,Other Calls,Welfare Check,4230,EAST,SAPD-2026-1193617,29.427773,-98.414446,1788298979000,http://www.sanantonio.gov/sapd/Calls.aspx,Blue,a tbd link,26,9
09/01/26,10:48:25 AM,W Commerce St / N Frio St,78207,Traffic Calls,Traffic Related,2310,CENTRAL,SAPD-2026-1192025,29.426097,-98.503776,1788277705000,http://www.sanantonio.gov/sapd/Calls.aspx,Yellow,a tbd link,26,9
09/01/26, 2:20:15,Nacogdoches Rd / E Basse Rd,78209,Traffic Calls,Major Accident,3330,NORTH,SAPD-2026-1192883,29.497357,-98.466552,1788290415000,http://www.sanantonio.gov/sapd/Calls.aspx,Yellow,a tbd link,26,9
09/01/26, 4:39:20,18400-18498 Wurzbach Pkwy Eb,78217,Traffic Calls,Minor Accident,3230,NORTH,SAPD-2026-1193598,29.534821,-98.400165,1788298760000,http://www.sanantonio.gov/sapd/Calls.aspx,Yellow,a tbd link,26,9
09/01/26,10:51:21 AM,8100 Bent Meadow Dr,78109,Other Calls,SAPD Non-Emergency Call,NOT SAPD BEX,SAPD OUTSIDE AREA,SAPD-2026-1192036,29.492546,-98.326096,1788277881000,http://www.sanantonio.gov/sapd/Calls.aspx,Blue,a tbd link,26,9
09/01/26, 2:19:20,900 E Basse Rd,78209,Traffic Calls,Major Accident,3330,NORTH,SAPD-2026-1192878,29.496383,-98.469605,1788290360000,http://www.sanantonio.gov/sapd/Calls.aspx,Yellow,a tbd link,26,9
09/01/26, 4:44:49,10200 Dreamland,78230,Other Calls,Property Found,7210,PRUE,SAPD-2026-1193621,29.533603,-98.54338,1788299089000,http://www.sanantonio.gov/sapd/Calls.aspx,Blue,a tbd link,26,9
09/01/26, 2:19:58,E Basse Rd / Nacogdoches Rd,78209,Traffic Calls,Minor Accident,3330,NORTH,SAPD-2026-1192884,29.497357,-98.466552,1788290398000,http://www.sanantonio.gov/sapd/Calls.aspx,Yellow,a tbd link,26,9
09/01/26, 4:42:29,4100 S New Braunfels Ave,78223,Property Crime Calls,Theft of Vehicle,4220,EAST,SAPD-2026-1193605,29.3796,-98.4583,1788298949000,http://www.sanantonio.gov/sapd/Calls.aspx,Green,a tbd link,26,9
09/01/26, 2:21:37,13500 Blk Ih 35 S Sb,78073,Other Calls,SAPD Emergency Call,NOT SAPD BEX,SAPD OUTSIDE AREA,SAPD-2026-1192890,29.288838,-98.643902,1788290497000,http://www.sanantonio.gov/sapd/Calls.aspx,Blue,a tbd link,26,9
09/01/26, 4:40:42,1700 W Mistletoe Ave,78201,Property Crime Calls,Burglary Vehicle,5210,WEST,SAPD-2026-1193601,29.454909,-98.524049,1788298842000,http://www.sanantonio.gov/sapd/Calls.aspx,Green,a tbd link,26,9
09/01/26, 2:19:31,900 E Basse Rd,78209,Traffic Calls,Major Accident,3330,NORTH,SAPD-2026-1192882,29.496383,-98.469605,1788290371000,http://www.sanantonio.gov/sapd/Calls.aspx,Yellow,a tbd link,26,9
09/01/26,10:49:38 AM,100 Castroville Rd,78207,Other Calls,Disturbance,2350,CENTRAL,SAPD-2026-1192026,29.420556,-98.538056,1788277778000,http://www.sanantonio.gov/sapd/Calls.aspx,Blue,a tbd link,26,9
09/01/26,10:49:04 AM,1300 W Gramercy Place,78201,Property Crime Calls,Theft,5240,WEST,SAPD-2026-1192024,29.460778,-98.516716,1788277744000,http://www.sanantonio.gov/sapd/Calls.aspx,Green,a tbd link,26,9
09/01/26, 2:20:22,963-999 E Basse Rd,78209,Traffic Calls,Major Accident,3330,NORTH,SAPD-2026-1192885,29.496637,-98.468944,1788290422000,http://www.sanantonio.gov/sapd/Calls.aspx,Yellow,a tbd link,26,9
09/01/26,10:50:48 AM,13500 Fm 1937,78221,Other Calls,SAPD Non-Emergency Call,NOT SAPD BEX,SAPD OUTSIDE AREA,SAPD-2026-1192033,29.286161,-98.46714,1788277848000,http://www.sanantonio.gov/sapd/Calls.aspx,Blue,a tbd link,26,9
09/01/26, 4:42:33,26200 Cuyahoga Cir,78260,Traffic Calls,Traffic Related,3170,NORTH,SAPD-2026-1193606,29.669962,-98.505438,1788298953000,http://www.sanantonio.gov/sapd/Calls.aspx,Yellow,a tbd link,26,9
09/01/26, 2:20:34,7600 Blanco Rd,78216,Other Calls,Disturbance,3110,NORTH,SAPD-2026-1192886,29.529701,-98.505223,1788290434000,http://www.sanantonio.gov/sapd/Calls.aspx,Blue,a tbd link,26,9
09/01/26,10:51:04 AM,3100 Dana Cir,78224,Other Calls,Disturbance,6160,SOUTH,SAPD-2026-1192034,29.308369,-98.560341,1788277864000,http://www.sanantonio.gov/sapd/Calls.aspx,Blue,a tbd link,26,9
09/01/26, 4:41:38,12800 Ih 10 W,78249,Other Calls,Disturbance,7340,PRUE,SAPD-2026-1193602,29.56366,-98.592189,1788298898000,http://www.sanantonio.gov/sapd/Calls.aspx,Blue,a tbd link,26,9
09/01/26, 2:22:54,1000 S Brazos St,78207,Traffic Calls,Minor Accident,2330,CENTRAL,SAPD-2026-1192899,29.416885,-98.514886,1788290574000,http://www.sanantonio.gov/sapd/Calls.aspx,Yellow,a tbd link,26,9
09/01/26,10:51:12 AM,800 E Commerce St,78205,Other Calls,Disturbance,1110,DOWNTOWN,SAPD-2026-1192035,29.424237,-98.486061,1788277872000,http://www.sanantonio.gov/sapd/Calls.aspx,Blue,a tbd link,26,9
09/01/26, 4:42:59,5700 Errol Flynn Dr,78240,Other Calls,Welfare Check,7160,PRUE,SAPD-2026-1193608,29.502576,-98.600038,1788298979000,http://www.sanantonio.gov/sapd/Calls.aspx,Blue,a tbd link,26,9
09/01/26, 2:21:46,5300 Blanco Rd,78216,Crimes Against Person Calls,Assault In Progress,3310,NORTH,SAPD-2026-1192892,29.499135,-98.507815,1788290506000,http://www.sanantonio.gov/sapd/Calls.aspx,Red,a tbd link,26,9
09/01/26,10:49:03 AM,3900 N ST MARY'S ST,78212,Other Calls,Patrol By,1230,DOWNTOWN,SAPD-2026-1192023,29.462365,-98.472521,1788277743000,http://www.sanantonio.gov/sapd/Calls.aspx,Blue,a tbd link,26,9
09/01/26, 4:43:59,14900 Nacogdoches Rd,78233,Other Calls,Disturbance Family,3250,NORTH,SAPD-2026-1193619,29.574504,-98.375475,1788299039000,http://www.sanantonio.gov/sapd/Calls.aspx,Blue,a tbd link,26,9
09/01/26, 2:24:32,11200 Disco,78216,Other Calls,Welfare Check,3130,NORTH,SAPD-2026-1192905,29.542725,-98.474347,1788290672000,http://www.sanantonio.gov/sapd/Calls.aspx,Blue,a tbd link,26,9
09/01/26,10:50:05 AM,3900 N ST MARY'S ST,78212,Other Calls,Patrol By,1230,DOWNTOWN,SAPD-2026-1192028,29.462156,-98.473131,1788277805000,http://www.sanantonio.gov/sapd/Calls.aspx,Blue,a tbd link,26,9
09/01/26, 4:48:04,8600 Midnight Moon,78245,Other Calls,Missing Person - Endangered,5330,WEST,SAPD-2026-1193634,29.423178,-98.655773,1788299284000,http://www.sanantonio.gov/sapd/Calls.aspx,Blue,a tbd link,26,9
09/01/26, 2:22:34,Blanco Rd / Dresden Dr,78216,Crimes Against Person Calls,Assault In Progress,3310,NORTH,SAPD-2026-1192896,29.499041,-98.507816,1788290554000,http://www.sanantonio.gov/sapd/Calls.aspx,Red,a tbd link,26,9
09/01/26,10:52:06 AM,300 W Petaluma Blvd,78221,Other Calls,Wanted Person,6150,SOUTH,SAPD-2026-1192037,29.339758,-98.511393,1788277926000,http://www.sanantonio.gov/sapd/Calls.aspx,Blue,a tbd link,26,9
09/01/26, 4:43:18,5800 Cary Grant Dr,78240,Other Calls,Welfare Check,7160,PRUE,SAPD-2026-1193610,29.50281,-98.60201,1788298998000,http://www.sanantonio.gov/sapd/Calls.aspx,Blue,a tbd link,26,9
09/01/26,10:50:09 AM,1900 W MARTIN ST,78207,Other Calls,Patrol By,2310,CENTRAL,SAPD-2026-1192030,29.430808,-98.512811,1788277809000,http://www.sanantonio.gov/sapd/Calls.aspx,Blue,a tbd link,26,9
09/01/26, 4:42:53,Bandera Rd / St Cloud,78228,Traffic Calls,Minor Accident,5210,WEST,SAPD-2026-1193607,29.453986,-98.550657,1788298973000,http://www.sanantonio.gov/sapd/Calls.aspx,Yellow,a tbd link,26,9
09/01/26,10:53:06 AM,300 St Cloud,78228,Other Calls,Missing Person - Endangered,5220,WEST,SAPD-2026-1192046,29.45978,-98.549875,1788277986000,http://www.sanantonio.gov/sapd/Calls.aspx,Blue,a tbd link,26,9
09/01/26, 2:22:08,1201-1299 WEST AVE,78201,Traffic Calls,Traffic Related,5240,WEST,SAPD-2026-1192894,29.473073,-98.526007,1788290528000,http://www.sanantonio.gov/sapd/Calls.aspx,Yellow,a tbd link,26,9
09/01/26, 4:44:23,10400 West Ave,78213,Traffic Calls,Minor Accident,3110,NORTH,SAPD-2026-1193618,29.535663,-98.520613,1788299063000,http://www.sanantonio.gov/sapd/Calls.aspx,Yellow,a tbd link,26,9
09/01/26,10:52:48 AM,5500 Ih 10 E,78219-4505,Other Calls,Assist the Public,4240,EAST,SAPD-2026-1192039,29.43715,-98.381055,1788277968000,http://www.sanantonio.gov/sapd/Calls.aspx,Blue,a tbd link,26,9
09/01/26, 2:22:48,5300 Blanco Rd,78216,Crimes Against Person Calls,Assault In Progress,3310,NORTH,SAPD-2026-1192897,29.499135,-98.507815,1788290568000,http://www.sanantonio.gov/sapd/Calls.aspx,Red,a tbd link,26,9
09/01/26, 4:43:06,Hardy Oak Blvd / Agora Palms Dr,78258,Traffic Calls,Traffic Related,3160,NORTH,SAPD-2026-1193609,29.618619,-98.476322,1788298986000,http://www.sanantonio.gov/sapd/Calls.aspx,Yellow,a tbd link,26,9
09/01/26,10:52:40 AM,2500 Sw Military Dr,78224,Other Calls,Animal Related,6130,SOUTH,SAPD-2026-1192047,29.355505,-98.535242,1788277960000,http://www.sanantonio.gov/sapd/Calls.aspx,Blue,a tbd link,26,9
09/01/26, 2:23:38,12000 Culebra Rd,78253,Crimes Against Person Calls,Assault In Progress,5350,WEST,SAPD-2026-1192902,29.505375,-98.730411,1788290618000,http://www.sanantonio.gov/sapd/Calls.aspx,Red,a tbd link,26,9
09/01/26, 4:43:37,9500 Culebra Rd,78251,Other Calls,Disturbance,7370,PRUE,SAPD-2026-1193612,29.487203,-98.670219,1788299017000,http://www.sanantonio.gov/sapd/Calls.aspx,Blue,a tbd link,26,9
09/01/26,10:55:11 AM,1100 E Sonterra Blvd,78258,Crimes Against Person Calls,Assault,3160,NORTH,SAPD-2026-1192051,29.616566,-98.474706,1788278111000,http://www.sanantonio.gov/sapd/Calls.aspx,Red,a tbd link,26,9
09/01/26, 2:24:45,12000 Nacogdoches Rd,78217,Other Calls,Disturbance,3210,NORTH,SAPD-2026-1192906,29.548627,-98.410708,1788290685000,http://www.sanantonio.gov/sapd/Calls.aspx,Blue,a tbd link,26,9
09/01/26, 4:44:21,4100 S Presa St,78223,Traffic Calls,Traffic Violation,6220,SOUTH,SAPD-2026-1193616,29.382173,-98.477745,1788299061000,http://www.sanantonio.gov/sapd/Calls.aspx,Yellow,a tbd link,26,9
09/01/26,10:53:18 AM,2600 Montebello,78259,Traffic Calls,Abandoned Vehicle,3150,NORTH,SAPD-2026-1192045,29.634013,-98.435845,1788277998000,http://www.sanantonio.gov/sapd/Calls.aspx,Yellow,a tbd link,26,9
09/01/26, 2:25:13,1261-1599 Sw Loop 410 Sb,78227,Traffic Calls,Traffic Related,5330,WEST,SAPD-2026-1192909,29.424938,-98.649658,1788290713000,http://www.sanantonio.gov/sapd/Calls.aspx,Yellow,a tbd link,26,9
09/01/26, 4:44:25,11200 State Hwy 151,78251,Other Calls,Welfare Check,5360,WEST,SAPD-2026-1193614,29.467225,-98.696111,1788299065000,http://www.sanantonio.gov/sapd/Calls.aspx,Blue,a tbd link,26,9
09/01/26,10:53:11 AM,4100 S LOOP 1604 E,78264,Other Calls,Disturbance,6280,SOUTH,SAPD-2026-1192044,29.219237,-98.414344,1788277991000,http://www.sanantonio.gov/sapd/Calls.aspx,Blue,a tbd link,26,9
09/01/26, 2:23:44,9300-9398 SUGARLOAF DR,78245,Traffic Calls,Traffic Related,5330,WEST,SAPD-2026-1192904,29.431695,-98.669231,1788290624000,http://www.sanantonio.gov/sapd/Calls.aspx,Yellow,a tbd link,26,9
09/01/26,10:56:30 AM,1500 Cable Ranch Rd,78245,Other Calls,Disturbance Family,5330,WEST,SAPD-2026-1192058,29.42731,-98.654614,1788278190000,http://www.sanantonio.gov/sapd/Calls.aspx,Blue,a tbd link,26,9
09/01/26, 2:26:24,E0 N Loop 1604 W Ofrp Sb Ih 10 W,78249,Traffic Calls,Traffic Related,7250,PRUE,SAPD-2026-1192920,29.589943,-98.600788,1788290784000,http://www.sanantonio.gov/sapd/Calls.aspx,Yellow,a tbd link,26,9
09/01/26,10:55:46 AM,Crooked Trl / Starting Gate,78227,Other Calls,Assist the Public,6360,SOUTH,SAPD-2026-1192055,29.392936,-98.649383,1788278146000,http://www.sanantonio.gov/sapd/Calls.aspx,Blue,a tbd link,26,9
09/01/26, 4:45:35,6000 Us Hwy 87 E,78222,Traffic Calls,Minor Accident,4250,EAST,SAPD-2026-1193623,29.396725,-98.372383,1788299135000,http://www.sanantonio.gov/sapd/Calls.aspx,Yellow,a tbd link,26,9
09/01/26, 2:26:08,9800 Ih 10 W,78230,Traffic Calls,Abandoned Vehicle,7220,PRUE,SAPD-2026-1192916,29.53269,-98.563101,1788290768000,http://www.sanantonio.gov/sapd/Calls.aspx,Yellow,a tbd link,26,9
09/01/26,10:55:11 AM,700 Bailey Ave,78210,Other Calls,Visitation Violation,4150,EAST,SAPD-2026-1192053,29.394455,-98.460396,1788278111000,http://www.sanantonio.gov/sapd/Calls.aspx,Blue,a tbd link,26,9
09/01/26, 4:44:03,11000-11198 State Hwy 151,78251,Other Calls,Suspicious Person,5360,WEST,SAPD-2026-1193620,29.462828,-98.692378,1788299043000,http://www.sanantonio.gov/sapd/Calls.aspx,Blue,a tbd link,26,9
09/01/26, 2:27:50,6800 Us Hwy 90 W,78227,Property Crime Calls,Theft,5150,WEST,SAPD-2026-1192927,29.403539,-98.62683,1788290870000,http://www.sanantonio.gov/sapd/Calls.aspx,Green,a tbd link,26,9
09/01/26,10:58:20 AM,500 Cordelia,78237,Crimes Against Person Calls,Threats,5110,WEST,SAPD-2026-1192069,29.428342,-98.551715,1788278300000,http://www.sanantonio.gov/sapd/Calls.aspx,Red,a tbd link,26,9
09/01/26, 4:44:57,11200 State Hwy 151,78251,Other Calls,Miscellaneous,5360,WEST,SAPD-2026-1193626,29.467604,-98.695325,1788299097000,http://www.sanantonio.gov/sapd/Calls.aspx,Blue,a tbd link,26,9
09/01/26, 2:26:47,7400 San Pedro Ave,78216,Traffic Calls,Minor Accident,3320,NORTH,SAPD-2026-1192921,29.518438,-98.495355,1788290807000,http://www.sanantonio.gov/sapd/Calls.aspx,Yellow,a tbd link,26,9
09/01/26,10:56:02 AM,Clark Ave / J St,78210,Traffic Calls,Traffic Related,4140,EAST,SAPD-2026-1192057,29.404443,-98.44926,1788278162000,http://www.sanantonio.gov/sapd/Calls.aspx,Yellow,a tbd link,26,9
09/01/26, 4:47:15,8800 Potranco Rd,78251,Other Calls,Disturbance,5350,WEST,SAPD-2026-1193627,29.444702,-98.659518,1788299235000,http://www.sanantonio.gov/sapd/Calls.aspx,Blue,a tbd link,26,9
09/01/26, 2:24:48,435-441 HUNT LN,78245,Traffic Calls,Traffic Related,5330,WEST,SAPD-2026-1192907,29.432101,-98.668904,1788290688000,http://www.sanantonio.gov/sapd/Calls.aspx,Yellow,a tbd link,26,9
09/01/26,10:57:38 AM,800 Proctor Blvd,78221,Traffic Calls,Minor Accident,6150,SOUTH,SAPD-2026-1192066,29.34156,-98.523735,1788278258000,http://www.sanantonio.gov/sapd/Calls.aspx,Yellow,a tbd link,26,9
09/01/26, 4:45:34,200 S Alamo St,78205,Other Calls,Disturbance,1110,DOWNTOWN,SAPD-2026-1193624,29.422919,-98.487417,1788299134000,http://www.sanantonio.gov/sapd/Calls.aspx,Blue,a tbd link,26,9
09/01/26, 2:27:04,1500 Goliad Rd,78223,Crimes Against Person Calls,Threats,4220,EAST,SAPD-2026-1192924,29.372866,-98.447092,1788290824000,http://www.sanantonio.gov/sapd/Calls.aspx,Red,a tbd link,26,9
09/01/26,10:55:17 AM,200 TULETA,78212,Other Calls,Patrol By,1230,DOWNTOWN,SAPD-2026-1192054,29.463197,-98.475669,1788278117000,http://www.sanantonio.gov/sapd/Calls.aspx,Blue,a tbd link,26,9
09/01/26, 4:44:58,1324-1398 IH 10 W SB,78207,Traffic Calls,Traffic Related,2310,CENTRAL,SAPD-2026-1193622,29.44004,-98.508235,1788299098000,http://www.sanantonio.gov/sapd/Calls.aspx,Yellow,a tbd link,26,9
09/01/26,11:00:21 AM,600 Sw Loop 410,78245,Crimes Against Person Calls,Assault,5330,WEST,SAPD-2026-1192074,29.431111,-98.650858,1788278421000,http://www.sanantonio.gov/sapd/Calls.aspx,Red,a tbd link,26,9
09/01/26, 4:48:13,200 Valley Hi Dr,78227,Property Crime Calls,Burglary,6360,SOUTH,SAPD-2026-1193639,29.382162,-98.636267,1788299293000,http://www.sanantonio.gov/sapd/Calls.aspx,Green,a tbd link,26,9
09/01/26,10:59:30 AM,200 Florencia,78228,Traffic Calls,Abandoned Vehicle,5130,WEST,SAPD-2026-1192073,29.444349,-98.583292,1788278370000,http://www.sanantonio.gov/sapd/Calls.aspx,Yellow,a tbd link,26,9
09/01/26, 2:25:23,4700 FREDERICKSBURG RD,78229,Crimes Against Person Calls,Disturbance (Gun Involved),7110,PRUE,SAPD-2026-1192912,29.495121,-98.554608,1788290723000,http://www.sanantonio.gov/sapd/Calls.aspx,Red,a tbd link,26,9
09/01/26, 4:48:23,23700 BULVERDE RD,78259,Traffic Calls,Minor Accident,3150,NORTH,SAPD-2026-1193631,29.661693,-98.435098,1788299303000,http://www.sanantonio.gov/sapd/Calls.aspx,Yellow,a tbd link,26,9
09/01/26,10:57:19 AM,10000 Huebner Rd,78240,Traffic Calls,Accident Private Property,7310,PRUE,SAPD-2026-1192061,29.536132,-98.587454,1788278239000,http://www.sanantonio.gov/sapd/Calls.aspx,Yellow,a tbd link,26,9
09/01/26, 2:25:19,S0 LOOP 410 NB,78211,Traffic Calls,Traffic Related,6330,SOUTH,SAPD-2026-1192910,29.318925,-98.612678,1788290719000,http://www.sanantonio.gov/sapd/Calls.aspx,Yellow,a tbd link,26,9
09/01/26, 4:48:44,NW LOOP 410 EB / FREDERICKSBURG RD,78229,Traffic Calls,Traffic Related,5260,WEST,SAPD-2026-1193635,29.494025,-98.554616,1788299324000,http://www.sanantonio.gov/sapd/Calls.aspx,Yellow,a tbd link,26,9
09/01/26,10:57:53 AM,700 Tower Of The Americas Way,78205,Property Crime Calls,Theft,1110,DOWNTOWN,SAPD-2026-1192067,29.419157,-98.482036,1788278273000,http://www.sanantonio.gov/sapd/Calls.aspx,Green,a tbd link,26,9
09/01/26, 2:27:42,4700 Fredericksburg Rd,78229,Other Calls,Disturbance,7110,PRUE,SAPD-2026-1192926,29.495121,-98.554608,1788290862000,http://www.sanantonio.gov/sapd/Calls.aspx,Blue,a tbd link,26,9
09/01/26, 4:53:38,11100 Ballard Peak,78254,Other Calls,SAPD Non-Emergency Call,NOT SAPD BEX,SAPD OUTSIDE AREA,SAPD-2026-1193658,29.508674,-98.711592,1788299618000,http://www.sanantonio.gov/sapd/Calls.aspx,Blue,a tbd link,26,9
09/01/26,10:56:42 AM,1800 Lee Hall,78201,Other Calls,Disturbance,5240,WEST,SAPD-2026-1192059,29.476056,-98.524941,1788278202000,http://www.sanantonio.gov/sapd/Calls.aspx,Blue,a tbd link,26,9
09/01/26, 2:26:04,1200-1222 S ST MARY'S ST,78210,Traffic Calls,Traffic Related,1110,DOWNTOWN,SAPD-2026-1192915,29.41095,-98.487951,1788290764000,http://www.sanantonio.gov/sapd/Calls.aspx,Yellow,a tbd link,26,9
09/01/26, 4:47:38,10400-10698 Us Hwy 281 N Nb,78216,Traffic Calls,Traffic Related,3350,NORTH,SAPD-2026-1193629,29.536875,-98.492076,1788299258000,http://www.sanantonio.gov/sapd/Calls.aspx,Yellow,a tbd link,26,9
09/01/26,10:58:11 AM,Linden Ave / Lardner St,78211,Crimes Against Person Calls,Suspicious Person with Knife,6120,SOUTH,SAPD-2026-1192068,29.367287,-98.529628,1788278291000,http://www.sanantonio.gov/sapd/Calls.aspx,Red,a tbd link,26,9
09/01/26, 2:28:20,1700 E Crockett St,78202,Other Calls,Information,4140,EAST,SAPD-2026-1192930,29.42339,-98.458172,1788290900000,http://www.sanantonio.gov/sapd/Calls.aspx,Blue,a tbd link,26,9
09/01/26, 4:51:19,500 Sims Ave,78225,Other Calls,Disturbance Neighbor,6110,SOUTH,SAPD-2026-1193652,29.383678,-98.518288,1788299479000,http://www.sanantonio.gov/sapd/Calls.aspx,Blue,a tbd link,26,9
09/01/26,11:00:54 AM,11600 Bandera Rd,78249,Traffic Calls,Accident Private Property,7350,PRUE,SAPD-2026-1192079,29.552767,-98.663909,1788278454000,http://www.sanantonio.gov/sapd/Calls.aspx,Yellow,a tbd link,26,9
09/01/26, 2:29:46,8200 Robin Hill,78230,Crimes Against Person Calls,Disturbance (Gun Involved),7210,PRUE,SAPD-2026-1192936,29.513437,-98.543193,1788290986000,http://www.sanantonio.gov/sapd/Calls.aspx,Red,a tbd link,26,9
09/01/26,10:58:28 AM,5600 Utsa Blvd,78249,Traffic Calls,Minor Accident,7250,PRUE,SAPD-2026-1192071,29.574722,-98.595833,1788278308000,http://www.sanantonio.gov/sapd/Calls.aspx,Yellow,a tbd link,26,9
09/01/26, 2:26:32,300 N NEW BRAUNFELS AVE,78202,Other Calls,Patrol By,4140,EAST,SAPD-2026-1192919,29.422778,-98.460772,1788290792000,http://www.sanantonio.gov/sapd/Calls.aspx,Blue,a tbd link,26,9
09/01/26,11:00:09 AM,2300 Sw Military Dr,78224,Other Calls,Welfare Check,6130,SOUTH,SAPD-2026-1192076,29.356652,-98.531131,1788278409000,http://www.sanantonio.gov/sapd/Calls.aspx,Blue,a tbd link,26,9
09/01/26, 4:52:46,19000 Talavera Rdg,78257,Other Calls,Assist the Public,7260,PRUE,SAPD-2026-1193651,29.618783,-98.601261,1788299566000,http://www.sanantonio.gov/sapd/Calls.aspx,Blue,a tbd link,26,9
09/01/26, 2:34:20,900 H St,78220,Property Crime Calls,Theft,4230,EAST,SAPD-2026-1192949,29.406675,-98.432213,1788291260000,http://www.sanantonio.gov/sapd/Calls.aspx,Green,a tbd link,26,9
09/01/26,10:57:24 AM,I0 10 W NB,78201,Traffic Calls,Traffic Related,NOT SAPD BEX - 5,SAPD OUTSIDE AREA,SAPD-2026-1192060,29.488749,-98.545087,1788278244000,http://www.sanantonio.gov/sapd/Calls.aspx,Yellow,a tbd link,26,9
09/01/26, 4:48:28,15520-15622 O'CONNOR RD,78247,Traffic Calls,Traffic Related,3240,NORTH,SAPD-2026-1193632,29.582396,-98.393734,1788299308000,http://www.sanantonio.gov/sapd/Calls.aspx,Yellow,a tbd link,26,9
09/01/26, 2:28:04,1900-2160 N LOOP 1604 W EB,78248,Traffic Calls,Traffic Related,7240,PRUE,SAPD-2026-1192928,29.607659,-98.525316,1788290884000,http://www.sanantonio.gov/sapd/Calls.aspx,Yellow,a tbd link,26,9
09/01/26,10:57:44 AM,LOOP 1604 W EB,78231,Traffic Calls,Traffic Related,7260,PRUE,SAPD-2026-1192064,29.60149,-98.549026,1788278264000,http://www.sanantonio.gov/sapd/Calls.aspx,Yellow,a tbd link,26,9
09/01/26, 4:48:33,201-299 CAMARON,78205,Other Calls,Patrol By,1120,DOWNTOWN,SAPD-2026-1193633,29.426774,-98.496077,1788299313000,http://www.sanantonio.gov/sapd/Calls.aspx,Blue,a tbd link,26,9
09/01/26, 2:30:56,W0 Ne Lp 410 Ofrp Perrin Beitel,78218,Traffic Calls,Major Accident,3230,NORTH,SAPD-2026-1192937,29.516129,-98.406094,1788291056000,http://www.sanantonio.gov/sapd/Calls.aspx,Yellow,a tbd link,26,9
09/01/26,11:00:58 AM,6500 Alsbrook Dr,78223,Crimes Against Person Calls,Threats,4260,EAST,SAPD-2026-1192080,29.363474,-98.417458,1788278458000,http://www.sanantonio.gov/sapd/Calls.aspx,Red,a tbd link,26,9
09/01/26, 4:50:18,1500 W Contour Dr,78212,Property Crime Calls,Burglary,1240,DOWNTOWN,SAPD-2026-1193643,29.486206,-98.498134,1788299418000,http://www.sanantonio.gov/sapd/Calls.aspx,Green,a tbd link,26,9
09/01/26, 2:29:49,Ne Loop 410 Wb / Sb Ih 35 N Onrp Nb Austin Hwy,78218,Traffic Calls,Minor Accident,3230,NORTH,SAPD-2026-1192932,29.516496,-98.402726,1788290989000,http://www.sanantonio.gov/sapd/Calls.aspx,Yellow,a tbd link,26,9
09/01/26,11:04:20 AM,2000 Amerada,78237,Other Calls,Information,5120,WEST,SAPD-2026-1192101,29.408029,-98.55577,1788278660000,http://www.sanantonio.gov/sapd/Calls.aspx,Blue,a tbd link,26,9
09/01/26, 4:50:33,Vance Jackson Rd / Vernlyn,78230,Traffic Calls,Major Accident,7210,PRUE,SAPD-2026-1193646,29.531259,-98.543308,1788299433000,http://www.sanantonio.gov/sapd/Calls.aspx,Yellow,a tbd link,26,9
09/01/26, 2:31:52,200 Covina Ave,78218,Other Calls,Welfare Check,4360,EAST,SAPD-2026-1192939,29.498261,-98.410307,1788291112000,http://www.sanantonio.gov/sapd/Calls.aspx,Blue,a tbd link,26,9
09/01/26,10:59:24 AM,400 LEXINGTON AVE,78215,Other Calls,Patrol By,1130,DOWNTOWN,SAPD-2026-1192072,29.434109,-98.490701,1788278364000,http://www.sanantonio.gov/sapd/Calls.aspx,Blue,a tbd link,26,9
09/01/26, 4:50:12,Sinsonte / Vance Jackson Rd,78230,Traffic Calls,Major Accident,7210,PRUE,SAPD-2026-1193642,29.53094,-98.542951,1788299412000,http://www.sanantonio.gov/sapd/Calls.aspx,Yellow,a tbd link,26,9
09/01/26,11:01:57 AM,300 S Santa Rosa,78207,Property Crime Calls,Forgery,1120,DOWNTOWN,SAPD-2026-1192088,29.422991,-98.498385,1788278517000,http://www.sanantonio.gov/sapd/Calls.aspx,Green,a tbd link,26,9
09/01/26, 4:49:13,5438-5499 Vance Jackson Rd,78230,Traffic Calls,Major Accident,7210,PRUE,SAPD-2026-1193636,29.531012,-98.543035,1788299353000,http://www.sanantonio.gov/sapd/Calls.aspx,Yellow,a tbd link,26,9
09/01/26,11:02:17 AM,400 Otto St,78224,Property Crime Calls,Theft,6320,SOUTH,SAPD-2026-1192090,29.360667,-98.542293,1788278537000,http://www.sanantonio.gov/sapd/Calls.aspx,Green,a tbd link,26,9
09/01/26, 2:31:33,14000 O'connor Rd,78217,Traffic Calls,Minor Accident,3240,NORTH,SAPD-2026-1192938,29.569723,-98.386723,1788291093000,http://www.sanantonio.gov/sapd/Calls.aspx,Yellow,a tbd link,26,9
09/01/26, 4:52:37,1000 N Frio St,78207,Other Calls,Welfare Check,2310,CENTRAL,SAPD-2026-1193650,29.436017,-98.50605,1788299557000,http://www.sanantonio.gov/sapd/Calls.aspx,Blue,a tbd link,26,9
09/01/26,11:02:21 AM,Sw Loop 410 / Medina Base Rd,78227,Other Calls,Patrol By,6360,SOUTH,SAPD-2026-1192091,29.371528,-98.637651,1788278541000,http://www.sanantonio.gov/sapd/Calls.aspx,Blue,a tbd link,26,9
09/01/26, 2:33:09,100 E Elsmere Place,78212,Property Crime Calls,Theft,1240,DOWNTOWN,SAPD-2026-1192946,29.46206,-98.49288,1788291189000,http://www.sanantonio.gov/sapd/Calls.aspx,Green,a tbd link,26,9
09/01/26, 4:49:30,N0 Loop 410,78201,Other Calls,SAPD Emergency Call,5260,WEST,SAPD-2026-1193637,29.493929,-98.553987,1788299370000,http://www.sanantonio.gov/sapd/Calls.aspx,Blue,a tbd link,26,9
09/01/26,11:00:38 AM,HARDBERGER PARK,78231,Other Calls,Patrol By,7220,PRUE,SAPD-2026-1192078,29.552548,-98.529596,1788278438000,http://www.sanantonio.gov/sapd/Calls.aspx,Blue,a tbd link,26,9
09/01/26, 2:30:15,Ne Loop 410 Wb / Perrin Beitel,78217,Traffic Calls,Major Accident,3370,NORTH,SAPD-2026-1192935,29.516062,-98.411066,1788291015000,http://www.sanantonio.gov/sapd/Calls.aspx,Yellow,a tbd link,26,9
09/01/26, 4:52:19,7400 Yarrow Blvd,78224,Property Crime Calls,Theft,6330,SOUTH,SAPD-2026-1193649,29.353112,-98.542067,1788299539000,http://www.sanantonio.gov/sapd/Calls.aspx,Green,a tbd link,26,9
09/01/26,11:02:00 AM,7700 Floyd Curl,78229,Crimes Against Person Calls,Threats,7130,PRUE,SAPD-2026-1192084,29.506944,-98.57125,1788278520000,http://www.sanantonio.gov/sapd/Calls.aspx,Red,a tbd link,26,9
09/01/26, 2:30:13,I0 35 N SB,78218,Traffic Calls,Minor Accident,4350,EAST,SAPD-2026-1192934,29.487394,-98.402606,1788291013000,http://www.sanantonio.gov/sapd/Calls.aspx,Yellow,a tbd link,26,9
09/01/26, 4:50:13,5438-5499 Vance Jackson Rd,78230,Traffic Calls,Major Accident,7210,PRUE,SAPD-2026-1193641,29.531259,-98.543308,1788299413000,http://www.sanantonio.gov/sapd/Calls.aspx,Yellow,a tbd link,26,9
09/01/26,11:04:09 AM,11400 Vance Jackson,78230,Other Calls,Assist the Public,7220,PRUE,SAPD-2026-1192105,29.546797,-98.563481,1788278649000,http://www.sanantonio.gov/sapd/Calls.aspx,Blue,a tbd link,26,9
09/01/26, 2:31:58,1400 Rivas St,78207,Other Calls,Disturbance,2360,CENTRAL,SAPD-2026-1192941,29.440294,-98.532792,1788291118000,http://www.sanantonio.gov/sapd/Calls.aspx,Blue,a tbd link,26,9
09/01/26, 4:52:09,9400 Ih 35 N,78233,Traffic Calls,Minor Accident,3230,NORTH,SAPD-2026-1193660,29.523728,-98.394386,1788299529000,http://www.sanantonio.gov/sapd/Calls.aspx,Yellow,a tbd link,26,9
09/01/26,11:02:07 AM,3100 ROOSEVELT AVE,78214,Other Calls,Patrol By,6260,SOUTH,SAPD-2026-1192087,29.365061,-98.48035,1788278527000,http://www.sanantonio.gov/sapd/Calls.aspx,Blue,a tbd link,26,9
09/01/26, 2:34:58,7000 Culebra Rd,78238,Other Calls,Miscellaneous,5160,WEST,SAPD-2026-1192953,29.45009,-98.626662,1788291298000,http://www.sanantonio.gov/sapd/Calls.aspx,Blue,a tbd link,26,9
09/01/26,11:04:12 AM,100 Babcock Rd,78201,Other Calls,Welfare Check,5230,WEST,SAPD-2026-1192099,29.471642,-98.535345,1788278652000,http://www.sanantonio.gov/sapd/Calls.aspx,Blue,a tbd link,26,9
09/01/26, 2:33:02,1100 Bandera Rd,78228,Crimes Against Person Calls,Lewd Conduct,5220,WEST,SAPD-2026-1192943,29.461177,-98.56012,1788291182000,http://www.sanantonio.gov/sapd/Calls.aspx,Red,a tbd link,26,9
09/01/26,11:04:45 AM,7500 Marbach Rd,78227,Property Crime Calls,Criminal Mischief,5170,WEST,SAPD-2026-1192103,29.418056,-98.637917,1788278685000,http://www.sanantonio.gov/sapd/Calls.aspx,Green,a tbd link,26,9
09/01/26, 4:53:59,20700 Wild Springs Dr,78258,Other Calls,Welfare Check,3160,NORTH,SAPD-2026-1193662,29.634332,-98.459063,1788299639000,http://www.sanantonio.gov/sapd/Calls.aspx,Blue,a tbd link,26,9
09/01/26,11:02:41 AM,9700 Airport Blvd,78216,Other Calls,Miscellaneous,SAT1,AIRPORT,SAPD-2026-1192092,29.527705,-98.472816,1788278561000,http://www.sanantonio.gov/sapd/Calls.aspx,Blue,a tbd link,26,9
09/01/26, 4:51:21,Vance Jackson Rd / Callaghan Rd,78230,Traffic Calls,Major Accident,7210,PRUE,SAPD-2026-1193647,29.525711,-98.537976,1788299481000,http://www.sanantonio.gov/sapd/Calls.aspx,Yellow,a tbd link,26,9
09/01/26,11:06:54 AM,N Las Moras St / W Travis St,78207,Other Calls,Welfare Check,2320,CENTRAL,SAPD-2026-1192113,29.428746,-98.514207,1788278814000,http://www.sanantonio.gov/sapd/Calls.aspx,Blue,a tbd link,26,9
09/01/26, 4:57:28,Tides Trails / Crescent Cv,78252,Traffic Calls,Traffic Related,6360,SOUTH,SAPD-2026-1193668,29.334696,-98.635253,1788299848000,http://www.sanantonio.gov/sapd/Calls.aspx,Yellow,a tbd link,26,9
09/01/26,11:03:55 AM,11110-11298 Ih 35 N Nb,78233,Traffic Calls,Traffic Related,3230,NORTH,SAPD-2026-1192097,29.540719,-98.377487,1788278635000,http://www.sanantonio.gov/sapd/Calls.aspx,Yellow,a tbd link,26,9
09/01/26, 4:52:14,S0 Loop 410 Wb,78211,Traffic Calls,Traffic Related,6140,SOUTH,SAPD-2026-1193653,29.32004,-98.568066,1788299534000,http://www.sanantonio.gov/sapd/Calls.aspx,Yellow,a tbd link,26,9
09/01/26,11:05:13 AM,7000 Culebra Rd,78238,Property Crime Calls,Theft,5160,WEST,SAPD-2026-1192111,29.45009,-98.626662,1788278713000,http://www.sanantonio.gov/sapd/Calls.aspx,Green,a tbd link,26,9
09/01/26, 4:53:23,Vance Jackson Rd / Vernlyn,78230,Traffic Calls,Major Accident,7210,PRUE,SAPD-2026-1193656,29.531259,-98.543308,1788299603000,http://www.sanantonio.gov/sapd/Calls.aspx,Yellow,a tbd link,26,9
09/01/26,11:07:33 AM,4100 Rogers Rd,78251,Other Calls,Miscellaneous,5350,WEST,SAPD-2026-1192115,29.473987,-98.693198,1788278853000,http://www.sanantonio.gov/sapd/Calls.aspx,Blue,a tbd link,26,9
09/01/26, 4:53:39,1300 Patricia Dr,78213,Other Calls,Disturbance Family,3110,NORTH,SAPD-2026-1193657,29.546857,-98.517661,1788299619000,http://www.sanantonio.gov/sapd/Calls.aspx,Blue,a tbd link,26,9
09/01/26,11:05:31 AM,12100 State Hwy 151,78251,Other Calls,Disturbance,5350,WEST,SAPD-2026-1192106,29.481656,-98.703033,1788278731000,http://www.sanantonio.gov/sapd/Calls.aspx,Blue,a tbd link,26,9
09/01/26, 4:57:10,4600 San Pedro Ave,78212,Property Crime Calls,Burglary,1240,DOWNTOWN,SAPD-2026-1193666,29.476305,-98.499051,1788299830000,http://www.sanantonio.gov/sapd/Calls.aspx,Green,a tbd link,26,9
09/01/26,11:04:34 AM,500 S Frio St,78207,Property Crime Calls,Theft,2370,CENTRAL,SAPD-2026-1192107,29.421551,-98.504866,1788278674000,http://www.sanantonio.gov/sapd/Calls.aspx,Green,a tbd link,26,9
09/01/26, 4:55:56,14200 Mesquite Smoke,78217,Other Calls,Welfare Check,3240,NORTH,SAPD-2026-1193663,29.570575,-98.407897,1788299756000,http://www.sanantonio.gov/sapd/Calls.aspx,Blue,a tbd link,26,9
09/01/26, 4:56:49,5600-5641 Lakefront,78222,Traffic Calls,Minor Accident,4250,EAST,SAPD-2026-1193665,29.397221,-98.380804,1788299809000,http://www.sanantonio.gov/sapd/Calls.aspx,Yellow,a tbd link,26,9
09/01/26,11:04:37 AM,1400 N Hamilton Ave,78207,Crimes Against Person Calls,Assault In Progress,2320,CENTRAL,SAPD-2026-1192100,29.442717,-98.529799,1788278677000,http://www.sanantonio.gov/sapd/Calls.aspx,Red,a tbd link,26,9
09/01/26, 4:58:04,1700 Garnet Spg,78245,Other Calls,SAPD Non-Emergency Call,NOT SAPD BEX,SAPD OUTSIDE AREA,SAPD-2026-1193670,29.414709,-98.734633,1788299884000,http://www.sanantonio.gov/sapd/Calls.aspx,Blue,a tbd link,26,9
09/01/26,11:05:38 AM,900 H St,78220,Other Calls,Patrol By,4230,EAST,SAPD-2026-1192108,29.406675,-98.432213,1788278738000,http://www.sanantonio.gov/sapd/Calls.aspx,Blue,a tbd link,26,9
09/01/26, 4:58:55,300 Valley Hi Dr,78227,Traffic Calls,Minor Accident,6360,SOUTH,SAPD-2026-1193675,29.381289,-98.6371,1788299935000,http://www.sanantonio.gov/sapd/Calls.aspx,Yellow,a tbd link,26,9
09/01/26,11:07:08 AM,S Loop 1604 E / Ih 37 S,78112,Other Calls,Disturbance,6280,SOUTH,SAPD-2026-1192114,29.218329,-98.413208,1788278828000,http://www.sanantonio.gov/sapd/Calls.aspx,Blue,a tbd link,26,9
09/01/26, 4:58:41,300 Millwood Ln,78216,Property Crime Calls,Theft,3320,NORTH,SAPD-2026-1193674,29.511102,-98.48763,1788299921000,http://www.sanantonio.gov/sapd/Calls.aspx,Green,a tbd link,26,9
09/01/26,11:08:09 AM,100 Crawford Rd,78223,Other Calls,Disturbance,6240,SOUTH,SAPD-2026-1192117,29.358603,-98.439449,1788278889000,http://www.sanantonio.gov/sapd/Calls.aspx,Blue,a tbd link,26,9
09/01/26, 5:00:38,7400 San Pedro Ave,78216,Other Calls,Disturbance,3320,NORTH,SAPD-2026-1193684,29.519902,-98.496364,1788300038000,http://www.sanantonio.gov/sapd/Calls.aspx,Blue,a tbd link,26,9
09/01/26,11:06:07 AM,8600-9198 W Loop 1604 N Nb,78250,Traffic Calls,Traffic Related,7360,PRUE,SAPD-2026-1192110,29.526758,-98.687255,1788278767000,http://www.sanantonio.gov/sapd/Calls.aspx,Yellow,a tbd link,26,9
09/01/26, 4:59:24,10700 Potranco Rd,78245,Traffic Calls,Accident Private Property,5360,WEST,SAPD-2026-1193679,29.434308,-98.703187,1788299964000,http://www.sanantonio.gov/sapd/Calls.aspx,Yellow,a tbd link,26,9
09/01/26,11:09:44 AM,5400 Rowley Rd,78240,Other Calls,Welfare Check,7160,PRUE,SAPD-2026-1192126,29.504669,-98.593594,1788278984000,http://www.sanantonio.gov/sapd/Calls.aspx,Blue,a tbd link,26,9
09/01/26, 4:58:12,W Drexel Ave / S Presa St,78210,Traffic Calls,Minor Accident,1140,DOWNTOWN,SAPD-2026-1193672,29.400839,-98.48271,1788299892000,http://www.sanantonio.gov/sapd/Calls.aspx,Yellow,a tbd link,26,9
09/01/26,11:06:10 AM,1100 SE MILITARY DR,78214,Other Calls,Patrol By,6260,SOUTH,SAPD-2026-1192109,29.355224,-98.480452,1788278770000,http://www.sanantonio.gov/sapd/Calls.aspx,Blue,a tbd link,26,9
09/01/26, 5:02:54,3200 La Rosa St,78211,Property Crime Calls,Burglary,6330,SOUTH,SAPD-2026-1193698,29.351522,-98.559841,1788300174000,http://www.sanantonio.gov/sapd/Calls.aspx,Green,a tbd link,26,9
09/01/26,11:07:32 AM,3500 Goliad Rd,78223,Crimes Against Person Calls,Disturbance (Gun Involved),6270,SOUTH,SAPD-2026-1192116,29.338108,-98.422356,1788278852000,http://www.sanantonio.gov/sapd/Calls.aspx,Red,a tbd link,26,9
09/01/26, 4:59:21,Prue Rd / Network Blvd,78240,Traffic Calls,Traffic Related,7310,PRUE,SAPD-2026-1193678,29.544828,-98.589972,1788299961000,http://www.sanantonio.gov/sapd/Calls.aspx,Yellow,a tbd link,26,9
09/01/26,11:08:48 AM,2700 Treble Crk,78258,Other Calls,Information,3170,NORTH,SAPD-2026-1192119,29.604035,-98.539064,1788278928000,http://www.sanantonio.gov/sapd/Calls.aspx,Blue,a tbd link,26,9
09/01/26,11:09:21 AM,400 Mercedes St,78207,Other Calls,Disturbance Neighbor,2340,CENTRAL,SAPD-2026-1192129,29.404825,-98.522317,1788278961000,http://www.sanantonio.gov/sapd/Calls.aspx,Blue,a tbd link,26,9
09/01/26, 5:00:41,10700 Potranco Rd,78245,Traffic Calls,Accident Private Property,5360,WEST,SAPD-2026-1193693,29.434308,-98.703187,1788300041000,http://www.sanantonio.gov/sapd/Calls.aspx,Yellow,a tbd link,26,9
09/01/26,11:10:09 AM,W Loop 1604 N / Wiseman Blvd,78251,Other Calls,Disturbance,5360,WEST,SAPD-2026-1192122,29.465306,-98.710781,1788279009000,http://www.sanantonio.gov/sapd/Calls.aspx,Blue,a tbd link,26,9
09/01/26, 5:00:44,2000 Goliad Rd,78223,Other Calls,Welfare Check,4220,EAST,SAPD-2026-1193691,29.365994,-98.441415,1788300044000,http://www.sanantonio.gov/sapd/Calls.aspx,Blue,a tbd link,26,9
09/01/26,11:10:50 AM,10900 Blk Ih 37 S Nb,78223,Other Calls,Welfare Check,6280,SOUTH,SAPD-2026-1192128,29.308659,-98.40037,1788279050000,http://www.sanantonio.gov/sapd/Calls.aspx,Blue,a tbd link,26,9
09/01/26, 5:00:20,400 Gillmore Ave,78226,Other Calls,Welfare Check,6310,SOUTH,SAPD-2026-1193682,29.388566,-98.559672,1788300020000,http://www.sanantonio.gov/sapd/Calls.aspx,Blue,a tbd link,26,9
09/01/26,11:10:18 AM,20 EL PASO ST,78204,Other Calls,Patrol By,1140,DOWNTOWN,SAPD-2026-1192123,29.417498,-98.498631,1788279018000,http://www.sanantonio.gov/sapd/Calls.aspx,Blue,a tbd link,26,9
09/01/26, 5:01:54,12600 Sunny Wonder,78253,Other Calls,Information,NOT SAPD BEX,SAPD OUTSIDE AREA,SAPD-2026-1193692,29.433187,-98.744162,1788300114000,http://www.sanantonio.gov/sapd/Calls.aspx,Blue,a tbd link,26,9
09/01/26,11:12:10 AM,Ih 35 N Sb / Judson Rd,78233,Traffic Calls,Traffic Related,3230,NORTH,SAPD-2026-1192139,29.552251,-98.355427,1788279130000,http://www.sanantonio.gov/sapd/Calls.aspx,Yellow,a tbd link,26,9
09/01/26, 4:58:28,5001-5003 STAHL RD,78247,Traffic Calls,Traffic Related,3260,NORTH,SAPD-2026-1193673,29.580122,-98.391116,1788299908000,http://www.sanantonio.gov/sapd/Calls.aspx,Yellow,a tbd link,26,9
09/01/26,11:10:25 AM,10800 BLK FREDERICKSBURG RD,78249,Traffic Calls,Traffic Related,7340,PRUE,SAPD-2026-1192124,29.545453,-98.582663,1788279025000,http://www.sanantonio.gov/sapd/Calls.aspx,Yellow,a tbd link,26,9
09/01/26, 5:01:05,1600 Perez St,78207,Other Calls,Suspicious Person,2320,CENTRAL,SAPD-2026-1193686,29.433661,-98.52,1788300065000,http://www.sanantonio.gov/sapd/Calls.aspx,Blue,a tbd link,26,9
09/01/26,11:10:40 AM,1400 MARCH AVE,78214,Other Calls,Patrol By,6260,SOUTH,SAPD-2026-1192125,29.347742,-98.475005,1788279040000,http://www.sanantonio.gov/sapd/Calls.aspx,Blue,a tbd link,26,9
09/01/26, 5:03:04,2800 Peppermill Run,78231,Traffic Calls,Minor Accident,7240,PRUE,SAPD-2026-1193697,29.571121,-98.535055,1788300184000,http://www.sanantonio.gov/sapd/Calls.aspx,Yellow,a tbd link,26,9
09/01/26,11:14:40 AM,4300 Blk Ih 37 S Nb,78223,Traffic Calls,Traffic Related,4220,EAST,SAPD-2026-1192149,29.376044,-98.460034,1788279280000,http://www.sanantonio.gov/sapd/Calls.aspx,Yellow,a tbd link,26,9
09/01/26, 5:00:25,400-498 CAMARON,78207,Other Calls,Patrol By,1120,DOWNTOWN,SAPD-2026-1193683,29.428935,-98.496135,1788300025000,http://www.sanantonio.gov/sapd/Calls.aspx,Blue,a tbd link,26,9
09/01/26,11:12:22 AM,3600 Fairmeadows,78211,Property Crime Calls,Criminal Mischief,6140,SOUTH,SAPD-2026-1192133,29.335483,-98.56595,1788279142000,http://www.sanantonio.gov/sapd/Calls.aspx,Green,a tbd link,26,9
09/01/26, 5:01:13,7900 Remuda Dr,78227,Crimes Against Person Calls,Shooting In Progress,5170,WEST,SAPD-2026-1193687,29.415114,-98.644308,1788300073000,http://www.sanantonio.gov/sapd/Calls.aspx,Red,a tbd link,26,9
09/01/26, 5:01:48,7000 Culebra Rd,78238,Other Calls,Property Found,5160,WEST,SAPD-2026-1193689,29.45009,-98.626662,1788300108000,http://www.sanantonio.gov/sapd/Calls.aspx,Blue,a tbd link,26,9
09/01/26,11:12:38 AM,13400 Winemaker Dr,78223,Crimes Against Person Calls,Shooting In Progress,6280,SOUTH,SAPD-2026-1192137,29.286033,-98.400338,1788279158000,http://www.sanantonio.gov/sapd/Calls.aspx,Red,a tbd link,26,9
09/01/26, 5:04:15,2800 Peppermill Run,78231,Other Calls,Disturbance,7240,PRUE,SAPD-2026-1193702,29.571121,-98.535055,1788300255000,http://www.sanantonio.gov/sapd/Calls.aspx,Blue,a tbd link,26,9
09/01/26,11:12:08 AM,13400 Winemaker Dr,78223,Crimes Against Person Calls,Shooting In Progress,6280,SOUTH,SAPD-2026-1192130,29.286033,-98.400338,1788279128000,http://www.sanantonio.gov/sapd/Calls.aspx,Red,a tbd link,26,9
09/01/26, 5:02:33,4200 Nw Loop 410,78229,Traffic Calls,Minor Accident,7110,PRUE,SAPD-2026-1193695,29.489735,-98.566581,1788300153000,http://www.sanantonio.gov/sapd/Calls.aspx,Yellow,a tbd link,26,9
09/01/26,11:14:18 AM,11000 Baltic Dr,78213,Property Crime Calls,Burglary,3110,NORTH,SAPD-2026-1192147,29.540309,-98.52335,1788279258000,http://www.sanantonio.gov/sapd/Calls.aspx,Green,a tbd link,26,9
09/01/26, 5:03:21,E0 N Loop 1604 W Ofrp Ih 10 N,78256,Traffic Calls,Traffic Related,7250,PRUE,SAPD-2026-1193700,29.589104,-98.611626,1788300201000,http://www.sanantonio.gov/sapd/Calls.aspx,Yellow,a tbd link,26,9
09/01/26,11:12:23 AM,13400 Winemaker Dr,78223,Crimes Against Person Calls,Shooting In Progress,6280,SOUTH,SAPD-2026-1192132,29.286066,-98.40031,1788279143000,http://www.sanantonio.gov/sapd/Calls.aspx,Red,a tbd link,26,9
09/01/26, 5:04:12,1200 Bandera Rd,78228,Other Calls,Miscellaneous,5220,WEST,SAPD-2026-1193703,29.463693,-98.563481,1788300252000,http://www.sanantonio.gov/sapd/Calls.aspx,Blue,a tbd link,26,9
09/01/26,11:13:45 AM,Globe Ave / Maiden Ln,78228,Other Calls,Suspicious Person,5250,WEST,SAPD-2026-1192143,29.453639,-98.57622,1788279225000,http://www.sanantonio.gov/sapd/Calls.aspx,Blue,a tbd link,26,9
09/01/26, 5:07:11,2300 Culebra Rd,78228,Other Calls,Disturbance,2360,CENTRAL,SAPD-2026-1193722,29.447006,-98.543972,1788300431000,http://www.sanantonio.gov/sapd/Calls.aspx,Blue,a tbd link,26,9
09/01/26,11:14:35 AM,Us Hwy 281 N / Thousand Oaks Dr,78232,Traffic Calls,Minor Accident,3140,NORTH,SAPD-2026-1192148,29.592608,-98.472841,1788279275000,http://www.sanantonio.gov/sapd/Calls.aspx,Yellow,a tbd link,26,9
09/01/26, 5:06:12,2400 NE LOOP 410,78217,Other Calls,Miscellaneous,3370,NORTH,SAPD-2026-1193715,29.517531,-98.418242,1788300372000,http://www.sanantonio.gov/sapd/Calls.aspx,Blue,a tbd link,26,9
09/01/26, 2:35:30,200 Bonnell Dr,78223,Crimes Against Person Calls,Threats,6220,SOUTH,SAPD-2026-1192958,29.378759,-98.466318,1788291330000,http://www.sanantonio.gov/sapd/Calls.aspx,Red,a tbd link,26,9
09/01/26,11:14:58 AM,7100 Military Dr W,78227,Other Calls,Disturbance,5150,WEST,SAPD-2026-1192151,29.41002,-98.629174,1788279298000,http://www.sanantonio.gov/sapd/Calls.aspx,Blue,a tbd link,26,9
09/01/26, 5:03:14,7000 Culebra Rd,78238,Other Calls,Assist the Public,5160,WEST,SAPD-2026-1193699,29.45009,-98.626662,1788300194000,http://www.sanantonio.gov/sapd/Calls.aspx,Blue,a tbd link,26,9
09/01/26,11:15:12 AM,Wurzbach Rd / Merton Minter,78229,Traffic Calls,Traffic Related,7130,PRUE,SAPD-2026-1192153,29.508422,-98.580963,1788279312000,http://www.sanantonio.gov/sapd/Calls.aspx,Yellow,a tbd link,26,9
09/01/26, 5:04:40,Eisenhauer Rd / N Vandiver Dr,78209,Traffic Calls,Traffic Related,3340,NORTH,SAPD-2026-1193705,29.49574,-98.442102,1788300280000,http://www.sanantonio.gov/sapd/Calls.aspx,Yellow,a tbd link,26,9
09/01/26,11:16:36 AM,Thousand Oaks Dr / Us Hwy 281 N,78232,Traffic Calls,Minor Accident,3140,NORTH,SAPD-2026-1192159,29.592608,-98.472841,1788279396000,http://www.sanantonio.gov/sapd/Calls.aspx,Yellow,a tbd link,26,9
09/01/26, 2:32:42,1400 Rivas St,78207,Crimes Against Person Calls,Assault In Progress,2360,CENTRAL,SAPD-2026-1192940,29.440294,-98.532792,1788291162000,http://www.sanantonio.gov/sapd/Calls.aspx,Red,a tbd link,26,9
09/01/26, 5:06:09,E Russell Place / N St Mary's St,78212,Traffic Calls,Minor Accident,1210,DOWNTOWN,SAPD-2026-1193712,29.451283,-98.486135,1788300369000,http://www.sanantonio.gov/sapd/Calls.aspx,Yellow,a tbd link,26,9
09/01/26,11:19:25 AM,100 Probandt St,78204,Property Crime Calls,Theft,1140,DOWNTOWN,SAPD-2026-1192171,29.407257,-98.496319,1788279565000,http://www.sanantonio.gov/sapd/Calls.aspx,Green,a tbd link,26,9
09/01/26, 2:34:40,Ih 37 S Nb / Se Loop 410 Eb,78223,Traffic Calls,Traffic Related,6280,SOUTH,SAPD-2026-1192950,29.329369,-98.415684,1788291280000,http://www.sanantonio.gov/sapd/Calls.aspx,Yellow,a tbd link,26,9
09/01/26, 5:07:06,100 Crawford Rd,78223,Other Calls,Disturbance,6240,SOUTH,SAPD-2026-1193717,29.358603,-98.439449,1788300426000,http://www.sanantonio.gov/sapd/Calls.aspx,Blue,a tbd link,26,9
09/01/26, 2:35:10,1200 N Flores St,78212,Property Crime Calls,Panhandler,1220,DOWNTOWN,SAPD-2026-1192956,29.437261,-98.502333,1788291310000,http://www.sanantonio.gov/sapd/Calls.aspx,Green,a tbd link,26,9
09/01/26,11:15:17 AM,8700 Tesoro Hills,78242,Other Calls,Disturbance Family,6340,SOUTH,SAPD-2026-1192154,29.341024,-98.599792,1788279317000,http://www.sanantonio.gov/sapd/Calls.aspx,Blue,a tbd link,26,9
09/01/26, 5:09:19,100 Isabel St,78210,Other Calls,Suspicious Person,6220,SOUTH,SAPD-2026-1193729,29.389899,-98.486755,1788300559000,http://www.sanantonio.gov/sapd/Calls.aspx,Blue,a tbd link,26,9
09/01/26, 2:34:58,7200 Blanco Rd,78216,Other Calls,Disturbance,3110,NORTH,SAPD-2026-1192952,29.523822,-98.504871,1788291298000,http://www.sanantonio.gov/sapd/Calls.aspx,Blue,a tbd link,26,9
09/01/26,11:14:16 AM,1201-1299 US HWY 90 W WB,78207,Traffic Calls,Traffic Related,2340,CENTRAL,SAPD-2026-1192146,29.399127,-98.530999,1788279256000,http://www.sanantonio.gov/sapd/Calls.aspx,Yellow,a tbd link,26,9
09/01/26, 2:36:20,8000 Oakdell Way,78240,Other Calls,Information,7160,PRUE,SAPD-2026-1192961,29.515517,-98.598175,1788291380000,http://www.sanantonio.gov/sapd/Calls.aspx,Blue,a tbd link,26,9
09/01/26,11:16:03 AM,2800 W Ashby Place,78201,Other Calls,Disturbance,5210,WEST,SAPD-2026-1192160,29.451468,-98.538758,1788279363000,http://www.sanantonio.gov/sapd/Calls.aspx,Blue,a tbd link,26,9
09/01/26, 5:07:09,Us Hwy 281 N / E Hildebrand Ave,78212,Traffic Calls,Traffic Related,1230,DOWNTOWN,SAPD-2026-1193718,29.465538,-98.473326,1788300429000,http://www.sanantonio.gov/sapd/Calls.aspx,Yellow,a tbd link,26,9
09/01/26, 2:37:38,8000 Oakdell Way,78240,Other Calls,Welfare Check,7160,PRUE,SAPD-2026-1192967,29.514465,-98.597856,1788291458000,http://www.sanantonio.gov/sapd/Calls.aspx,Blue,a tbd link,26,9
09/01/26,11:16:56 AM,2200 Corner Rdg,78219,Traffic Calls,Accident Private Property,4310,EAST,SAPD-2026-1192162,29.449952,-98.388208,1788279416000,http://www.sanantonio.gov/sapd/Calls.aspx,Yellow,a tbd link,26,9
09/01/26, 5:06:49,900 Bandera Rd,78228,Other Calls,Assist the Public,5220,WEST,SAPD-2026-1193714,29.458617,-98.55379,1788300409000,http://www.sanantonio.gov/sapd/Calls.aspx,Blue,a tbd link,26,9
09/01/26, 2:35:09,S0 LP 410 ONRP BRONCO LN,78227,Traffic Calls,Traffic Related,5170,WEST,SAPD-2026-1192955,29.410868,-98.649543,1788291309000,http://www.sanantonio.gov/sapd/Calls.aspx,Yellow,a tbd link,26,9
09/01/26,11:17:54 AM,100 Crawford Rd,78223,Other Calls,Disturbance,6240,SOUTH,SAPD-2026-1192167,29.358603,-98.439449,1788279474000,http://www.sanantonio.gov/sapd/Calls.aspx,Blue,a tbd link,26,9
09/01/26, 5:06:55,10700 State Hwy 151,78251,Other Calls,Welfare Check,5360,WEST,SAPD-2026-1193716,29.457311,-98.689339,1788300415000,http://www.sanantonio.gov/sapd/Calls.aspx,Blue,a tbd link,26,9
09/01/26, 2:37:57,Independence Ave / Hopes Ferry,78233,Traffic Calls,Traffic Related,3250,NORTH,SAPD-2026-1192965,29.556791,-98.368885,1788291477000,http://www.sanantonio.gov/sapd/Calls.aspx,Yellow,a tbd link,26,9
09/01/26,11:15:05 AM,MARTIN LUTHER KING PARK,78220,Other Calls,Patrol By,4230,EAST,SAPD-2026-1192152,29.413878,-98.41917,1788279305000,http://www.sanantonio.gov/sapd/Calls.aspx,Blue,a tbd link,26,9
09/01/26, 5:07:44,2600 Eisenhauer Rd,78209,Other Calls,Disturbance Family,3340,NORTH,SAPD-2026-1193720,29.49611,-98.450868,1788300464000,http://www.sanantonio.gov/sapd/Calls.aspx,Blue,a tbd link,26,9
09/01/26, 2:37:14,10300 WETMORE RD,78216,Traffic Calls,Minor Accident,3350,NORTH,SAPD-2026-1192962,29.535457,-98.452924,1788291434000,http://www.sanantonio.gov/sapd/Calls.aspx,Yellow,a tbd link,26,9
09/01/26,11:20:03 AM,8500 Nw Military Hwy,78230,Other Calls,Miscellaneous,7220,PRUE,SAPD-2026-1192175,29.553325,-98.534357,1788279603000,http://www.sanantonio.gov/sapd/Calls.aspx,Blue,a tbd link,26,9
09/01/26, 5:05:40,600 S FLORES ST,78204,Other Calls,Patrol By,1140,DOWNTOWN,SAPD-2026-1193709,29.418444,-98.49656,1788300340000,http://www.sanantonio.gov/sapd/Calls.aspx,Blue,a tbd link,26,9
09/01/26, 2:39:14,Fredericksburg Rd / Nw Loop 410,78229,Traffic Calls,Traffic Related,7110,PRUE,SAPD-2026-1192969,29.494453,-98.554847,1788291554000,http://www.sanantonio.gov/sapd/Calls.aspx,Yellow,a tbd link,26,9
09/01/26,11:16:07 AM,1500 PARNELL AVE,78224,Other Calls,Miscellaneous,6140,SOUTH,SAPD-2026-1192157,29.345064,-98.531969,1788279367000,http://www.sanantonio.gov/sapd/Calls.aspx,Blue,a tbd link,26,9
09/01/26, 5:06:06,CRESCENT OAKS,78258,Traffic Calls,Traffic Related,3170,NORTH,SAPD-2026-1193711,29.639898,-98.501,1788300366000,http://www.sanantonio.gov/sapd/Calls.aspx,Yellow,a tbd link,26,9
09/01/26, 2:40:20,100 Fargo Ave,78220,Other Calls,Missing Person/Runaway,4160,EAST,SAPD-2026-1192974,29.414752,-98.44129,1788291620000,http://www.sanantonio.gov/sapd/Calls.aspx,Blue,a tbd link,26,9
09/01/26, 5:14:15,4600 San Pedro Ave,78212,Property Crime Calls,Theft,1240,DOWNTOWN,SAPD-2026-1193752,29.476305,-98.499051,1788300855000,http://www.sanantonio.gov/sapd/Calls.aspx,Green,a tbd link,26,9
09/01/26, 2:39:45,Global Way / Goliad Rd,78235,Traffic Calls,Traffic Related,6270,SOUTH,SAPD-2026-1192971,29.337003,-98.42243,1788291585000,http://www.sanantonio.gov/sapd/Calls.aspx,Yellow,a tbd link,26,9
09/01/26, 5:07:50,7400 San Pedro Ave,78216,Other Calls,Disturbance,3320,NORTH,SAPD-2026-1193723,29.518438,-98.495355,1788300470000,http://www.sanantonio.gov/sapd/Calls.aspx,Blue,a tbd link,26,9
09/01/26,11:19:37 AM,500 Moselle Ave,78237,Other Calls,Miscellaneous,5140,WEST,SAPD-2026-1192173,29.425696,-98.584369,1788279577000,http://www.sanantonio.gov/sapd/Calls.aspx,Blue,a tbd link,26,9
09/01/26, 2:42:15,13300 Nacogdoches Rd,78217,Crimes Against Person Calls,Robbery,3240,NORTH,SAPD-2026-1192987,29.562492,-98.392125,1788291735000,http://www.sanantonio.gov/sapd/Calls.aspx,Red,a tbd link,26,9
09/01/26, 5:06:40,200 E Ackard Place,78221,Other Calls,Disturbance Family,6250,SOUTH,SAPD-2026-1193725,29.343836,-98.496789,1788300400000,http://www.sanantonio.gov/sapd/Calls.aspx,Blue,a tbd link,26,9
09/01/26,11:19:04 AM,900 Se Military Dr,78214,Other Calls,Disturbance,6230,SOUTH,SAPD-2026-1192169,29.356706,-98.485951,1788279544000,http://www.sanantonio.gov/sapd/Calls.aspx,Blue,a tbd link,26,9
09/01/26, 2:41:42,7400 San Pedro Ave,78216,Property Crime Calls,Shoplifting,3320,NORTH,SAPD-2026-1192985,29.518333,-98.498056,1788291702000,http://www.sanantonio.gov/sapd/Calls.aspx,Green,a tbd link,26,9
09/01/26, 5:07:46,6800 Us Hwy 90 W,78227,Other Calls,Disturbance,5150,WEST,SAPD-2026-1193721,29.403332,-98.625323,1788300466000,http://www.sanantonio.gov/sapd/Calls.aspx,Blue,a tbd link,26,9
09/01/26,11:18:41 AM,13500 Donop Rd,78112,Other Calls,Disturbance,6280,SOUTH,SAPD-2026-1192168,29.285048,-98.392182,1788279521000,http://www.sanantonio.gov/sapd/Calls.aspx,Blue,a tbd link,26,9
09/01/26, 2:41:37,300 S Flores St,78204,Property Crime Calls,Burglary Vehicle,1120,DOWNTOWN,SAPD-2026-1192984,29.421056,-98.495898,1788291697000,http://www.sanantonio.gov/sapd/Calls.aspx,Green,a tbd link,26,9
09/01/26, 5:12:52,12800 Applewhite Rd,78224,Other Calls,Assist the Public,6160,SOUTH,SAPD-2026-1193743,29.292051,-98.546868,1788300772000,http://www.sanantonio.gov/sapd/Calls.aspx,Blue,a tbd link,26,9
09/01/26,11:19:34 AM,Nw Loop 410 Wb / Ingram Rd,78238,Traffic Calls,Traffic Related,5310,WEST,SAPD-2026-1192172,29.46605,-98.619117,1788279574000,http://www.sanantonio.gov/sapd/Calls.aspx,Yellow,a tbd link,26,9
09/01/26, 2:40:10,500 Dakota St,78203,Crimes Against Person Calls,Assault In Progress,4120,EAST,SAPD-2026-1192972,29.415917,-98.474464,1788291610000,http://www.sanantonio.gov/sapd/Calls.aspx,Red,a tbd link,26,9
09/01/26, 5:09:23,300 Alicia,78228,Traffic Calls,Abandoned Vehicle,5130,WEST,SAPD-2026-1193727,29.446986,-98.579218,1788300563000,http://www.sanantonio.gov/sapd/Calls.aspx,Yellow,a tbd link,26,9
09/01/26, 2:41:02,15400 Cross Vine,78247,Traffic Calls,Minor Accident,3240,NORTH,SAPD-2026-1192978,29.584742,-98.402141,1788291662000,http://www.sanantonio.gov/sapd/Calls.aspx,Yellow,a tbd link,26,9
09/01/26,11:19:08 AM,8500 RIVERFRONT PKWY,78223,Other Calls,Patrol By,6270,SOUTH,SAPD-2026-1192170,29.342566,-98.458265,1788279548000,http://www.sanantonio.gov/sapd/Calls.aspx,Blue,a tbd link,26,9
09/01/26, 5:11:35,2300 Austin Hwy,78218,Other Calls,Assist the Public,4360,EAST,SAPD-2026-1193732,29.507606,-98.410033,1788300695000,http://www.sanantonio.gov/sapd/Calls.aspx,Blue,a tbd link,26,9
09/01/26, 2:44:28,300 Maryland St,78203,Other Calls,Assist the Public,4140,EAST,SAPD-2026-1193000,29.416735,-98.451426,1788291868000,http://www.sanantonio.gov/sapd/Calls.aspx,Blue,a tbd link,26,9
09/01/26, 5:09:37,5400 Seahorse Dr,78242,Other Calls,Information,6340,SOUTH,SAPD-2026-1193728,29.331471,-98.607133,1788300577000,http://www.sanantonio.gov/sapd/Calls.aspx,Blue,a tbd link,26,9
09/01/26, 2:40:27,51-99 DEVINE RD,78212,Traffic Calls,Traffic Related,1240,DOWNTOWN,SAPD-2026-1192975,29.465825,-98.479108,1788291627000,http://www.sanantonio.gov/sapd/Calls.aspx,Yellow,a tbd link,26,9
09/01/26, 5:19:49,1500 Arcadian Lily,78245,Other Calls,SAPD Non-Emergency Call,NOT SAPD BEX,SAPD OUTSIDE AREA,SAPD-2026-1193782,29.416395,-98.750296,1788301189000,http://www.sanantonio.gov/sapd/Calls.aspx,Blue,a tbd link,26,9
09/01/26,11:22:01 AM,7500 South Sea,78216,Other Calls,Disturbance,3310,NORTH,SAPD-2026-1192180,29.503164,-98.50626,1788279721000,http://www.sanantonio.gov/sapd/Calls.aspx,Blue,a tbd link,26,9
09/01/26, 2:43:07,5600 Ih 10 E,78219,Traffic Calls,Minor Accident,4310,EAST,SAPD-2026-1192993,29.439722,-98.380556,1788291787000,http://www.sanantonio.gov/sapd/Calls.aspx,Yellow,a tbd link,26,9
09/01/26, 5:11:50,11100 San Pedro Ave,78216,Other Calls,Welfare Check,3120,NORTH,SAPD-2026-1193733,29.541416,-98.49238,1788300710000,http://www.sanantonio.gov/sapd/Calls.aspx,Blue,a tbd link,26,9
09/01/26,11:26:44 AM,100 Bristol Ave,78214,Other Calls,Miscellaneous,6210,SOUTH,SAPD-2026-1192200,29.371596,-98.496124,1788280004000,http://www.sanantonio.gov/sapd/Calls.aspx,Blue,a tbd link,26,9
09/01/26, 2:44:44,21900 Trumbo Rd,78264,Other Calls,SAPD Non-Emergency Call,NOT SAPD BEX,SAPD OUTSIDE AREA,SAPD-2026-1193002,29.196575,-98.514357,1788291884000,http://www.sanantonio.gov/sapd/Calls.aspx,Blue,a tbd link,26,9
09/01/26, 5:14:29,900 W Hildebrand Ave,78201,Other Calls,Assist the Public,2210,CENTRAL,SAPD-2026-1193754,29.46645,-98.509913,1788300869000,http://www.sanantonio.gov/sapd/Calls.aspx,Blue,a tbd link,26,9
09/01/26,11:24:08 AM,1600 Thorain Blvd,78201,Property Crime Calls,Theft,2220,CENTRAL,SAPD-2026-1192187,29.481718,-98.520818,1788279848000,http://www.sanantonio.gov/sapd/Calls.aspx,Green,a tbd link,26,9
09/01/26, 2:42:33,Fredericksburg Rd / Nw Loop 410,78229,Traffic Calls,Traffic Related,7110,PRUE,SAPD-2026-1192988,29.494453,-98.554847,1788291753000,http://www.sanantonio.gov/sapd/Calls.aspx,Yellow,a tbd link,26,9
09/01/26,11:21:33 AM,1900 W MARTIN ST,78207,Other Calls,Patrol By,2310,CENTRAL,SAPD-2026-1192178,29.430808,-98.512811,1788279693000,http://www.sanantonio.gov/sapd/Calls.aspx,Blue,a tbd link,26,9
09/01/26, 2:41:08,1500 CENTER ST,78202,Other Calls,Patrol By,4140,EAST,SAPD-2026-1192979,29.422186,-98.455894,1788291668000,http://www.sanantonio.gov/sapd/Calls.aspx,Blue,a tbd link,26,9
09/01/26,11:22:21 AM,9901-10299 STATE HWY 151 NB,78251,Traffic Calls,Traffic Related,5350,WEST,SAPD-2026-1192181,29.446735,-98.678643,1788279741000,http://www.sanantonio.gov/sapd/Calls.aspx,Yellow,a tbd link,26,9
09/01/26, 2:41:24,52-98 DEVINE RD,78212,Traffic Calls,Traffic Related,1240,DOWNTOWN,SAPD-2026-1192981,29.466159,-98.479104,1788291684000,http://www.sanantonio.gov/sapd/Calls.aspx,Yellow,a tbd link,26,9
09/01/26,11:24:30 AM,18700 Hardy Oak Blvd,78258,Property Crime Calls,Theft,3160,NORTH,SAPD-2026-1192190,29.616111,-98.478056,1788279870000,http://www.sanantonio.gov/sapd/Calls.aspx,Green,a tbd link,26,9
09/01/26, 2:43:26,Nw Loop 410 Wb / Fredericksburg Rd,78229,Traffic Calls,Traffic Related,7110,PRUE,SAPD-2026-1192995,29.49418,-98.554699,1788291806000,http://www.sanantonio.gov/sapd/Calls.aspx,Yellow,a tbd link,26,9
09/01/26,11:25:11 AM,1000 San Fernando St,78207,Other Calls,Information,2370,CENTRAL,SAPD-2026-1192193,29.420431,-98.511628,1788279911000,http://www.sanantonio.gov/sapd/Calls.aspx,Blue,a tbd link,26,9
09/01/26, 2:43:00,100 Micklejohn St,78207,Other Calls,Disturbance Neighbor,2320,CENTRAL,SAPD-2026-1192991,29.441928,-98.520747,1788291780000,http://www.sanantonio.gov/sapd/Calls.aspx,Blue,a tbd link,26,9
09/01/26,11:27:50 AM,600 E Bonner Ave,78214,Other Calls,Disturbance,6230,SOUTH,SAPD-2026-1192209,29.360196,-98.482186,1788280070000,http://www.sanantonio.gov/sapd/Calls.aspx,Blue,a tbd link,26,9
09/01/26, 2:41:49,2128-2298 CULEBRA RD,78228,Traffic Calls,Traffic Related,5220,WEST,SAPD-2026-1192983,29.446796,-98.541817,1788291709000,http://www.sanantonio.gov/sapd/Calls.aspx,Yellow,a tbd link,26,9
09/01/26,11:25:28 AM,301-323 S JOSEPHINE TOBIN,78201,Other Calls,Patrol By,5210,WEST,SAPD-2026-1192194,29.449583,-98.533777,1788279928000,http://www.sanantonio.gov/sapd/Calls.aspx,Blue,a tbd link,26,9
09/01/26, 2:43:10,Fredericksburg Rd / Nw Loop 410 Wb,78229,Traffic Calls,Traffic Related,7110,PRUE,SAPD-2026-1192999,29.49418,-98.554699,1788291790000,http://www.sanantonio.gov/sapd/Calls.aspx,Yellow,a tbd link,26,9
09/01/26,11:31:52 AM,11600 Tribute Oaks,78254,Other Calls,SAPD Non-Emergency Call,NOT SAPD BEX,SAPD OUTSIDE AREA,SAPD-2026-1192219,29.520634,-98.723709,1788280312000,http://www.sanantonio.gov/sapd/Calls.aspx,Blue,a tbd link,26,9
09/01/26, 2:43:58,Fredericksburg Rd / Nw Loop 410,78229,Traffic Calls,Traffic Related,5260,WEST,SAPD-2026-1192996,29.493668,-98.554424,1788291838000,http://www.sanantonio.gov/sapd/Calls.aspx,Yellow,a tbd link,26,9
09/01/26,11:27:53 AM,200 Notre Dame Dr,78228,Traffic Calls,Abandoned Vehicle,5220,WEST,SAPD-2026-1192202,29.453206,-98.553667,1788280073000,http://www.sanantonio.gov/sapd/Calls.aspx,Yellow,a tbd link,26,9
09/01/26, 2:44:49,Nw Loop 410 / Fredericksburg Rd,78229,Traffic Calls,Traffic Related,7110,PRUE,SAPD-2026-1193003,29.494453,-98.554847,1788291889000,http://www.sanantonio.gov/sapd/Calls.aspx,Yellow,a tbd link,26,9
09/01/26,11:28:27 AM,7800 Marbach Rd,78227,Property Crime Calls,Theft In Progress,5170,WEST,SAPD-2026-1192204,29.417807,-98.642884,1788280107000,http://www.sanantonio.gov/sapd/Calls.aspx,Green,a tbd link,26,9
09/01/26, 2:44:33,W0 Ne Lp 410 Ofrp Perrin Beitel,78218,Traffic Calls,Minor Accident,3230,NORTH,SAPD-2026-1193001,29.516116,-98.405807,1788291873000,http://www.sanantonio.gov/sapd/Calls.aspx,Yellow,a tbd link,26,9
09/01/26,11:27:11 AM,Ih 10 W Nb / Utsa Blvd,78249,Traffic Calls,Officer Traffic Stop,7230,PRUE,SAPD-2026-1192199,29.575536,-98.594599,1788280031000,http://www.sanantonio.gov/sapd/Calls.aspx,Yellow,a tbd link,26,9
09/01/26, 2:42:20,1201-1499 N LOOP 1604 W WB,78232,Traffic Calls,Traffic Related,3170,NORTH,SAPD-2026-1192986,29.608631,-98.514564,1788291740000,http://www.sanantonio.gov/sapd/Calls.aspx,Yellow,a tbd link,26,9
09/01/26,11:30:02 AM,N San Felipe Ave / Culebra Rd,78228,Traffic Calls,Minor Accident,5220,WEST,SAPD-2026-1192211,29.448221,-98.556753,1788280202000,http://www.sanantonio.gov/sapd/Calls.aspx,Yellow,a tbd link,26,9
09/01/26, 2:42:53,3301-3329 S WW WHITE RD,78222,Other Calls,Miscellaneous,4260,EAST,SAPD-2026-1192990,29.37093,-98.404465,1788291773000,http://www.sanantonio.gov/sapd/Calls.aspx,Blue,a tbd link,26,9
09/01/26, 2:45:24,4400 Sierra St,78214,Other Calls,Disturbance,6210,SOUTH,SAPD-2026-1193007,29.381188,-98.49505,1788291924000,http://www.sanantonio.gov/sapd/Calls.aspx,Blue,a tbd link,26,9
09/01/26, 2:43:49,1221-1299 S ST MARY'S ST,78210,Traffic Calls,Traffic Related,1110,DOWNTOWN,SAPD-2026-1192994,29.410102,-98.487664,1788291829000,http://www.sanantonio.gov/sapd/Calls.aspx,Yellow,a tbd link,26,9
09/01/26, 2:46:43,1000 Montezuma,78207,Other Calls,Disturbance,2330,CENTRAL,SAPD-2026-1193013,29.418798,-98.524775,1788292003000,http://www.sanantonio.gov/sapd/Calls.aspx,Blue,a tbd link,26,9
09/01/26, 2:46:34,500 Hazel St,78207,Crimes Against Person Calls,Assault In Progress,2340,CENTRAL,SAPD-2026-1193012,29.407522,-98.52515,1788291994000,http://www.sanantonio.gov/sapd/Calls.aspx,Red,a tbd link,26,9
09/01/26, 2:45:05,12500 Argento,78254,Other Calls,SAPD Emergency Call,NOT SAPD BEX,SAPD OUTSIDE AREA,SAPD-2026-1193004,29.543697,-98.740375,1788291905000,http://www.sanantonio.gov/sapd/Calls.aspx,Blue,a tbd link,26,9
09/01/26, 2:47:01,4900 Woodstone,78230,Other Calls,Assist the Public,7230,PRUE,SAPD-2026-1193014,29.552326,-98.576218,1788292021000,http://www.sanantonio.gov/sapd/Calls.aspx,Blue,a tbd link,26,9
09/01/26, 2:46:36,2300 Ne Loop 410,78217-5602,Traffic Calls,Minor Accident,3370,NORTH,SAPD-2026-1193011,29.5167,-98.42014,1788291996000,http://www.sanantonio.gov/sapd/Calls.aspx,Yellow,a tbd link,26,9
09/01/26, 8:03:13,Roft Rd / Culebra Rd,78253,Traffic Calls,Traffic Related,5350,WEST,SAPD-2026-1194471,29.505851,-98.735299,1788310993000,http://www.sanantonio.gov/sapd/Calls.aspx,Yellow,a tbd link,26,9
09/01/26, 8:01:44,7000-7299 E Sixth St,78069,Other Calls,SAPD Emergency Call,NOT SAPD BEX,SAPD OUTSIDE AREA,SAPD-2026-1194473,29.226193,-98.641226,1788310904000,http://www.sanantonio.gov/sapd/Calls.aspx,Blue,a tbd link,26,9
09/01/26,11:32:34 PM,200 ALEXANDER RD,78201,Other Calls,Patrol By,5210,WEST,SAPD-2026-1195199,29.450801,-98.527742,1788323554000,http://www.sanantonio.gov/sapd/Calls.aspx,Blue,a tbd link,26,9
09/01/26, 8:05:23,9000 Indigo Lake,78245,Property Crime Calls,Theft,5330,WEST,SAPD-2026-1194477,29.425704,-98.66184,1788311123000,http://www.sanantonio.gov/sapd/Calls.aspx,Green,a tbd link,26,9
09/01/26, 8:07:37,400 Montrose,78223,Property Crime Calls,Theft of Vehicle,6240,SOUTH,SAPD-2026-1194488,29.370075,-98.461672,1788311257000,http://www.sanantonio.gov/sapd/Calls.aspx,Green,a tbd link,26,9
09/01/26, 8:06:11,8100 Data Point Dr,78229,Other Calls,Assist the Public,7120,PRUE,SAPD-2026-1194494,29.515453,-98.569769,1788311171000,http://www.sanantonio.gov/sapd/Calls.aspx,Blue,a tbd link,26,9
09/01/26,11:35:41 PM,9000 Marbach Rd,78245,Other Calls,Disturbance,5340,WEST,SAPD-2026-1195210,29.417563,-98.662864,1788323741000,http://www.sanantonio.gov/sapd/Calls.aspx,Blue,a tbd link,26,9
09/01/26, 8:02:35,900 W Lynwood,78201,Other Calls,Disturbance,2210,CENTRAL,SAPD-2026-1194470,29.463472,-98.508778,1788310955000,http://www.sanantonio.gov/sapd/Calls.aspx,Blue,a tbd link,26,9
09/01/26,11:34:44 PM,6400 Nw Loop 410,78238,Crimes Against Person Calls,Fight,5310,WEST,SAPD-2026-1195208,29.463703,-98.622528,1788323684000,http://www.sanantonio.gov/sapd/Calls.aspx,Red,a tbd link,26,9
09/01/26, 8:04:50,18200 Blanco Rd,78258,Crimes Against Person Calls,Suspicious Vehicle,3170,NORTH,SAPD-2026-1194475,29.611778,-98.510084,1788311090000,http://www.sanantonio.gov/sapd/Calls.aspx,Red,a tbd link,26,9
09/01/26,11:36:05 PM,5200-5299 Rittiman Rd,78218,Crimes Against Person Calls,Suspicious Vehicle,4340,EAST,SAPD-2026-1195211,29.48408,-98.386559,1788323765000,http://www.sanantonio.gov/sapd/Calls.aspx,Red,a tbd link,26,9
09/01/26, 8:03:59,2800 Research Plaza,78235,Crimes Against Person Calls,Threats,6270,SOUTH,SAPD-2026-1194480,29.339129,-98.442883,1788311039000,http://www.sanantonio.gov/sapd/Calls.aspx,Red,a tbd link,26,9
09/01/26,11:33:43 PM,14900 Nacogdoches Rd,78233,Other Calls,SAPD Non-Emergency Call,3250,NORTH,SAPD-2026-1195204,29.574617,-98.373592,1788323623000,http://www.sanantonio.gov/sapd/Calls.aspx,Blue,a tbd link,26,9
09/01/26, 8:03:25,900 W Lynwood,78201,Crimes Against Person Calls,Disturbance (Gun Involved),2210,CENTRAL,SAPD-2026-1194472,29.463472,-98.508778,1788311005000,http://www.sanantonio.gov/sapd/Calls.aspx,Red,a tbd link,26,9
09/01/26,11:34:09 PM,100 S JOSEPHINE TOBIN,78201,Other Calls,Patrol By,5210,WEST,SAPD-2026-1195206,29.44945,-98.530416,1788323649000,http://www.sanantonio.gov/sapd/Calls.aspx,Blue,a tbd link,26,9
09/01/26, 8:05:55,1200 Country Path,78216,Property Crime Calls,Criminal Mischief In Progress,3130,NORTH,SAPD-2026-1194482,29.56064,-98.477912,1788311155000,http://www.sanantonio.gov/sapd/Calls.aspx,Green,a tbd link,26,9
09/01/26,11:37:49 PM,3200 Nacogdoches Rd,78217,Other Calls,Disturbance,3360,NORTH,SAPD-2026-1195217,29.528124,-98.435589,1788323869000,http://www.sanantonio.gov/sapd/Calls.aspx,Blue,a tbd link,26,9
09/01/26,11:36:23 PM,500 S San Eduardo Ave,78237,Other Calls,Patrol By,5110,WEST,SAPD-2026-1195213,29.42492,-98.559187,1788323783000,http://www.sanantonio.gov/sapd/Calls.aspx,Blue,a tbd link,26,9
09/01/26,11:37:29 PM,1500 Austin Hwy,78218,Other Calls,Disturbance,4350,EAST,SAPD-2026-1195215,29.492919,-98.431133,1788323849000,http://www.sanantonio.gov/sapd/Calls.aspx,Blue,a tbd link,26,9
09/01/26,11:36:44 PM,4100 Scarletoak,78220,Crimes Against Person Calls,Assault In Progress,4230,EAST,SAPD-2026-1195214,29.423238,-98.417793,1788323804000,http://www.sanantonio.gov/sapd/Calls.aspx,Red,a tbd link,26,9
09/01/26,11:37:28 PM,7500 Bandera Rd,78238,Property Crime Calls,Recovered Stolen Property,7320,PRUE,SAPD-2026-1195221,29.508043,-98.62954,1788323848000,http://www.sanantonio.gov/sapd/Calls.aspx,Green,a tbd link,26,9
09/01/26,11:38:31 PM,12200 Nacogdoches Rd,78217,Crimes Against Person Calls,Assault In Progress,3210,NORTH,SAPD-2026-1195219,29.550883,-98.4063,1788323911000,http://www.sanantonio.gov/sapd/Calls.aspx,Red,a tbd link,26,9
09/01/26,11:39:36 PM,100 Sw Loop 410,78245,Property Crime Calls,Burglary Vehicle,5160,WEST,SAPD-2026-1195225,29.436222,-98.648317,1788323976000,http://www.sanantonio.gov/sapd/Calls.aspx,Green,a tbd link,26,9
09/01/26,11:38:25 PM,800 W SOUTHCROSS BLVD,78211,Other Calls,Patrol By,6120,SOUTH,SAPD-2026-1195218,29.368536,-98.523878,1788323905000,http://www.sanantonio.gov/sapd/Calls.aspx,Blue,a tbd link,26,9
09/01/26,11:41:13 PM,5500 Nw Loop 410,78238,Property Crime Calls,Burglary Vehicle In Progress,7140,PRUE,SAPD-2026-1195226,29.4854,-98.5942,1788324073000,http://www.sanantonio.gov/sapd/Calls.aspx,Green,a tbd link,26,9
09/01/26,11:42:26 PM,2200 Rigsby Ave,78222,Other Calls,Welfare Check,4230,EAST,SAPD-2026-1195232,29.399227,-98.424151,1788324146000,http://www.sanantonio.gov/sapd/Calls.aspx,Blue,a tbd link,26,9
09/01/26,11:40:52 PM,4100 Broadway,78209,Other Calls,Information,1230,DOWNTOWN,SAPD-2026-1195227,29.464993,-98.465403,1788324052000,http://www.sanantonio.gov/sapd/Calls.aspx,Blue,a tbd link,26,9
09/01/26,11:44:53 PM,22400 Us Hwy 281 N,78259,Property Crime Calls,Burglary Vehicle,3150,NORTH,SAPD-2026-1195240,29.64962,-98.448399,1788324293000,http://www.sanantonio.gov/sapd/Calls.aspx,Green,a tbd link,26,9
09/01/26,11:42:26 PM,6000 Ih 10 W,78201-2198,Crimes Against Person Calls,Assault In Progress,2230,CENTRAL,SAPD-2026-1195231,29.485892,-98.535841,1788324146000,http://www.sanantonio.gov/sapd/Calls.aspx,Red,a tbd link,26,9
09/01/26,11:41:39 PM,500 S JOSEPHINE TOBIN,78201,Other Calls,Patrol By,5210,WEST,SAPD-2026-1195228,29.451767,-98.535901,1788324099000,http://www.sanantonio.gov/sapd/Calls.aspx,Blue,a tbd link,26,9
09/01/26,11:42:09 PM,10700 NACOGDOCHES RD,78217,Other Calls,Patrol By,3360,NORTH,SAPD-2026-1195230,29.535464,-98.42296,1788324129000,http://www.sanantonio.gov/sapd/Calls.aspx,Blue,a tbd link,26,9
09/01/26,11:43:03 PM,18300 Talavera Rdg,78257,Other Calls,Disturbance,7260,PRUE,SAPD-2026-1195237,29.617472,-98.600833,1788324183000,http://www.sanantonio.gov/sapd/Calls.aspx,Blue,a tbd link,26,9
09/01/26,11:43:43 PM,11500 Ih 35 N,78233,Other Calls,Suspicious Person,3230,NORTH,SAPD-2026-1195236,29.545458,-98.370646,1788324223000,http://www.sanantonio.gov/sapd/Calls.aspx,Blue,a tbd link,26,9
09/01/26,11:43:43 PM,1400 Hillcrest Dr,78228,Other Calls,Disturbance,5220,WEST,SAPD-2026-1195235,29.467304,-98.570615,1788324223000,http://www.sanantonio.gov/sapd/Calls.aspx,Blue,a tbd link,26,9
09/01/26,11:43:11 PM,300 Mclane,78212,Property Crime Calls,Burglary in Progress,1210,DOWNTOWN,SAPD-2026-1195233,29.441594,-98.484985,1788324191000,http://www.sanantonio.gov/sapd/Calls.aspx,Green,a tbd link,26,9
09/01/26,11:49:47 PM,6000 Ih 10 W,78201-2198,Other Calls,Disturbance,2230,CENTRAL,SAPD-2026-1195255,29.485892,-98.535841,1788324587000,http://www.sanantonio.gov/sapd/Calls.aspx,Blue,a tbd link,26,9
09/01/26,11:46:28 PM,7400 Yarrow Blvd,78224,Other Calls,Disturbance Family,6330,SOUTH,SAPD-2026-1195243,29.353112,-98.542067,1788324388000,http://www.sanantonio.gov/sapd/Calls.aspx,Blue,a tbd link,26,9
09/01/26,11:48:57 PM,5800 Deer Horn Dr,78238,Other Calls,Disturbance,5270,WEST,SAPD-2026-1195249,29.477357,-98.601323,1788324537000,http://www.sanantonio.gov/sapd/Calls.aspx,Blue,a tbd link,26,9
09/01/26,11:48:49 PM,1500 W Southcross Blvd,78211,Other Calls,Disturbance,6120,SOUTH,SAPD-2026-1195248,29.368107,-98.533138,1788324529000,http://www.sanantonio.gov/sapd/Calls.aspx,Blue,a tbd link,26,9
09/01/26,11:48:56 PM,3800 Perrin Central,78217,Other Calls,Assist the Public,3370,NORTH,SAPD-2026-1195250,29.536527,-98.418164,1788324536000,http://www.sanantonio.gov/sapd/Calls.aspx,Blue,a tbd link,26,9
09/01/26,11:47:10 PM,8201-8699 Ih 35 N Sb,78218,Traffic Calls,Major Accident,4330,EAST,SAPD-2026-1195244,29.516466,-98.396568,1788324430000,http://www.sanantonio.gov/sapd/Calls.aspx,Yellow,a tbd link,26,9
09/01/26,11:49:14 PM,E Crockett St / Losoya,78205,Other Calls,Miscellaneous,1110,DOWNTOWN,SAPD-2026-1195251,29.425112,-98.487873,1788324554000,http://www.sanantonio.gov/sapd/Calls.aspx,Blue,a tbd link,26,9
09/01/26,11:52:18 PM,1200 N Hunt Ln,78251,Other Calls,Disturbance,5350,WEST,SAPD-2026-1195260,29.446898,-98.667078,1788324738000,http://www.sanantonio.gov/sapd/Calls.aspx,Blue,a tbd link,26,9
09/01/26,11:50:30 PM,900-902 S ZARZAMORA ST,78207,Traffic Calls,Traffic Related,2330,CENTRAL,SAPD-2026-1195256,29.419487,-98.528055,1788324630000,http://www.sanantonio.gov/sapd/Calls.aspx,Yellow,a tbd link,26,9
09/01/26,11:53:00 PM,300 Zabra Dr,78227,Crimes Against Person Calls,Suspicious Vehicle,5340,WEST,SAPD-2026-1195261,29.404256,-98.653809,1788324780000,http://www.sanantonio.gov/sapd/Calls.aspx,Red,a tbd link,26,9
09/01/26,11:55:04 PM,2800 Ferncircle,78224,Other Calls,Narcotic Laws,6330,SOUTH,SAPD-2026-1195264,29.347662,-98.550689,1788324904000,http://www.sanantonio.gov/sapd/Calls.aspx,Blue,a tbd link,26,9
09/01/26,11:51:14 PM,3900 PECAN VALLEY DR,78223,Other Calls,Patrol By,4210,EAST,SAPD-2026-1195257,29.384251,-98.430563,1788324674000,http://www.sanantonio.gov/sapd/Calls.aspx,Blue,a tbd link,26,9
09/01/26,11:51:17 PM,300 W Houston St,78205,Traffic Calls,Officer Traffic Stop,1120,DOWNTOWN,SAPD-2026-1195258,29.426458,-98.496011,1788324677000,http://www.sanantonio.gov/sapd/Calls.aspx,Yellow,a tbd link,26,9
09/01/26,11:51:45 PM,500 DIVISION,78214,Other Calls,Patrol By,6210,SOUTH,SAPD-2026-1195259,29.379947,-98.509894,1788324705000,http://www.sanantonio.gov/sapd/Calls.aspx,Blue,a tbd link,26,9
09/01/26,11:55:30 PM,4600 PECAN VALLEY DR,78223,Other Calls,Suspicious Person,4210,EAST,SAPD-2026-1195265,29.378783,-98.431384,1788324930000,http://www.sanantonio.gov/sapd/Calls.aspx,Blue,a tbd link,26,9
09/01/26,11:53:43 PM,18900 Redland Rd,78259,Crimes Against Person Calls,Assault In Progress,3150,NORTH,SAPD-2026-1195262,29.615645,-98.457192,1788324823000,http://www.sanantonio.gov/sapd/Calls.aspx,Red,a tbd link,26,9
09/01/26,11:57:14 PM,900 Broadway,78215,Other Calls,Disturbance Loud Music,1130,DOWNTOWN,SAPD-2026-1195266,29.433538,-98.481596,1788325034000,http://www.sanantonio.gov/sapd/Calls.aspx,Blue,a tbd link,26,9
09/01/26,11:58:18 PM,100 Los Arboles,78214,Other Calls,Disturbance,6210,SOUTH,SAPD-2026-1195267,29.380838,-98.495255,1788325098000,http://www.sanantonio.gov/sapd/Calls.aspx,Blue,a tbd link,26,9
09/01/26,11:59:16 PM,2800 Goliad Rd,78223,Other Calls,Narcotic Laws,6270,SOUTH,SAPD-2026-1195269,29.355414,-98.432755,1788325156000,http://www.sanantonio.gov/sapd/Calls.aspx,Blue,a tbd link,26,9
09/01/26,11:59:09 PM,5300 Castle Way Dr,78218,Other Calls,Disturbance,4330,EAST,SAPD-2026-1195271,29.499039,-98.387703,1788325149000,http://www.sanantonio.gov/sapd/Calls.aspx,Blue,a tbd link,26,9
09/01/26, 8:05:36,100 Lanark Dr,78218,Traffic Calls,Traffic Violation,4360,EAST,SAPD-2026-1194479,29.503311,-98.415803,1788311136000,http://www.sanantonio.gov/sapd/Calls.aspx,Yellow,a tbd link,26,9
09/01/26, 8:07:00,4300 Silver Lake Dr,78219,Other Calls,Suspicious Person,4310,EAST,SAPD-2026-1194486,29.434387,-98.409341,1788311220000,http://www.sanantonio.gov/sapd/Calls.aspx,Blue,a tbd link,26,9
09/01/26, 8:08:44,800 Halliday Ave,78210,Other Calls,Disturbance Family,4150,EAST,SAPD-2026-1194493,29.384985,-98.465296,1788311324000,http://www.sanantonio.gov/sapd/Calls.aspx,Blue,a tbd link,26,9
09/01/26, 8:05:35,3100 ROSELAWN,78226,Other Calls,Patrol By,6310,SOUTH,SAPD-2026-1194478,29.390681,-98.556847,1788311135000,http://www.sanantonio.gov/sapd/Calls.aspx,Blue,a tbd link,26,9
09/01/26, 8:10:00,2000 E Southcross Blvd,78223,Other Calls,Disturbance,6240,SOUTH,SAPD-2026-1194498,29.375436,-98.465079,1788311400000,http://www.sanantonio.gov/sapd/Calls.aspx,Blue,a tbd link,26,9
09/01/26, 8:06:37,8300 Prickly Oak,78223,Property Crime Calls,Burglary in Progress,4260,EAST,SAPD-2026-1194483,29.343429,-98.416309,1788311197000,http://www.sanantonio.gov/sapd/Calls.aspx,Green,a tbd link,26,9
09/01/26, 8:07:59,1500-1672 N Loop 1604 E Eb,78232,Traffic Calls,Traffic Related,3160,NORTH,SAPD-2026-1194489,29.609692,-98.471378,1788311279000,http://www.sanantonio.gov/sapd/Calls.aspx,Yellow,a tbd link,26,9
09/01/26, 8:08:10,12000 Pewee,78221,Traffic Calls,Traffic Related,6260,SOUTH,SAPD-2026-1194492,29.2941,-98.485654,1788311290000,http://www.sanantonio.gov/sapd/Calls.aspx,Yellow,a tbd link,26,9
09/01/26, 8:08:45,900 E Basse Rd,78209,Other Calls,Disturbance,3330,NORTH,SAPD-2026-1194496,29.497491,-98.467189,1788311325000,http://www.sanantonio.gov/sapd/Calls.aspx,Blue,a tbd link,26,9
09/01/26, 8:09:02,400-499 Mt Vernon Ct,78223,Other Calls,Disturbance,6240,SOUTH,SAPD-2026-1194495,29.372943,-98.467089,1788311342000,http://www.sanantonio.gov/sapd/Calls.aspx,Blue,a tbd link,26,9
09/01/26, 8:10:51,5800 Ingram Rd,78228,Other Calls,Disturbance Neighbor,5270,WEST,SAPD-2026-1194501,29.466152,-98.598808,1788311451000,http://www.sanantonio.gov/sapd/Calls.aspx,Blue,a tbd link,26,9
09/01/26, 8:14:30,18700 Stone Oak Pkwy,78258,Property Crime Calls,Theft,3170,NORTH,SAPD-2026-1194512,29.613401,-98.498633,1788311670000,http://www.sanantonio.gov/sapd/Calls.aspx,Green,a tbd link,26,9
09/01/26, 8:09:49,9401-9699 IH 35 N,78233,Traffic Calls,Traffic Related,3230,NORTH,SAPD-2026-1194497,29.52539,-98.393886,1788311389000,http://www.sanantonio.gov/sapd/Calls.aspx,Yellow,a tbd link,26,9
09/01/26, 8:15:58,15300 Fallen Grove,78247,Property Crime Calls,Forgery,3220,NORTH,SAPD-2026-1194518,29.580967,-98.432885,1788311758000,http://www.sanantonio.gov/sapd/Calls.aspx,Green,a tbd link,26,9
09/01/26, 8:19:58,900 W Silversands Dr,78216,Other Calls,Disturbance Neighbor,3120,NORTH,SAPD-2026-1194543,29.551866,-98.506483,1788311998000,http://www.sanantonio.gov/sapd/Calls.aspx,Blue,a tbd link,26,9
09/01/26, 8:11:49,400 Mt Vernon Ct,78223,Other Calls,Disturbance,6240,SOUTH,SAPD-2026-1194504,29.372944,-98.467951,1788311509000,http://www.sanantonio.gov/sapd/Calls.aspx,Blue,a tbd link,26,9
09/01/26, 8:19:24,7900 Floyd Curl Dr,78229,Other Calls,Assist the Public,7130,PRUE,SAPD-2026-1194529,29.511187,-98.575106,1788311964000,http://www.sanantonio.gov/sapd/Calls.aspx,Blue,a tbd link,26,9
09/01/26, 8:11:44,4700 Fredericksburg Rd,78229,Other Calls,Disturbance,7110,PRUE,SAPD-2026-1194507,29.495121,-98.554608,1788311504000,http://www.sanantonio.gov/sapd/Calls.aspx,Blue,a tbd link,26,9
09/01/26, 8:12:45,W Loop 1604 N Nb / Culebra Rd,78250,Traffic Calls,Traffic Related,5350,WEST,SAPD-2026-1194508,29.493952,-98.704625,1788311565000,http://www.sanantonio.gov/sapd/Calls.aspx,Yellow,a tbd link,26,9
09/01/26, 8:12:11,4500 Longvale Dr,78217,Crimes Against Person Calls,Fight,3370,NORTH,SAPD-2026-1194505,29.530148,-98.402433,1788311531000,http://www.sanantonio.gov/sapd/Calls.aspx,Red,a tbd link,26,9
09/01/26, 8:17:21,200 Delta,78237,Crimes Against Person Calls,Suspicious Vehicle,5120,WEST,SAPD-2026-1194522,29.41003,-98.586082,1788311841000,http://www.sanantonio.gov/sapd/Calls.aspx,Red,a tbd link,26,9
09/01/26, 8:14:12,4300 W Vasquez Cir,78109,Other Calls,Disturbance,4310,EAST,SAPD-2026-1194510,29.467121,-98.276733,1788311652000,http://www.sanantonio.gov/sapd/Calls.aspx,Blue,a tbd link,26,9
09/01/26, 8:13:23,500 S Acme Rd,78237,Other Calls,Missing Person/Runaway,5140,WEST,SAPD-2026-1194509,29.426881,-98.588436,1788311603000,http://www.sanantonio.gov/sapd/Calls.aspx,Blue,a tbd link,26,9
09/01/26, 8:15:08,4900 Woodstone,78230,Other Calls,Information,7230,PRUE,SAPD-2026-1194513,29.552999,-98.575831,1788311708000,http://www.sanantonio.gov/sapd/Calls.aspx,Blue,a tbd link,26,9
09/01/26, 8:15:35,800 Babcock Rd,78201,Other Calls,Disturbance,5230,WEST,SAPD-2026-1194514,29.478382,-98.552675,1788311735000,http://www.sanantonio.gov/sapd/Calls.aspx,Blue,a tbd link,26,9
09/01/26, 8:15:39,5100 West Ave,78213,Other Calls,Disturbance,2220,CENTRAL,SAPD-2026-1194515,29.51455,-98.525669,1788311739000,http://www.sanantonio.gov/sapd/Calls.aspx,Blue,a tbd link,26,9
09/01/26, 8:17:36,900 Camaron,78212,Other Calls,Patrol By,1220,DOWNTOWN,SAPD-2026-1194525,29.433131,-98.5013,1788311856000,http://www.sanantonio.gov/sapd/Calls.aspx,Blue,a tbd link,26,9
09/01/26, 8:16:38,1000 Edison Dr,78201,Other Calls,Missing Person/Runaway,2210,CENTRAL,SAPD-2026-1194520,29.475092,-98.509866,1788311798000,http://www.sanantonio.gov/sapd/Calls.aspx,Blue,a tbd link,26,9
09/01/26, 8:16:35,5700 Middlefield Dr,78242,Other Calls,Assist the Public,6350,SOUTH,SAPD-2026-1194523,29.36519,-98.608747,1788311795000,http://www.sanantonio.gov/sapd/Calls.aspx,Blue,a tbd link,26,9
09/01/26, 8:17:33,7700 Proton Summit,78252,Property Crime Calls,Criminal Mischief,6360,SOUTH,SAPD-2026-1194524,29.354568,-98.636405,1788311853000,http://www.sanantonio.gov/sapd/Calls.aspx,Green,a tbd link,26,9
09/01/26, 8:22:38,1300 Vickers Ave,78211,Other Calls,Disturbance Family,6320,SOUTH,SAPD-2026-1194540,29.366447,-98.538803,1788312158000,http://www.sanantonio.gov/sapd/Calls.aspx,Blue,a tbd link,26,9
09/01/26, 8:20:32,7700 Skolout St,78227,Crimes Against Person Calls,Threats,5170,WEST,SAPD-2026-1194533,29.401166,-98.642944,1788312032000,http://www.sanantonio.gov/sapd/Calls.aspx,Red,a tbd link,26,9
09/01/26, 8:18:17,7400 Broadway,78209,Other Calls,Disturbance,3330,NORTH,SAPD-2026-1194526,29.496501,-98.466936,1788311897000,http://www.sanantonio.gov/sapd/Calls.aspx,Blue,a tbd link,26,9
09/01/26, 8:19:49,1200 Austin Hwy,78209,Crimes Against Person Calls,Fight,3340,NORTH,SAPD-2026-1194531,29.487778,-98.447344,1788311989000,http://www.sanantonio.gov/sapd/Calls.aspx,Red,a tbd link,26,9
09/01/26, 8:19:52,4100 Commercial Ave,78221,Other Calls,Disturbance,6150,SOUTH,SAPD-2026-1194532,29.328941,-98.516201,1788311992000,http://www.sanantonio.gov/sapd/Calls.aspx,Blue,a tbd link,26,9
09/01/26, 8:19:48,6200 LAKEFRONT,78222,Crimes Against Person Calls,Assault In Progress,4250,EAST,SAPD-2026-1194530,29.392468,-98.367755,1788311988000,http://www.sanantonio.gov/sapd/Calls.aspx,Red,a tbd link,26,9
09/01/26, 8:21:26,S Ellison Dr / Marbach Rd,78245,Traffic Calls,Minor Accident,5360,WEST,SAPD-2026-1194535,29.417849,-98.678202,1788312086000,http://www.sanantonio.gov/sapd/Calls.aspx,Yellow,a tbd link,26,9
09/01/26, 8:22:54,6600 Utsa Blvd,78249,Crimes Against Person Calls,Suspicious Vehicle,7250,PRUE,SAPD-2026-1194538,29.575043,-98.619989,1788312174000,http://www.sanantonio.gov/sapd/Calls.aspx,Red,a tbd link,26,9
09/01/26, 8:23:29,4100 Commercial Ave,78221,Other Calls,Suspicious Person,6150,SOUTH,SAPD-2026-1194541,29.329012,-98.516201,1788312209000,http://www.sanantonio.gov/sapd/Calls.aspx,Blue,a tbd link,26,9
09/01/26, 8:23:10,100-199 Glencrest,78201,Other Calls,Welfare Check,5260,WEST,SAPD-2026-1194539,29.488852,-98.556537,1788312190000,http://www.sanantonio.gov/sapd/Calls.aspx,Blue,a tbd link,26,9
09/01/26, 8:25:06,700 Sw Military Dr,78221,Other Calls,Miscellaneous,6230,SOUTH,SAPD-2026-1194550,29.357781,-98.50269,1788312306000,http://www.sanantonio.gov/sapd/Calls.aspx,Blue,a tbd link,26,9
09/01/26, 8:23:56,3500 Oakheath,78247,Other Calls,Disturbance Neighbor,3220,NORTH,SAPD-2026-1194544,29.570233,-98.421709,1788312236000,http://www.sanantonio.gov/sapd/Calls.aspx,Blue,a tbd link,26,9
09/01/26, 8:23:11,4900 Hershey Dr,78220,Other Calls,Animal Related,4240,EAST,SAPD-2026-1194545,29.403347,-98.396103,1788312191000,http://www.sanantonio.gov/sapd/Calls.aspx,Blue,a tbd link,26,9
09/01/26, 8:22:23,1000 N Frio St,78207,Property Crime Calls,Burglary in Progress,2310,CENTRAL,SAPD-2026-1194537,29.436017,-98.50605,1788312143000,http://www.sanantonio.gov/sapd/Calls.aspx,Green,a tbd link,26,9
09/01/26, 8:25:58,1600 W Mayfield Blvd,78211,Property Crime Calls,Theft,6320,SOUTH,SAPD-2026-1194555,29.3635,-98.558524,1788312358000,http://www.sanantonio.gov/sapd/Calls.aspx,Green,a tbd link,26,9
09/01/26, 8:25:14,800 Babcock Rd,78201,Other Calls,Disturbance,5230,WEST,SAPD-2026-1194549,29.479478,-98.552725,1788312314000,http://www.sanantonio.gov/sapd/Calls.aspx,Blue,a tbd link,26,9
09/01/26, 8:25:05,17100 Autry Pond Rd,78247,Other Calls,Disturbance,3140,NORTH,SAPD-2026-1194553,29.5979,-98.4215,1788312305000,http://www.sanantonio.gov/sapd/Calls.aspx,Blue,a tbd link,26,9
09/01/26, 8:32:11,11000 POTRANCO RD,78251,Other Calls,Missing Person - Endangered,5360,WEST,SAPD-2026-1194570,29.435311,-98.709994,1788312731000,http://www.sanantonio.gov/sapd/Calls.aspx,Blue,a tbd link,26,9
09/01/26, 8:25:33,5200 Blanco Rd,78216,Other Calls,Disturbance,3310,NORTH,SAPD-2026-1194552,29.496258,-98.506934,1788312333000,http://www.sanantonio.gov/sapd/Calls.aspx,Blue,a tbd link,26,9
09/01/26, 8:25:44,4600 Rittiman Rd,78218,Property Crime Calls,Theft In Progress,4340,EAST,SAPD-2026-1194554,29.483611,-98.400556,1788312344000,http://www.sanantonio.gov/sapd/Calls.aspx,Green,a tbd link,26,9
09/01/26, 8:30:01,600 Tarasco Dr,78227,Other Calls,Disturbance Family,5340,WEST,SAPD-2026-1194565,29.405518,-98.651173,1788312601000,http://www.sanantonio.gov/sapd/Calls.aspx,Blue,a tbd link,26,9
09/01/26, 8:28:10,2200 Se Military Dr,78223,Other Calls,Disturbance,6270,SOUTH,SAPD-2026-1194560,29.350938,-98.460719,1788312490000,http://www.sanantonio.gov/sapd/Calls.aspx,Blue,a tbd link,26,9
09/01/26, 8:28:58,1700 Ann Arbor Dr,78224,Other Calls,Disturbance Family,6140,SOUTH,SAPD-2026-1194561,29.334053,-98.534752,1788312538000,http://www.sanantonio.gov/sapd/Calls.aspx,Blue,a tbd link,26,9
09/01/26, 8:26:35,5200 Blanco Rd,78216,Other Calls,Disturbance Loud Music,3310,NORTH,SAPD-2026-1194557,29.496258,-98.506934,1788312395000,http://www.sanantonio.gov/sapd/Calls.aspx,Blue,a tbd link,26,9
09/01/26, 8:33:14,10500 Huebner Rd,78240,Other Calls,Welfare Check,7310,PRUE,SAPD-2026-1194573,29.541595,-98.584106,1788312794000,http://www.sanantonio.gov/sapd/Calls.aspx,Blue,a tbd link,26,9
09/01/26, 8:34:07,Genesis Trl / Shepherds Way,78252,Other Calls,Patrol By,6360,SOUTH,SAPD-2026-1194578,29.335993,-98.630527,1788312847000,http://www.sanantonio.gov/sapd/Calls.aspx,Blue,a tbd link,26,9
09/01/26, 8:26:52,301-329 E HOUSTON ST,78205,Traffic Calls,Traffic Related,1110,DOWNTOWN,SAPD-2026-1194556,29.426481,-98.488825,1788312412000,http://www.sanantonio.gov/sapd/Calls.aspx,Yellow,a tbd link,26,9
09/01/26, 8:31:23,5500 Ih 35 N,78218-5112,Property Crime Calls,Theft,4340,EAST,SAPD-2026-1194568,29.482143,-98.402311,1788312683000,http://www.sanantonio.gov/sapd/Calls.aspx,Green,a tbd link,26,9
09/01/26, 8:27:50,9500 Contessa Dr,78216,Other Calls,Fire,3350,NORTH,SAPD-2026-1194559,29.527547,-98.492926,1788312470000,http://www.sanantonio.gov/sapd/Calls.aspx,Blue,a tbd link,26,9
09/01/26, 8:32:19,900 Alametos St,78201,Property Crime Calls,Theft of Vehicle,2210,CENTRAL,SAPD-2026-1194571,29.476934,-98.508555,1788312739000,http://www.sanantonio.gov/sapd/Calls.aspx,Green,a tbd link,26,9
09/01/26, 8:30:57,100 Lexington Ave,78205,Traffic Calls,Accident Private Property,1130,DOWNTOWN,SAPD-2026-1194566,29.4318,-98.489,1788312657000,http://www.sanantonio.gov/sapd/Calls.aspx,Yellow,a tbd link,26,9
09/01/26, 8:29:15,1728-1799 Larkspur Dr,78213,Traffic Calls,Major Accident,3110,NORTH,SAPD-2026-1194562,29.543463,-98.520473,1788312555000,http://www.sanantonio.gov/sapd/Calls.aspx,Yellow,a tbd link,26,9
09/01/26, 8:29:46,9600 Ih 35 N,78233-6608,Crimes Against Person Calls,Assault In Progress,3230,NORTH,SAPD-2026-1194563,29.526773,-98.394096,1788312586000,http://www.sanantonio.gov/sapd/Calls.aspx,Red,a tbd link,26,9
09/01/26, 8:31:22,500 Historic Old Hwy 90,78237,Crimes Against Person Calls,Lewd Conduct,5140,WEST,SAPD-2026-1194567,29.427147,-98.571824,1788312682000,http://www.sanantonio.gov/sapd/Calls.aspx,Red,a tbd link,26,9
09/01/26, 8:34:10,8700 IH 10 E,78109,Traffic Calls,Minor Accident,4310,EAST,SAPD-2026-1194577,29.46,-98.31596,1788312850000,http://www.sanantonio.gov/sapd/Calls.aspx,Yellow,a tbd link,26,9
09/01/26, 8:32:12,8900 Military Dr W,78251,Other Calls,Disturbance,5160,WEST,SAPD-2026-1194569,29.444633,-98.641316,1788312732000,http://www.sanantonio.gov/sapd/Calls.aspx,Blue,a tbd link,26,9
09/01/26, 8:32:28,19100 Blanco Rd,78258,Other Calls,Miscellaneous,3170,NORTH,SAPD-2026-1194575,29.620433,-98.512812,1788312748000,http://www.sanantonio.gov/sapd/Calls.aspx,Blue,a tbd link,26,9
09/01/26, 8:34:45,9500 Atlatl Ave,78221,Other Calls,Disturbance,6250,SOUTH,SAPD-2026-1194580,29.327798,-98.487634,1788312885000,http://www.sanantonio.gov/sapd/Calls.aspx,Blue,a tbd link,26,9
09/01/26, 8:32:29,9401-9699 Ih 35 N,78233,Other Calls,Disturbance,3230,NORTH,SAPD-2026-1194572,29.526646,-98.393514,1788312749000,http://www.sanantonio.gov/sapd/Calls.aspx,Blue,a tbd link,26,9
09/01/26, 8:33:32,700 Lexington Ave,78212,Other Calls,Suspicious Person,1210,DOWNTOWN,SAPD-2026-1194574,29.437211,-98.493139,1788312812000,http://www.sanantonio.gov/sapd/Calls.aspx,Blue,a tbd link,26,9
09/01/26, 8:40:56,1400 Aaron Place,78221,Property Crime Calls,Theft,6150,SOUTH,SAPD-2026-1194598,29.349635,-98.526682,1788313256000,http://www.sanantonio.gov/sapd/Calls.aspx,Green,a tbd link,26,9
09/01/26, 8:33:42,3500 Azul Blvd,78211,Other Calls,Disturbance,6140,SOUTH,SAPD-2026-1194576,29.323793,-98.56586,1788312822000,http://www.sanantonio.gov/sapd/Calls.aspx,Blue,a tbd link,26,9
09/01/26, 8:34:05,Us Hwy 90 W Eb / S Zarzamora St,78207,Traffic Calls,Traffic Related,6310,SOUTH,SAPD-2026-1194579,29.398829,-98.530806,1788312845000,http://www.sanantonio.gov/sapd/Calls.aspx,Yellow,a tbd link,26,9
09/01/26, 8:35:03,19100 Brannan Blf,78258,Other Calls,Patrol By,3160,NORTH,SAPD-2026-1194581,29.618878,-98.483126,1788312903000,http://www.sanantonio.gov/sapd/Calls.aspx,Blue,a tbd link,26,9
09/01/26, 8:35:04,Ruiz St / N Murry St,78207,Crimes Against Person Calls,Shooting In Progress,2320,CENTRAL,SAPD-2026-1194582,29.436504,-98.527091,1788312904000,http://www.sanantonio.gov/sapd/Calls.aspx,Red,a tbd link,26,9
09/01/26, 8:36:28,9500 Ih 35 N,78233-6606,Crimes Against Person Calls,Assault In Progress,3230,NORTH,SAPD-2026-1194586,29.525763,-98.394028,1788312988000,http://www.sanantonio.gov/sapd/Calls.aspx,Red,a tbd link,26,9
09/01/26, 8:38:09,5800 Ingram Rd,78228,Other Calls,Drunk,5270,WEST,SAPD-2026-1194593,29.466152,-98.598808,1788313089000,http://www.sanantonio.gov/sapd/Calls.aspx,Blue,a tbd link,26,9
09/01/26, 8:36:53,3900 Seguin Rd,78219,Traffic Calls,Minor Accident,4310,EAST,SAPD-2026-1194592,29.454881,-98.420708,1788313013000,http://www.sanantonio.gov/sapd/Calls.aspx,Yellow,a tbd link,26,9
09/01/26, 8:44:49,100 N Rosillo,78207,Other Calls,Disturbance,2320,CENTRAL,SAPD-2026-1194618,29.428308,-98.524047,1788313489000,http://www.sanantonio.gov/sapd/Calls.aspx,Blue,a tbd link,26,9
09/01/26, 8:36:13,13600 O'connor Rd,78233,Crimes Against Person Calls,Assault In Progress,3250,NORTH,SAPD-2026-1194584,29.565272,-98.382389,1788312973000,http://www.sanantonio.gov/sapd/Calls.aspx,Red,a tbd link,26,9
09/01/26, 8:43:05,6000 Bantry Bay,78240,Property Crime Calls,Theft,7160,PRUE,SAPD-2026-1194611,29.51237,-98.598763,1788313385000,http://www.sanantonio.gov/sapd/Calls.aspx,Green,a tbd link,26,9
09/01/26, 8:36:24,7119-7199 GLENDORA,78218,Traffic Calls,Traffic Related,4360,EAST,SAPD-2026-1194585,29.496698,-98.402039,1788312984000,http://www.sanantonio.gov/sapd/Calls.aspx,Yellow,a tbd link,26,9
09/01/26, 8:37:19,6000 Marble Caverns,78222,Other Calls,Disturbance Loud Music,4250,EAST,SAPD-2026-1194594,29.377952,-98.376539,1788313039000,http://www.sanantonio.gov/sapd/Calls.aspx,Blue,a tbd link,26,9
09/01/26, 8:38:46,2200 Calle Estrella,78226,Property Crime Calls,Theft,6310,SOUTH,SAPD-2026-1194595,29.391087,-98.542608,1788313126000,http://www.sanantonio.gov/sapd/Calls.aspx,Green,a tbd link,26,9
09/01/26, 8:40:41,4000 E Houston St,78220-1599,Other Calls,Disturbance,4230,EAST,SAPD-2026-1194597,29.425358,-98.419271,1788313241000,http://www.sanantonio.gov/sapd/Calls.aspx,Blue,a tbd link,26,9
09/01/26, 8:40:53,7600 W Military Dr,78227,Other Calls,Disturbance Family,5150,WEST,SAPD-2026-1194600,29.419593,-98.628469,1788313253000,http://www.sanantonio.gov/sapd/Calls.aspx,Blue,a tbd link,26,9
09/01/26, 8:41:34,8600 New Laredo Hwy,78211,Other Calls,Information,6320,SOUTH,SAPD-2026-1194603,29.341842,-98.580495,1788313294000,http://www.sanantonio.gov/sapd/Calls.aspx,Blue,a tbd link,26,9
09/01/26, 8:42:00,20 AUTUMN PASS,78245,Crimes Against Person Calls,Shooting,5330,WEST,SAPD-2026-1194607,29.419798,-98.67139,1788313320000,http://www.sanantonio.gov/sapd/Calls.aspx,Red,a tbd link,26,9
09/01/26, 8:41:00,5800 Worth Pkwy,78257,Property Crime Calls,Burglary Vehicle,7260,PRUE,SAPD-2026-1194599,29.610822,-98.598854,1788313260000,http://www.sanantonio.gov/sapd/Calls.aspx,Green,a tbd link,26,9
09/01/26, 8:41:33,5800 San Pedro Ave,78212,Other Calls,Miscellaneous,2210,CENTRAL,SAPD-2026-1194601,29.48739,-98.499253,1788313293000,http://www.sanantonio.gov/sapd/Calls.aspx,Blue,a tbd link,26,9
09/01/26, 8:43:41,900 S Ww White Rd,78220,Property Crime Calls,Theft,4230,EAST,SAPD-2026-1194614,29.415988,-98.405549,1788313421000,http://www.sanantonio.gov/sapd/Calls.aspx,Green,a tbd link,26,9
09/01/26, 8:41:47,6300 Babcock Rd,78240,Crimes Against Person Calls,Disturbance (Gun Involved),7310,PRUE,SAPD-2026-1194606,29.543575,-98.614285,1788313307000,http://www.sanantonio.gov/sapd/Calls.aspx,Red,a tbd link,26,9
09/01/26, 8:42:27,300 Roslyn Ave,78204,Other Calls,Disturbance Barking Dog,2340,CENTRAL,SAPD-2026-1194610,29.397699,-98.519053,1788313347000,http://www.sanantonio.gov/sapd/Calls.aspx,Blue,a tbd link,26,9
09/01/26, 8:42:24,100 Proctor Blvd,78221,Other Calls,Disturbance,6150,SOUTH,SAPD-2026-1194609,29.341483,-98.507391,1788313344000,http://www.sanantonio.gov/sapd/Calls.aspx,Blue,a tbd link,26,9
09/01/26, 8:45:46,12500 Ih 10 W,78230,Crimes Against Person Calls,Threats,7230,PRUE,SAPD-2026-1194619,29.558136,-98.588072,1788313546000,http://www.sanantonio.gov/sapd/Calls.aspx,Red,a tbd link,26,9
09/01/26, 8:44:43,1400 Ruiz St,78207,Other Calls,Welfare Check,2320,CENTRAL,SAPD-2026-1194615,29.436426,-98.526258,1788313483000,http://www.sanantonio.gov/sapd/Calls.aspx,Blue,a tbd link,26,9
09/01/26, 8:45:45,Culebra Rd / Huckleberry,78253,Traffic Calls,Minor Accident,5350,WEST,SAPD-2026-1194620,29.498338,-98.715511,1788313545000,http://www.sanantonio.gov/sapd/Calls.aspx,Yellow,a tbd link,26,9
09/01/26, 8:46:28,10100 Sahara Dr,78216,Other Calls,Missing Person/Runaway,3120,NORTH,SAPD-2026-1194627,29.53283,-98.497336,1788313588000,http://www.sanantonio.gov/sapd/Calls.aspx,Blue,a tbd link,26,9
09/01/26, 8:45:12,7200 Blanco Rd,78216,Other Calls,Disturbance,3110,NORTH,SAPD-2026-1194616,29.523696,-98.505353,1788313512000,http://www.sanantonio.gov/sapd/Calls.aspx,Blue,a tbd link,26,9
09/01/26, 8:46:07,8300 Eckhert Rd,78240,Crimes Against Person Calls,Disturbance (Gun Involved),7310,PRUE,SAPD-2026-1194621,29.51824,-98.618077,1788313567000,http://www.sanantonio.gov/sapd/Calls.aspx,Red,a tbd link,26,9
09/01/26, 8:44:36,8200 Marbach Rd,78227,Other Calls,Disturbance,5340,WEST,SAPD-2026-1194617,29.417838,-98.653192,1788313476000,http://www.sanantonio.gov/sapd/Calls.aspx,Blue,a tbd link,26,9
09/01/26, 8:46:40,Haven For Hope Way,78207,Other Calls,Welfare Check,2310,CENTRAL,SAPD-2026-1194628,29.431905,-98.507256,1788313600000,http://www.sanantonio.gov/sapd/Calls.aspx,Blue,a tbd link,26,9
09/01/26, 8:46:12,2800 Austin Hwy,78218,Other Calls,Missing Person/Runaway,4360,EAST,SAPD-2026-1194622,29.514183,-98.401939,1788313572000,http://www.sanantonio.gov/sapd/Calls.aspx,Blue,a tbd link,26,9
09/01/26, 8:48:20,11300 Roszell Dr,78217,Other Calls,Disturbance,3210,NORTH,SAPD-2026-1194630,29.540019,-98.415561,1788313700000,http://www.sanantonio.gov/sapd/Calls.aspx,Blue,a tbd link,26,9
09/01/26, 8:48:25,100 Hidden Valley Dr,78227,Other Calls,Disturbance Family,6360,SOUTH,SAPD-2026-1194632,29.368716,-98.63988,1788313705000,http://www.sanantonio.gov/sapd/Calls.aspx,Blue,a tbd link,26,9
09/01/26, 8:49:42,1400 Socorro St,78214,Traffic Calls,Minor Accident,6260,SOUTH,SAPD-2026-1194638,29.316032,-98.474188,1788313782000,http://www.sanantonio.gov/sapd/Calls.aspx,Yellow,a tbd link,26,9
09/01/26, 8:46:44,9700 Airport Blvd,78216,Other Calls,Property Found,SAT1,AIRPORT,SAPD-2026-1194624,29.527705,-98.472816,1788313604000,http://www.sanantonio.gov/sapd/Calls.aspx,Blue,a tbd link,26,9
09/01/26, 8:50:43,18500 Us Hwy 281 N,78258-7600,Other Calls,Disturbance,3160,NORTH,SAPD-2026-1194641,29.61232,-98.468624,1788313843000,http://www.sanantonio.gov/sapd/Calls.aspx,Blue,a tbd link,26,9
09/01/26, 8:48:55,500 Lincolnshire Dr,78220,Crimes Against Person Calls,Assault In Progress,4230,EAST,SAPD-2026-1194634,29.411184,-98.427424,1788313735000,http://www.sanantonio.gov/sapd/Calls.aspx,Red,a tbd link,26,9
09/01/26, 8:50:44,Us Hwy 281 N Sb / Tpc Pkwy,78258,Traffic Calls,Minor Accident,3150,NORTH,SAPD-2026-1194642,29.648868,-98.450886,1788313844000,http://www.sanantonio.gov/sapd/Calls.aspx,Yellow,a tbd link,26,9
09/01/26, 8:50:29,7700 Floyd Curl,78229,Other Calls,DOA,7130,PRUE,SAPD-2026-1194639,29.506944,-98.57125,1788313829000,http://www.sanantonio.gov/sapd/Calls.aspx,Blue,a tbd link,26,9
09/01/26, 8:50:40,10800 State Hwy 151,78251,Other Calls,Miscellaneous,5360,WEST,SAPD-2026-1194640,29.459137,-98.690886,1788313840000,http://www.sanantonio.gov/sapd/Calls.aspx,Blue,a tbd link,26,9
09/01/26, 8:51:56,200 Westfall Ave,78210,Crimes Against Person Calls,Assault In Progress,4120,EAST,SAPD-2026-1194646,29.402933,-98.473645,1788313916000,http://www.sanantonio.gov/sapd/Calls.aspx,Red,a tbd link,26,9
09/01/26, 8:55:58,1500 Pleasanton Rd,78221,Other Calls,Welfare Check,6230,SOUTH,SAPD-2026-1194652,29.367954,-98.504881,1788314158000,http://www.sanantonio.gov/sapd/Calls.aspx,Blue,a tbd link,26,9
09/01/26, 8:56:25,19200 Ih 10 W,78257,Property Crime Calls,Burglary Vehicle,7260,PRUE,SAPD-2026-1194659,29.620881,-98.607412,1788314185000,http://www.sanantonio.gov/sapd/Calls.aspx,Green,a tbd link,26,9
09/01/26, 8:55:02,100 Navarro St,78205-2933,Other Calls,Welfare Check,1110,DOWNTOWN,SAPD-2026-1194653,29.421479,-98.490562,1788314102000,http://www.sanantonio.gov/sapd/Calls.aspx,Blue,a tbd link,26,9
09/01/26, 8:56:52,3200 Wurzbach Rd,78238,Other Calls,Disturbance,5310,WEST,SAPD-2026-1194657,29.467672,-98.62366,1788314212000,http://www.sanantonio.gov/sapd/Calls.aspx,Blue,a tbd link,26,9
09/01/26, 8:54:15,4000 Binz-engleman Rd,78219,Other Calls,Suspicious Person,4310,EAST,SAPD-2026-1194651,29.456479,-98.416329,1788314055000,http://www.sanantonio.gov/sapd/Calls.aspx,Blue,a tbd link,26,9
09/01/26, 8:55:44,7700 Tippit Trl,78240,Property Crime Calls,Burglary Vehicle,7320,PRUE,SAPD-2026-1194654,29.531362,-98.639882,1788314144000,http://www.sanantonio.gov/sapd/Calls.aspx,Green,a tbd link,26,9
09/01/26, 8:54:46,5400 Santa Cruz,78228,Other Calls,Disturbance,5250,WEST,SAPD-2026-1194655,29.452524,-98.594036,1788314086000,http://www.sanantonio.gov/sapd/Calls.aspx,Blue,a tbd link,26,9
09/01/26, 8:59:47,2200 Calle Estrella,78226,Property Crime Calls,Criminal Mischief,6310,SOUTH,SAPD-2026-1194682,29.391074,-98.542479,1788314387000,http://www.sanantonio.gov/sapd/Calls.aspx,Green,a tbd link,26,9
09/01/26, 8:57:09,8500 Nw Military Hwy,78230,Crimes Against Person Calls,Suspicious Vehicle,7220,PRUE,SAPD-2026-1194661,29.553325,-98.534357,1788314229000,http://www.sanantonio.gov/sapd/Calls.aspx,Red,a tbd link,26,9
09/01/26, 8:57:02,7800 Fredericksburg Rd,78229-3418,Other Calls,Disturbance Family,7110,PRUE,SAPD-2026-1194660,29.510642,-98.566472,1788314222000,http://www.sanantonio.gov/sapd/Calls.aspx,Blue,a tbd link,26,9
09/01/26, 8:58:53,Us Hwy 90 W Eb / S General Mcmullen,78237,Traffic Calls,Traffic Related,6310,SOUTH,SAPD-2026-1194671,29.404684,-98.557043,1788314333000,http://www.sanantonio.gov/sapd/Calls.aspx,Yellow,a tbd link,26,9
09/01/26, 8:57:53,400 W Mandalay Dr,78212,Other Calls,Suspicious Person,2210,CENTRAL,SAPD-2026-1194662,29.481267,-98.503435,1788314273000,http://www.sanantonio.gov/sapd/Calls.aspx,Blue,a tbd link,26,9
09/01/26, 8:58:15,800 Halm Blvd,78216-4706,Property Crime Calls,Burglary Vehicle,3320,NORTH,SAPD-2026-1194666,29.51865,-98.481224,1788314295000,http://www.sanantonio.gov/sapd/Calls.aspx,Green,a tbd link,26,9
09/01/26, 8:57:55,1500 Pleasanton Rd,78221,Property Crime Calls,Theft In Progress,6230,SOUTH,SAPD-2026-1194663,29.368286,-98.504119,1788314275000,http://www.sanantonio.gov/sapd/Calls.aspx,Green,a tbd link,26,9
09/01/26, 8:56:23,200 CACTUS ST,78203,Other Calls,Patrol By,4120,EAST,SAPD-2026-1194656,29.414609,-98.472519,1788314183000,http://www.sanantonio.gov/sapd/Calls.aspx,Blue,a tbd link,26,9
09/01/26, 8:59:12,1000 Leal St,78207,Other Calls,Narcotic Laws,2320,CENTRAL,SAPD-2026-1194670,29.434439,-98.517739,1788314352000,http://www.sanantonio.gov/sapd/Calls.aspx,Blue,a tbd link,26,9
09/01/26, 9:00:29,2800 S General Mcmullen,78226,Other Calls,Disturbance Family,6310,SOUTH,SAPD-2026-1194673,29.386977,-98.561191,1788314429000,http://www.sanantonio.gov/sapd/Calls.aspx,Blue,a tbd link,26,9
09/01/26, 9:01:43,2700 S General Mcmullen,78226,Other Calls,Disturbance Family,6310,SOUTH,SAPD-2026-1194677,29.387873,-98.561087,1788314503000,http://www.sanantonio.gov/sapd/Calls.aspx,Blue,a tbd link,26,9
09/01/26, 8:58:06,2900 Ruiz St,78237,Property Crime Calls,Criminal Mischief,2360,CENTRAL,SAPD-2026-1194664,29.438108,-98.550042,1788314286000,http://www.sanantonio.gov/sapd/Calls.aspx,Green,a tbd link,26,9
09/01/26, 8:59:59,2300 Goliad Rd,78223,Crimes Against Person Calls,Threats,4260,EAST,SAPD-2026-1194674,29.362216,-98.438422,1788314399000,http://www.sanantonio.gov/sapd/Calls.aspx,Red,a tbd link,26,9
09/01/26, 9:01:29,700 Nw Loop 410,78216,Other Calls,Assist the Public,3350,NORTH,SAPD-2026-1194675,29.521389,-98.504861,1788314489000,http://www.sanantonio.gov/sapd/Calls.aspx,Blue,a tbd link,26,9
09/01/26, 8:59:23,9913-10333 Ih 35 N,78233,Other Calls,Disturbance,3230,NORTH,SAPD-2026-1194669,29.532093,-98.390906,1788314363000,http://www.sanantonio.gov/sapd/Calls.aspx,Blue,a tbd link,26,9
09/01/26, 9:02:53,Wurzbach Rd / Gardendale,78240,Traffic Calls,Minor Accident,7150,PRUE,SAPD-2026-1194684,29.524687,-98.568677,1788314573000,http://www.sanantonio.gov/sapd/Calls.aspx,Yellow,a tbd link,26,9
09/01/26, 9:01:27,12400 Vance Jackson,78230,Other Calls,Disturbance Loud Music,7230,PRUE,SAPD-2026-1194676,29.559801,-98.574528,1788314487000,http://www.sanantonio.gov/sapd/Calls.aspx,Blue,a tbd link,26,9
09/01/26, 9:01:53,9900 Wurzbach Rd,78230,Other Calls,Narcotic Laws,7210,PRUE,SAPD-2026-1194679,29.531467,-98.559904,1788314513000,http://www.sanantonio.gov/sapd/Calls.aspx,Blue,a tbd link,26,9
09/01/26, 9:00:31,13200 BLANCO RD,78231,Other Calls,Patrol By,7240,PRUE,SAPD-2026-1194672,29.56161,-98.521675,1788314431000,http://www.sanantonio.gov/sapd/Calls.aspx,Blue,a tbd link,26,9
09/01/26, 9:02:19,1300 Cupples Rd,78226,Other Calls,Disturbance Neighbor,6310,SOUTH,SAPD-2026-1194683,29.394979,-98.549871,1788314539000,http://www.sanantonio.gov/sapd/Calls.aspx,Blue,a tbd link,26,9
09/01/26, 9:03:16,800 N Zarzamora St,78207,Property Crime Calls,Shoplifting In Progress,2320,CENTRAL,SAPD-2026-1194685,29.436126,-98.526333,1788314596000,http://www.sanantonio.gov/sapd/Calls.aspx,Green,a tbd link,26,9
09/01/26, 9:02:06,200 E Basse Rd,78209,Property Crime Calls,Burglary Vehicle In Progress,3330,NORTH,SAPD-2026-1194680,29.492594,-98.48107,1788314526000,http://www.sanantonio.gov/sapd/Calls.aspx,Green,a tbd link,26,9
09/01/26, 9:04:29,8800 Dugas Dr,78251,Crimes Against Person Calls,Suspicious Person with Gun,5360,WEST,SAPD-2026-1194692,29.44694,-98.686244,1788314669000,http://www.sanantonio.gov/sapd/Calls.aspx,Red,a tbd link,26,9
09/01/26, 9:06:49,Beacon Ave / W Mandalay Dr,78212,Other Calls,Suspicious Person,2210,CENTRAL,SAPD-2026-1194695,29.481274,-98.504293,1788314809000,http://www.sanantonio.gov/sapd/Calls.aspx,Blue,a tbd link,26,9
09/01/26, 9:05:24,Hamilton Wolfe / Floyd Curl Dr,78229,Traffic Calls,Traffic Related,7150,PRUE,SAPD-2026-1194689,29.520247,-98.588529,1788314724000,http://www.sanantonio.gov/sapd/Calls.aspx,Yellow,a tbd link,26,9
09/01/26, 9:06:16,10300-10808 W LOOP 1604 N,78254,Traffic Calls,Traffic Related,7360,PRUE,SAPD-2026-1194691,29.540806,-98.678662,1788314776000,http://www.sanantonio.gov/sapd/Calls.aspx,Yellow,a tbd link,26,9
09/01/26, 9:08:05,5600 Culebra Rd,78228,Other Calls,Disturbance,5250,WEST,SAPD-2026-1194698,29.448802,-98.596644,1788314885000,http://www.sanantonio.gov/sapd/Calls.aspx,Blue,a tbd link,26,9
09/01/26, 9:09:55,4000 Bremen Ave,78210,Other Calls,Disturbance Barking Dog,4210,EAST,SAPD-2026-1194703,29.383373,-98.447484,1788314995000,http://www.sanantonio.gov/sapd/Calls.aspx,Blue,a tbd link,26,9
09/01/26, 9:06:43,Potranco Rd / Richland Hills Dr,78251,Traffic Calls,Major Accident,5350,WEST,SAPD-2026-1194693,29.444861,-98.659111,1788314803000,http://www.sanantonio.gov/sapd/Calls.aspx,Yellow,a tbd link,26,9
09/01/26, 9:10:24,900 Saddlebrook Dr,78245,Other Calls,Missing Person/Runaway,5330,WEST,SAPD-2026-1194702,29.423569,-98.674636,1788315024000,http://www.sanantonio.gov/sapd/Calls.aspx,Blue,a tbd link,26,9
09/01/26, 9:08:26,1600 Culebra Rd,78201,Other Calls,Fire,5210,WEST,SAPD-2026-1194699,29.446172,-98.535731,1788314906000,http://www.sanantonio.gov/sapd/Calls.aspx,Blue,a tbd link,26,9
09/01/26, 9:09:34,600 N Hackberry St,78202,Other Calls,Suspicious Person,4110,EAST,SAPD-2026-1194700,29.426421,-98.473255,1788314974000,http://www.sanantonio.gov/sapd/Calls.aspx,Blue,a tbd link,26,9
09/01/26, 9:08:09,500 Madison Oak Dr,78258,Other Calls,Disturbance,3160,NORTH,SAPD-2026-1194697,29.620258,-98.49115,1788314889000,http://www.sanantonio.gov/sapd/Calls.aspx,Blue,a tbd link,26,9
09/01/26, 9:10:41,1200 Steves Ave,78210,Other Calls,Disturbance,4150,EAST,SAPD-2026-1194705,29.39125,-98.475039,1788315041000,http://www.sanantonio.gov/sapd/Calls.aspx,Blue,a tbd link,26,9
09/01/26, 9:17:49,7200 Culebra Rd,78251,Other Calls,Missing Person - Endangered,5320,WEST,SAPD-2026-1194730,29.455668,-98.634693,1788315469000,http://www.sanantonio.gov/sapd/Calls.aspx,Blue,a tbd link,26,9
09/01/26, 9:12:18,14600 Vance Jackson,78249,Other Calls,Disturbance,7230,PRUE,SAPD-2026-1194711,29.581893,-98.587586,1788315138000,http://www.sanantonio.gov/sapd/Calls.aspx,Blue,a tbd link,26,9
09/01/26, 9:10:59,Jv Bacon Pkwy / W Hausman Rd,78249,Traffic Calls,Traffic Related,7250,PRUE,SAPD-2026-1194707,29.572366,-98.617296,1788315059000,http://www.sanantonio.gov/sapd/Calls.aspx,Yellow,a tbd link,26,9
09/01/26, 9:13:26,21500 Hyerwood,78259,Other Calls,Disturbance Family,3150,NORTH,SAPD-2026-1194716,29.640132,-98.4287,1788315206000,http://www.sanantonio.gov/sapd/Calls.aspx,Blue,a tbd link,26,9
09/01/26, 9:11:07,3882-3916 Nw Loop 410 Eb,78229,Traffic Calls,Traffic Violation,5260,WEST,SAPD-2026-1194709,29.490789,-98.559451,1788315067000,http://www.sanantonio.gov/sapd/Calls.aspx,Yellow,a tbd link,26,9
09/01/26, 9:12:19,3200 Kornberg Dr,78109,Other Calls,Disturbance Neighbor,4310,EAST,SAPD-2026-1194714,29.459732,-98.279637,1788315139000,http://www.sanantonio.gov/sapd/Calls.aspx,Blue,a tbd link,26,9
09/01/26, 9:12:14,400 Hillwood,78213,Other Calls,Disturbance Loud Music,2220,CENTRAL,SAPD-2026-1194710,29.491459,-98.515098,1788315134000,http://www.sanantonio.gov/sapd/Calls.aspx,Blue,a tbd link,26,9
09/01/26, 9:15:35,8700 Potranco Rd,78251,Other Calls,Welfare Check,5350,WEST,SAPD-2026-1194723,29.445524,-98.657385,1788315335000,http://www.sanantonio.gov/sapd/Calls.aspx,Blue,a tbd link,26,9
09/01/26, 9:13:01,201-387 CHIHUAHUA ST,78207,Traffic Calls,Traffic Related,2370,CENTRAL,SAPD-2026-1194713,29.41431,-98.505897,1788315181000,http://www.sanantonio.gov/sapd/Calls.aspx,Yellow,a tbd link,26,9
09/01/26, 9:15:51,500 S San Horacio Ave,78237,Other Calls,Welfare Check,5110,WEST,SAPD-2026-1194722,29.425248,-98.561938,1788315351000,http://www.sanantonio.gov/sapd/Calls.aspx,Blue,a tbd link,26,9
09/01/26, 9:14:11,I0 35 N NB,78219,Traffic Calls,Traffic Related,4310,EAST,SAPD-2026-1194718,29.452283,-98.417725,1788315251000,http://www.sanantonio.gov/sapd/Calls.aspx,Yellow,a tbd link,26,9
09/01/26, 9:16:48,4800 Lord Rd,78220,Other Calls,Disturbance Family,4240,EAST,SAPD-2026-1194726,29.4151,-98.399914,1788315408000,http://www.sanantonio.gov/sapd/Calls.aspx,Blue,a tbd link,26,9
09/01/26, 9:17:17,14600 Vance Jackson,78249,Other Calls,Disturbance,7230,PRUE,SAPD-2026-1194727,29.581893,-98.587586,1788315437000,http://www.sanantonio.gov/sapd/Calls.aspx,Blue,a tbd link,26,9
09/01/26, 9:16:04,U0 HWY 90 W WB,78207,Traffic Calls,Traffic Related,2350,CENTRAL,SAPD-2026-1194724,29.403456,-98.543413,1788315364000,http://www.sanantonio.gov/sapd/Calls.aspx,Yellow,a tbd link,26,9
09/01/26, 9:18:47,S Santa Rosa / El Paso St,78204,Other Calls,Welfare Check,1140,DOWNTOWN,SAPD-2026-1194732,29.418107,-98.500254,1788315527000,http://www.sanantonio.gov/sapd/Calls.aspx,Blue,a tbd link,26,9
09/01/26, 9:22:13,200 Lyric Ave,78223,Other Calls,Information,4220,EAST,SAPD-2026-1194741,29.3765,-98.451118,1788315733000,http://www.sanantonio.gov/sapd/Calls.aspx,Blue,a tbd link,26,9
09/01/26, 9:18:28,2100 Oak Peak,78259,Other Calls,Disturbance Family,3150,NORTH,SAPD-2026-1194731,29.631134,-98.447285,1788315508000,http://www.sanantonio.gov/sapd/Calls.aspx,Blue,a tbd link,26,9
09/01/26, 9:19:03,14600 Vance Jackson,78249,Other Calls,Disturbance,7230,PRUE,SAPD-2026-1194733,29.581893,-98.587586,1788315543000,http://www.sanantonio.gov/sapd/Calls.aspx,Blue,a tbd link,26,9
09/01/26, 9:20:31,600 Cupples Rd,78237,Other Calls,Patrol By,5120,WEST,SAPD-2026-1194735,29.407278,-98.547968,1788315631000,http://www.sanantonio.gov/sapd/Calls.aspx,Blue,a tbd link,26,9
09/01/26, 9:21:35,2500 Babcock Rd,78229,Crimes Against Person Calls,Threats,7140,PRUE,SAPD-2026-1194736,29.505662,-98.587953,1788315695000,http://www.sanantonio.gov/sapd/Calls.aspx,Red,a tbd link,26,9
09/01/26, 9:23:17,5000 Nw Loop 410,78229,Property Crime Calls,Burglary Vehicle,7140,PRUE,SAPD-2026-1194744,29.489167,-98.590556,1788315797000,http://www.sanantonio.gov/sapd/Calls.aspx,Green,a tbd link,26,9
09/01/26, 9:21:31,700-799 Se Military Dr,78214,Traffic Calls,DWI,6230,SOUTH,SAPD-2026-1194746,29.356719,-98.488525,1788315691000,http://www.sanantonio.gov/sapd/Calls.aspx,Yellow,a tbd link,26,9
09/01/26, 9:22:15,8700 State Hwy 151,78245,Traffic Calls,Minor Accident,5160,WEST,SAPD-2026-1194742,29.443078,-98.662168,1788315735000,http://www.sanantonio.gov/sapd/Calls.aspx,Yellow,a tbd link,26,9
09/01/26, 9:23:58,8900 N Loop 1604 W,78249,Other Calls,Miscellaneous,7350,PRUE,SAPD-2026-1194747,29.554042,-98.657683,1788315838000,http://www.sanantonio.gov/sapd/Calls.aspx,Blue,a tbd link,26,9
09/01/26, 9:23:16,700 Keats Ave,78214,Other Calls,Wanted Person,6210,SOUTH,SAPD-2026-1194748,29.376196,-98.512687,1788315796000,http://www.sanantonio.gov/sapd/Calls.aspx,Blue,a tbd link,26,9
09/01/26, 9:24:26,500 San Pedro Ave,78212,Other Calls,Assist the Public,1220,DOWNTOWN,SAPD-2026-1194749,29.437962,-98.497615,1788315866000,http://www.sanantonio.gov/sapd/Calls.aspx,Blue,a tbd link,26,9
09/01/26, 9:22:05,U0 HWY 90 W WB,78227,Traffic Calls,Traffic Related,5150,WEST,SAPD-2026-1194740,29.407359,-98.601507,1788315725000,http://www.sanantonio.gov/sapd/Calls.aspx,Yellow,a tbd link,26,9
09/01/26, 9:24:28,100 Richland Hills Dr,78245,Property Crime Calls,Burglary Vehicle,5160,WEST,SAPD-2026-1194750,29.440278,-98.643056,1788315868000,http://www.sanantonio.gov/sapd/Calls.aspx,Green,a tbd link,26,9
09/01/26, 9:30:21,8200 S Flores St,78221,Property Crime Calls,Theft,6250,SOUTH,SAPD-2026-1194762,29.343069,-98.485261,1788316221000,http://www.sanantonio.gov/sapd/Calls.aspx,Green,a tbd link,26,9
09/01/26, 9:25:52,100 W LACHAPPELLE,78204,Crimes Against Person Calls,Assault In Progress,1140,DOWNTOWN,SAPD-2026-1194754,29.406025,-98.502881,1788315952000,http://www.sanantonio.gov/sapd/Calls.aspx,Red,a tbd link,26,9
09/01/26, 9:25:40,7500 Nw Loop 410,78238,Property Crime Calls,Burglary Vehicle,5160,WEST,SAPD-2026-1194755,29.443349,-98.636561,1788315940000,http://www.sanantonio.gov/sapd/Calls.aspx,Green,a tbd link,26,9
09/01/26, 9:29:12,900 E Sonterra Blvd,78258,Crimes Against Person Calls,Assault In Progress,3160,NORTH,SAPD-2026-1194759,29.614848,-98.481586,1788316152000,http://www.sanantonio.gov/sapd/Calls.aspx,Red,a tbd link,26,9
09/01/26, 9:25:48,3300 Se Military Dr,78235,Property Crime Calls,Shoplifting In Progress,6270,SOUTH,SAPD-2026-1194753,29.348258,-98.433573,1788315948000,http://www.sanantonio.gov/sapd/Calls.aspx,Green,a tbd link,26,9
09/01/26, 9:35:38,8800 Dugas Dr,78251,Other Calls,Information,5360,WEST,SAPD-2026-1194786,29.44694,-98.686244,1788316538000,http://www.sanantonio.gov/sapd/Calls.aspx,Blue,a tbd link,26,9
09/01/26, 9:28:02,900 Ware Blvd,78214,Other Calls,Missing Person/Runaway,6260,SOUTH,SAPD-2026-1194761,29.348928,-98.485269,1788316082000,http://www.sanantonio.gov/sapd/Calls.aspx,Blue,a tbd link,26,9
09/01/26, 9:26:39,4301-4423 US HWY 90 W,78237,Traffic Calls,Traffic Related,5120,WEST,SAPD-2026-1194756,29.407096,-98.576715,1788315999000,http://www.sanantonio.gov/sapd/Calls.aspx,Yellow,a tbd link,26,9
09/01/26, 9:32:02,200 Blaine St,78202,Crimes Against Person Calls,Suspicious Vehicle,4110,EAST,SAPD-2026-1194776,29.429398,-98.464053,1788316322000,http://www.sanantonio.gov/sapd/Calls.aspx,Red,a tbd link,26,9
09/01/26, 9:29:27,2400 Pinn Rd,78227,Crimes Against Person Calls,Assault In Progress,5150,WEST,SAPD-2026-1194758,29.404839,-98.624311,1788316167000,http://www.sanantonio.gov/sapd/Calls.aspx,Red,a tbd link,26,9
09/01/26, 9:32:26,Jewett St / S General Mcmullen,78237,Other Calls,Welfare Check,5110,WEST,SAPD-2026-1194771,29.422206,-98.555095,1788316346000,http://www.sanantonio.gov/sapd/Calls.aspx,Blue,a tbd link,26,9
09/01/26, 9:30:04,Hicks Ave / Elgin Ave,78210,Other Calls,Disturbance,4210,EAST,SAPD-2026-1194760,29.391864,-98.443388,1788316204000,http://www.sanantonio.gov/sapd/Calls.aspx,Blue,a tbd link,26,9
09/01/26, 9:30:32,10000 Broadway,78217,Other Calls,Disturbance,3360,NORTH,SAPD-2026-1194765,29.531651,-98.4483,1788316232000,http://www.sanantonio.gov/sapd/Calls.aspx,Blue,a tbd link,26,9
09/01/26, 9:32:20,1000 Chalmers Ave,78211,Other Calls,Disturbance,6120,SOUTH,SAPD-2026-1194769,29.377832,-98.520082,1788316340000,http://www.sanantonio.gov/sapd/Calls.aspx,Blue,a tbd link,26,9
09/01/26, 9:32:42,900 F St,78220,Other Calls,Disturbance,4230,EAST,SAPD-2026-1194774,29.408488,-98.426845,1788316362000,http://www.sanantonio.gov/sapd/Calls.aspx,Blue,a tbd link,26,9
09/01/26, 9:32:20,6000 Seacomber,78242,Property Crime Calls,Theft,6350,SOUTH,SAPD-2026-1194770,29.370803,-98.611868,1788316340000,http://www.sanantonio.gov/sapd/Calls.aspx,Green,a tbd link,26,9
09/01/26, 9:32:27,100 Bailey Ave,78210,Other Calls,Narcotic Laws,4150,EAST,SAPD-2026-1194772,29.39393,-98.472357,1788316347000,http://www.sanantonio.gov/sapd/Calls.aspx,Blue,a tbd link,26,9
09/01/26, 9:31:50,100 Lexington Ave,78205,Traffic Calls,Accident Private Property,1130,DOWNTOWN,SAPD-2026-1194768,29.4318,-98.489,1788316310000,http://www.sanantonio.gov/sapd/Calls.aspx,Yellow,a tbd link,26,9
09/01/26, 9:32:43,10000 Ih 35 S,78211,Traffic Calls,Traffic Related,6140,SOUTH,SAPD-2026-1194773,29.321531,-98.60154,1788316363000,http://www.sanantonio.gov/sapd/Calls.aspx,Yellow,a tbd link,26,9
09/01/26, 9:32:48,200 E Sunset Rd,78209,Other Calls,Suspicious Person,3330,NORTH,SAPD-2026-1194775,29.507227,-98.463855,1788316368000,http://www.sanantonio.gov/sapd/Calls.aspx,Blue,a tbd link,26,9
09/01/26, 9:31:20,S General Mcmullen / Jewett St,78237,Other Calls,SAPD Emergency Call,5110,WEST,SAPD-2026-1194766,29.422206,-98.555095,1788316280000,http://www.sanantonio.gov/sapd/Calls.aspx,Blue,a tbd link,26,9
09/01/26, 9:32:59,9100 Timber Ranch,78250,Crimes Against Person Calls,Suspicious Vehicle,7370,PRUE,SAPD-2026-1194777,29.496648,-98.666289,1788316379000,http://www.sanantonio.gov/sapd/Calls.aspx,Red,a tbd link,26,9
09/01/26, 9:34:16,600 Hudson,78202,Other Calls,Information,4130,EAST,SAPD-2026-1194779,29.432188,-98.453172,1788316456000,http://www.sanantonio.gov/sapd/Calls.aspx,Blue,a tbd link,26,9
09/01/26, 9:35:39,4000 Bluemel,78240-1073,Other Calls,Disturbance,7150,PRUE,SAPD-2026-1194784,29.533664,-98.56676,1788316539000,http://www.sanantonio.gov/sapd/Calls.aspx,Blue,a tbd link,26,9
09/01/26, 9:35:38,7900 W Loop 1604 N,78254,Other Calls,Suspicious Person,7360,PRUE,SAPD-2026-1194782,29.514,-98.696253,1788316538000,http://www.sanantonio.gov/sapd/Calls.aspx,Blue,a tbd link,26,9
09/01/26, 9:34:29,7800 Brazoria Park,78254,Other Calls,SAPD Emergency Call,NOT SAPD BEX,SAPD OUTSIDE AREA,SAPD-2026-1194780,29.513523,-98.710166,1788316469000,http://www.sanantonio.gov/sapd/Calls.aspx,Blue,a tbd link,26,9
09/01/26, 9:36:06,5101-5299 US HWY 90 W WB,78227,Traffic Calls,Traffic Related,5120,WEST,SAPD-2026-1194785,29.407746,-98.594975,1788316566000,http://www.sanantonio.gov/sapd/Calls.aspx,Yellow,a tbd link,26,9
09/01/26, 9:39:46,900 W Huisache Ave,78201,Other Calls,Disturbance,2210,CENTRAL,SAPD-2026-1194793,29.455211,-98.508292,1788316786000,http://www.sanantonio.gov/sapd/Calls.aspx,Blue,a tbd link,26,9
09/01/26, 9:37:46,13000 Jones Maltsberger Rd,78247,Crimes Against Person Calls,Threats,3220,NORTH,SAPD-2026-1194801,29.559728,-98.459693,1788316666000,http://www.sanantonio.gov/sapd/Calls.aspx,Red,a tbd link,26,9
09/01/26, 9:37:37,E0 US HWY 90 ONRP SW LP 410,78227,Traffic Calls,Traffic Related,5340,WEST,SAPD-2026-1194787,29.3976,-98.649982,1788316657000,http://www.sanantonio.gov/sapd/Calls.aspx,Yellow,a tbd link,26,9
09/01/26, 9:41:51,1000 N Frio St,78207,Other Calls,Patrol By,2310,CENTRAL,SAPD-2026-1194800,29.436017,-98.50605,1788316911000,http://www.sanantonio.gov/sapd/Calls.aspx,Blue,a tbd link,26,9
09/01/26, 9:40:13,3800 San Pedro Ave,78212,Other Calls,Disturbance,1240,DOWNTOWN,SAPD-2026-1194794,29.469962,-98.499284,1788316813000,http://www.sanantonio.gov/sapd/Calls.aspx,Blue,a tbd link,26,9
09/01/26, 9:41:48,4000 Bluemel,78240-1073,Other Calls,Disturbance,7150,PRUE,SAPD-2026-1194798,29.533664,-98.56676,1788316908000,http://www.sanantonio.gov/sapd/Calls.aspx,Blue,a tbd link,26,9
09/01/26, 9:38:36,2231-2299 S CALLAGHAN RD,78227,Traffic Calls,Traffic Related,5120,WEST,SAPD-2026-1194790,29.407948,-98.599658,1788316716000,http://www.sanantonio.gov/sapd/Calls.aspx,Yellow,a tbd link,26,9
09/01/26, 9:40:33,Fitch St / Huron St,78211,Other Calls,Disturbance,6120,SOUTH,SAPD-2026-1194796,29.370577,-98.52634,1788316833000,http://www.sanantonio.gov/sapd/Calls.aspx,Blue,a tbd link,26,9
09/01/26, 9:41:50,S0 LOOP 410,78227,Other Calls,Welfare Check,5340,WEST,SAPD-2026-1194799,29.39763,-98.649834,1788316910000,http://www.sanantonio.gov/sapd/Calls.aspx,Blue,a tbd link,26,9
09/01/26, 9:42:55,4000 Bluemel,78240-1073,Other Calls,Disturbance,7150,PRUE,SAPD-2026-1194804,29.533664,-98.56676,1788316975000,http://www.sanantonio.gov/sapd/Calls.aspx,Blue,a tbd link,26,9
09/01/26, 9:39:37,I0 10 E EB,78204,Traffic Calls,Traffic Related,6210,SOUTH,SAPD-2026-1194791,29.396047,-98.504826,1788316777000,http://www.sanantonio.gov/sapd/Calls.aspx,Yellow,a tbd link,26,9
09/01/26, 9:41:13,7312-7526 IH 35 N,78218,Traffic Calls,Traffic Related,NOT SAPD BEX,SAPD OUTSIDE AREA,SAPD-2026-1194795,29.502102,-98.398877,1788316873000,http://www.sanantonio.gov/sapd/Calls.aspx,Yellow,a tbd link,26,9
09/01/26, 9:41:41,5701-5751 US HWY 90 W,78227,Traffic Calls,Traffic Related,5150,WEST,SAPD-2026-1194797,29.407647,-98.602339,1788316901000,http://www.sanantonio.gov/sapd/Calls.aspx,Yellow,a tbd link,26,9
09/01/26, 9:44:13,3000 Meadow Cir,78231,Property Crime Calls,Burglary in Progress,7240,PRUE,SAPD-2026-1194806,29.577323,-98.538162,1788317053000,http://www.sanantonio.gov/sapd/Calls.aspx,Green,a tbd link,26,9
09/01/26, 9:45:27,2800 Ih 35 N,78208,Other Calls,Missing Person/Runaway,4130,EAST,SAPD-2026-1194811,29.438843,-98.446067,1788317127000,http://www.sanantonio.gov/sapd/Calls.aspx,Blue,a tbd link,26,9
09/01/26, 9:45:06,5751-5899 Old Pearsall Rd,78242,Other Calls,Fire,6340,SOUTH,SAPD-2026-1194809,29.348077,-98.612028,1788317106000,http://www.sanantonio.gov/sapd/Calls.aspx,Blue,a tbd link,26,9
09/01/26, 9:44:41,I0 10 E EB,78210,Traffic Calls,Traffic Related,6220,SOUTH,SAPD-2026-1194807,29.394899,-98.48893,1788317081000,http://www.sanantonio.gov/sapd/Calls.aspx,Yellow,a tbd link,26,9
09/01/26, 9:45:16,Old Pearsall Rd / War Cloud Dr,78242,Other Calls,Fire,6340,SOUTH,SAPD-2026-1194810,29.347673,-98.612558,1788317116000,http://www.sanantonio.gov/sapd/Calls.aspx,Blue,a tbd link,26,9
09/01/26, 9:48:20,1800 Horal Dr,78227,Other Calls,Welfare Check,5340,WEST,SAPD-2026-1194818,29.415491,-98.654633,1788317300000,http://www.sanantonio.gov/sapd/Calls.aspx,Blue,a tbd link,26,9
09/01/26, 9:47:56,500 GENERAL KRUEGER BLVD,78213,Traffic Calls,Minor Accident,2220,CENTRAL,SAPD-2026-1194816,29.490357,-98.5172,1788317276000,http://www.sanantonio.gov/sapd/Calls.aspx,Yellow,a tbd link,26,9
09/01/26, 9:47:35,10800 Mt Ida Dr,78213,Other Calls,Suspicious Person,3110,NORTH,SAPD-2026-1194815,29.538842,-98.512845,1788317255000,http://www.sanantonio.gov/sapd/Calls.aspx,Blue,a tbd link,26,9
09/01/26, 9:46:12,5300 New Sulphur Spgs,78222,Other Calls,Miscellaneous,4260,EAST,SAPD-2026-1194812,29.370623,-98.38832,1788317172000,http://www.sanantonio.gov/sapd/Calls.aspx,Blue,a tbd link,26,9
09/01/26, 9:46:50,3200 Nogalitos St,78225,Crimes Against Person Calls,Assault In Progress,6110,SOUTH,SAPD-2026-1194813,29.383659,-98.526608,1788317210000,http://www.sanantonio.gov/sapd/Calls.aspx,Red,a tbd link,26,9
09/01/26, 9:48:51,1300 Vickers Ave,78211,Other Calls,Disturbance Family,6320,SOUTH,SAPD-2026-1194819,29.366447,-98.538803,1788317331000,http://www.sanantonio.gov/sapd/Calls.aspx,Blue,a tbd link,26,9
09/01/26, 9:49:22,3200 Bolmore,78223,Other Calls,Patrol By,4260,EAST,SAPD-2026-1194821,29.364603,-98.438236,1788317362000,http://www.sanantonio.gov/sapd/Calls.aspx,Blue,a tbd link,26,9
09/01/26, 9:49:03,400 N San Ignacio Ave,78228,Other Calls,Disturbance,5130,WEST,SAPD-2026-1194820,29.441106,-98.560287,1788317343000,http://www.sanantonio.gov/sapd/Calls.aspx,Blue,a tbd link,26,9
09/01/26, 9:48:20,5900-5999 Old Pearsall Rd,78242,Other Calls,Fire,6340,SOUTH,SAPD-2026-1194817,29.346132,-98.614578,1788317300000,http://www.sanantonio.gov/sapd/Calls.aspx,Blue,a tbd link,26,9
09/01/26, 9:51:03,100 W Huff,78214,Other Calls,Disturbance,6230,SOUTH,SAPD-2026-1194823,29.363618,-98.494016,1788317463000,http://www.sanantonio.gov/sapd/Calls.aspx,Blue,a tbd link,26,9
09/01/26, 9:53:28,8400 Echo Creek Ln,78240,Other Calls,Welfare Check,7310,PRUE,SAPD-2026-1194830,29.520967,-98.610881,1788317608000,http://www.sanantonio.gov/sapd/Calls.aspx,Blue,a tbd link,26,9
09/01/26, 9:50:08,7327-7609 US HWY 90 W WB,78227,Traffic Calls,Traffic Related,5170,WEST,SAPD-2026-1194822,29.400435,-98.637287,1788317408000,http://www.sanantonio.gov/sapd/Calls.aspx,Yellow,a tbd link,26,9
09/01/26, 9:53:12,5200 Fredericksburg Rd,78229,Other Calls,Suspicious Person,7130,PRUE,SAPD-2026-1194829,29.503267,-98.560687,1788317592000,http://www.sanantonio.gov/sapd/Calls.aspx,Blue,a tbd link,26,9
09/01/26, 9:53:53,7500 Nw Loop 410,78238,Property Crime Calls,Burglary Vehicle,5160,WEST,SAPD-2026-1194831,29.443349,-98.636561,1788317633000,http://www.sanantonio.gov/sapd/Calls.aspx,Green,a tbd link,26,9
09/01/26,10:00:30 PM,12100 O'connor Rd,78233,Other Calls,Disturbance,3230,NORTH,SAPD-2026-1194854,29.548617,-98.374699,1788318030000,http://www.sanantonio.gov/sapd/Calls.aspx,Blue,a tbd link,26,9
09/01/26, 9:56:01,400 Santos St,78210,Other Calls,Animal Related,1110,DOWNTOWN,SAPD-2026-1194838,29.414639,-98.482825,1788317761000,http://www.sanantonio.gov/sapd/Calls.aspx,Blue,a tbd link,26,9
09/01/26, 9:53:15,300 E TRAVIS ST,78205,Other Calls,Miscellaneous,1130,DOWNTOWN,SAPD-2026-1194828,29.427977,-98.489275,1788317595000,http://www.sanantonio.gov/sapd/Calls.aspx,Blue,a tbd link,26,9
09/01/26, 9:56:40,5600 Utsa Blvd,78249,Other Calls,Miscellaneous,7250,PRUE,SAPD-2026-1194840,29.577825,-98.599125,1788317800000,http://www.sanantonio.gov/sapd/Calls.aspx,Blue,a tbd link,26,9
09/01/26, 9:54:58,3900 Barrington,78217,Other Calls,Disturbance,3370,NORTH,SAPD-2026-1194833,29.524264,-98.421708,1788317698000,http://www.sanantonio.gov/sapd/Calls.aspx,Blue,a tbd link,26,9
09/01/26, 9:55:00,500 Riverside Dr,78223,Property Crime Calls,Burglary,6240,SOUTH,SAPD-2026-1194834,29.374167,-98.476556,1788317700000,http://www.sanantonio.gov/sapd/Calls.aspx,Green,a tbd link,26,9
09/01/26, 9:56:32,5700 Ponderosa Dr,78240,Other Calls,Animal Related,7140,PRUE,SAPD-2026-1194839,29.497043,-98.600167,1788317792000,http://www.sanantonio.gov/sapd/Calls.aspx,Blue,a tbd link,26,9
09/01/26, 9:57:34,5900 Blanco Rd,78216,Other Calls,Missing Person/Runaway,3310,NORTH,SAPD-2026-1194842,29.509481,-98.506129,1788317854000,http://www.sanantonio.gov/sapd/Calls.aspx,Blue,a tbd link,26,9
09/01/26, 9:55:58,N Pecos La Trinidad / S Pecos La Trinidad,78207,Traffic Calls,Traffic Related,2310,CENTRAL,SAPD-2026-1194836,29.425809,-98.501415,1788317758000,http://www.sanantonio.gov/sapd/Calls.aspx,Yellow,a tbd link,26,9
09/01/26, 9:58:48,4800 Lord Rd,78220,Other Calls,Disturbance Family,4240,EAST,SAPD-2026-1194849,29.415126,-98.398731,1788317928000,http://www.sanantonio.gov/sapd/Calls.aspx,Blue,a tbd link,26,9
09/01/26, 9:57:55,Division / Ih 35 S,78214,Other Calls,Welfare Check,6210,SOUTH,SAPD-2026-1194847,29.37955,-98.512683,1788317875000,http://www.sanantonio.gov/sapd/Calls.aspx,Blue,a tbd link,26,9
09/01/26, 9:56:51,300 Hudson,78202,Other Calls,Suspicious Person,4130,EAST,SAPD-2026-1194841,29.429221,-98.453183,1788317811000,http://www.sanantonio.gov/sapd/Calls.aspx,Blue,a tbd link,26,9
09/01/26, 9:57:39,1100 Callaghan Rd,78228,Other Calls,Disturbance,5140,WEST,SAPD-2026-1194843,29.44655,-98.602232,1788317859000,http://www.sanantonio.gov/sapd/Calls.aspx,Blue,a tbd link,26,9
09/01/26, 9:59:19,500 E Highland Blvd,78210,Other Calls,Suspicious Person,4150,EAST,SAPD-2026-1194850,29.395489,-98.473247,1788317959000,http://www.sanantonio.gov/sapd/Calls.aspx,Blue,a tbd link,26,9
09/01/26, 9:58:11,3700 Binz-engleman Rd,78219,Other Calls,Welfare Check,4310,EAST,SAPD-2026-1194848,29.453374,-98.422853,1788317891000,http://www.sanantonio.gov/sapd/Calls.aspx,Blue,a tbd link,26,9
09/01/26,10:01:40 PM,2400 Hicks Ave,78210,Other Calls,Welfare Check,4210,EAST,SAPD-2026-1194860,29.392039,-98.443372,1788318100000,http://www.sanantonio.gov/sapd/Calls.aspx,Blue,a tbd link,26,9
09/01/26, 9:57:54,8101-8199 MARBACH RD,78227,Traffic Calls,Traffic Related,5170,WEST,SAPD-2026-1194844,29.417821,-98.648294,1788317874000,http://www.sanantonio.gov/sapd/Calls.aspx,Yellow,a tbd link,26,9
09/01/26,10:00:38 PM,500 N Medina,78207,Other Calls,Disturbance,2310,CENTRAL,SAPD-2026-1194855,29.430883,-98.504889,1788318038000,http://www.sanantonio.gov/sapd/Calls.aspx,Blue,a tbd link,26,9
09/01/26,10:01:18 PM,1800 Rogers Rd,78251,Other Calls,Welfare Check,5350,WEST,SAPD-2026-1194859,29.44961,-98.677186,1788318078000,http://www.sanantonio.gov/sapd/Calls.aspx,Blue,a tbd link,26,9
09/01/26, 9:59:50,4900 Bartmer St,78228,Crimes Against Person Calls,Shooting In Progress,5250,WEST,SAPD-2026-1194852,29.451454,-98.583214,1788317990000,http://www.sanantonio.gov/sapd/Calls.aspx,Red,a tbd link,26,9
09/01/26,10:00:56 PM,Division / Boris,78214,Other Calls,Welfare Check,6210,SOUTH,SAPD-2026-1194856,29.379583,-98.510495,1788318056000,http://www.sanantonio.gov/sapd/Calls.aspx,Blue,a tbd link,26,9
09/01/26,10:00:29 PM,4900 Bartmer St,78228,Crimes Against Person Calls,Shooting In Progress,5250,WEST,SAPD-2026-1194853,29.451454,-98.583214,1788318029000,http://www.sanantonio.gov/sapd/Calls.aspx,Red,a tbd link,26,9
09/01/26,10:00:01 PM,U0 HWY 90 W EB,78227,Traffic Calls,Traffic Related,6360,SOUTH,SAPD-2026-1194851,29.405759,-98.610337,1788318001000,http://www.sanantonio.gov/sapd/Calls.aspx,Yellow,a tbd link,26,9
09/01/26,10:03:54 PM,4600 Golf View Dr,78223,Crimes Against Person Calls,Suspicious Vehicle,4210,EAST,SAPD-2026-1194863,29.379383,-98.432303,1788318234000,http://www.sanantonio.gov/sapd/Calls.aspx,Red,a tbd link,26,9
09/01/26,10:04:40 PM,7200 Blanco Rd,78216,Other Calls,Disturbance,3110,NORTH,SAPD-2026-1194866,29.523696,-98.505353,1788318280000,http://www.sanantonio.gov/sapd/Calls.aspx,Blue,a tbd link,26,9
09/01/26,10:06:13 PM,13700 Judson Rd,78233,Other Calls,Miscellaneous,3250,NORTH,SAPD-2026-1194872,29.56435,-98.362463,1788318373000,http://www.sanantonio.gov/sapd/Calls.aspx,Blue,a tbd link,26,9
09/01/26,10:08:51 PM,7100 Oaklawn,78229,Crimes Against Person Calls,Threats,7110,PRUE,SAPD-2026-1194879,29.499938,-98.554431,1788318531000,http://www.sanantonio.gov/sapd/Calls.aspx,Red,a tbd link,26,9
09/01/26,10:05:51 PM,2500 S General Mcmullen,78226,Other Calls,Disturbance,6310,SOUTH,SAPD-2026-1194874,29.389842,-98.560033,1788318351000,http://www.sanantonio.gov/sapd/Calls.aspx,Blue,a tbd link,26,9
09/01/26,10:05:26 PM,15500 Vance Jackson,78249,Other Calls,Miscellaneous,7230,PRUE,SAPD-2026-1194870,29.589573,-98.591067,1788318326000,http://www.sanantonio.gov/sapd/Calls.aspx,Blue,a tbd link,26,9
09/01/26,10:06:33 PM,600 N Hackberry St,78202,Other Calls,Suspicious Person,4110,EAST,SAPD-2026-1194873,29.426421,-98.473255,1788318393000,http://www.sanantonio.gov/sapd/Calls.aspx,Blue,a tbd link,26,9
09/01/26,10:08:08 PM,2500 S Hackberry St,78210,Other Calls,Disturbance,4150,EAST,SAPD-2026-1194876,29.392261,-98.47366,1788318488000,http://www.sanantonio.gov/sapd/Calls.aspx,Blue,a tbd link,26,9
09/01/26,10:07:04 PM,2500-2599 Clara Ln,78213,Other Calls,Disturbance,2230,CENTRAL,SAPD-2026-1194875,29.49394,-98.534485,1788318424000,http://www.sanantonio.gov/sapd/Calls.aspx,Blue,a tbd link,26,9
09/01/26,10:10:28 PM,2600 Babcock Rd,78229,Other Calls,Disturbance,7160,PRUE,SAPD-2026-1194883,29.50717,-98.592275,1788318628000,http://www.sanantonio.gov/sapd/Calls.aspx,Blue,a tbd link,26,9
09/01/26,10:10:53 PM,Kyle Seale Pkwy / W Hausman Rd,78249,Other Calls,Welfare Check,7350,PRUE,SAPD-2026-1194881,29.570895,-98.643935,1788318653000,http://www.sanantonio.gov/sapd/Calls.aspx,Blue,a tbd link,26,9
09/01/26,10:18:47 PM,7400 Military Dr W,78227,Property Crime Calls,Theft,5150,WEST,SAPD-2026-1194919,29.417396,-98.629655,1788319127000,http://www.sanantonio.gov/sapd/Calls.aspx,Green,a tbd link,26,9
09/01/26,10:10:54 PM,1300 Blk Sw Loop 410 Nb,78245,Traffic Calls,Traffic Related,5170,WEST,SAPD-2026-1194882,29.421299,-98.649472,1788318654000,http://www.sanantonio.gov/sapd/Calls.aspx,Yellow,a tbd link,26,9
09/01/26,10:09:44 PM,S0 LOOP 410 ACCESS RD,78227,Traffic Calls,Traffic Related,5340,WEST,SAPD-2026-1194880,29.417437,-98.650003,1788318584000,http://www.sanantonio.gov/sapd/Calls.aspx,Yellow,a tbd link,26,9
09/01/26,10:11:44 PM,4200 W Commerce St,78237,Crimes Against Person Calls,Assault In Progress,2360,CENTRAL,SAPD-2026-1194884,29.430511,-98.546092,1788318704000,http://www.sanantonio.gov/sapd/Calls.aspx,Red,a tbd link,26,9
09/01/26,10:14:32 PM,7200 New Laredo Hwy,78211,Property Crime Calls,Theft,6330,SOUTH,SAPD-2026-1194891,29.356303,-98.562072,1788318872000,http://www.sanantonio.gov/sapd/Calls.aspx,Green,a tbd link,26,9
09/01/26,10:10:53 PM,8700 Starcrest Dr,78217,Other Calls,Patrol By,3370,NORTH,SAPD-2026-1194897,29.520561,-98.423223,1788318653000,http://www.sanantonio.gov/sapd/Calls.aspx,Blue,a tbd link,26,9
09/01/26,10:15:47 PM,700 Se Loop 410,78220,Other Calls,Suspicious Person,4240,EAST,SAPD-2026-1194900,29.419505,-98.393114,1788318947000,http://www.sanantonio.gov/sapd/Calls.aspx,Blue,a tbd link,26,9
09/01/26,10:12:51 PM,1600 Romero,78237,Other Calls,Suspicious Person,5120,WEST,SAPD-2026-1194886,29.413945,-98.56344,1788318771000,http://www.sanantonio.gov/sapd/Calls.aspx,Blue,a tbd link,26,9
09/01/26,10:12:01 PM,2100 Se Loop 410,78220,Other Calls,Disturbance,4240,EAST,SAPD-2026-1194885,29.400436,-98.386348,1788318721000,http://www.sanantonio.gov/sapd/Calls.aspx,Blue,a tbd link,26,9
09/01/26,10:13:29 PM,4600 Rittiman Rd,78218,Other Calls,Welfare Check,4340,EAST,SAPD-2026-1194889,29.484361,-98.400561,1788318809000,http://www.sanantonio.gov/sapd/Calls.aspx,Blue,a tbd link,26,9
09/01/26,10:14:42 PM,1400 Richland Hills Dr,78251,Other Calls,Animal Related,5350,WEST,SAPD-2026-1194896,29.451578,-98.663926,1788318882000,http://www.sanantonio.gov/sapd/Calls.aspx,Blue,a tbd link,26,9
09/01/26,10:16:00 PM,9300 Somerset Rd,78211,Other Calls,Information,6140,SOUTH,SAPD-2026-1194899,29.330843,-98.572683,1788318960000,http://www.sanantonio.gov/sapd/Calls.aspx,Blue,a tbd link,26,9
09/01/26,10:20:38 PM,600 ROYSTON AVE,78225,Other Calls,Disturbance,6110,SOUTH,SAPD-2026-1194917,29.387134,-98.533458,1788319238000,http://www.sanantonio.gov/sapd/Calls.aspx,Blue,a tbd link,26,9
09/01/26,10:13:14 PM,12700 O'connor Rd,78233,Traffic Calls,Officer Traffic Stop,3210,NORTH,SAPD-2026-1194888,29.554787,-98.382416,1788318794000,http://www.sanantonio.gov/sapd/Calls.aspx,Yellow,a tbd link,26,9
09/01/26,10:14:17 PM,24600 Wilderness Oak,78260,Other Calls,SAPD Non-Emergency Call,NOT SAPD BEX,SAPD OUTSIDE AREA,SAPD-2026-1194893,29.669669,-98.458084,1788318857000,http://www.sanantonio.gov/sapd/Calls.aspx,Blue,a tbd link,26,9
09/01/26,10:14:32 PM,100 Mary Louise Dr,78201,Other Calls,Disturbance,5230,WEST,SAPD-2026-1194890,29.464724,-98.526281,1788318872000,http://www.sanantonio.gov/sapd/Calls.aspx,Blue,a tbd link,26,9
09/01/26,10:14:42 PM,8300 Border Pass Dr,78240,Other Calls,Disturbance,7310,PRUE,SAPD-2026-1194892,29.516253,-98.616934,1788318882000,http://www.sanantonio.gov/sapd/Calls.aspx,Blue,a tbd link,26,9
09/01/26,10:16:33 PM,1500 N Navidad,78207,Other Calls,Disturbance Family,2320,CENTRAL,SAPD-2026-1194903,29.442689,-98.520609,1788318993000,http://www.sanantonio.gov/sapd/Calls.aspx,Blue,a tbd link,26,9
09/01/26,10:16:44 PM,100 E Dullnig Ct,78223,Crimes Against Person Calls,Threats,6240,SOUTH,SAPD-2026-1194901,29.367512,-98.469705,1788319004000,http://www.sanantonio.gov/sapd/Calls.aspx,Red,a tbd link,26,9
09/01/26,10:16:42 PM,1200 Avant Ave,78210,Other Calls,Welfare Check,4150,EAST,SAPD-2026-1194902,29.395181,-98.450075,1788319002000,http://www.sanantonio.gov/sapd/Calls.aspx,Blue,a tbd link,26,9
09/01/26,10:14:49 PM,U0 HWY 90 W EB,78227,Traffic Calls,Traffic Related,6360,SOUTH,SAPD-2026-1194895,29.403884,-98.620176,1788318889000,http://www.sanantonio.gov/sapd/Calls.aspx,Yellow,a tbd link,26,9
09/01/26,10:15:27 PM,W0 HY90 W ONRP GM,78237,Traffic Calls,DWI,5120,WEST,SAPD-2026-1194898,29.405348,-98.560846,1788318927000,http://www.sanantonio.gov/sapd/Calls.aspx,Yellow,a tbd link,26,9
09/01/26,10:19:34 PM,2900 Rigsby Ave,78220,Other Calls,Welfare Check,4230,EAST,SAPD-2026-1194914,29.399036,-98.410625,1788319174000,http://www.sanantonio.gov/sapd/Calls.aspx,Blue,a tbd link,26,9
09/01/26,10:18:08 PM,15400 Fallow Ridge Dr,78248,Other Calls,Disturbance Neighbor,7240,PRUE,SAPD-2026-1194907,29.589035,-98.526708,1788319088000,http://www.sanantonio.gov/sapd/Calls.aspx,Blue,a tbd link,26,9
09/01/26,10:18:05 PM,9300 Trailing Fern,78023,Other Calls,Disturbance Family,7350,PRUE,SAPD-2026-1194910,29.572945,-98.665077,1788319085000,http://www.sanantonio.gov/sapd/Calls.aspx,Blue,a tbd link,26,9
09/01/26,10:17:28 PM,E0 Ne Lp 410 Ofrp Wetmore,78216,Traffic Calls,Traffic Related,3330,NORTH,SAPD-2026-1194905,29.51853,-98.472393,1788319048000,http://www.sanantonio.gov/sapd/Calls.aspx,Yellow,a tbd link,26,9
09/01/26,10:19:30 PM,6000 Old Pearsall Rd,78242,Crimes Against Person Calls,Suspicious Person with Knife,6340,SOUTH,SAPD-2026-1194911,29.343631,-98.61707,1788319170000,http://www.sanantonio.gov/sapd/Calls.aspx,Red,a tbd link,26,9
09/01/26,10:20:43 PM,Ne Loop 410 Eb / Wetmore Rd,78209,Traffic Calls,Traffic Related,3330,NORTH,SAPD-2026-1194915,29.518171,-98.469481,1788319243000,http://www.sanantonio.gov/sapd/Calls.aspx,Yellow,a tbd link,26,9
09/01/26,10:18:36 PM,2800 Stokely Hill,78258,Other Calls,SAPD Emergency Call,3170,NORTH,SAPD-2026-1194909,29.612077,-98.543883,1788319116000,http://www.sanantonio.gov/sapd/Calls.aspx,Blue,a tbd link,26,9
09/01/26,10:24:41 PM,2800 Stokely Hill,78258,Other Calls,Disturbance,3170,NORTH,SAPD-2026-1194928,29.612077,-98.543883,1788319481000,http://www.sanantonio.gov/sapd/Calls.aspx,Blue,a tbd link,26,9
09/01/26,10:24:56 PM,10400 Us Hwy 181 S,78223,Other Calls,Missing Person/Runaway,6280,SOUTH,SAPD-2026-1194925,29.313905,-98.402297,1788319496000,http://www.sanantonio.gov/sapd/Calls.aspx,Blue,a tbd link,26,9
09/01/26,10:21:18 PM,Wurzbach Rd / Newcome Dr,78229,Traffic Calls,Traffic Related,7140,PRUE,SAPD-2026-1194918,29.49665,-98.593058,1788319278000,http://www.sanantonio.gov/sapd/Calls.aspx,Yellow,a tbd link,26,9
09/01/26,10:20:14 PM,100 Main Plaza,78205,Other Calls,Patrol By,1120,DOWNTOWN,SAPD-2026-1194912,29.424545,-98.494381,1788319214000,http://www.sanantonio.gov/sapd/Calls.aspx,Blue,a tbd link,26,9
09/01/26,10:22:14 PM,Ne Loop 410 / Wetmore Rd,78216,Traffic Calls,Traffic Related,3350,NORTH,SAPD-2026-1194920,29.518597,-98.469067,1788319334000,http://www.sanantonio.gov/sapd/Calls.aspx,Yellow,a tbd link,26,9
09/01/26,10:24:35 PM,300 Roslyn Ave,78204,Other Calls,Disturbance Barking Dog,2340,CENTRAL,SAPD-2026-1194924,29.397699,-98.519053,1788319475000,http://www.sanantonio.gov/sapd/Calls.aspx,Blue,a tbd link,26,9
09/01/26,10:23:34 PM,12700 La Fonda,78233,Other Calls,Information,3210,NORTH,SAPD-2026-1194922,29.555821,-98.390985,1788319414000,http://www.sanantonio.gov/sapd/Calls.aspx,Blue,a tbd link,26,9
09/01/26,10:25:03 PM,7500 Nw Loop 410,78238,Other Calls,Disturbance,5160,WEST,SAPD-2026-1194926,29.443349,-98.636561,1788319503000,http://www.sanantonio.gov/sapd/Calls.aspx,Blue,a tbd link,26,9
09/01/26,10:23:57 PM,12500 Ih 10 W,78230,Crimes Against Person Calls,Disturbance (Gun Involved),7230,PRUE,SAPD-2026-1194923,29.557495,-98.587883,1788319437000,http://www.sanantonio.gov/sapd/Calls.aspx,Red,a tbd link,26,9
09/01/26,10:33:43 PM,5500 Ih 35 N,78218-5112,Other Calls,Miscellaneous,4340,EAST,SAPD-2026-1194957,29.482143,-98.402311,1788320023000,http://www.sanantonio.gov/sapd/Calls.aspx,Blue,a tbd link,26,9
09/01/26,10:26:23 PM,1800 N Foster Rd,78244,Traffic Calls,Minor Accident,4310,EAST,SAPD-2026-1194931,29.446111,-98.361944,1788319583000,http://www.sanantonio.gov/sapd/Calls.aspx,Yellow,a tbd link,26,9
09/01/26,10:26:49 PM,6100 Donely Place,78247,Other Calls,Disturbance Loud Music,3260,NORTH,SAPD-2026-1194932,29.593754,-98.366253,1788319609000,http://www.sanantonio.gov/sapd/Calls.aspx,Blue,a tbd link,26,9
09/01/26,10:30:12 PM,Maurine Dr / S New Braunfels Ave,78223,Other Calls,Welfare Check,4220,EAST,SAPD-2026-1194939,29.378943,-98.461203,1788319812000,http://www.sanantonio.gov/sapd/Calls.aspx,Blue,a tbd link,26,9
09/01/26,10:31:26 PM,100 Lirio Dr,78207,Crimes Against Person Calls,Assault,2330,CENTRAL,SAPD-2026-1194940,29.41775,-98.515759,1788319886000,http://www.sanantonio.gov/sapd/Calls.aspx,Red,a tbd link,26,9
09/01/26,10:30:03 PM,Chase Hill Blvd / N Loop 1604 W,78256,Other Calls,Disturbance,7250,PRUE,SAPD-2026-1194938,29.588418,-98.623891,1788319803000,http://www.sanantonio.gov/sapd/Calls.aspx,Blue,a tbd link,26,9
09/01/26,10:29:40 PM,6700 N Loop 1604 E,78247,Other Calls,Disturbance Loud Music,3260,NORTH,SAPD-2026-1194937,29.596119,-98.356344,1788319780000,http://www.sanantonio.gov/sapd/Calls.aspx,Blue,a tbd link,26,9
09/01/26,10:36:58 PM,5000 W Commerce St,78237,Other Calls,Disturbance Family,5110,WEST,SAPD-2026-1194958,29.431381,-98.560255,1788320218000,http://www.sanantonio.gov/sapd/Calls.aspx,Blue,a tbd link,26,9
09/01/26,10:31:47 PM,2900 E Southcross Blvd,78223,Other Calls,Disturbance,4210,EAST,SAPD-2026-1194942,29.376659,-98.448251,1788319907000,http://www.sanantonio.gov/sapd/Calls.aspx,Blue,a tbd link,26,9
09/01/26,10:31:45 PM,300 Hortencia St,78237,Other Calls,Disturbance,5130,WEST,SAPD-2026-1194941,29.435664,-98.581354,1788319905000,http://www.sanantonio.gov/sapd/Calls.aspx,Blue,a tbd link,26,9
09/01/26,10:33:59 PM,7300 Thrush View Ln,78209,Other Calls,Disturbance Family,3340,NORTH,SAPD-2026-1194953,29.500377,-98.434976,1788320039000,http://www.sanantonio.gov/sapd/Calls.aspx,Blue,a tbd link,26,9
09/01/26,10:32:16 PM,9900 Fredericksburg Rd,78240,Other Calls,Disturbance Loud Music,7150,PRUE,SAPD-2026-1194946,29.535139,-98.5775,1788319936000,http://www.sanantonio.gov/sapd/Calls.aspx,Blue,a tbd link,26,9
09/01/26,10:32:43 PM,2600 Westward Dr,78227,Other Calls,Suspicious Person,5150,WEST,SAPD-2026-1194952,29.404569,-98.633262,1788319963000,http://www.sanantonio.gov/sapd/Calls.aspx,Blue,a tbd link,26,9
09/01/26,10:31:53 PM,6624-6898 US HWY 90 W EB,78227,Traffic Calls,Traffic Related,6360,SOUTH,SAPD-2026-1194943,29.403272,-98.623444,1788319913000,http://www.sanantonio.gov/sapd/Calls.aspx,Yellow,a tbd link,26,9
09/01/26,10:34:22 PM,3100 Missile,78217,Other Calls,DOA,3360,NORTH,SAPD-2026-1194951,29.532159,-98.437129,1788320062000,http://www.sanantonio.gov/sapd/Calls.aspx,Blue,a tbd link,26,9
09/01/26,10:32:18 PM,6700 N Loop 1604 E,78247,Traffic Calls,Officer Traffic Stop,3260,NORTH,SAPD-2026-1194945,29.595751,-98.355867,1788319938000,http://www.sanantonio.gov/sapd/Calls.aspx,Yellow,a tbd link,26,9
09/01/26,10:35:04 PM,5900 Royalgate Dr,78242,Property Crime Calls,Theft,6350,SOUTH,SAPD-2026-1194954,29.374048,-98.610683,1788320104000,http://www.sanantonio.gov/sapd/Calls.aspx,Green,a tbd link,26,9
09/01/26,10:33:37 PM,11800 Arctic Rose,78109,Other Calls,Disturbance Family,NOT SAPD BEX,SAPD OUTSIDE AREA,SAPD-2026-1194949,29.447832,-98.251617,1788320017000,http://www.sanantonio.gov/sapd/Calls.aspx,Blue,a tbd link,26,9
09/01/26,10:33:05 PM,3100 Missile,78217,Other Calls,DOA,3360,NORTH,SAPD-2026-1194947,29.532159,-98.437129,1788319985000,http://www.sanantonio.gov/sapd/Calls.aspx,Blue,a tbd link,26,9
09/01/26,10:36:16 PM,7500 South Sea,78216,Other Calls,Disturbance,3310,NORTH,SAPD-2026-1194955,29.503164,-98.50626,1788320176000,http://www.sanantonio.gov/sapd/Calls.aspx,Blue,a tbd link,26,9
09/01/26,10:37:33 PM,9300 Somerset Rd,78211,Other Calls,Information,6140,SOUTH,SAPD-2026-1194964,29.330843,-98.572683,1788320253000,http://www.sanantonio.gov/sapd/Calls.aspx,Blue,a tbd link,26,9
09/01/26,10:36:57 PM,5900 San Pedro Ave,78212,Crimes Against Person Calls,Lewd Conduct,1240,DOWNTOWN,SAPD-2026-1194959,29.488534,-98.499257,1788320217000,http://www.sanantonio.gov/sapd/Calls.aspx,Red,a tbd link,26,9
09/01/26,10:36:05 PM,Potranco Rd / Ingram Rd,78238,Other Calls,Welfare Check,5320,WEST,SAPD-2026-1194956,29.461244,-98.633366,1788320165000,http://www.sanantonio.gov/sapd/Calls.aspx,Blue,a tbd link,26,9
09/01/26,10:37:44 PM,1100 Se Military Dr,78214-2802,Other Calls,Disturbance,6260,SOUTH,SAPD-2026-1194963,29.354766,-98.479976,1788320264000,http://www.sanantonio.gov/sapd/Calls.aspx,Blue,a tbd link,26,9
09/01/26,10:37:31 PM,500 W CEVALLOS ST,78204,Other Calls,Suspicious Person,1140,DOWNTOWN,SAPD-2026-1194961,29.411202,-98.507032,1788320251000,http://www.sanantonio.gov/sapd/Calls.aspx,Blue,a tbd link,26,9
09/01/26,10:39:22 PM,6800 Ingram Rd,78238,Property Crime Calls,Theft,5310,WEST,SAPD-2026-1194967,29.462922,-98.62292,1788320362000,http://www.sanantonio.gov/sapd/Calls.aspx,Green,a tbd link,26,9
09/01/26,10:37:28 PM,4000 Fawnridge Dr,78229,Property Crime Calls,Burglary in Progress,7110,PRUE,SAPD-2026-1194960,29.493555,-98.562642,1788320248000,http://www.sanantonio.gov/sapd/Calls.aspx,Green,a tbd link,26,9
09/01/26,10:44:59 PM,7600 Blanco Rd,78216,Other Calls,Miscellaneous,3110,NORTH,SAPD-2026-1194987,29.529701,-98.505223,1788320699000,http://www.sanantonio.gov/sapd/Calls.aspx,Blue,a tbd link,26,9
09/01/26,10:40:15 PM,5300 Roosevelt Ave,78214,Property Crime Calls,Theft In Progress,6250,SOUTH,SAPD-2026-1194970,29.322719,-98.478789,1788320415000,http://www.sanantonio.gov/sapd/Calls.aspx,Green,a tbd link,26,9
09/01/26,10:42:44 PM,5900 San Pedro Ave,78212,Other Calls,Disturbance,1240,DOWNTOWN,SAPD-2026-1194978,29.488534,-98.499257,1788320564000,http://www.sanantonio.gov/sapd/Calls.aspx,Blue,a tbd link,26,9
09/01/26,10:39:58 PM,U0 HWY 90 W EB,78237,Traffic Calls,Traffic Related,6310,SOUTH,SAPD-2026-1194969,29.407203,-98.584401,1788320398000,http://www.sanantonio.gov/sapd/Calls.aspx,Yellow,a tbd link,26,9
09/01/26,10:40:43 PM,200 W NUEVA,78207,Other Calls,Patrol By,1120,DOWNTOWN,SAPD-2026-1194972,29.422956,-98.497522,1788320443000,http://www.sanantonio.gov/sapd/Calls.aspx,Blue,a tbd link,26,9
09/01/26,10:44:21 PM,15800 Chase Hill Blvd,78256,Other Calls,Disturbance Loud Music,7250,PRUE,SAPD-2026-1194986,29.59589,-98.625742,1788320661000,http://www.sanantonio.gov/sapd/Calls.aspx,Blue,a tbd link,26,9
09/01/26,10:43:14 PM,8500 Potranco Rd,78251,Other Calls,Suspicious Person,5320,WEST,SAPD-2026-1194981,29.447257,-98.652898,1788320594000,http://www.sanantonio.gov/sapd/Calls.aspx,Blue,a tbd link,26,9
09/01/26,10:43:44 PM,11200 Sir Winston,78216,Traffic Calls,Major Accident,3120,NORTH,SAPD-2026-1194982,29.553578,-98.508622,1788320624000,http://www.sanantonio.gov/sapd/Calls.aspx,Yellow,a tbd link,26,9
09/01/26,10:44:06 PM,7700 Floyd Curl,78229,Other Calls,Suspicious Person,7130,PRUE,SAPD-2026-1194985,29.506944,-98.57125,1788320646000,http://www.sanantonio.gov/sapd/Calls.aspx,Blue,a tbd link,26,9
09/01/26,10:43:16 PM,6100 Bear Branch,78222,Other Calls,Disturbance Loud Music,4250,EAST,SAPD-2026-1194980,29.379614,-98.368972,1788320596000,http://www.sanantonio.gov/sapd/Calls.aspx,Blue,a tbd link,26,9
09/01/26,10:45:20 PM,Illg / Nogalitos St,78211,Other Calls,Disturbance,6120,SOUTH,SAPD-2026-1194991,29.38014,-98.529381,1788320720000,http://www.sanantonio.gov/sapd/Calls.aspx,Blue,a tbd link,26,9
09/01/26,10:45:40 PM,2300 Austin Hwy,78218,Other Calls,Miscellaneous,4360,EAST,SAPD-2026-1194990,29.507606,-98.410033,1788320740000,http://www.sanantonio.gov/sapd/Calls.aspx,Blue,a tbd link,26,9
09/01/26,10:44:44 PM,24400 Daisy Run,78255,Crimes Against Person Calls,Suspicious Vehicle,7260,PRUE,SAPD-2026-1194993,29.669623,-98.642882,1788320684000,http://www.sanantonio.gov/sapd/Calls.aspx,Red,a tbd link,26,9
09/01/26,10:47:02 PM,1300 Springvale Dr,78227,Property Crime Calls,Theft,6360,SOUTH,SAPD-2026-1194999,29.384671,-98.636762,1788320822000,http://www.sanantonio.gov/sapd/Calls.aspx,Green,a tbd link,26,9
09/01/26,10:46:14 PM,1500 Austin Hwy,78218,Other Calls,Disturbance,4350,EAST,SAPD-2026-1194994,29.492919,-98.431133,1788320774000,http://www.sanantonio.gov/sapd/Calls.aspx,Blue,a tbd link,26,9
09/01/26,10:46:41 PM,200 Blaine St,78202,Other Calls,Miscellaneous,4110,EAST,SAPD-2026-1194997,29.429398,-98.464053,1788320801000,http://www.sanantonio.gov/sapd/Calls.aspx,Blue,a tbd link,26,9
09/01/26,10:46:23 PM,BINZ-ENGLEMAN RD,78219,Traffic Calls,Traffic Related,4310,EAST,SAPD-2026-1194995,29.456422,-98.414686,1788320783000,http://www.sanantonio.gov/sapd/Calls.aspx,Yellow,a tbd link,26,9
09/01/26,10:48:28 PM,Sw 41st St / Tyson St,78237,Other Calls,Ordinance Violation,5120,WEST,SAPD-2026-1195003,29.417872,-98.584751,1788320908000,http://www.sanantonio.gov/sapd/Calls.aspx,Blue,a tbd link,26,9
09/01/26,10:48:35 PM,3600 Nw Loop 410,78229,Other Calls,Disturbance,7110,PRUE,SAPD-2026-1195005,29.495483,-98.553428,1788320915000,http://www.sanantonio.gov/sapd/Calls.aspx,Blue,a tbd link,26,9
09/01/26,10:47:13 PM,500 CASTROVILLE RD,78237,Other Calls,Patrol By,5110,WEST,SAPD-2026-1194998,29.417946,-98.548129,1788320833000,http://www.sanantonio.gov/sapd/Calls.aspx,Blue,a tbd link,26,9
09/01/26,10:54:06 PM,100 Nw 36th St,78237,Other Calls,Disturbance,5130,WEST,SAPD-2026-1195032,29.433894,-98.572035,1788321246000,http://www.sanantonio.gov/sapd/Calls.aspx,Blue,a tbd link,26,9
09/01/26,10:47:44 PM,E0 US HWY 90 W OFRP ACME RD,78227,Traffic Calls,DWI,6310,SOUTH,SAPD-2026-1195000,29.406945,-98.602938,1788320864000,http://www.sanantonio.gov/sapd/Calls.aspx,Yellow,a tbd link,26,9
09/01/26,10:48:06 PM,2800 BROADWAY,78215,Other Calls,Patrol By,1230,DOWNTOWN,SAPD-2026-1195001,29.452011,-98.473467,1788320886000,http://www.sanantonio.gov/sapd/Calls.aspx,Blue,a tbd link,26,9
09/01/26,10:51:32 PM,1800 N Main Ave,78212,Other Calls,Suspicious Person,1210,DOWNTOWN,SAPD-2026-1195015,29.44611,-98.494211,1788321092000,http://www.sanantonio.gov/sapd/Calls.aspx,Blue,a tbd link,26,9
09/01/26,10:50:08 PM,1800 N Main Ave,78212,Other Calls,Suspicious Person,1210,DOWNTOWN,SAPD-2026-1195009,29.44611,-98.494211,1788321008000,http://www.sanantonio.gov/sapd/Calls.aspx,Blue,a tbd link,26,9
09/01/26,10:48:34 PM,3700 Binz-engleman Rd,78219,Other Calls,Injured/Sick Person,4310,EAST,SAPD-2026-1195004,29.453087,-98.423125,1788320914000,http://www.sanantonio.gov/sapd/Calls.aspx,Blue,a tbd link,26,9
09/01/26,10:52:36 PM,Alisa Brooke / Braun Pt,78254,Other Calls,Disturbance Loud Music,7360,PRUE,SAPD-2026-1195021,29.539045,-98.678578,1788321156000,http://www.sanantonio.gov/sapd/Calls.aspx,Blue,a tbd link,26,9
09/01/26,10:51:11 PM,7700 Proton Summit,78252,Property Crime Calls,Criminal Mischief,6360,SOUTH,SAPD-2026-1195013,29.354568,-98.636405,1788321071000,http://www.sanantonio.gov/sapd/Calls.aspx,Green,a tbd link,26,9
09/01/26,10:54:31 PM,9800 W Loop 1604 N,78254,Property Crime Calls,Burglary Vehicle,7360,PRUE,SAPD-2026-1195036,29.533984,-98.682186,1788321271000,http://www.sanantonio.gov/sapd/Calls.aspx,Green,a tbd link,26,9
09/01/26,10:51:40 PM,8000-8099 S Presa St,78223,Traffic Calls,Major Accident,6270,SOUTH,SAPD-2026-1195017,29.345983,-98.457885,1788321100000,http://www.sanantonio.gov/sapd/Calls.aspx,Yellow,a tbd link,26,9
09/01/26,10:52:01 PM,Dan Ct / S Presa St,78223,Traffic Calls,Major Accident,6270,SOUTH,SAPD-2026-1195018,29.346043,-98.457926,1788321121000,http://www.sanantonio.gov/sapd/Calls.aspx,Yellow,a tbd link,26,9
09/01/26,10:51:51 PM,10600 Red Shiner Run,78224,Other Calls,Information,6160,SOUTH,SAPD-2026-1195019,29.311822,-98.537861,1788321111000,http://www.sanantonio.gov/sapd/Calls.aspx,Blue,a tbd link,26,9
09/01/26,10:52:33 PM,6700 N Loop 1604 E,78247,Other Calls,Disturbance Loud Music,3260,NORTH,SAPD-2026-1195022,29.596119,-98.356344,1788321153000,http://www.sanantonio.gov/sapd/Calls.aspx,Blue,a tbd link,26,9
09/01/26,10:52:35 PM,100 E Grayson St,78215,Other Calls,Disturbance,1230,DOWNTOWN,SAPD-2026-1195025,29.442934,-98.481108,1788321155000,http://www.sanantonio.gov/sapd/Calls.aspx,Blue,a tbd link,26,9
09/01/26,11:01:09 PM,2800 Stokely Hill,78258,Other Calls,Disturbance,3170,NORTH,SAPD-2026-1195070,29.612077,-98.543883,1788321669000,http://www.sanantonio.gov/sapd/Calls.aspx,Blue,a tbd link,26,9
09/01/26,10:54:10 PM,San Pedro Ave / Basse Rd,78212,Crimes Against Person Calls,Lewd Conduct,1240,DOWNTOWN,SAPD-2026-1195030,29.488135,-98.499253,1788321250000,http://www.sanantonio.gov/sapd/Calls.aspx,Red,a tbd link,26,9
09/01/26,10:53:37 PM,4400 Lark,78228,Other Calls,Disturbance,5250,WEST,SAPD-2026-1195027,29.451777,-98.570873,1788321217000,http://www.sanantonio.gov/sapd/Calls.aspx,Blue,a tbd link,26,9
09/01/26,10:53:31 PM,3000 Roosevelt Ave,78214,Other Calls,Information,6220,SOUTH,SAPD-2026-1195026,29.367744,-98.48041,1788321211000,http://www.sanantonio.gov/sapd/Calls.aspx,Blue,a tbd link,26,9
09/01/26,10:53:07 PM,700 CINCINNATI AVE,78201,Other Calls,Patrol By,5210,WEST,SAPD-2026-1195024,29.44939,-98.519928,1788321187000,http://www.sanantonio.gov/sapd/Calls.aspx,Blue,a tbd link,26,9
09/01/26,10:55:35 PM,1900 S New Braunfels Ave,78210,Crimes Against Person Calls,Assault,4150,EAST,SAPD-2026-1195041,29.400305,-98.461517,1788321335000,http://www.sanantonio.gov/sapd/Calls.aspx,Red,a tbd link,26,9
09/01/26,10:55:58 PM,U0 Hwy 90 W,78227,Other Calls,Welfare Check,6360,SOUTH,SAPD-2026-1195039,29.397136,-98.649064,1788321358000,http://www.sanantonio.gov/sapd/Calls.aspx,Blue,a tbd link,26,9
09/01/26,10:54:04 PM,1000 CINCINNATI AVE,78201,Other Calls,Patrol By,5210,WEST,SAPD-2026-1195029,29.449756,-98.526834,1788321244000,http://www.sanantonio.gov/sapd/Calls.aspx,Blue,a tbd link,26,9
09/01/26,10:54:26 PM,3600 AVENUE B,78209,Other Calls,Patrol By,1230,DOWNTOWN,SAPD-2026-1195033,29.459895,-98.468741,1788321266000,http://www.sanantonio.gov/sapd/Calls.aspx,Blue,a tbd link,26,9
09/01/26,10:54:40 PM,5600 SAN FERNANDO ST,78237,Other Calls,Patrol By,5140,WEST,SAPD-2026-1195035,29.426393,-98.571296,1788321280000,http://www.sanantonio.gov/sapd/Calls.aspx,Blue,a tbd link,26,9
09/01/26,10:56:30 PM,19100 Blanco Rd,78258,Crimes Against Person Calls,Assault,3170,NORTH,SAPD-2026-1195043,29.620433,-98.512812,1788321390000,http://www.sanantonio.gov/sapd/Calls.aspx,Red,a tbd link,26,9
09/01/26,10:56:29 PM,17500 La Cantera Pkwy,78257,Other Calls,Disturbance,7260,PRUE,SAPD-2026-1195044,29.6062,-98.597057,1788321389000,http://www.sanantonio.gov/sapd/Calls.aspx,Blue,a tbd link,26,9
09/01/26,10:56:42 PM,1800 N Main Ave,78212,Crimes Against Person Calls,Disturbance (Gun Involved),1210,DOWNTOWN,SAPD-2026-1195048,29.44611,-98.494211,1788321402000,http://www.sanantonio.gov/sapd/Calls.aspx,Red,a tbd link,26,9
09/01/26,10:58:33 PM,4300 W Vasquez Cir,78109,Other Calls,Injured/Sick Person,4310,EAST,SAPD-2026-1195058,29.467121,-98.276733,1788321513000,http://www.sanantonio.gov/sapd/Calls.aspx,Blue,a tbd link,26,9
09/01/26,10:56:11 PM,E Houston St / W Houston St,78205,Traffic Calls,Officer Traffic Stop,1120,DOWNTOWN,SAPD-2026-1195040,29.426435,-98.493772,1788321371000,http://www.sanantonio.gov/sapd/Calls.aspx,Yellow,a tbd link,26,9
09/01/26,10:58:26 PM,800 Peggy Dr,78219,Other Calls,Information,4240,EAST,SAPD-2026-1195060,29.434677,-98.384943,1788321506000,http://www.sanantonio.gov/sapd/Calls.aspx,Blue,a tbd link,26,9
09/01/26,10:56:24 PM,13100 JONES MALTSBERGER RD,78247,Other Calls,Patrol By,3220,NORTH,SAPD-2026-1195042,29.559223,-98.450814,1788321384000,http://www.sanantonio.gov/sapd/Calls.aspx,Blue,a tbd link,26,9
09/01/26,10:57:30 PM,Stone Oak Pkwy / Hardy Oak Blvd,78258,Traffic Calls,Traffic Violation,3170,NORTH,SAPD-2026-1195051,29.642004,-98.489468,1788321450000,http://www.sanantonio.gov/sapd/Calls.aspx,Yellow,a tbd link,26,9
09/01/26,10:57:08 PM,4200 SE MILITARY DR,78222,Other Calls,Patrol By,4260,EAST,SAPD-2026-1195047,29.35772,-98.410677,1788321428000,http://www.sanantonio.gov/sapd/Calls.aspx,Blue,a tbd link,26,9
09/01/26,11:01:01 PM,9500 Console Dr,78229,Property Crime Calls,Burglary Vehicle,7120,PRUE,SAPD-2026-1195072,29.527568,-98.560392,1788321661000,http://www.sanantonio.gov/sapd/Calls.aspx,Green,a tbd link,26,9
09/01/26,10:58:48 PM,200 S Alamo St,78205,Traffic Calls,Officer Traffic Stop,1110,DOWNTOWN,SAPD-2026-1195055,29.422331,-98.4871,1788321528000,http://www.sanantonio.gov/sapd/Calls.aspx,Yellow,a tbd link,26,9
09/01/26,10:59:11 PM,5500 Crystal Valley Dr,78242,Other Calls,Disturbance Loud Music,6350,SOUTH,SAPD-2026-1195057,29.359874,-98.606599,1788321551000,http://www.sanantonio.gov/sapd/Calls.aspx,Blue,a tbd link,26,9
09/01/26,11:02:32 PM,2800 Mabe Rd,78251,Other Calls,Suspicious Person,5320,WEST,SAPD-2026-1195077,29.462309,-98.634264,1788321752000,http://www.sanantonio.gov/sapd/Calls.aspx,Blue,a tbd link,26,9
09/01/26,10:59:24 PM,1000 Monterey St,78207,Other Calls,Patrol By,2370,CENTRAL,SAPD-2026-1195059,29.424335,-98.509122,1788321564000,http://www.sanantonio.gov/sapd/Calls.aspx,Blue,a tbd link,26,9
09/01/26,11:01:17 PM,8900 Tintagel,78254,Other Calls,Miscellaneous,7360,PRUE,SAPD-2026-1195073,29.526087,-98.668402,1788321677000,http://www.sanantonio.gov/sapd/Calls.aspx,Blue,a tbd link,26,9
09/01/26,10:59:58 PM,700 Blk E River Walk,78215,Other Calls,Patrol By,1110,DOWNTOWN,SAPD-2026-1195062,29.423053,-98.486157,1788321598000,http://www.sanantonio.gov/sapd/Calls.aspx,Blue,a tbd link,26,9
09/01/26,11:01:14 PM,200 W Loop 1604 S,78245,Crimes Against Person Calls,Assault In Progress,5360,WEST,SAPD-2026-1195071,29.431066,-98.709278,1788321674000,http://www.sanantonio.gov/sapd/Calls.aspx,Red,a tbd link,26,9
09/01/26,11:02:11 PM,5500 N Loop 1604 W,78249,Property Crime Calls,Burglary Vehicle,7260,PRUE,SAPD-2026-1195075,29.593045,-98.594656,1788321731000,http://www.sanantonio.gov/sapd/Calls.aspx,Green,a tbd link,26,9
09/01/26,11:00:22 PM,4800 DE ZAVALA RD,78249,Other Calls,Patrol By,7230,PRUE,SAPD-2026-1195068,29.568415,-98.578075,1788321622000,http://www.sanantonio.gov/sapd/Calls.aspx,Blue,a tbd link,26,9
09/01/26,11:02:11 PM,5800 San Pedro Ave,78212,Crimes Against Person Calls,Lewd Conduct,2210,CENTRAL,SAPD-2026-1195076,29.48739,-98.499253,1788321731000,http://www.sanantonio.gov/sapd/Calls.aspx,Red,a tbd link,26,9
09/01/26,11:02:39 PM,4800 Ray Bon Dr,78218,Property Crime Calls,Burglary in Progress,4340,EAST,SAPD-2026-1195078,29.489829,-98.385786,1788321759000,http://www.sanantonio.gov/sapd/Calls.aspx,Green,a tbd link,26,9
09/01/26,11:03:24 PM,5500 Pecan Springs Rd,78249,Other Calls,Disturbance,7230,PRUE,SAPD-2026-1195079,29.579999,-98.592853,1788321804000,http://www.sanantonio.gov/sapd/Calls.aspx,Blue,a tbd link,26,9
09/01/26,11:03:49 PM,12200 Nacogdoches Rd,78217,Other Calls,Disturbance,3210,NORTH,SAPD-2026-1195080,29.550883,-98.4063,1788321829000,http://www.sanantonio.gov/sapd/Calls.aspx,Blue,a tbd link,26,9
09/01/26,11:04:48 PM,100 9th St,78215,Crimes Against Person Calls,Assault In Progress,1130,DOWNTOWN,SAPD-2026-1195089,29.434861,-98.482778,1788321888000,http://www.sanantonio.gov/sapd/Calls.aspx,Red,a tbd link,26,9
09/01/26,11:03:58 PM,1100 San Luis St,78207,Other Calls,Disturbance,2370,CENTRAL,SAPD-2026-1195082,29.421155,-98.51117,1788321838000,http://www.sanantonio.gov/sapd/Calls.aspx,Blue,a tbd link,26,9
09/01/26,11:04:43 PM,6800 Ingram Rd,78238,Other Calls,Disturbance,5310,WEST,SAPD-2026-1195086,29.462922,-98.62292,1788321883000,http://www.sanantonio.gov/sapd/Calls.aspx,Blue,a tbd link,26,9
09/01/26,11:09:06 PM,7200 Culebra Rd,78251,Other Calls,Information,5320,WEST,SAPD-2026-1195097,29.455668,-98.634693,1788322146000,http://www.sanantonio.gov/sapd/Calls.aspx,Blue,a tbd link,26,9
09/01/26,11:06:07 PM,6100 Eckhert Blvd,78240,Other Calls,Disturbance Barking Dog,7310,PRUE,SAPD-2026-1195091,29.520018,-98.608869,1788321967000,http://www.sanantonio.gov/sapd/Calls.aspx,Blue,a tbd link,26,9
09/01/26,11:04:24 PM,100 CAMARON,78205,Other Calls,Patrol By,1120,DOWNTOWN,SAPD-2026-1195083,29.425464,-98.495853,1788321864000,http://www.sanantonio.gov/sapd/Calls.aspx,Blue,a tbd link,26,9
09/01/26,11:05:10 PM,5500 Crystal Valley Dr,78242,Other Calls,Disturbance Loud Music,6350,SOUTH,SAPD-2026-1195087,29.359917,-98.606896,1788321910000,http://www.sanantonio.gov/sapd/Calls.aspx,Blue,a tbd link,26,9
09/01/26,11:04:25 PM,1700 SE MILITARY DR,78214,Other Calls,Patrol By,6260,SOUTH,SAPD-2026-1195084,29.35156,-98.468787,1788321865000,http://www.sanantonio.gov/sapd/Calls.aspx,Blue,a tbd link,26,9
09/01/26,11:06:52 PM,100 W Rhapsody Dr,78216,Crimes Against Person Calls,Suspicious Vehicle,3120,NORTH,SAPD-2026-1195094,29.544155,-98.494985,1788322012000,http://www.sanantonio.gov/sapd/Calls.aspx,Red,a tbd link,26,9
09/01/26,11:07:09 PM,17700 Overlook Loop,78259,Other Calls,Disturbance Family,3150,NORTH,SAPD-2026-1195095,29.603667,-98.421694,1788322029000,http://www.sanantonio.gov/sapd/Calls.aspx,Blue,a tbd link,26,9
09/01/26,11:16:30 PM,4100 Neer Ave,78213,Other Calls,Welfare Check,2220,CENTRAL,SAPD-2026-1195118,29.492153,-98.519739,1788322590000,http://www.sanantonio.gov/sapd/Calls.aspx,Blue,a tbd link,26,9
09/01/26,11:08:59 PM,7200 Marbach Rd,78227,Crimes Against Person Calls,Suspicious Vehicle,5170,WEST,SAPD-2026-1195096,29.417615,-98.632409,1788322139000,http://www.sanantonio.gov/sapd/Calls.aspx,Red,a tbd link,26,9
09/01/26,11:09:43 PM,12500 Wetmore Rd,78247,Other Calls,Disturbance,3220,NORTH,SAPD-2026-1195102,29.554508,-98.427474,1788322183000,http://www.sanantonio.gov/sapd/Calls.aspx,Blue,a tbd link,26,9
09/01/26,11:09:40 PM,200 Tulipan Walk,78207,Other Calls,Injured/Sick Person,2370,CENTRAL,SAPD-2026-1195101,29.420925,-98.511133,1788322180000,http://www.sanantonio.gov/sapd/Calls.aspx,Blue,a tbd link,26,9
09/01/26,11:10:46 PM,4300 Gardendale,78240,Other Calls,Welfare Check,7150,PRUE,SAPD-2026-1195108,29.524833,-98.568867,1788322246000,http://www.sanantonio.gov/sapd/Calls.aspx,Blue,a tbd link,26,9
09/01/26,11:09:38 PM,400 Villita St,78205,Other Calls,Patrol By,1110,DOWNTOWN,SAPD-2026-1195100,29.42141,-98.489158,1788322178000,http://www.sanantonio.gov/sapd/Calls.aspx,Blue,a tbd link,26,9
09/01/26,11:09:57 PM,300 W Houston St,78205,Traffic Calls,Officer Traffic Stop,1120,DOWNTOWN,SAPD-2026-1195104,29.426448,-98.496369,1788322197000,http://www.sanantonio.gov/sapd/Calls.aspx,Yellow,a tbd link,26,9
09/01/26,11:10:40 PM,200 Tulipan Walk,78207,Crimes Against Person Calls,Disturbance (Gun Involved),2370,CENTRAL,SAPD-2026-1195107,29.420925,-98.511133,1788322240000,http://www.sanantonio.gov/sapd/Calls.aspx,Red,a tbd link,26,9
09/01/26,11:10:05 PM,I0 10 W ACCESS RD,78230,Traffic Calls,Traffic Related,7220,PRUE,SAPD-2026-1195105,29.540525,-98.571736,1788322205000,http://www.sanantonio.gov/sapd/Calls.aspx,Yellow,a tbd link,26,9
09/01/26,11:13:00 PM,1800 Horal Dr,78227,Property Crime Calls,Burglary,5340,WEST,SAPD-2026-1195112,29.415491,-98.654633,1788322380000,http://www.sanantonio.gov/sapd/Calls.aspx,Green,a tbd link,26,9
09/01/26,11:15:02 PM,800 Cupples Rd,78237,Crimes Against Person Calls,Assault,6310,SOUTH,SAPD-2026-1195113,29.40284,-98.548497,1788322502000,http://www.sanantonio.gov/sapd/Calls.aspx,Red,a tbd link,26,9
09/01/26,11:16:55 PM,Ih 35 S Nb / W Theo Ave,78225,Traffic Calls,Traffic Related,6210,SOUTH,SAPD-2026-1195122,29.387909,-98.51192,1788322615000,http://www.sanantonio.gov/sapd/Calls.aspx,Yellow,a tbd link,26,9
09/01/26,11:16:46 PM,1700 Fredericksburg Rd,78201,Crimes Against Person Calls,Threats,5210,WEST,SAPD-2026-1195119,29.460502,-98.522059,1788322606000,http://www.sanantonio.gov/sapd/Calls.aspx,Red,a tbd link,26,9
09/01/26,11:16:12 PM,13800-14198 Wurzbach Pkwy Eb,78216,Traffic Calls,Traffic Related,3120,NORTH,SAPD-2026-1195115,29.560486,-98.505514,1788322572000,http://www.sanantonio.gov/sapd/Calls.aspx,Yellow,a tbd link,26,9
09/01/26,11:16:29 PM,5900 Danny Kaye Dr,78240,Other Calls,Disturbance,7160,PRUE,SAPD-2026-1195116,29.50792,-98.598256,1788322589000,http://www.sanantonio.gov/sapd/Calls.aspx,Blue,a tbd link,26,9
09/01/26,11:19:07 PM,900 W Lullwood Ave,78201,Other Calls,Suspicious Person,2210,CENTRAL,SAPD-2026-1195134,29.465454,-98.509308,1788322747000,http://www.sanantonio.gov/sapd/Calls.aspx,Blue,a tbd link,26,9
09/01/26,11:17:14 PM,Sw Loop 410 / Freeport Rd,78211,Traffic Calls,Traffic Related,6340,SOUTH,SAPD-2026-1195124,29.323254,-98.617807,1788322634000,http://www.sanantonio.gov/sapd/Calls.aspx,Yellow,a tbd link,26,9
09/01/26,11:16:46 PM,Se Loop 410 Wb / Roosevelt Ave,78214,Property Crime Calls,Theft In Progress,6250,SOUTH,SAPD-2026-1195121,29.321995,-98.477886,1788322606000,http://www.sanantonio.gov/sapd/Calls.aspx,Green,a tbd link,26,9
09/01/26,11:17:20 PM,Marbach Rd / Ingram Rd,78245,Traffic Calls,Traffic Related,5330,WEST,SAPD-2026-1195125,29.417834,-98.669303,1788322640000,http://www.sanantonio.gov/sapd/Calls.aspx,Yellow,a tbd link,26,9
09/01/26,11:16:50 PM,5900 Danny Kaye Dr,78240,Crimes Against Person Calls,Disturbance (Knife Involved),7160,PRUE,SAPD-2026-1195120,29.50792,-98.598256,1788322610000,http://www.sanantonio.gov/sapd/Calls.aspx,Red,a tbd link,26,9
09/01/26,11:20:33 PM,1900 Bandera Rd,78228,Other Calls,Disturbance,5260,WEST,SAPD-2026-1195138,29.471315,-98.578322,1788322833000,http://www.sanantonio.gov/sapd/Calls.aspx,Blue,a tbd link,26,9
09/01/26,11:17:47 PM,Dugas Dr / Potranco Rd,78245,Other Calls,Disturbance,5360,WEST,SAPD-2026-1195127,29.4382,-98.678931,1788322667000,http://www.sanantonio.gov/sapd/Calls.aspx,Blue,a tbd link,26,9
09/01/26,11:19:44 PM,1200 Fair Ave,78210,Crimes Against Person Calls,Suspicious Vehicle,4150,EAST,SAPD-2026-1195136,29.384472,-98.459602,1788322784000,http://www.sanantonio.gov/sapd/Calls.aspx,Red,a tbd link,26,9
09/01/26,11:18:28 PM,5800 Deer Horn Dr,78238,Other Calls,Disturbance,5270,WEST,SAPD-2026-1195131,29.477357,-98.601323,1788322708000,http://www.sanantonio.gov/sapd/Calls.aspx,Blue,a tbd link,26,9
09/01/26,11:17:04 PM,700 Blk E River Walk,78215,Other Calls,Patrol By,1110,DOWNTOWN,SAPD-2026-1195123,29.423053,-98.486157,1788322624000,http://www.sanantonio.gov/sapd/Calls.aspx,Blue,a tbd link,26,9
09/01/26,11:17:36 PM,200 N St Mary's St,78205,Traffic Calls,Officer Traffic Stop,1110,DOWNTOWN,SAPD-2026-1195126,29.425203,-98.491332,1788322656000,http://www.sanantonio.gov/sapd/Calls.aspx,Yellow,a tbd link,26,9
09/01/26,11:19:14 PM,5900 Danny Kaye Dr,78240,Other Calls,Disturbance Family,7160,PRUE,SAPD-2026-1195133,29.50792,-98.598256,1788322754000,http://www.sanantonio.gov/sapd/Calls.aspx,Blue,a tbd link,26,9
09/01/26,11:22:13 PM,12000 Perrin Beitel,78233,Other Calls,Disturbance,3210,NORTH,SAPD-2026-1195144,29.548988,-98.407225,1788322933000,http://www.sanantonio.gov/sapd/Calls.aspx,Blue,a tbd link,26,9
09/01/26,11:19:14 PM,S Ww White Rd / Rigsby Ave,78222,Traffic Calls,Traffic Related,4250,EAST,SAPD-2026-1195132,29.398251,-98.404596,1788322754000,http://www.sanantonio.gov/sapd/Calls.aspx,Yellow,a tbd link,26,9
09/01/26,11:19:04 PM,3500-3698 EISENHAUER RD,78218,Traffic Calls,Traffic Related,4350,EAST,SAPD-2026-1195130,29.49575,-98.427957,1788322744000,http://www.sanantonio.gov/sapd/Calls.aspx,Yellow,a tbd link,26,9
09/01/26,11:22:26 PM,1900 Bandera Rd,78228,Other Calls,Disturbance,5260,WEST,SAPD-2026-1195148,29.471315,-98.578322,1788322946000,http://www.sanantonio.gov/sapd/Calls.aspx,Blue,a tbd link,26,9
09/01/26,11:23:25 PM,7200 Utsa Blvd,78249,Other Calls,Liquor Law Violation,7250,PRUE,SAPD-2026-1195158,29.577083,-98.631803,1788323005000,http://www.sanantonio.gov/sapd/Calls.aspx,Blue,a tbd link,26,9
09/01/26,11:19:49 PM,100 College St,78205,Other Calls,Ordinance Violation,1110,DOWNTOWN,SAPD-2026-1195137,29.425865,-98.491329,1788322789000,http://www.sanantonio.gov/sapd/Calls.aspx,Blue,a tbd link,26,9
09/01/26,11:22:25 PM,700 Lombrano St,78207,Other Calls,Patrol By,2320,CENTRAL,SAPD-2026-1195145,29.442133,-98.517157,1788322945000,http://www.sanantonio.gov/sapd/Calls.aspx,Blue,a tbd link,26,9
09/01/26,11:22:31 PM,4900 W Commerce St,78237,Property Crime Calls,Theft,5110,WEST,SAPD-2026-1195152,29.431175,-98.55848,1788322951000,http://www.sanantonio.gov/sapd/Calls.aspx,Green,a tbd link,26,9
09/01/26,11:20:45 PM,3200 N St Mary's St,78212,Traffic Calls,Officer Traffic Stop,1240,DOWNTOWN,SAPD-2026-1195139,29.454731,-98.48338,1788322845000,http://www.sanantonio.gov/sapd/Calls.aspx,Yellow,a tbd link,26,9
09/01/26,11:22:45 PM,1200 Austin Hwy,78209,Crimes Against Person Calls,Threats,3340,NORTH,SAPD-2026-1195151,29.489003,-98.444773,1788322965000,http://www.sanantonio.gov/sapd/Calls.aspx,Red,a tbd link,26,9
09/01/26,11:22:40 PM,2200 Palomino,78227,Other Calls,Disturbance Family,5170,WEST,SAPD-2026-1195150,29.409285,-98.642745,1788322960000,http://www.sanantonio.gov/sapd/Calls.aspx,Blue,a tbd link,26,9
09/01/26,11:21:51 PM,8500 Spotted Deer Dr,78242,Other Calls,Disturbance Family,6340,SOUTH,SAPD-2026-1195141,29.343133,-98.615771,1788322911000,http://www.sanantonio.gov/sapd/Calls.aspx,Blue,a tbd link,26,9
09/01/26,11:21:17 PM,5900 W COMMERCE ST,78237,Other Calls,Patrol By,5130,WEST,SAPD-2026-1195140,29.432958,-98.577154,1788322877000,http://www.sanantonio.gov/sapd/Calls.aspx,Blue,a tbd link,26,9
09/01/26,11:23:43 PM,1900 Bandera Rd,78228,Other Calls,Disturbance Neighbor,5260,WEST,SAPD-2026-1195161,29.471315,-98.578322,1788323023000,http://www.sanantonio.gov/sapd/Calls.aspx,Blue,a tbd link,26,9
09/01/26,11:22:13 PM,5400 Red Sky Dr,78242,Crimes Against Person Calls,Assault In Progress,6340,SOUTH,SAPD-2026-1195143,29.340186,-98.604848,1788322933000,http://www.sanantonio.gov/sapd/Calls.aspx,Red,a tbd link,26,9
09/01/26,11:24:08 PM,8800 State Hwy 151,78251,Other Calls,Disturbance,5350,WEST,SAPD-2026-1195164,29.444742,-98.662819,1788323048000,http://www.sanantonio.gov/sapd/Calls.aspx,Blue,a tbd link,26,9
09/01/26,11:22:29 PM,400 LEXINGTON AVE,78215,Other Calls,Ordinance Violation,1130,DOWNTOWN,SAPD-2026-1195146,29.434246,-98.490671,1788322949000,http://www.sanantonio.gov/sapd/Calls.aspx,Blue,a tbd link,26,9
09/01/26,11:26:13 PM,4100 Medical Dr,78229,Crimes Against Person Calls,Threats,7120,PRUE,SAPD-2026-1195176,29.513655,-98.562861,1788323173000,http://www.sanantonio.gov/sapd/Calls.aspx,Red,a tbd link,26,9
09/01/26,11:24:44 PM,S Ww White Rd / Boxwood Rd,78222,Traffic Calls,Minor Accident,4250,EAST,SAPD-2026-1195171,29.393848,-98.404584,1788323084000,http://www.sanantonio.gov/sapd/Calls.aspx,Yellow,a tbd link,26,9
09/01/26,11:26:00 PM,2200 Guadalupe St,78207,Property Crime Calls,Burglary in Progress,2330,CENTRAL,SAPD-2026-1195173,29.419322,-98.524835,1788323160000,http://www.sanantonio.gov/sapd/Calls.aspx,Green,a tbd link,26,9
09/01/26,11:24:45 PM,2300 Ne Loop 410,78217-5602,Other Calls,Disturbance,3370,NORTH,SAPD-2026-1195166,29.5167,-98.42014,1788323085000,http://www.sanantonio.gov/sapd/Calls.aspx,Blue,a tbd link,26,9
09/01/26,11:23:49 PM,13400-13598 NACOGDOCHES RD,78217,Traffic Calls,Traffic Related,3240,NORTH,SAPD-2026-1195160,29.563327,-98.391088,1788323029000,http://www.sanantonio.gov/sapd/Calls.aspx,Yellow,a tbd link,26,9
09/01/26,11:27:16 PM,800 W Woodlawn Ave,78212,Property Crime Calls,Burglary in Progress,1220,DOWNTOWN,SAPD-2026-1195181,29.452884,-98.506459,1788323236000,http://www.sanantonio.gov/sapd/Calls.aspx,Green,a tbd link,26,9
09/01/26,11:25:07 PM,23600 Blk Ih 37 S Nb,78112,Traffic Calls,Traffic Related,NOT SAPD BEX,SAPD OUTSIDE AREA,SAPD-2026-1195167,29.170285,-98.427121,1788323107000,http://www.sanantonio.gov/sapd/Calls.aspx,Yellow,a tbd link,26,9
09/01/26,11:25:16 PM,400 LEXINGTON AVE,78215,Other Calls,Patrol By,1130,DOWNTOWN,SAPD-2026-1195169,29.434246,-98.490671,1788323116000,http://www.sanantonio.gov/sapd/Calls.aspx,Blue,a tbd link,26,9
09/01/26,11:25:19 PM,2101-2145 S WW WHITE RD,78222,Traffic Calls,Minor Accident,4250,EAST,SAPD-2026-1195170,29.393573,-98.404584,1788323119000,http://www.sanantonio.gov/sapd/Calls.aspx,Yellow,a tbd link,26,9
09/01/26,11:26:48 PM,2300 Ne Loop 410,78217-5602,Other Calls,Disturbance,3370,NORTH,SAPD-2026-1195178,29.5167,-98.42014,1788323208000,http://www.sanantonio.gov/sapd/Calls.aspx,Blue,a tbd link,26,9
09/01/26,11:25:57 PM,700 CAMARON,78207,Other Calls,Patrol By,1130,DOWNTOWN,SAPD-2026-1195172,29.431675,-98.49792,1788323157000,http://www.sanantonio.gov/sapd/Calls.aspx,Blue,a tbd link,26,9
09/01/26,11:29:02 PM,7500 South Sea,78216,Other Calls,Disturbance,3310,NORTH,SAPD-2026-1195187,29.503164,-98.50626,1788323342000,http://www.sanantonio.gov/sapd/Calls.aspx,Blue,a tbd link,26,9
09/01/26,11:33:21 PM,900 Fm 78,78154,Other Calls,Miscellaneous,Guadalupe County SO,SAPD OUTSIDE AREA,SAPD-2026-1195207,29.55513,-98.26264,1788323601000,http://www.sanantonio.gov/sapd/Calls.aspx,Blue,a tbd link,26,9
09/01/26,11:27:11 PM,21300 MILSA DR,78256,Other Calls,Patrol By,7260,PRUE,SAPD-2026-1195180,29.640991,-98.624929,1788323231000,http://www.sanantonio.gov/sapd/Calls.aspx,Blue,a tbd link,26,9
09/01/26,11:29:45 PM,7900 Bandera Rd,78250,Other Calls,Disturbance,7320,PRUE,SAPD-2026-1195188,29.515153,-98.634516,1788323385000,http://www.sanantonio.gov/sapd/Calls.aspx,Blue,a tbd link,26,9
09/01/26,11:28:00 PM,1500 Austin Hwy,78218,Crimes Against Person Calls,Fight,4350,EAST,SAPD-2026-1195184,29.492919,-98.431133,1788323280000,http://www.sanantonio.gov/sapd/Calls.aspx,Red,a tbd link,26,9
09/01/26,11:28:46 PM,4700 N Loop 1604 E,78247,Other Calls,Disturbance Loud Music,3260,NORTH,SAPD-2026-1195185,29.601401,-98.398283,1788323326000,http://www.sanantonio.gov/sapd/Calls.aspx,Blue,a tbd link,26,9
09/01/26,11:29:58 PM,11000 Stagwood Pass,78254,Other Calls,SAPD Non-Emergency Call,NOT SAPD BEX,SAPD OUTSIDE AREA,SAPD-2026-1195189,29.512626,-98.708268,1788323398000,http://www.sanantonio.gov/sapd/Calls.aspx,Blue,a tbd link,26,9
09/01/26,11:32:44 PM,6100 Eckhert Blvd,78240,Other Calls,Disturbance Barking Dog,7310,PRUE,SAPD-2026-1195201,29.519549,-98.608861,1788323564000,http://www.sanantonio.gov/sapd/Calls.aspx,Blue,a tbd link,26,9
09/01/26,11:33:07 PM,5600 Godek,78242,Other Calls,Suspicious Person,6340,SOUTH,SAPD-2026-1195205,29.349184,-98.608635,1788323587000,http://www.sanantonio.gov/sapd/Calls.aspx,Blue,a tbd link,26,9
09/01/26,11:31:44 PM,7000 Wurzbach Rd,78229,Other Calls,Welfare Check,7140,PRUE,SAPD-2026-1195202,29.499747,-98.587666,1788323504000,http://www.sanantonio.gov/sapd/Calls.aspx,Blue,a tbd link,26,9
09/01/26,11:31:31 PM,1900 S New Braunfels Ave,78210,Other Calls,Wanted Person,4150,EAST,SAPD-2026-1195192,29.400305,-98.461517,1788323491000,http://www.sanantonio.gov/sapd/Calls.aspx,Blue,a tbd link,26,9
09/01/26,11:38:55 PM,1600 Steves Ave,78210,Other Calls,Missing Person/Runaway,4150,EAST,SAPD-2026-1195220,29.39099,-98.467595,1788323935000,http://www.sanantonio.gov/sapd/Calls.aspx,Blue,a tbd link,26,9
09/01/26,11:31:05 PM,400 S Alamo St,78205,Other Calls,Patrol By,1110,DOWNTOWN,SAPD-2026-1195191,29.420272,-98.488194,1788323465000,http://www.sanantonio.gov/sapd/Calls.aspx,Blue,a tbd link,26,9
09/01/26,11:32:29 PM,Fitch St / Huron St,78211,Other Calls,Disturbance,6120,SOUTH,SAPD-2026-1195198,29.370577,-98.52634,1788323549000,http://www.sanantonio.gov/sapd/Calls.aspx,Blue,a tbd link,26,9
09/01/26,11:32:40 PM,8000 Sand Pebble,78250,Crimes Against Person Calls,Fight,7320,PRUE,SAPD-2026-1195200,29.513175,-98.634935,1788323560000,http://www.sanantonio.gov/sapd/Calls.aspx,Red,a tbd link,26,9
09/01/26,11:32:16 PM,200 ALEXANDER RD,78201,Other Calls,Patrol By,5210,WEST,SAPD-2026-1195195,29.450767,-98.527758,1788323536000,http://www.sanantonio.gov/sapd/Calls.aspx,Blue,a tbd link,26,9
09/01/26,11:32:21 PM,14300 RIDGEBORO DR,78232,Traffic Calls,Officer Traffic Stop,3130,NORTH,SAPD-2026-1195196,29.576133,-98.474578,1788323541000,http://www.sanantonio.gov/sapd/Calls.aspx,Yellow,a tbd link,26,9
09/01/26,11:32:29 PM,6900 PICKWELL DR,78223,Other Calls,Patrol By,4260,EAST,SAPD-2026-1195197,29.358266,-98.426813,1788323549000,http://www.sanantonio.gov/sapd/Calls.aspx,Blue,a tbd link,26,9
